2026-07-10 00:33:03,689 INFO Mulai batch openalex_20260709T173303Z
2026-07-10 00:33:03,691 INFO Loaded 64 dosen dari dosen_source.csv
2026-07-10 00:33:03,775 INFO [1/64] Resolving Sasongko Pramonohadi
2026-07-10 00:33:04,395 INFO HTTP Request: GET https://api.openalex.org/authors?mailto=nl.nightlogin%40gmail.com&filter=orcid%3A0000-0001-6268-9040 "HTTP/1.1 200 OK"
2026-07-10 00:33:05,319 INFO HTTP Request: GET https://api.openalex.org/works?mailto=nl.nightlogin%40gmail.com&filter=authorships.author.id%3Ahttps%3A%2F%2Fopenalex.org%2FA5051659768&per-page=200&cursor=%2A "HTTP/1.1 200 OK"
2026-07-10 00:33:07,195 INFO   -> matched https://openalex.org/A5051659768 (orcid), 181 works
2026-07-10 00:33:07,205 INFO [2/64] Resolving P. Insap Santosa
2026-07-10 00:33:07,566 INFO HTTP Request: GET https://api.openalex.org/authors?mailto=nl.nightlogin%40gmail.com&filter=orcid%3A0000-0002-0581-2521 "HTTP/1.1 200 OK"
2026-07-10 00:33:08,788 INFO HTTP Request: GET https://api.openalex.org/works?mailto=nl.nightlogin%40gmail.com&filter=authorships.author.id%3Ahttps%3A%2F%2Fopenalex.org%2FA5044371299&per-page=200&cursor=%2A "HTTP/1.1 200 OK"
2026-07-10 00:33:11,566 INFO HTTP Request: GET https://api.openalex.org/works?mailto=nl.nightlogin%40gmail.com&filter=authorships.author.id%3Ahttps%3A%2F%2Fopenalex.org%2FA5044371299&per-page=200&cursor=IlsnLUluZmluaXR5JywgMSwgJ2h0dHBzOi8vb3BlbmFsZXgub3JnL1czMjAxNDExMTI4J10i "HTTP/1.1 200 OK"
2026-07-10 00:33:13,090 INFO   -> matched https://openalex.org/A5044371299 (orcid), 286 works
2026-07-10 00:33:13,103 INFO [3/64] Resolving Wahyu Dewanto
2026-07-10 00:33:13,524 INFO HTTP Request: GET https://api.openalex.org/authors?mailto=nl.nightlogin%40gmail.com&filter=ids.scopus%3A57566905800 "HTTP/1.1 400 Bad Request"
2026-07-10 00:33:13,525 ERROR Gagal fetch untuk Wahyu Dewanto
Traceback (most recent call last):
  File "/home/muhammad-nafal-zakin-rustanto/Project/Data-KBKInformasi-DTETI/pipeline.py", line 147, in run
    result = fetch_lecturer_openalex_data(
             ^^^^^^^^^^^^^^^^^^^^^^^^^^^^^
  File "/home/muhammad-nafal-zakin-rustanto/Project/Data-KBKInformasi-DTETI/fetchers/openalex.py", line 162, in fetch_lecturer_openalex_data
    author, method = resolve_author(
                     ^^^^^^^^^^^^^^^
  File "/home/muhammad-nafal-zakin-rustanto/Project/Data-KBKInformasi-DTETI/fetchers/openalex.py", line 109, in resolve_author
    author = find_author_by_scopus_id(client, scopus_author_id, use_cache)
             ^^^^^^^^^^^^^^^^^^^^^^^^^^^^^^^^^^^^^^^^^^^^^^^^^^^^^^^^^^^^^
  File "/home/muhammad-nafal-zakin-rustanto/Project/Data-KBKInformasi-DTETI/fetchers/openalex.py", line 62, in find_author_by_scopus_id
    resp.raise_for_status()
  File "/home/muhammad-nafal-zakin-rustanto/.local/lib/python3.12/site-packages/httpx/_models.py", line 829, in raise_for_status
    raise HTTPStatusError(message, request=request, response=self)
httpx.HTTPStatusError: Client error '400 Bad Request' for url 'https://api.openalex.org/authors?mailto=nl.nightlogin%40gmail.com&filter=ids.scopus%3A57566905800'
For more information check: https://developer.mozilla.org/en-US/docs/Web/HTTP/Status/400
2026-07-10 00:33:13,527 INFO [4/64] Resolving Tumiran
2026-07-10 00:33:13,921 INFO HTTP Request: GET https://api.openalex.org/authors?mailto=nl.nightlogin%40gmail.com&filter=orcid%3A0000-0002-4063-3203 "HTTP/1.1 200 OK"
2026-07-10 00:33:14,224 INFO HTTP Request: GET https://api.openalex.org/authors?mailto=nl.nightlogin%40gmail.com&filter=ids.scopus%3A24279155800 "HTTP/1.1 400 Bad Request"
2026-07-10 00:33:14,225 ERROR Gagal fetch untuk Tumiran
Traceback (most recent call last):
  File "/home/muhammad-nafal-zakin-rustanto/Project/Data-KBKInformasi-DTETI/pipeline.py", line 147, in run
    result = fetch_lecturer_openalex_data(
             ^^^^^^^^^^^^^^^^^^^^^^^^^^^^^
  File "/home/muhammad-nafal-zakin-rustanto/Project/Data-KBKInformasi-DTETI/fetchers/openalex.py", line 162, in fetch_lecturer_openalex_data
    author, method = resolve_author(
                     ^^^^^^^^^^^^^^^
  File "/home/muhammad-nafal-zakin-rustanto/Project/Data-KBKInformasi-DTETI/fetchers/openalex.py", line 109, in resolve_author
    author = find_author_by_scopus_id(client, scopus_author_id, use_cache)
             ^^^^^^^^^^^^^^^^^^^^^^^^^^^^^^^^^^^^^^^^^^^^^^^^^^^^^^^^^^^^^
  File "/home/muhammad-nafal-zakin-rustanto/Project/Data-KBKInformasi-DTETI/fetchers/openalex.py", line 62, in find_author_by_scopus_id
    resp.raise_for_status()
  File "/home/muhammad-nafal-zakin-rustanto/.local/lib/python3.12/site-packages/httpx/_models.py", line 829, in raise_for_status
    raise HTTPStatusError(message, request=request, response=self)
httpx.HTTPStatusError: Client error '400 Bad Request' for url 'https://api.openalex.org/authors?mailto=nl.nightlogin%40gmail.com&filter=ids.scopus%3A24279155800'
For more information check: https://developer.mozilla.org/en-US/docs/Web/HTTP/Status/400
2026-07-10 00:33:14,226 INFO [5/64] Resolving Sujoko Sumaryono
2026-07-10 00:33:14,674 INFO HTTP Request: GET https://api.openalex.org/authors?mailto=nl.nightlogin%40gmail.com&filter=ids.scopus%3A57194161883 "HTTP/1.1 400 Bad Request"
2026-07-10 00:33:14,675 ERROR Gagal fetch untuk Sujoko Sumaryono
Traceback (most recent call last):
  File "/home/muhammad-nafal-zakin-rustanto/Project/Data-KBKInformasi-DTETI/pipeline.py", line 147, in run
    result = fetch_lecturer_openalex_data(
             ^^^^^^^^^^^^^^^^^^^^^^^^^^^^^
  File "/home/muhammad-nafal-zakin-rustanto/Project/Data-KBKInformasi-DTETI/fetchers/openalex.py", line 162, in fetch_lecturer_openalex_data
    author, method = resolve_author(
                     ^^^^^^^^^^^^^^^
  File "/home/muhammad-nafal-zakin-rustanto/Project/Data-KBKInformasi-DTETI/fetchers/openalex.py", line 109, in resolve_author
    author = find_author_by_scopus_id(client, scopus_author_id, use_cache)
             ^^^^^^^^^^^^^^^^^^^^^^^^^^^^^^^^^^^^^^^^^^^^^^^^^^^^^^^^^^^^^
  File "/home/muhammad-nafal-zakin-rustanto/Project/Data-KBKInformasi-DTETI/fetchers/openalex.py", line 62, in find_author_by_scopus_id
    resp.raise_for_status()
  File "/home/muhammad-nafal-zakin-rustanto/.local/lib/python3.12/site-packages/httpx/_models.py", line 829, in raise_for_status
    raise HTTPStatusError(message, request=request, response=self)
httpx.HTTPStatusError: Client error '400 Bad Request' for url 'https://api.openalex.org/authors?mailto=nl.nightlogin%40gmail.com&filter=ids.scopus%3A57194161883'
For more information check: https://developer.mozilla.org/en-US/docs/Web/HTTP/Status/400
2026-07-10 00:33:14,675 INFO [6/64] Resolving Bambang Sugiyantoro
2026-07-10 00:33:15,087 INFO HTTP Request: GET https://api.openalex.org/authors?mailto=nl.nightlogin%40gmail.com&filter=ids.scopus%3A57205058764 "HTTP/1.1 400 Bad Request"
2026-07-10 00:33:15,088 ERROR Gagal fetch untuk Bambang Sugiyantoro
Traceback (most recent call last):
  File "/home/muhammad-nafal-zakin-rustanto/Project/Data-KBKInformasi-DTETI/pipeline.py", line 147, in run
    result = fetch_lecturer_openalex_data(
             ^^^^^^^^^^^^^^^^^^^^^^^^^^^^^
  File "/home/muhammad-nafal-zakin-rustanto/Project/Data-KBKInformasi-DTETI/fetchers/openalex.py", line 162, in fetch_lecturer_openalex_data
    author, method = resolve_author(
                     ^^^^^^^^^^^^^^^
  File "/home/muhammad-nafal-zakin-rustanto/Project/Data-KBKInformasi-DTETI/fetchers/openalex.py", line 109, in resolve_author
    author = find_author_by_scopus_id(client, scopus_author_id, use_cache)
             ^^^^^^^^^^^^^^^^^^^^^^^^^^^^^^^^^^^^^^^^^^^^^^^^^^^^^^^^^^^^^
  File "/home/muhammad-nafal-zakin-rustanto/Project/Data-KBKInformasi-DTETI/fetchers/openalex.py", line 62, in find_author_by_scopus_id
    resp.raise_for_status()
  File "/home/muhammad-nafal-zakin-rustanto/.local/lib/python3.12/site-packages/httpx/_models.py", line 829, in raise_for_status
    raise HTTPStatusError(message, request=request, response=self)
httpx.HTTPStatusError: Client error '400 Bad Request' for url 'https://api.openalex.org/authors?mailto=nl.nightlogin%40gmail.com&filter=ids.scopus%3A57205058764'
For more information check: https://developer.mozilla.org/en-US/docs/Web/HTTP/Status/400
2026-07-10 00:33:15,088 INFO [7/64] Resolving Rudy Hartanto
2026-07-10 00:33:15,404 INFO HTTP Request: GET https://api.openalex.org/authors?mailto=nl.nightlogin%40gmail.com&filter=ids.scopus%3A57213689477 "HTTP/1.1 400 Bad Request"
2026-07-10 00:33:15,404 ERROR Gagal fetch untuk Rudy Hartanto
Traceback (most recent call last):
  File "/home/muhammad-nafal-zakin-rustanto/Project/Data-KBKInformasi-DTETI/pipeline.py", line 147, in run
    result = fetch_lecturer_openalex_data(
             ^^^^^^^^^^^^^^^^^^^^^^^^^^^^^
  File "/home/muhammad-nafal-zakin-rustanto/Project/Data-KBKInformasi-DTETI/fetchers/openalex.py", line 162, in fetch_lecturer_openalex_data
    author, method = resolve_author(
                     ^^^^^^^^^^^^^^^
  File "/home/muhammad-nafal-zakin-rustanto/Project/Data-KBKInformasi-DTETI/fetchers/openalex.py", line 109, in resolve_author
    author = find_author_by_scopus_id(client, scopus_author_id, use_cache)
             ^^^^^^^^^^^^^^^^^^^^^^^^^^^^^^^^^^^^^^^^^^^^^^^^^^^^^^^^^^^^^
  File "/home/muhammad-nafal-zakin-rustanto/Project/Data-KBKInformasi-DTETI/fetchers/openalex.py", line 62, in find_author_by_scopus_id
    resp.raise_for_status()
  File "/home/muhammad-nafal-zakin-rustanto/.local/lib/python3.12/site-packages/httpx/_models.py", line 829, in raise_for_status
    raise HTTPStatusError(message, request=request, response=self)
httpx.HTTPStatusError: Client error '400 Bad Request' for url 'https://api.openalex.org/authors?mailto=nl.nightlogin%40gmail.com&filter=ids.scopus%3A57213689477'
For more information check: https://developer.mozilla.org/en-US/docs/Web/HTTP/Status/400
2026-07-10 00:33:15,405 INFO [8/64] Resolving Lukito Edi Nugroho
2026-07-10 00:33:15,771 INFO HTTP Request: GET https://api.openalex.org/authors?mailto=nl.nightlogin%40gmail.com&filter=ids.scopus%3A6507794445 "HTTP/1.1 400 Bad Request"
2026-07-10 00:33:15,772 ERROR Gagal fetch untuk Lukito Edi Nugroho
Traceback (most recent call last):
  File "/home/muhammad-nafal-zakin-rustanto/Project/Data-KBKInformasi-DTETI/pipeline.py", line 147, in run
    result = fetch_lecturer_openalex_data(
             ^^^^^^^^^^^^^^^^^^^^^^^^^^^^^
  File "/home/muhammad-nafal-zakin-rustanto/Project/Data-KBKInformasi-DTETI/fetchers/openalex.py", line 162, in fetch_lecturer_openalex_data
    author, method = resolve_author(
                     ^^^^^^^^^^^^^^^
  File "/home/muhammad-nafal-zakin-rustanto/Project/Data-KBKInformasi-DTETI/fetchers/openalex.py", line 109, in resolve_author
    author = find_author_by_scopus_id(client, scopus_author_id, use_cache)
             ^^^^^^^^^^^^^^^^^^^^^^^^^^^^^^^^^^^^^^^^^^^^^^^^^^^^^^^^^^^^^
  File "/home/muhammad-nafal-zakin-rustanto/Project/Data-KBKInformasi-DTETI/fetchers/openalex.py", line 62, in find_author_by_scopus_id
    resp.raise_for_status()
  File "/home/muhammad-nafal-zakin-rustanto/.local/lib/python3.12/site-packages/httpx/_models.py", line 829, in raise_for_status
    raise HTTPStatusError(message, request=request, response=self)
httpx.HTTPStatusError: Client error '400 Bad Request' for url 'https://api.openalex.org/authors?mailto=nl.nightlogin%40gmail.com&filter=ids.scopus%3A6507794445'
For more information check: https://developer.mozilla.org/en-US/docs/Web/HTTP/Status/400
2026-07-10 00:33:15,772 INFO [9/64] Resolving M. Isnaeni Bs
2026-07-10 00:33:16,178 INFO HTTP Request: GET https://api.openalex.org/authors?mailto=nl.nightlogin%40gmail.com&filter=ids.scopus%3A56516959400 "HTTP/1.1 400 Bad Request"
2026-07-10 00:33:16,179 ERROR Gagal fetch untuk M. Isnaeni Bs
Traceback (most recent call last):
  File "/home/muhammad-nafal-zakin-rustanto/Project/Data-KBKInformasi-DTETI/pipeline.py", line 147, in run
    result = fetch_lecturer_openalex_data(
             ^^^^^^^^^^^^^^^^^^^^^^^^^^^^^
  File "/home/muhammad-nafal-zakin-rustanto/Project/Data-KBKInformasi-DTETI/fetchers/openalex.py", line 162, in fetch_lecturer_openalex_data
    author, method = resolve_author(
                     ^^^^^^^^^^^^^^^
  File "/home/muhammad-nafal-zakin-rustanto/Project/Data-KBKInformasi-DTETI/fetchers/openalex.py", line 109, in resolve_author
    author = find_author_by_scopus_id(client, scopus_author_id, use_cache)
             ^^^^^^^^^^^^^^^^^^^^^^^^^^^^^^^^^^^^^^^^^^^^^^^^^^^^^^^^^^^^^
  File "/home/muhammad-nafal-zakin-rustanto/Project/Data-KBKInformasi-DTETI/fetchers/openalex.py", line 62, in find_author_by_scopus_id
    resp.raise_for_status()
  File "/home/muhammad-nafal-zakin-rustanto/.local/lib/python3.12/site-packages/httpx/_models.py", line 829, in raise_for_status
    raise HTTPStatusError(message, request=request, response=self)
httpx.HTTPStatusError: Client error '400 Bad Request' for url 'https://api.openalex.org/authors?mailto=nl.nightlogin%40gmail.com&filter=ids.scopus%3A56516959400'
For more information check: https://developer.mozilla.org/en-US/docs/Web/HTTP/Status/400
2026-07-10 00:33:16,179 INFO [10/64] Resolving Risanuri Hidayat
2026-07-10 00:33:16,598 INFO HTTP Request: GET https://api.openalex.org/authors?mailto=nl.nightlogin%40gmail.com&filter=orcid%3A0000-0002-7381-4633 "HTTP/1.1 200 OK"
2026-07-10 00:33:17,961 INFO HTTP Request: GET https://api.openalex.org/works?mailto=nl.nightlogin%40gmail.com&filter=authorships.author.id%3Ahttps%3A%2F%2Fopenalex.org%2FA5010571279&per-page=200&cursor=%2A "HTTP/1.1 200 OK"
2026-07-10 00:33:20,193 INFO HTTP Request: GET https://api.openalex.org/works?mailto=nl.nightlogin%40gmail.com&filter=authorships.author.id%3Ahttps%3A%2F%2Fopenalex.org%2FA5010571279&per-page=200&cursor=IlsnLUluZmluaXR5JywgMCwgJ2h0dHBzOi8vb3BlbmFsZXgub3JnL1cyOTg5NjY4MTE4J10i "HTTP/1.1 200 OK"
2026-07-10 00:33:21,367 INFO   -> matched https://openalex.org/A5010571279 (orcid), 227 works
2026-07-10 00:33:21,381 INFO [11/64] Resolving Oyas Wahyunggoro
2026-07-10 00:33:21,809 INFO HTTP Request: GET https://api.openalex.org/authors?mailto=nl.nightlogin%40gmail.com&filter=ids.scopus%3A25825877400 "HTTP/1.1 400 Bad Request"
2026-07-10 00:33:21,809 ERROR Gagal fetch untuk Oyas Wahyunggoro
Traceback (most recent call last):
  File "/home/muhammad-nafal-zakin-rustanto/Project/Data-KBKInformasi-DTETI/pipeline.py", line 147, in run
    result = fetch_lecturer_openalex_data(
             ^^^^^^^^^^^^^^^^^^^^^^^^^^^^^
  File "/home/muhammad-nafal-zakin-rustanto/Project/Data-KBKInformasi-DTETI/fetchers/openalex.py", line 162, in fetch_lecturer_openalex_data
    author, method = resolve_author(
                     ^^^^^^^^^^^^^^^
  File "/home/muhammad-nafal-zakin-rustanto/Project/Data-KBKInformasi-DTETI/fetchers/openalex.py", line 109, in resolve_author
    author = find_author_by_scopus_id(client, scopus_author_id, use_cache)
             ^^^^^^^^^^^^^^^^^^^^^^^^^^^^^^^^^^^^^^^^^^^^^^^^^^^^^^^^^^^^^
  File "/home/muhammad-nafal-zakin-rustanto/Project/Data-KBKInformasi-DTETI/fetchers/openalex.py", line 62, in find_author_by_scopus_id
    resp.raise_for_status()
  File "/home/muhammad-nafal-zakin-rustanto/.local/lib/python3.12/site-packages/httpx/_models.py", line 829, in raise_for_status
    raise HTTPStatusError(message, request=request, response=self)
httpx.HTTPStatusError: Client error '400 Bad Request' for url 'https://api.openalex.org/authors?mailto=nl.nightlogin%40gmail.com&filter=ids.scopus%3A25825877400'
For more information check: https://developer.mozilla.org/en-US/docs/Web/HTTP/Status/400
2026-07-10 00:33:21,810 INFO [12/64] Resolving Teguh Bharata Adji
2026-07-10 00:33:22,265 INFO HTTP Request: GET https://api.openalex.org/authors?mailto=nl.nightlogin%40gmail.com&filter=ids.scopus%3A24734043700 "HTTP/1.1 400 Bad Request"
2026-07-10 00:33:22,266 ERROR Gagal fetch untuk Teguh Bharata Adji
Traceback (most recent call last):
  File "/home/muhammad-nafal-zakin-rustanto/Project/Data-KBKInformasi-DTETI/pipeline.py", line 147, in run
    result = fetch_lecturer_openalex_data(
             ^^^^^^^^^^^^^^^^^^^^^^^^^^^^^
  File "/home/muhammad-nafal-zakin-rustanto/Project/Data-KBKInformasi-DTETI/fetchers/openalex.py", line 162, in fetch_lecturer_openalex_data
    author, method = resolve_author(
                     ^^^^^^^^^^^^^^^
  File "/home/muhammad-nafal-zakin-rustanto/Project/Data-KBKInformasi-DTETI/fetchers/openalex.py", line 109, in resolve_author
    author = find_author_by_scopus_id(client, scopus_author_id, use_cache)
             ^^^^^^^^^^^^^^^^^^^^^^^^^^^^^^^^^^^^^^^^^^^^^^^^^^^^^^^^^^^^^
  File "/home/muhammad-nafal-zakin-rustanto/Project/Data-KBKInformasi-DTETI/fetchers/openalex.py", line 62, in find_author_by_scopus_id
    resp.raise_for_status()
  File "/home/muhammad-nafal-zakin-rustanto/.local/lib/python3.12/site-packages/httpx/_models.py", line 829, in raise_for_status
    raise HTTPStatusError(message, request=request, response=self)
httpx.HTTPStatusError: Client error '400 Bad Request' for url 'https://api.openalex.org/authors?mailto=nl.nightlogin%40gmail.com&filter=ids.scopus%3A24734043700'
For more information check: https://developer.mozilla.org/en-US/docs/Web/HTTP/Status/400
2026-07-10 00:33:22,266 INFO [13/64] Resolving Sri Suning Kusumawardani
2026-07-10 00:33:22,733 INFO HTTP Request: GET https://api.openalex.org/authors?mailto=nl.nightlogin%40gmail.com&filter=orcid%3A0000-0003-1705-3232 "HTTP/1.1 200 OK"
2026-07-10 00:33:23,978 INFO HTTP Request: GET https://api.openalex.org/works?mailto=nl.nightlogin%40gmail.com&filter=authorships.author.id%3Ahttps%3A%2F%2Fopenalex.org%2FA5079804283&per-page=200&cursor=%2A "HTTP/1.1 200 OK"
2026-07-10 00:33:25,952 INFO   -> matched https://openalex.org/A5079804283 (orcid), 146 works
2026-07-10 00:33:25,961 INFO [14/64] Resolving Silmi Fauziati
2026-07-10 00:33:26,284 INFO HTTP Request: GET https://api.openalex.org/authors?mailto=nl.nightlogin%40gmail.com&filter=ids.scopus%3A56596753400 "HTTP/1.1 400 Bad Request"
2026-07-10 00:33:26,285 ERROR Gagal fetch untuk Silmi Fauziati
Traceback (most recent call last):
  File "/home/muhammad-nafal-zakin-rustanto/Project/Data-KBKInformasi-DTETI/pipeline.py", line 147, in run
    result = fetch_lecturer_openalex_data(
             ^^^^^^^^^^^^^^^^^^^^^^^^^^^^^
  File "/home/muhammad-nafal-zakin-rustanto/Project/Data-KBKInformasi-DTETI/fetchers/openalex.py", line 162, in fetch_lecturer_openalex_data
    author, method = resolve_author(
                     ^^^^^^^^^^^^^^^
  File "/home/muhammad-nafal-zakin-rustanto/Project/Data-KBKInformasi-DTETI/fetchers/openalex.py", line 109, in resolve_author
    author = find_author_by_scopus_id(client, scopus_author_id, use_cache)
             ^^^^^^^^^^^^^^^^^^^^^^^^^^^^^^^^^^^^^^^^^^^^^^^^^^^^^^^^^^^^^
  File "/home/muhammad-nafal-zakin-rustanto/Project/Data-KBKInformasi-DTETI/fetchers/openalex.py", line 62, in find_author_by_scopus_id
    resp.raise_for_status()
  File "/home/muhammad-nafal-zakin-rustanto/.local/lib/python3.12/site-packages/httpx/_models.py", line 829, in raise_for_status
    raise HTTPStatusError(message, request=request, response=self)
httpx.HTTPStatusError: Client error '400 Bad Request' for url 'https://api.openalex.org/authors?mailto=nl.nightlogin%40gmail.com&filter=ids.scopus%3A56596753400'
For more information check: https://developer.mozilla.org/en-US/docs/Web/HTTP/Status/400
2026-07-10 00:33:26,286 INFO [15/64] Resolving Selo
2026-07-10 00:33:26,731 INFO HTTP Request: GET https://api.openalex.org/authors?mailto=nl.nightlogin%40gmail.com&filter=orcid%3A0000-0002-0427-6421 "HTTP/1.1 200 OK"
2026-07-10 00:33:28,473 INFO HTTP Request: GET https://api.openalex.org/works?mailto=nl.nightlogin%40gmail.com&filter=authorships.author.id%3Ahttps%3A%2F%2Fopenalex.org%2FA5056307156&per-page=200&cursor=%2A "HTTP/1.1 200 OK"
2026-07-10 00:33:30,320 INFO   -> matched https://openalex.org/A5056307156 (orcid), 155 works
2026-07-10 00:33:30,328 INFO [16/64] Resolving F. Danang Wijaya
2026-07-10 00:33:30,660 INFO HTTP Request: GET https://api.openalex.org/authors?mailto=nl.nightlogin%40gmail.com&filter=orcid%3A0000-0001-8887-6135 "HTTP/1.1 200 OK"
2026-07-10 00:33:32,258 INFO HTTP Request: GET https://api.openalex.org/works?mailto=nl.nightlogin%40gmail.com&filter=authorships.author.id%3Ahttps%3A%2F%2Fopenalex.org%2FA5015090952&per-page=200&cursor=%2A "HTTP/1.1 200 OK"
2026-07-10 00:33:34,145 INFO   -> matched https://openalex.org/A5015090952 (orcid), 194 works
2026-07-10 00:33:34,156 INFO [17/64] Resolving Warsun Najib
2026-07-10 00:33:34,717 INFO HTTP Request: GET https://api.openalex.org/authors?mailto=nl.nightlogin%40gmail.com&filter=orcid%3A0000-0003-4454-335X "HTTP/1.1 200 OK"
2026-07-10 00:33:35,230 INFO HTTP Request: GET https://api.openalex.org/works?mailto=nl.nightlogin%40gmail.com&filter=authorships.author.id%3Ahttps%3A%2F%2Fopenalex.org%2FA5058138529&per-page=200&cursor=%2A "HTTP/1.1 200 OK"
2026-07-10 00:33:36,411 INFO   -> matched https://openalex.org/A5058138529 (orcid), 37 works
2026-07-10 00:33:36,414 INFO [18/64] Resolving Addin Suwastono
2026-07-10 00:33:36,791 INFO HTTP Request: GET https://api.openalex.org/authors?mailto=nl.nightlogin%40gmail.com&filter=ids.scopus%3A56516977600 "HTTP/1.1 400 Bad Request"
2026-07-10 00:33:36,792 ERROR Gagal fetch untuk Addin Suwastono
Traceback (most recent call last):
  File "/home/muhammad-nafal-zakin-rustanto/Project/Data-KBKInformasi-DTETI/pipeline.py", line 147, in run
    result = fetch_lecturer_openalex_data(
             ^^^^^^^^^^^^^^^^^^^^^^^^^^^^^
  File "/home/muhammad-nafal-zakin-rustanto/Project/Data-KBKInformasi-DTETI/fetchers/openalex.py", line 162, in fetch_lecturer_openalex_data
    author, method = resolve_author(
                     ^^^^^^^^^^^^^^^
  File "/home/muhammad-nafal-zakin-rustanto/Project/Data-KBKInformasi-DTETI/fetchers/openalex.py", line 109, in resolve_author
    author = find_author_by_scopus_id(client, scopus_author_id, use_cache)
             ^^^^^^^^^^^^^^^^^^^^^^^^^^^^^^^^^^^^^^^^^^^^^^^^^^^^^^^^^^^^^
  File "/home/muhammad-nafal-zakin-rustanto/Project/Data-KBKInformasi-DTETI/fetchers/openalex.py", line 62, in find_author_by_scopus_id
    resp.raise_for_status()
  File "/home/muhammad-nafal-zakin-rustanto/.local/lib/python3.12/site-packages/httpx/_models.py", line 829, in raise_for_status
    raise HTTPStatusError(message, request=request, response=self)
httpx.HTTPStatusError: Client error '400 Bad Request' for url 'https://api.openalex.org/authors?mailto=nl.nightlogin%40gmail.com&filter=ids.scopus%3A56516977600'
For more information check: https://developer.mozilla.org/en-US/docs/Web/HTTP/Status/400
2026-07-10 00:33:36,792 INFO [19/64] Resolving Sarjiya
2026-07-10 00:33:37,177 INFO HTTP Request: GET https://api.openalex.org/authors?mailto=nl.nightlogin%40gmail.com&filter=orcid%3A0000-0002-3025-295X "HTTP/1.1 200 OK"
2026-07-10 00:33:38,505 INFO HTTP Request: GET https://api.openalex.org/works?mailto=nl.nightlogin%40gmail.com&filter=authorships.author.id%3Ahttps%3A%2F%2Fopenalex.org%2FA5021548642&per-page=200&cursor=%2A "HTTP/1.1 200 OK"
2026-07-10 00:33:46,494 INFO HTTP Request: GET https://api.openalex.org/works?mailto=nl.nightlogin%40gmail.com&filter=authorships.author.id%3Ahttps%3A%2F%2Fopenalex.org%2FA5021548642&per-page=200&cursor=IlsnLUluZmluaXR5JywgMCwgJ2h0dHBzOi8vb3BlbmFsZXgub3JnL1cyNzQ5NzI4MzU0J10i "HTTP/1.1 200 OK"
2026-07-10 00:33:47,964 INFO   -> matched https://openalex.org/A5021548642 (orcid), 267 works
2026-07-10 00:33:47,979 INFO [20/64] Resolving Dani Adhipta
2026-07-10 00:33:48,317 INFO HTTP Request: GET https://api.openalex.org/authors?mailto=nl.nightlogin%40gmail.com&filter=ids.scopus%3A36607451900 "HTTP/1.1 400 Bad Request"
2026-07-10 00:33:48,317 ERROR Gagal fetch untuk Dani Adhipta
Traceback (most recent call last):
  File "/home/muhammad-nafal-zakin-rustanto/Project/Data-KBKInformasi-DTETI/pipeline.py", line 147, in run
    result = fetch_lecturer_openalex_data(
             ^^^^^^^^^^^^^^^^^^^^^^^^^^^^^
  File "/home/muhammad-nafal-zakin-rustanto/Project/Data-KBKInformasi-DTETI/fetchers/openalex.py", line 162, in fetch_lecturer_openalex_data
    author, method = resolve_author(
                     ^^^^^^^^^^^^^^^
  File "/home/muhammad-nafal-zakin-rustanto/Project/Data-KBKInformasi-DTETI/fetchers/openalex.py", line 109, in resolve_author
    author = find_author_by_scopus_id(client, scopus_author_id, use_cache)
             ^^^^^^^^^^^^^^^^^^^^^^^^^^^^^^^^^^^^^^^^^^^^^^^^^^^^^^^^^^^^^
  File "/home/muhammad-nafal-zakin-rustanto/Project/Data-KBKInformasi-DTETI/fetchers/openalex.py", line 62, in find_author_by_scopus_id
    resp.raise_for_status()
  File "/home/muhammad-nafal-zakin-rustanto/.local/lib/python3.12/site-packages/httpx/_models.py", line 829, in raise_for_status
    raise HTTPStatusError(message, request=request, response=self)
httpx.HTTPStatusError: Client error '400 Bad Request' for url 'https://api.openalex.org/authors?mailto=nl.nightlogin%40gmail.com&filter=ids.scopus%3A36607451900'
For more information check: https://developer.mozilla.org/en-US/docs/Web/HTTP/Status/400
2026-07-10 00:33:48,318 INFO [21/64] Resolving Widyawan
2026-07-10 00:33:48,756 INFO HTTP Request: GET https://api.openalex.org/authors?mailto=nl.nightlogin%40gmail.com&filter=ids.scopus%3A55666627500 "HTTP/1.1 400 Bad Request"
2026-07-10 00:33:48,757 ERROR Gagal fetch untuk Widyawan
Traceback (most recent call last):
  File "/home/muhammad-nafal-zakin-rustanto/Project/Data-KBKInformasi-DTETI/pipeline.py", line 147, in run
    result = fetch_lecturer_openalex_data(
             ^^^^^^^^^^^^^^^^^^^^^^^^^^^^^
  File "/home/muhammad-nafal-zakin-rustanto/Project/Data-KBKInformasi-DTETI/fetchers/openalex.py", line 162, in fetch_lecturer_openalex_data
    author, method = resolve_author(
                     ^^^^^^^^^^^^^^^
  File "/home/muhammad-nafal-zakin-rustanto/Project/Data-KBKInformasi-DTETI/fetchers/openalex.py", line 109, in resolve_author
    author = find_author_by_scopus_id(client, scopus_author_id, use_cache)
             ^^^^^^^^^^^^^^^^^^^^^^^^^^^^^^^^^^^^^^^^^^^^^^^^^^^^^^^^^^^^^
  File "/home/muhammad-nafal-zakin-rustanto/Project/Data-KBKInformasi-DTETI/fetchers/openalex.py", line 62, in find_author_by_scopus_id
    resp.raise_for_status()
  File "/home/muhammad-nafal-zakin-rustanto/.local/lib/python3.12/site-packages/httpx/_models.py", line 829, in raise_for_status
    raise HTTPStatusError(message, request=request, response=self)
httpx.HTTPStatusError: Client error '400 Bad Request' for url 'https://api.openalex.org/authors?mailto=nl.nightlogin%40gmail.com&filter=ids.scopus%3A55666627500'
For more information check: https://developer.mozilla.org/en-US/docs/Web/HTTP/Status/400
2026-07-10 00:33:48,757 INFO [22/64] Resolving Eka Firmansyah
2026-07-10 00:33:49,174 INFO HTTP Request: GET https://api.openalex.org/authors?mailto=nl.nightlogin%40gmail.com&filter=ids.scopus%3A34978345200 "HTTP/1.1 400 Bad Request"
2026-07-10 00:33:49,175 ERROR Gagal fetch untuk Eka Firmansyah
Traceback (most recent call last):
  File "/home/muhammad-nafal-zakin-rustanto/Project/Data-KBKInformasi-DTETI/pipeline.py", line 147, in run
    result = fetch_lecturer_openalex_data(
             ^^^^^^^^^^^^^^^^^^^^^^^^^^^^^
  File "/home/muhammad-nafal-zakin-rustanto/Project/Data-KBKInformasi-DTETI/fetchers/openalex.py", line 162, in fetch_lecturer_openalex_data
    author, method = resolve_author(
                     ^^^^^^^^^^^^^^^
  File "/home/muhammad-nafal-zakin-rustanto/Project/Data-KBKInformasi-DTETI/fetchers/openalex.py", line 109, in resolve_author
    author = find_author_by_scopus_id(client, scopus_author_id, use_cache)
             ^^^^^^^^^^^^^^^^^^^^^^^^^^^^^^^^^^^^^^^^^^^^^^^^^^^^^^^^^^^^^
  File "/home/muhammad-nafal-zakin-rustanto/Project/Data-KBKInformasi-DTETI/fetchers/openalex.py", line 62, in find_author_by_scopus_id
    resp.raise_for_status()
  File "/home/muhammad-nafal-zakin-rustanto/.local/lib/python3.12/site-packages/httpx/_models.py", line 829, in raise_for_status
    raise HTTPStatusError(message, request=request, response=self)
httpx.HTTPStatusError: Client error '400 Bad Request' for url 'https://api.openalex.org/authors?mailto=nl.nightlogin%40gmail.com&filter=ids.scopus%3A34978345200'
For more information check: https://developer.mozilla.org/en-US/docs/Web/HTTP/Status/400
2026-07-10 00:33:49,175 INFO [23/64] Resolving Hanung Adi Nugroho
2026-07-10 00:33:49,520 INFO HTTP Request: GET https://api.openalex.org/authors?mailto=nl.nightlogin%40gmail.com&filter=orcid%3A0000-0001-7749-8044 "HTTP/1.1 200 OK"
2026-07-10 00:33:52,025 INFO HTTP Request: GET https://api.openalex.org/works?mailto=nl.nightlogin%40gmail.com&filter=authorships.author.id%3Ahttps%3A%2F%2Fopenalex.org%2FA5006699720&per-page=200&cursor=%2A "HTTP/1.1 200 OK"
2026-07-10 00:33:54,793 INFO HTTP Request: GET https://api.openalex.org/works?mailto=nl.nightlogin%40gmail.com&filter=authorships.author.id%3Ahttps%3A%2F%2Fopenalex.org%2FA5006699720&per-page=200&cursor=Ils5Ni4wLCAzLCAnaHR0cHM6Ly9vcGVuYWxleC5vcmcvVzI5MDg3NDQ5NzknXSI%3D "HTTP/1.1 200 OK"
2026-07-10 00:33:56,855 INFO   -> matched https://openalex.org/A5006699720 (orcid), 378 works
2026-07-10 00:33:56,927 INFO [24/64] Resolving Indriana Hidayah
2026-07-10 00:33:57,266 INFO HTTP Request: GET https://api.openalex.org/authors?mailto=nl.nightlogin%40gmail.com&filter=orcid%3A0000-0003-4044-4987 "HTTP/1.1 200 OK"
2026-07-10 00:33:58,600 INFO HTTP Request: GET https://api.openalex.org/works?mailto=nl.nightlogin%40gmail.com&filter=authorships.author.id%3Ahttps%3A%2F%2Fopenalex.org%2FA5024219353&per-page=200&cursor=%2A "HTTP/1.1 200 OK"
2026-07-10 00:34:00,439 INFO   -> matched https://openalex.org/A5024219353 (orcid), 156 works
2026-07-10 00:34:00,448 INFO [25/64] Resolving Bimo Sunarfri Hantono
2026-07-10 00:34:00,864 INFO HTTP Request: GET https://api.openalex.org/authors?mailto=nl.nightlogin%40gmail.com&filter=ids.scopus%3A56121493400 "HTTP/1.1 400 Bad Request"
2026-07-10 00:34:00,865 ERROR Gagal fetch untuk Bimo Sunarfri Hantono
Traceback (most recent call last):
  File "/home/muhammad-nafal-zakin-rustanto/Project/Data-KBKInformasi-DTETI/pipeline.py", line 147, in run
    result = fetch_lecturer_openalex_data(
             ^^^^^^^^^^^^^^^^^^^^^^^^^^^^^
  File "/home/muhammad-nafal-zakin-rustanto/Project/Data-KBKInformasi-DTETI/fetchers/openalex.py", line 162, in fetch_lecturer_openalex_data
    author, method = resolve_author(
                     ^^^^^^^^^^^^^^^
  File "/home/muhammad-nafal-zakin-rustanto/Project/Data-KBKInformasi-DTETI/fetchers/openalex.py", line 109, in resolve_author
    author = find_author_by_scopus_id(client, scopus_author_id, use_cache)
             ^^^^^^^^^^^^^^^^^^^^^^^^^^^^^^^^^^^^^^^^^^^^^^^^^^^^^^^^^^^^^
  File "/home/muhammad-nafal-zakin-rustanto/Project/Data-KBKInformasi-DTETI/fetchers/openalex.py", line 62, in find_author_by_scopus_id
    resp.raise_for_status()
  File "/home/muhammad-nafal-zakin-rustanto/.local/lib/python3.12/site-packages/httpx/_models.py", line 829, in raise_for_status
    raise HTTPStatusError(message, request=request, response=self)
httpx.HTTPStatusError: Client error '400 Bad Request' for url 'https://api.openalex.org/authors?mailto=nl.nightlogin%40gmail.com&filter=ids.scopus%3A56121493400'
For more information check: https://developer.mozilla.org/en-US/docs/Web/HTTP/Status/400
2026-07-10 00:34:00,865 INFO [26/64] Resolving M. Nur Rizal
2026-07-10 00:34:01,276 INFO HTTP Request: GET https://api.openalex.org/authors?mailto=nl.nightlogin%40gmail.com&filter=ids.scopus%3A55553742689 "HTTP/1.1 400 Bad Request"
2026-07-10 00:34:01,276 ERROR Gagal fetch untuk M. Nur Rizal
Traceback (most recent call last):
  File "/home/muhammad-nafal-zakin-rustanto/Project/Data-KBKInformasi-DTETI/pipeline.py", line 147, in run
    result = fetch_lecturer_openalex_data(
             ^^^^^^^^^^^^^^^^^^^^^^^^^^^^^
  File "/home/muhammad-nafal-zakin-rustanto/Project/Data-KBKInformasi-DTETI/fetchers/openalex.py", line 162, in fetch_lecturer_openalex_data
    author, method = resolve_author(
                     ^^^^^^^^^^^^^^^
  File "/home/muhammad-nafal-zakin-rustanto/Project/Data-KBKInformasi-DTETI/fetchers/openalex.py", line 109, in resolve_author
    author = find_author_by_scopus_id(client, scopus_author_id, use_cache)
             ^^^^^^^^^^^^^^^^^^^^^^^^^^^^^^^^^^^^^^^^^^^^^^^^^^^^^^^^^^^^^
  File "/home/muhammad-nafal-zakin-rustanto/Project/Data-KBKInformasi-DTETI/fetchers/openalex.py", line 62, in find_author_by_scopus_id
    resp.raise_for_status()
  File "/home/muhammad-nafal-zakin-rustanto/.local/lib/python3.12/site-packages/httpx/_models.py", line 829, in raise_for_status
    raise HTTPStatusError(message, request=request, response=self)
httpx.HTTPStatusError: Client error '400 Bad Request' for url 'https://api.openalex.org/authors?mailto=nl.nightlogin%40gmail.com&filter=ids.scopus%3A55553742689'
For more information check: https://developer.mozilla.org/en-US/docs/Web/HTTP/Status/400
2026-07-10 00:34:01,277 INFO [27/64] Resolving Harry Prabowo
2026-07-10 00:34:01,655 INFO HTTP Request: GET https://api.openalex.org/authors?mailto=nl.nightlogin%40gmail.com&filter=orcid%3A0000-0002-8398-3529 "HTTP/1.1 200 OK"
2026-07-10 00:34:02,167 INFO HTTP Request: GET https://api.openalex.org/works?mailto=nl.nightlogin%40gmail.com&filter=authorships.author.id%3Ahttps%3A%2F%2Fopenalex.org%2FA5054866692&per-page=200&cursor=%2A "HTTP/1.1 200 OK"
2026-07-10 00:34:02,901 INFO   -> matched https://openalex.org/A5054866692 (orcid), 10 works
2026-07-10 00:34:02,902 INFO [28/64] Resolving Avrin Nur Widiastuti
2026-07-10 00:34:03,397 INFO HTTP Request: GET https://api.openalex.org/authors?mailto=nl.nightlogin%40gmail.com&filter=ids.scopus%3A56429469800 "HTTP/1.1 400 Bad Request"
2026-07-10 00:34:03,397 ERROR Gagal fetch untuk Avrin Nur Widiastuti
Traceback (most recent call last):
  File "/home/muhammad-nafal-zakin-rustanto/Project/Data-KBKInformasi-DTETI/pipeline.py", line 147, in run
    result = fetch_lecturer_openalex_data(
             ^^^^^^^^^^^^^^^^^^^^^^^^^^^^^
  File "/home/muhammad-nafal-zakin-rustanto/Project/Data-KBKInformasi-DTETI/fetchers/openalex.py", line 162, in fetch_lecturer_openalex_data
    author, method = resolve_author(
                     ^^^^^^^^^^^^^^^
  File "/home/muhammad-nafal-zakin-rustanto/Project/Data-KBKInformasi-DTETI/fetchers/openalex.py", line 109, in resolve_author
    author = find_author_by_scopus_id(client, scopus_author_id, use_cache)
             ^^^^^^^^^^^^^^^^^^^^^^^^^^^^^^^^^^^^^^^^^^^^^^^^^^^^^^^^^^^^^
  File "/home/muhammad-nafal-zakin-rustanto/Project/Data-KBKInformasi-DTETI/fetchers/openalex.py", line 62, in find_author_by_scopus_id
    resp.raise_for_status()
  File "/home/muhammad-nafal-zakin-rustanto/.local/lib/python3.12/site-packages/httpx/_models.py", line 829, in raise_for_status
    raise HTTPStatusError(message, request=request, response=self)
httpx.HTTPStatusError: Client error '400 Bad Request' for url 'https://api.openalex.org/authors?mailto=nl.nightlogin%40gmail.com&filter=ids.scopus%3A56429469800'
For more information check: https://developer.mozilla.org/en-US/docs/Web/HTTP/Status/400
2026-07-10 00:34:03,398 INFO [29/64] Resolving Indah Soesanti
2026-07-10 00:34:03,807 INFO HTTP Request: GET https://api.openalex.org/authors?mailto=nl.nightlogin%40gmail.com&filter=orcid%3A0000-0003-2004-0600 "HTTP/1.1 200 OK"
2026-07-10 00:34:05,663 INFO HTTP Request: GET https://api.openalex.org/works?mailto=nl.nightlogin%40gmail.com&filter=authorships.author.id%3Ahttps%3A%2F%2Fopenalex.org%2FA5052020601&per-page=200&cursor=%2A "HTTP/1.1 200 OK"
2026-07-10 00:34:07,602 INFO   -> matched https://openalex.org/A5052020601 (orcid), 193 works
2026-07-10 00:34:07,612 INFO [30/64] Resolving Adhistya Erna Permanasari
2026-07-10 00:34:08,007 INFO HTTP Request: GET https://api.openalex.org/authors?mailto=nl.nightlogin%40gmail.com&filter=orcid%3A0000-0002-2663-4074 "HTTP/1.1 200 OK"
2026-07-10 00:34:08,835 INFO HTTP Request: GET https://api.openalex.org/works?mailto=nl.nightlogin%40gmail.com&filter=authorships.author.id%3Ahttps%3A%2F%2Fopenalex.org%2FA5017253539&per-page=200&cursor=%2A "HTTP/1.1 200 OK"
2026-07-10 00:34:11,047 INFO HTTP Request: GET https://api.openalex.org/works?mailto=nl.nightlogin%40gmail.com&filter=authorships.author.id%3Ahttps%3A%2F%2Fopenalex.org%2FA5017253539&per-page=200&cursor=IlsnLUluZmluaXR5JywgMCwgJ2h0dHBzOi8vb3BlbmFsZXgub3JnL1c0MzkzMDM2NTQ2J10i "HTTP/1.1 200 OK"
2026-07-10 00:34:11,894 INFO   -> matched https://openalex.org/A5017253539 (orcid), 214 works
2026-07-10 00:34:11,906 INFO [31/64] Resolving Noor Akhmad Setiawan
2026-07-10 00:34:12,386 INFO HTTP Request: GET https://api.openalex.org/authors?mailto=nl.nightlogin%40gmail.com&filter=orcid%3A0000-0002-5631-1073 "HTTP/1.1 200 OK"
2026-07-10 00:34:13,435 INFO HTTP Request: GET https://api.openalex.org/works?mailto=nl.nightlogin%40gmail.com&filter=authorships.author.id%3Ahttps%3A%2F%2Fopenalex.org%2FA5017890989&per-page=200&cursor=%2A "HTTP/1.1 200 OK"
2026-07-10 00:34:15,998 INFO HTTP Request: GET https://api.openalex.org/works?mailto=nl.nightlogin%40gmail.com&filter=authorships.author.id%3Ahttps%3A%2F%2Fopenalex.org%2FA5017890989&per-page=200&cursor=IlsnLUluZmluaXR5JywgMCwgJ2h0dHBzOi8vb3BlbmFsZXgub3JnL1c0MjQ0NTI3Mzc0J10i "HTTP/1.1 200 OK"
2026-07-10 00:34:17,432 INFO   -> matched https://openalex.org/A5017890989 (orcid), 234 works
2026-07-10 00:34:17,457 INFO [32/64] Resolving Rr. Eny Sukani Rahayu
2026-07-10 00:34:17,821 INFO HTTP Request: GET https://api.openalex.org/authors?mailto=nl.nightlogin%40gmail.com&filter=ids.scopus%3A57195683054 "HTTP/1.1 400 Bad Request"
2026-07-10 00:34:17,822 ERROR Gagal fetch untuk Rr. Eny Sukani Rahayu
Traceback (most recent call last):
  File "/home/muhammad-nafal-zakin-rustanto/Project/Data-KBKInformasi-DTETI/pipeline.py", line 147, in run
    result = fetch_lecturer_openalex_data(
             ^^^^^^^^^^^^^^^^^^^^^^^^^^^^^
  File "/home/muhammad-nafal-zakin-rustanto/Project/Data-KBKInformasi-DTETI/fetchers/openalex.py", line 162, in fetch_lecturer_openalex_data
    author, method = resolve_author(
                     ^^^^^^^^^^^^^^^
  File "/home/muhammad-nafal-zakin-rustanto/Project/Data-KBKInformasi-DTETI/fetchers/openalex.py", line 109, in resolve_author
    author = find_author_by_scopus_id(client, scopus_author_id, use_cache)
             ^^^^^^^^^^^^^^^^^^^^^^^^^^^^^^^^^^^^^^^^^^^^^^^^^^^^^^^^^^^^^
  File "/home/muhammad-nafal-zakin-rustanto/Project/Data-KBKInformasi-DTETI/fetchers/openalex.py", line 62, in find_author_by_scopus_id
    resp.raise_for_status()
  File "/home/muhammad-nafal-zakin-rustanto/.local/lib/python3.12/site-packages/httpx/_models.py", line 829, in raise_for_status
    raise HTTPStatusError(message, request=request, response=self)
httpx.HTTPStatusError: Client error '400 Bad Request' for url 'https://api.openalex.org/authors?mailto=nl.nightlogin%40gmail.com&filter=ids.scopus%3A57195683054'
For more information check: https://developer.mozilla.org/en-US/docs/Web/HTTP/Status/400
2026-07-10 00:34:17,823 INFO [33/64] Resolving Ridi Ferdiana
2026-07-10 00:34:18,255 INFO HTTP Request: GET https://api.openalex.org/authors?mailto=nl.nightlogin%40gmail.com&filter=ids.scopus%3A49663102500 "HTTP/1.1 400 Bad Request"
2026-07-10 00:34:18,255 ERROR Gagal fetch untuk Ridi Ferdiana
Traceback (most recent call last):
  File "/home/muhammad-nafal-zakin-rustanto/Project/Data-KBKInformasi-DTETI/pipeline.py", line 147, in run
    result = fetch_lecturer_openalex_data(
             ^^^^^^^^^^^^^^^^^^^^^^^^^^^^^
  File "/home/muhammad-nafal-zakin-rustanto/Project/Data-KBKInformasi-DTETI/fetchers/openalex.py", line 162, in fetch_lecturer_openalex_data
    author, method = resolve_author(
                     ^^^^^^^^^^^^^^^
  File "/home/muhammad-nafal-zakin-rustanto/Project/Data-KBKInformasi-DTETI/fetchers/openalex.py", line 109, in resolve_author
    author = find_author_by_scopus_id(client, scopus_author_id, use_cache)
             ^^^^^^^^^^^^^^^^^^^^^^^^^^^^^^^^^^^^^^^^^^^^^^^^^^^^^^^^^^^^^
  File "/home/muhammad-nafal-zakin-rustanto/Project/Data-KBKInformasi-DTETI/fetchers/openalex.py", line 62, in find_author_by_scopus_id
    resp.raise_for_status()
  File "/home/muhammad-nafal-zakin-rustanto/.local/lib/python3.12/site-packages/httpx/_models.py", line 829, in raise_for_status
    raise HTTPStatusError(message, request=request, response=self)
httpx.HTTPStatusError: Client error '400 Bad Request' for url 'https://api.openalex.org/authors?mailto=nl.nightlogin%40gmail.com&filter=ids.scopus%3A49663102500'
For more information check: https://developer.mozilla.org/en-US/docs/Web/HTTP/Status/400
2026-07-10 00:34:18,256 INFO [34/64] Resolving Enas Dhuhri Kusuma
2026-07-10 00:34:18,587 INFO HTTP Request: GET https://api.openalex.org/authors?mailto=nl.nightlogin%40gmail.com&filter=orcid%3A0000-0003-1659-0132 "HTTP/1.1 200 OK"
2026-07-10 00:34:18,932 INFO HTTP Request: GET https://api.openalex.org/works?mailto=nl.nightlogin%40gmail.com&filter=authorships.author.id%3Ahttps%3A%2F%2Fopenalex.org%2FA5004438235&per-page=200&cursor=%2A "HTTP/1.1 200 OK"
2026-07-10 00:34:19,519 INFO   -> matched https://openalex.org/A5004438235 (orcid), 6 works
2026-07-10 00:34:19,521 INFO [35/64] Resolving Sigit Basuki Wibowo
2026-07-10 00:34:20,108 INFO HTTP Request: GET https://api.openalex.org/authors?mailto=nl.nightlogin%40gmail.com&filter=ids.scopus%3A36783783200 "HTTP/1.1 400 Bad Request"
2026-07-10 00:34:20,109 ERROR Gagal fetch untuk Sigit Basuki Wibowo
Traceback (most recent call last):
  File "/home/muhammad-nafal-zakin-rustanto/Project/Data-KBKInformasi-DTETI/pipeline.py", line 147, in run
    result = fetch_lecturer_openalex_data(
             ^^^^^^^^^^^^^^^^^^^^^^^^^^^^^
  File "/home/muhammad-nafal-zakin-rustanto/Project/Data-KBKInformasi-DTETI/fetchers/openalex.py", line 162, in fetch_lecturer_openalex_data
    author, method = resolve_author(
                     ^^^^^^^^^^^^^^^
  File "/home/muhammad-nafal-zakin-rustanto/Project/Data-KBKInformasi-DTETI/fetchers/openalex.py", line 109, in resolve_author
    author = find_author_by_scopus_id(client, scopus_author_id, use_cache)
             ^^^^^^^^^^^^^^^^^^^^^^^^^^^^^^^^^^^^^^^^^^^^^^^^^^^^^^^^^^^^^
  File "/home/muhammad-nafal-zakin-rustanto/Project/Data-KBKInformasi-DTETI/fetchers/openalex.py", line 62, in find_author_by_scopus_id
    resp.raise_for_status()
  File "/home/muhammad-nafal-zakin-rustanto/.local/lib/python3.12/site-packages/httpx/_models.py", line 829, in raise_for_status
    raise HTTPStatusError(message, request=request, response=self)
httpx.HTTPStatusError: Client error '400 Bad Request' for url 'https://api.openalex.org/authors?mailto=nl.nightlogin%40gmail.com&filter=ids.scopus%3A36783783200'
For more information check: https://developer.mozilla.org/en-US/docs/Web/HTTP/Status/400
2026-07-10 00:34:20,109 INFO [36/64] Resolving Adha Imam Cahyadi
2026-07-10 00:34:20,503 INFO HTTP Request: GET https://api.openalex.org/authors?mailto=nl.nightlogin%40gmail.com&filter=orcid%3A0000-0002-9825-2630 "HTTP/1.1 200 OK"
2026-07-10 00:34:21,626 INFO HTTP Request: GET https://api.openalex.org/works?mailto=nl.nightlogin%40gmail.com&filter=authorships.author.id%3Ahttps%3A%2F%2Fopenalex.org%2FA5078355696&per-page=200&cursor=%2A "HTTP/1.1 200 OK"
2026-07-10 00:34:23,815 INFO HTTP Request: GET https://api.openalex.org/works?mailto=nl.nightlogin%40gmail.com&filter=authorships.author.id%3Ahttps%3A%2F%2Fopenalex.org%2FA5078355696&per-page=200&cursor=IlsnLUluZmluaXR5JywgMCwgJ2h0dHBzOi8vb3BlbmFsZXgub3JnL1c0NDA4ODYwNDEzJ10i "HTTP/1.1 200 OK"
2026-07-10 00:34:25,023 INFO   -> matched https://openalex.org/A5078355696 (orcid), 220 works
2026-07-10 00:34:25,035 INFO [37/64] Resolving Iswandi
2026-07-10 00:34:25,451 INFO HTTP Request: GET https://api.openalex.org/authors?mailto=nl.nightlogin%40gmail.com&filter=orcid%3A0000-0003-4685-3474 "HTTP/1.1 200 OK"
2026-07-10 00:34:26,338 INFO HTTP Request: GET https://api.openalex.org/works?mailto=nl.nightlogin%40gmail.com&filter=authorships.author.id%3Ahttps%3A%2F%2Fopenalex.org%2FA5052420172&per-page=200&cursor=%2A "HTTP/1.1 200 OK"
2026-07-10 00:34:31,990 INFO   -> matched https://openalex.org/A5052420172 (orcid), 50 works
2026-07-10 00:34:31,995 INFO [38/64] Resolving Prapto Nugroho
2026-07-10 00:34:32,377 INFO HTTP Request: GET https://api.openalex.org/authors?mailto=nl.nightlogin%40gmail.com&filter=orcid%3A0000-0002-4221-239X "HTTP/1.1 200 OK"
2026-07-10 00:34:32,721 INFO HTTP Request: GET https://api.openalex.org/authors?mailto=nl.nightlogin%40gmail.com&filter=ids.scopus%3A37072942800 "HTTP/1.1 400 Bad Request"
2026-07-10 00:34:32,721 ERROR Gagal fetch untuk Prapto Nugroho
Traceback (most recent call last):
  File "/home/muhammad-nafal-zakin-rustanto/Project/Data-KBKInformasi-DTETI/pipeline.py", line 147, in run
    result = fetch_lecturer_openalex_data(
             ^^^^^^^^^^^^^^^^^^^^^^^^^^^^^
  File "/home/muhammad-nafal-zakin-rustanto/Project/Data-KBKInformasi-DTETI/fetchers/openalex.py", line 162, in fetch_lecturer_openalex_data
    author, method = resolve_author(
                     ^^^^^^^^^^^^^^^
  File "/home/muhammad-nafal-zakin-rustanto/Project/Data-KBKInformasi-DTETI/fetchers/openalex.py", line 109, in resolve_author
    author = find_author_by_scopus_id(client, scopus_author_id, use_cache)
             ^^^^^^^^^^^^^^^^^^^^^^^^^^^^^^^^^^^^^^^^^^^^^^^^^^^^^^^^^^^^^
  File "/home/muhammad-nafal-zakin-rustanto/Project/Data-KBKInformasi-DTETI/fetchers/openalex.py", line 62, in find_author_by_scopus_id
    resp.raise_for_status()
  File "/home/muhammad-nafal-zakin-rustanto/.local/lib/python3.12/site-packages/httpx/_models.py", line 829, in raise_for_status
    raise HTTPStatusError(message, request=request, response=self)
httpx.HTTPStatusError: Client error '400 Bad Request' for url 'https://api.openalex.org/authors?mailto=nl.nightlogin%40gmail.com&filter=ids.scopus%3A37072942800'
For more information check: https://developer.mozilla.org/en-US/docs/Web/HTTP/Status/400
2026-07-10 00:34:32,722 INFO [39/64] Resolving I Wayan Mustika
2026-07-10 00:34:33,121 INFO HTTP Request: GET https://api.openalex.org/authors?mailto=nl.nightlogin%40gmail.com&filter=orcid%3A0000-0002-0207-261X "HTTP/1.1 200 OK"
2026-07-10 00:34:35,145 INFO HTTP Request: GET https://api.openalex.org/works?mailto=nl.nightlogin%40gmail.com&filter=authorships.author.id%3Ahttps%3A%2F%2Fopenalex.org%2FA5006571377&per-page=200&cursor=%2A "HTTP/1.1 200 OK"
2026-07-10 00:34:37,620 INFO   -> matched https://openalex.org/A5006571377 (orcid), 165 works
2026-07-10 00:34:37,628 INFO [40/64] Resolving Yusuf Susilo Wijoyo
2026-07-10 00:34:38,008 INFO HTTP Request: GET https://api.openalex.org/authors?mailto=nl.nightlogin%40gmail.com&filter=ids.scopus%3A57190815128 "HTTP/1.1 400 Bad Request"
2026-07-10 00:34:38,009 ERROR Gagal fetch untuk Yusuf Susilo Wijoyo
Traceback (most recent call last):
  File "/home/muhammad-nafal-zakin-rustanto/Project/Data-KBKInformasi-DTETI/pipeline.py", line 147, in run
    result = fetch_lecturer_openalex_data(
             ^^^^^^^^^^^^^^^^^^^^^^^^^^^^^
  File "/home/muhammad-nafal-zakin-rustanto/Project/Data-KBKInformasi-DTETI/fetchers/openalex.py", line 162, in fetch_lecturer_openalex_data
    author, method = resolve_author(
                     ^^^^^^^^^^^^^^^
  File "/home/muhammad-nafal-zakin-rustanto/Project/Data-KBKInformasi-DTETI/fetchers/openalex.py", line 109, in resolve_author
    author = find_author_by_scopus_id(client, scopus_author_id, use_cache)
             ^^^^^^^^^^^^^^^^^^^^^^^^^^^^^^^^^^^^^^^^^^^^^^^^^^^^^^^^^^^^^
  File "/home/muhammad-nafal-zakin-rustanto/Project/Data-KBKInformasi-DTETI/fetchers/openalex.py", line 62, in find_author_by_scopus_id
    resp.raise_for_status()
  File "/home/muhammad-nafal-zakin-rustanto/.local/lib/python3.12/site-packages/httpx/_models.py", line 829, in raise_for_status
    raise HTTPStatusError(message, request=request, response=self)
httpx.HTTPStatusError: Client error '400 Bad Request' for url 'https://api.openalex.org/authors?mailto=nl.nightlogin%40gmail.com&filter=ids.scopus%3A57190815128'
For more information check: https://developer.mozilla.org/en-US/docs/Web/HTTP/Status/400
2026-07-10 00:34:38,010 INFO [41/64] Resolving Sunu Wibirama
2026-07-10 00:34:38,417 INFO HTTP Request: GET https://api.openalex.org/authors?mailto=nl.nightlogin%40gmail.com&filter=orcid%3A0000-0001-9613-7017 "HTTP/1.1 200 OK"
2026-07-10 00:34:39,342 INFO HTTP Request: GET https://api.openalex.org/works?mailto=nl.nightlogin%40gmail.com&filter=authorships.author.id%3Ahttps%3A%2F%2Fopenalex.org%2FA5072951962&per-page=200&cursor=%2A "HTTP/1.1 200 OK"
2026-07-10 00:34:41,238 INFO   -> matched https://openalex.org/A5072951962 (orcid), 146 works
2026-07-10 00:34:41,246 INFO [42/64] Resolving Fikri Waskito
2026-07-10 00:34:41,696 INFO HTTP Request: GET https://api.openalex.org/authors?mailto=nl.nightlogin%40gmail.com&filter=ids.scopus%3A41662396600 "HTTP/1.1 400 Bad Request"
2026-07-10 00:34:41,697 ERROR Gagal fetch untuk Fikri Waskito
Traceback (most recent call last):
  File "/home/muhammad-nafal-zakin-rustanto/Project/Data-KBKInformasi-DTETI/pipeline.py", line 147, in run
    result = fetch_lecturer_openalex_data(
             ^^^^^^^^^^^^^^^^^^^^^^^^^^^^^
  File "/home/muhammad-nafal-zakin-rustanto/Project/Data-KBKInformasi-DTETI/fetchers/openalex.py", line 162, in fetch_lecturer_openalex_data
    author, method = resolve_author(
                     ^^^^^^^^^^^^^^^
  File "/home/muhammad-nafal-zakin-rustanto/Project/Data-KBKInformasi-DTETI/fetchers/openalex.py", line 109, in resolve_author
    author = find_author_by_scopus_id(client, scopus_author_id, use_cache)
             ^^^^^^^^^^^^^^^^^^^^^^^^^^^^^^^^^^^^^^^^^^^^^^^^^^^^^^^^^^^^^
  File "/home/muhammad-nafal-zakin-rustanto/Project/Data-KBKInformasi-DTETI/fetchers/openalex.py", line 62, in find_author_by_scopus_id
    resp.raise_for_status()
  File "/home/muhammad-nafal-zakin-rustanto/.local/lib/python3.12/site-packages/httpx/_models.py", line 829, in raise_for_status
    raise HTTPStatusError(message, request=request, response=self)
httpx.HTTPStatusError: Client error '400 Bad Request' for url 'https://api.openalex.org/authors?mailto=nl.nightlogin%40gmail.com&filter=ids.scopus%3A41662396600'
For more information check: https://developer.mozilla.org/en-US/docs/Web/HTTP/Status/400
2026-07-10 00:34:41,697 INFO [43/64] Resolving Lesnanto Multa Putranto
2026-07-10 00:34:42,101 INFO HTTP Request: GET https://api.openalex.org/authors?mailto=nl.nightlogin%40gmail.com&filter=orcid%3A0000-0003-0250-9284 "HTTP/1.1 200 OK"
2026-07-10 00:34:43,162 INFO HTTP Request: GET https://api.openalex.org/works?mailto=nl.nightlogin%40gmail.com&filter=authorships.author.id%3Ahttps%3A%2F%2Fopenalex.org%2FA5077406292&per-page=200&cursor=%2A "HTTP/1.1 200 OK"
2026-07-10 00:34:45,153 INFO   -> matched https://openalex.org/A5077406292 (orcid), 141 works
2026-07-10 00:34:45,169 INFO [44/64] Resolving Igi Ardiyanto
2026-07-10 00:34:45,506 INFO HTTP Request: GET https://api.openalex.org/authors?mailto=nl.nightlogin%40gmail.com&filter=orcid%3A0000-0002-0006-1458 "HTTP/1.1 200 OK"
2026-07-10 00:34:46,915 INFO HTTP Request: GET https://api.openalex.org/works?mailto=nl.nightlogin%40gmail.com&filter=authorships.author.id%3Ahttps%3A%2F%2Fopenalex.org%2FA5018898701&per-page=200&cursor=%2A "HTTP/1.1 200 OK"
2026-07-10 00:34:49,458 INFO HTTP Request: GET https://api.openalex.org/works?mailto=nl.nightlogin%40gmail.com&filter=authorships.author.id%3Ahttps%3A%2F%2Fopenalex.org%2FA5018898701&per-page=200&cursor=IlsnLUluZmluaXR5JywgMCwgJ2h0dHBzOi8vb3BlbmFsZXgub3JnL1c0NDA1ODQ1OTUyJ10i "HTTP/1.1 200 OK"
2026-07-10 00:34:50,418 INFO   -> matched https://openalex.org/A5018898701 (orcid), 217 works
2026-07-10 00:34:50,428 INFO [45/64] Resolving Husni Rois Ali
2026-07-10 00:34:50,846 INFO HTTP Request: GET https://api.openalex.org/authors?mailto=nl.nightlogin%40gmail.com&filter=ids.scopus%3A55837520800 "HTTP/1.1 400 Bad Request"
2026-07-10 00:34:50,846 ERROR Gagal fetch untuk Husni Rois Ali
Traceback (most recent call last):
  File "/home/muhammad-nafal-zakin-rustanto/Project/Data-KBKInformasi-DTETI/pipeline.py", line 147, in run
    result = fetch_lecturer_openalex_data(
             ^^^^^^^^^^^^^^^^^^^^^^^^^^^^^
  File "/home/muhammad-nafal-zakin-rustanto/Project/Data-KBKInformasi-DTETI/fetchers/openalex.py", line 162, in fetch_lecturer_openalex_data
    author, method = resolve_author(
                     ^^^^^^^^^^^^^^^
  File "/home/muhammad-nafal-zakin-rustanto/Project/Data-KBKInformasi-DTETI/fetchers/openalex.py", line 109, in resolve_author
    author = find_author_by_scopus_id(client, scopus_author_id, use_cache)
             ^^^^^^^^^^^^^^^^^^^^^^^^^^^^^^^^^^^^^^^^^^^^^^^^^^^^^^^^^^^^^
  File "/home/muhammad-nafal-zakin-rustanto/Project/Data-KBKInformasi-DTETI/fetchers/openalex.py", line 62, in find_author_by_scopus_id
    resp.raise_for_status()
  File "/home/muhammad-nafal-zakin-rustanto/.local/lib/python3.12/site-packages/httpx/_models.py", line 829, in raise_for_status
    raise HTTPStatusError(message, request=request, response=self)
httpx.HTTPStatusError: Client error '400 Bad Request' for url 'https://api.openalex.org/authors?mailto=nl.nightlogin%40gmail.com&filter=ids.scopus%3A55837520800'
For more information check: https://developer.mozilla.org/en-US/docs/Web/HTTP/Status/400
2026-07-10 00:34:50,847 INFO [46/64] Resolving Agus Bejo
2026-07-10 00:34:51,255 INFO HTTP Request: GET https://api.openalex.org/authors?mailto=nl.nightlogin%40gmail.com&filter=ids.scopus%3A35096014900 "HTTP/1.1 400 Bad Request"
2026-07-10 00:34:51,255 ERROR Gagal fetch untuk Agus Bejo
Traceback (most recent call last):
  File "/home/muhammad-nafal-zakin-rustanto/Project/Data-KBKInformasi-DTETI/pipeline.py", line 147, in run
    result = fetch_lecturer_openalex_data(
             ^^^^^^^^^^^^^^^^^^^^^^^^^^^^^
  File "/home/muhammad-nafal-zakin-rustanto/Project/Data-KBKInformasi-DTETI/fetchers/openalex.py", line 162, in fetch_lecturer_openalex_data
    author, method = resolve_author(
                     ^^^^^^^^^^^^^^^
  File "/home/muhammad-nafal-zakin-rustanto/Project/Data-KBKInformasi-DTETI/fetchers/openalex.py", line 109, in resolve_author
    author = find_author_by_scopus_id(client, scopus_author_id, use_cache)
             ^^^^^^^^^^^^^^^^^^^^^^^^^^^^^^^^^^^^^^^^^^^^^^^^^^^^^^^^^^^^^
  File "/home/muhammad-nafal-zakin-rustanto/Project/Data-KBKInformasi-DTETI/fetchers/openalex.py", line 62, in find_author_by_scopus_id
    resp.raise_for_status()
  File "/home/muhammad-nafal-zakin-rustanto/.local/lib/python3.12/site-packages/httpx/_models.py", line 829, in raise_for_status
    raise HTTPStatusError(message, request=request, response=self)
httpx.HTTPStatusError: Client error '400 Bad Request' for url 'https://api.openalex.org/authors?mailto=nl.nightlogin%40gmail.com&filter=ids.scopus%3A35096014900'
For more information check: https://developer.mozilla.org/en-US/docs/Web/HTTP/Status/400
2026-07-10 00:34:51,256 INFO [47/64] Resolving Azkario Rizky Pratama
2026-07-10 00:34:51,578 INFO HTTP Request: GET https://api.openalex.org/authors?mailto=nl.nightlogin%40gmail.com&filter=orcid%3A0000-0001-6158-8483 "HTTP/1.1 200 OK"
2026-07-10 00:34:52,056 INFO HTTP Request: GET https://api.openalex.org/works?mailto=nl.nightlogin%40gmail.com&filter=authorships.author.id%3Ahttps%3A%2F%2Fopenalex.org%2FA5079462995&per-page=200&cursor=%2A "HTTP/1.1 200 OK"
2026-07-10 00:34:53,435 INFO   -> matched https://openalex.org/A5079462995 (orcid), 50 works
2026-07-10 00:34:53,439 INFO [48/64] Resolving Anugerah Galang Persada
2026-07-10 00:34:53,752 INFO HTTP Request: GET https://api.openalex.org/authors?mailto=nl.nightlogin%40gmail.com&filter=ids.scopus%3A16436979700 "HTTP/1.1 400 Bad Request"
2026-07-10 00:34:53,752 ERROR Gagal fetch untuk Anugerah Galang Persada
Traceback (most recent call last):
  File "/home/muhammad-nafal-zakin-rustanto/Project/Data-KBKInformasi-DTETI/pipeline.py", line 147, in run
    result = fetch_lecturer_openalex_data(
             ^^^^^^^^^^^^^^^^^^^^^^^^^^^^^
  File "/home/muhammad-nafal-zakin-rustanto/Project/Data-KBKInformasi-DTETI/fetchers/openalex.py", line 162, in fetch_lecturer_openalex_data
    author, method = resolve_author(
                     ^^^^^^^^^^^^^^^
  File "/home/muhammad-nafal-zakin-rustanto/Project/Data-KBKInformasi-DTETI/fetchers/openalex.py", line 109, in resolve_author
    author = find_author_by_scopus_id(client, scopus_author_id, use_cache)
             ^^^^^^^^^^^^^^^^^^^^^^^^^^^^^^^^^^^^^^^^^^^^^^^^^^^^^^^^^^^^^
  File "/home/muhammad-nafal-zakin-rustanto/Project/Data-KBKInformasi-DTETI/fetchers/openalex.py", line 62, in find_author_by_scopus_id
    resp.raise_for_status()
  File "/home/muhammad-nafal-zakin-rustanto/.local/lib/python3.12/site-packages/httpx/_models.py", line 829, in raise_for_status
    raise HTTPStatusError(message, request=request, response=self)
httpx.HTTPStatusError: Client error '400 Bad Request' for url 'https://api.openalex.org/authors?mailto=nl.nightlogin%40gmail.com&filter=ids.scopus%3A16436979700'
For more information check: https://developer.mozilla.org/en-US/docs/Web/HTTP/Status/400
2026-07-10 00:34:53,753 INFO [49/64] Resolving Ahmad Nasikun
2026-07-10 00:34:54,091 INFO HTTP Request: GET https://api.openalex.org/authors?mailto=nl.nightlogin%40gmail.com&filter=orcid%3A0000-0001-5311-4456 "HTTP/1.1 200 OK"
2026-07-10 00:34:54,596 INFO HTTP Request: GET https://api.openalex.org/works?mailto=nl.nightlogin%40gmail.com&filter=authorships.author.id%3Ahttps%3A%2F%2Fopenalex.org%2FA5074385039&per-page=200&cursor=%2A "HTTP/1.1 200 OK"
2026-07-10 00:34:55,656 INFO   -> matched https://openalex.org/A5074385039 (orcid), 25 works
2026-07-10 00:34:55,658 INFO [50/64] Resolving Dyonisius Dony Ariananda
2026-07-10 00:34:56,096 INFO HTTP Request: GET https://api.openalex.org/authors?mailto=nl.nightlogin%40gmail.com&filter=ids.scopus%3A35145324800 "HTTP/1.1 400 Bad Request"
2026-07-10 00:34:56,096 ERROR Gagal fetch untuk Dyonisius Dony Ariananda
Traceback (most recent call last):
  File "/home/muhammad-nafal-zakin-rustanto/Project/Data-KBKInformasi-DTETI/pipeline.py", line 147, in run
    result = fetch_lecturer_openalex_data(
             ^^^^^^^^^^^^^^^^^^^^^^^^^^^^^
  File "/home/muhammad-nafal-zakin-rustanto/Project/Data-KBKInformasi-DTETI/fetchers/openalex.py", line 162, in fetch_lecturer_openalex_data
    author, method = resolve_author(
                     ^^^^^^^^^^^^^^^
  File "/home/muhammad-nafal-zakin-rustanto/Project/Data-KBKInformasi-DTETI/fetchers/openalex.py", line 109, in resolve_author
    author = find_author_by_scopus_id(client, scopus_author_id, use_cache)
             ^^^^^^^^^^^^^^^^^^^^^^^^^^^^^^^^^^^^^^^^^^^^^^^^^^^^^^^^^^^^^
  File "/home/muhammad-nafal-zakin-rustanto/Project/Data-KBKInformasi-DTETI/fetchers/openalex.py", line 62, in find_author_by_scopus_id
    resp.raise_for_status()
  File "/home/muhammad-nafal-zakin-rustanto/.local/lib/python3.12/site-packages/httpx/_models.py", line 829, in raise_for_status
    raise HTTPStatusError(message, request=request, response=self)
httpx.HTTPStatusError: Client error '400 Bad Request' for url 'https://api.openalex.org/authors?mailto=nl.nightlogin%40gmail.com&filter=ids.scopus%3A35145324800'
For more information check: https://developer.mozilla.org/en-US/docs/Web/HTTP/Status/400
2026-07-10 00:34:56,097 INFO [51/64] Resolving Guntur Dharma Putra
2026-07-10 00:34:56,643 INFO HTTP Request: GET https://api.openalex.org/authors?mailto=nl.nightlogin%40gmail.com&filter=orcid%3A0000-0001-9832-5388 "HTTP/1.1 200 OK"
2026-07-10 00:34:57,666 INFO HTTP Request: GET https://api.openalex.org/works?mailto=nl.nightlogin%40gmail.com&filter=authorships.author.id%3Ahttps%3A%2F%2Fopenalex.org%2FA5007007487&per-page=200&cursor=%2A "HTTP/1.1 200 OK"
2026-07-10 00:34:59,081 INFO   -> matched https://openalex.org/A5007007487 (orcid), 66 works
2026-07-10 00:34:59,084 WARNING   Skip work tanpa title/authors valid untuk Guntur Dharma Putra: https://openalex.org/W7130550935
2026-07-10 00:34:59,085 INFO [52/64] Resolving Muhammad Faris
2026-07-10 00:34:59,511 INFO HTTP Request: GET https://api.openalex.org/authors?mailto=nl.nightlogin%40gmail.com&filter=orcid%3A0000-0001-6741-5065 "HTTP/1.1 200 OK"
2026-07-10 00:34:59,883 INFO HTTP Request: GET https://api.openalex.org/works?mailto=nl.nightlogin%40gmail.com&filter=authorships.author.id%3Ahttps%3A%2F%2Fopenalex.org%2FA5091550312&per-page=200&cursor=%2A "HTTP/1.1 200 OK"
2026-07-10 00:35:00,871 INFO   -> matched https://openalex.org/A5091550312 (orcid), 18 works
2026-07-10 00:35:00,873 INFO [53/64] Resolving Mochammad Wahyudi
2026-07-10 00:35:01,228 INFO HTTP Request: GET https://api.openalex.org/authors?mailto=nl.nightlogin%40gmail.com&filter=ids.scopus%3A57200990344 "HTTP/1.1 400 Bad Request"
2026-07-10 00:35:01,229 ERROR Gagal fetch untuk Mochammad Wahyudi
Traceback (most recent call last):
  File "/home/muhammad-nafal-zakin-rustanto/Project/Data-KBKInformasi-DTETI/pipeline.py", line 147, in run
    result = fetch_lecturer_openalex_data(
             ^^^^^^^^^^^^^^^^^^^^^^^^^^^^^
  File "/home/muhammad-nafal-zakin-rustanto/Project/Data-KBKInformasi-DTETI/fetchers/openalex.py", line 162, in fetch_lecturer_openalex_data
    author, method = resolve_author(
                     ^^^^^^^^^^^^^^^
  File "/home/muhammad-nafal-zakin-rustanto/Project/Data-KBKInformasi-DTETI/fetchers/openalex.py", line 109, in resolve_author
    author = find_author_by_scopus_id(client, scopus_author_id, use_cache)
             ^^^^^^^^^^^^^^^^^^^^^^^^^^^^^^^^^^^^^^^^^^^^^^^^^^^^^^^^^^^^^
  File "/home/muhammad-nafal-zakin-rustanto/Project/Data-KBKInformasi-DTETI/fetchers/openalex.py", line 62, in find_author_by_scopus_id
    resp.raise_for_status()
  File "/home/muhammad-nafal-zakin-rustanto/.local/lib/python3.12/site-packages/httpx/_models.py", line 829, in raise_for_status
    raise HTTPStatusError(message, request=request, response=self)
httpx.HTTPStatusError: Client error '400 Bad Request' for url 'https://api.openalex.org/authors?mailto=nl.nightlogin%40gmail.com&filter=ids.scopus%3A57200990344'
For more information check: https://developer.mozilla.org/en-US/docs/Web/HTTP/Status/400
2026-07-10 00:35:01,230 INFO [54/64] Resolving Roni Irnawan
2026-07-10 00:35:01,754 INFO HTTP Request: GET https://api.openalex.org/authors?mailto=nl.nightlogin%40gmail.com&filter=orcid%3A0000-0001-6634-3426 "HTTP/1.1 200 OK"
2026-07-10 00:35:02,792 INFO HTTP Request: GET https://api.openalex.org/works?mailto=nl.nightlogin%40gmail.com&filter=authorships.author.id%3Ahttps%3A%2F%2Fopenalex.org%2FA5074260760&per-page=200&cursor=%2A "HTTP/1.1 200 OK"
2026-07-10 00:35:03,927 INFO   -> matched https://openalex.org/A5074260760 (orcid), 84 works
2026-07-10 00:35:03,932 INFO [55/64] Resolving Dzuhri Radityo Utomo
2026-07-10 00:35:04,330 INFO HTTP Request: GET https://api.openalex.org/authors?mailto=nl.nightlogin%40gmail.com&filter=ids.scopus%3A56122839600 "HTTP/1.1 400 Bad Request"
2026-07-10 00:35:04,331 ERROR Gagal fetch untuk Dzuhri Radityo Utomo
Traceback (most recent call last):
  File "/home/muhammad-nafal-zakin-rustanto/Project/Data-KBKInformasi-DTETI/pipeline.py", line 147, in run
    result = fetch_lecturer_openalex_data(
             ^^^^^^^^^^^^^^^^^^^^^^^^^^^^^
  File "/home/muhammad-nafal-zakin-rustanto/Project/Data-KBKInformasi-DTETI/fetchers/openalex.py", line 162, in fetch_lecturer_openalex_data
    author, method = resolve_author(
                     ^^^^^^^^^^^^^^^
  File "/home/muhammad-nafal-zakin-rustanto/Project/Data-KBKInformasi-DTETI/fetchers/openalex.py", line 109, in resolve_author
    author = find_author_by_scopus_id(client, scopus_author_id, use_cache)
             ^^^^^^^^^^^^^^^^^^^^^^^^^^^^^^^^^^^^^^^^^^^^^^^^^^^^^^^^^^^^^
  File "/home/muhammad-nafal-zakin-rustanto/Project/Data-KBKInformasi-DTETI/fetchers/openalex.py", line 62, in find_author_by_scopus_id
    resp.raise_for_status()
  File "/home/muhammad-nafal-zakin-rustanto/.local/lib/python3.12/site-packages/httpx/_models.py", line 829, in raise_for_status
    raise HTTPStatusError(message, request=request, response=self)
httpx.HTTPStatusError: Client error '400 Bad Request' for url 'https://api.openalex.org/authors?mailto=nl.nightlogin%40gmail.com&filter=ids.scopus%3A56122839600'
For more information check: https://developer.mozilla.org/en-US/docs/Web/HTTP/Status/400
2026-07-10 00:35:04,332 INFO [56/64] Resolving Syukron Abu Ishaq Alfarozi
2026-07-10 00:35:04,734 INFO HTTP Request: GET https://api.openalex.org/authors?mailto=nl.nightlogin%40gmail.com&filter=orcid%3A0000-0001-8558-898X "HTTP/1.1 200 OK"
2026-07-10 00:35:05,906 INFO HTTP Request: GET https://api.openalex.org/works?mailto=nl.nightlogin%40gmail.com&filter=authorships.author.id%3Ahttps%3A%2F%2Fopenalex.org%2FA5055082531&per-page=200&cursor=%2A "HTTP/1.1 200 OK"
2026-07-10 00:35:06,962 INFO   -> matched https://openalex.org/A5055082531 (orcid), 58 works
2026-07-10 00:35:06,965 INFO [57/64] Resolving Ahmad Ataka Awwalur Rizqi
2026-07-10 00:35:07,284 INFO HTTP Request: GET https://api.openalex.org/authors?mailto=nl.nightlogin%40gmail.com&filter=ids.scopus%3A56081578500 "HTTP/1.1 400 Bad Request"
2026-07-10 00:35:07,285 ERROR Gagal fetch untuk Ahmad Ataka Awwalur Rizqi
Traceback (most recent call last):
  File "/home/muhammad-nafal-zakin-rustanto/Project/Data-KBKInformasi-DTETI/pipeline.py", line 147, in run
    result = fetch_lecturer_openalex_data(
             ^^^^^^^^^^^^^^^^^^^^^^^^^^^^^
  File "/home/muhammad-nafal-zakin-rustanto/Project/Data-KBKInformasi-DTETI/fetchers/openalex.py", line 162, in fetch_lecturer_openalex_data
    author, method = resolve_author(
                     ^^^^^^^^^^^^^^^
  File "/home/muhammad-nafal-zakin-rustanto/Project/Data-KBKInformasi-DTETI/fetchers/openalex.py", line 109, in resolve_author
    author = find_author_by_scopus_id(client, scopus_author_id, use_cache)
             ^^^^^^^^^^^^^^^^^^^^^^^^^^^^^^^^^^^^^^^^^^^^^^^^^^^^^^^^^^^^^
  File "/home/muhammad-nafal-zakin-rustanto/Project/Data-KBKInformasi-DTETI/fetchers/openalex.py", line 62, in find_author_by_scopus_id
    resp.raise_for_status()
  File "/home/muhammad-nafal-zakin-rustanto/.local/lib/python3.12/site-packages/httpx/_models.py", line 829, in raise_for_status
    raise HTTPStatusError(message, request=request, response=self)
httpx.HTTPStatusError: Client error '400 Bad Request' for url 'https://api.openalex.org/authors?mailto=nl.nightlogin%40gmail.com&filter=ids.scopus%3A56081578500'
For more information check: https://developer.mozilla.org/en-US/docs/Web/HTTP/Status/400
2026-07-10 00:35:07,286 INFO [58/64] Resolving Naufal Hilmi Fauzan
2026-07-10 00:35:07,724 INFO HTTP Request: GET https://api.openalex.org/authors?mailto=nl.nightlogin%40gmail.com&filter=ids.scopus%3A57413345300 "HTTP/1.1 400 Bad Request"
2026-07-10 00:35:07,725 ERROR Gagal fetch untuk Naufal Hilmi Fauzan
Traceback (most recent call last):
  File "/home/muhammad-nafal-zakin-rustanto/Project/Data-KBKInformasi-DTETI/pipeline.py", line 147, in run
    result = fetch_lecturer_openalex_data(
             ^^^^^^^^^^^^^^^^^^^^^^^^^^^^^
  File "/home/muhammad-nafal-zakin-rustanto/Project/Data-KBKInformasi-DTETI/fetchers/openalex.py", line 162, in fetch_lecturer_openalex_data
    author, method = resolve_author(
                     ^^^^^^^^^^^^^^^
  File "/home/muhammad-nafal-zakin-rustanto/Project/Data-KBKInformasi-DTETI/fetchers/openalex.py", line 109, in resolve_author
    author = find_author_by_scopus_id(client, scopus_author_id, use_cache)
             ^^^^^^^^^^^^^^^^^^^^^^^^^^^^^^^^^^^^^^^^^^^^^^^^^^^^^^^^^^^^^
  File "/home/muhammad-nafal-zakin-rustanto/Project/Data-KBKInformasi-DTETI/fetchers/openalex.py", line 62, in find_author_by_scopus_id
    resp.raise_for_status()
  File "/home/muhammad-nafal-zakin-rustanto/.local/lib/python3.12/site-packages/httpx/_models.py", line 829, in raise_for_status
    raise HTTPStatusError(message, request=request, response=self)
httpx.HTTPStatusError: Client error '400 Bad Request' for url 'https://api.openalex.org/authors?mailto=nl.nightlogin%40gmail.com&filter=ids.scopus%3A57413345300'
For more information check: https://developer.mozilla.org/en-US/docs/Web/HTTP/Status/400
2026-07-10 00:35:07,725 INFO [59/64] Resolving Yohan Fajar Sidik
2026-07-10 00:35:08,116 INFO HTTP Request: GET https://api.openalex.org/authors?mailto=nl.nightlogin%40gmail.com&filter=orcid%3A0000-0002-3826-2095 "HTTP/1.1 200 OK"
2026-07-10 00:35:09,136 INFO HTTP Request: GET https://api.openalex.org/works?mailto=nl.nightlogin%40gmail.com&filter=authorships.author.id%3Ahttps%3A%2F%2Fopenalex.org%2FA5081314643&per-page=200&cursor=%2A "HTTP/1.1 200 OK"
2026-07-10 00:35:10,124 INFO   -> matched https://openalex.org/A5081314643 (orcid), 33 works
2026-07-10 00:35:10,127 INFO [60/64] Resolving Ridwan Wicaksono
2026-07-10 00:35:10,487 INFO HTTP Request: GET https://api.openalex.org/authors?mailto=nl.nightlogin%40gmail.com&filter=orcid%3A0000-0002-7415-2061 "HTTP/1.1 200 OK"
2026-07-10 00:35:11,007 INFO HTTP Request: GET https://api.openalex.org/works?mailto=nl.nightlogin%40gmail.com&filter=authorships.author.id%3Ahttps%3A%2F%2Fopenalex.org%2FA5001231803&per-page=200&cursor=%2A "HTTP/1.1 200 OK"
2026-07-10 00:35:12,194 INFO   -> matched https://openalex.org/A5001231803 (orcid), 20 works
2026-07-10 00:35:12,196 INFO [61/64] Resolving Rian Fatah Mochamad
2026-07-10 00:35:12,562 INFO HTTP Request: GET https://api.openalex.org/authors?mailto=nl.nightlogin%40gmail.com&filter=ids.scopus%3A55753983200 "HTTP/1.1 400 Bad Request"
2026-07-10 00:35:12,562 ERROR Gagal fetch untuk Rian Fatah Mochamad
Traceback (most recent call last):
  File "/home/muhammad-nafal-zakin-rustanto/Project/Data-KBKInformasi-DTETI/pipeline.py", line 147, in run
    result = fetch_lecturer_openalex_data(
             ^^^^^^^^^^^^^^^^^^^^^^^^^^^^^
  File "/home/muhammad-nafal-zakin-rustanto/Project/Data-KBKInformasi-DTETI/fetchers/openalex.py", line 162, in fetch_lecturer_openalex_data
    author, method = resolve_author(
                     ^^^^^^^^^^^^^^^
  File "/home/muhammad-nafal-zakin-rustanto/Project/Data-KBKInformasi-DTETI/fetchers/openalex.py", line 109, in resolve_author
    author = find_author_by_scopus_id(client, scopus_author_id, use_cache)
             ^^^^^^^^^^^^^^^^^^^^^^^^^^^^^^^^^^^^^^^^^^^^^^^^^^^^^^^^^^^^^
  File "/home/muhammad-nafal-zakin-rustanto/Project/Data-KBKInformasi-DTETI/fetchers/openalex.py", line 62, in find_author_by_scopus_id
    resp.raise_for_status()
  File "/home/muhammad-nafal-zakin-rustanto/.local/lib/python3.12/site-packages/httpx/_models.py", line 829, in raise_for_status
    raise HTTPStatusError(message, request=request, response=self)
httpx.HTTPStatusError: Client error '400 Bad Request' for url 'https://api.openalex.org/authors?mailto=nl.nightlogin%40gmail.com&filter=ids.scopus%3A55753983200'
For more information check: https://developer.mozilla.org/en-US/docs/Web/HTTP/Status/400
2026-07-10 00:35:12,563 INFO [62/64] Resolving Wijaya Yudha Atmaja
2026-07-10 00:35:12,905 INFO HTTP Request: GET https://api.openalex.org/authors?mailto=nl.nightlogin%40gmail.com&filter=orcid%3A0000-0002-4102-5955 "HTTP/1.1 200 OK"
2026-07-10 00:35:13,364 INFO HTTP Request: GET https://api.openalex.org/works?mailto=nl.nightlogin%40gmail.com&filter=authorships.author.id%3Ahttps%3A%2F%2Fopenalex.org%2FA5034433932&per-page=200&cursor=%2A "HTTP/1.1 200 OK"
2026-07-10 00:35:14,225 INFO   -> matched https://openalex.org/A5034433932 (orcid), 16 works
2026-07-10 00:35:14,226 INFO [63/64] Resolving M. Aidiel Rachman Putra
2026-07-10 00:35:14,586 INFO HTTP Request: GET https://api.openalex.org/authors?mailto=nl.nightlogin%40gmail.com&filter=orcid%3A0000-0002-2741-6853 "HTTP/1.1 200 OK"
2026-07-10 00:35:15,284 INFO HTTP Request: GET https://api.openalex.org/works?mailto=nl.nightlogin%40gmail.com&filter=authorships.author.id%3Ahttps%3A%2F%2Fopenalex.org%2FA5076285880&per-page=200&cursor=%2A "HTTP/1.1 200 OK"
2026-07-10 00:35:16,755 INFO   -> matched https://openalex.org/A5076285880 (orcid), 43 works
2026-07-10 00:35:16,758 INFO [64/64] Resolving Nailil Husna
2026-07-10 00:35:17,077 INFO HTTP Request: GET https://api.openalex.org/authors?mailto=nl.nightlogin%40gmail.com&filter=ids.scopus%3A57195404720 "HTTP/1.1 400 Bad Request"
2026-07-10 00:35:17,077 ERROR Gagal fetch untuk Nailil Husna
Traceback (most recent call last):
  File "/home/muhammad-nafal-zakin-rustanto/Project/Data-KBKInformasi-DTETI/pipeline.py", line 147, in run
    result = fetch_lecturer_openalex_data(
             ^^^^^^^^^^^^^^^^^^^^^^^^^^^^^
  File "/home/muhammad-nafal-zakin-rustanto/Project/Data-KBKInformasi-DTETI/fetchers/openalex.py", line 162, in fetch_lecturer_openalex_data
    author, method = resolve_author(
                     ^^^^^^^^^^^^^^^
  File "/home/muhammad-nafal-zakin-rustanto/Project/Data-KBKInformasi-DTETI/fetchers/openalex.py", line 109, in resolve_author
    author = find_author_by_scopus_id(client, scopus_author_id, use_cache)
             ^^^^^^^^^^^^^^^^^^^^^^^^^^^^^^^^^^^^^^^^^^^^^^^^^^^^^^^^^^^^^
  File "/home/muhammad-nafal-zakin-rustanto/Project/Data-KBKInformasi-DTETI/fetchers/openalex.py", line 62, in find_author_by_scopus_id
    resp.raise_for_status()
  File "/home/muhammad-nafal-zakin-rustanto/.local/lib/python3.12/site-packages/httpx/_models.py", line 829, in raise_for_status
    raise HTTPStatusError(message, request=request, response=self)
httpx.HTTPStatusError: Client error '400 Bad Request' for url 'https://api.openalex.org/authors?mailto=nl.nightlogin%40gmail.com&filter=ids.scopus%3A57195404720'
For more information check: https://developer.mozilla.org/en-US/docs/Web/HTTP/Status/400
2026-07-10 00:35:17,078 INFO Resolution stats: {'orcid': 31, 'error': 33}
2026-07-10 00:35:17,078 INFO Total publikasi mentah terkumpul: 4035
2026-07-10 00:35:20,135 INFO Setelah dedup: 3087 publikasi (948 pasangan digabung)
2026-07-10 00:35:20,135 INFO   Merged: 'Predicting Student Academic Performance using Machine Learni' (10.1109/isriti48646.2019.9034585) <- 'Predicting Student Academic Performance using Machine Learni' (10.1109/isriti48646.2019.9034585)
2026-07-10 00:35:20,135 INFO   Merged: 'A Proposed Model for Detecting Learning Styles Based on Agen' (10.3991/ijet.v11i10.5781) <- 'A Proposed Model for Detecting Learning Styles Based on Agen' (10.3991/ijet.v11i10.5781)
2026-07-10 00:35:20,135 INFO   Merged: 'Using Ontology for Providing Content Recommendation Based on' (10.1109/aims.2014.40) <- 'Using Ontology for Providing Content Recommendation Based on' (10.1109/aims.2014.40)
2026-07-10 00:35:20,135 INFO   Merged: 'Completion factor in massive open online course in developin' (10.18844/wjet.v14i2.6919) <- 'Completion factor in massive open online course in developin' (10.18844/wjet.v14i2.6919)
2026-07-10 00:35:20,135 INFO   Merged: 'Inverse Trigonometric Fuzzy Preference Programming to Genera' (10.3390/computers13030068) <- 'Inverse Trigonometric Fuzzy Preference Programming to Genera' (10.3390/computers13030068)
2026-07-10 00:35:20,135 INFO   Merged: 'Improving Confusion-State Classifier Model Using XGBoost and' (10.1109/isriti48646.2019.9034618) <- 'Improving Confusion-State Classifier Model Using XGBoost and' (10.1109/isriti48646.2019.9034618)
2026-07-10 00:35:20,135 INFO   Merged: 'Improving SME ICT utilization through Industrial Attachment ' (10.1109/fie.2010.5673230) <- 'Improving SME ICT utilization through Industrial Attachment ' (10.1109/fie.2010.5673230)
2026-07-10 00:35:20,135 INFO   Merged: 'Perancangan Ontologi Prenatal-Nutrition dan Evaluasinya Meng' (None) <- 'Perancangan Ontologi Prenatal-Nutrition dan Evaluasinya Meng' (None)
2026-07-10 00:35:20,135 INFO   Merged: 'KAJIAN INDIKATOR PENGUKURAN KESIAPAN PADA GREEN SMART CAMPUS' (None) <- 'KAJIAN INDIKATOR PENGUKURAN KESIAPAN PADA GREEN SMART CAMPUS' (None)
2026-07-10 00:35:20,135 INFO   Merged: 'Perancangan Ontologi Rekam Medis di Indonesia berdasarkan La' (10.23887/janapati.v4i1.9746) <- 'Perancangan Ontologi Rekam Medis di Indonesia berdasarkan La' (10.23887/janapati.v4i1.9746)
2026-07-10 00:35:20,135 INFO   Merged: 'REVIEW LAYOUT KEYBOARD YANG OPTIMAL UNTUK PENGETIKAN DALAM B' (None) <- 'REVIEW LAYOUT KEYBOARD YANG OPTIMAL UNTUK PENGETIKAN DALAM B' (None)
2026-07-10 00:35:20,135 INFO   Merged: 'Student-centered Factors on Online Learning: A Systematic Li' (10.1109/isitia56226.2022.9855282) <- 'Student-centered Factors on Online Learning: A Systematic Li' (10.1109/isitia56226.2022.9855282)
2026-07-10 00:35:20,135 INFO   Merged: 'Querying ontology through HTTP protocol to bridge interopera' (10.1109/iciteed.2015.7408927) <- 'Querying ontology through HTTP protocol to bridge interopera' (10.1109/iciteed.2015.7408927)
2026-07-10 00:35:20,135 INFO   Merged: 'Reduksi Peak to Average Power Ratio (PAPR) Menggunakan Tekni' (10.22146/jnteti.v1i1.9) <- 'Reduksi Peak to Average Power Ratio (PAPR) Menggunakan Tekni' (10.22146/jnteti.v1i1.9)
2026-07-10 00:35:20,135 INFO   Merged: 'Ontology-Based Social Media Talks Topic Classification (Twit' (10.22146/ijitee.46534) <- 'Ontology-Based Social Media Talks Topic Classification (Twit' (10.22146/ijitee.46534)
2026-07-10 00:35:20,135 INFO   Merged: 'Readiness Indicators of Human Resources Aspects for MOOC Imp' (10.1109/icoiact46704.2019.8938477) <- 'Readiness Indicators of Human Resources Aspects for MOOC Imp' (10.1109/icoiact46704.2019.8938477)
2026-07-10 00:35:20,135 INFO   Merged: 'Ontologi Sistem Penilaian E-Learning Berbasis Kompetensi' (None) <- 'Ontologi Sistem Penilaian E-Learning Berbasis Kompetensi' (None)
2026-07-10 00:35:20,135 INFO   Merged: 'Sistem Evaluasi Belajar Tanpa Kertas di Sekolah Menengah Ata' (None) <- 'Sistem Evaluasi Belajar Tanpa Kertas di Sekolah Menengah Ata' (None)
2026-07-10 00:35:20,135 INFO   Merged: 'Implementation of VARK Learning Styles in the MOOC User Inte' (10.5220/0009867502200223) <- 'Implementation of VARK Learning Styles in the MOOC User Inte' (10.5220/0009867502200223)
2026-07-10 00:35:20,135 INFO   Merged: 'Adoption of Various Frameworks for e-Learning Governance Tha' (10.5220/0009866301530157) <- 'Adoption of Various Frameworks for e-Learning Governance Tha' (10.5220/0009866301530157)
2026-07-10 00:35:20,135 INFO   Merged: 'Identifying Smartphone Based Features for Automatic Learning' (10.1109/icst47872.2019.9166165) <- 'Identifying Smartphone Based Features for Automatic Learning' (10.1109/icst47872.2019.9166165)
2026-07-10 00:35:20,135 INFO   Merged: 'A Proposed Model for DetectingLearning Styles Based on Agent' (None) <- 'A Proposed Model for DetectingLearning Styles Based on Agent' (None)
2026-07-10 00:35:20,135 INFO   Merged: 'Chi-Square Oversampling to Improve Dropout Prediction Perfor' (10.14716/ijtech.v16i4.7047) <- 'Chi-Square Oversampling to Improve Dropout Prediction Perfor' (10.14716/ijtech.v16i4.7047)
2026-07-10 00:35:20,135 INFO   Merged: 'A Novel Utility Function of Power Control Game in Multi-Chan' (10.17762/ijcnis.v9i3.2770) <- 'A Novel Utility Function of Power Control Game in Multi-Chan' (10.17762/ijcnis.v9i3.2770)
2026-07-10 00:35:20,135 INFO   Merged: 'Application of Machine Learning in Taxation: A Systematic Li' (10.1109/isitia63062.2024.10668268) <- 'Application of Machine Learning in Taxation: A Systematic Li' (10.1109/isitia63062.2024.10668268)
2026-07-10 00:35:20,135 INFO   Merged: 'Improving IT Service Governance in the ETLE System by Applyi' (10.1109/icca62237.2024.10928147) <- 'Improving IT Service Governance in the ETLE System by Applyi' (10.1109/icca62237.2024.10928147)
2026-07-10 00:35:20,136 INFO   Merged: 'A comparative study on centralized and distributed power con' (10.1109/iciteed.2016.7863237) <- 'A comparative study on centralized and distributed power con' (10.1109/iciteed.2016.7863237)
2026-07-10 00:35:20,136 INFO   Merged: 'Feasible solution of centralized power control for multi cha' (10.1109/iciteed.2015.7409006) <- 'Feasible solution of centralized power control for multi cha' (10.1109/iciteed.2015.7409006)
2026-07-10 00:35:20,136 INFO   Merged: 'Distributed power control vs power control game: A compariso' (10.1109/icasi.2017.7988304) <- 'Distributed power control vs power control game: A compariso' (10.1109/icasi.2017.7988304)
2026-07-10 00:35:20,136 INFO   Merged: 'Optimizing IT Services Quality: Implementing ITIL for Enhanc' (10.1109/icitacee62763.2024.10762782) <- 'Optimizing IT Services Quality: Implementing ITIL for Enhanc' (10.1109/icitacee62763.2024.10762782)
2026-07-10 00:35:20,136 INFO   Merged: 'Feasibility of Power Control for Multi-Channel User in Inter' (10.11591/ijece.v6i4.pp1685-1694) <- 'Feasibility of Power Control for Multi-Channel User in Inter' (10.11591/ijece.v6i4.pp1685-1694)
2026-07-10 00:35:20,136 INFO   Merged: 'Feasibility of Power Control for Multi-Channel User in Inter' (10.11591/ijece.v6i4.10210) <- 'Feasibility of Power Control for Multi-Channel User in Inter' (10.11591/ijece.v6i4.10210)
2026-07-10 00:35:20,136 INFO   Merged: 'Preliminary study: Non cooperative power control game model ' (10.1109/icts.2014.7010569) <- 'Preliminary study: Non cooperative power control game model ' (10.1109/icts.2014.7010569)
2026-07-10 00:35:20,136 INFO   Merged: 'Autonomous Distributed Power Control in Multi-Channel Cognit' (10.22266/ijies2017.0430.15) <- 'Autonomous Distributed Power Control in Multi-Channel Cognit' (10.22266/ijies2017.0430.15)
2026-07-10 00:35:20,136 INFO   Merged: 'PERANCANGAN INTEGRASI SISTEM INFORMASI NILEK, NILEM DAN NILE' (None) <- 'PERANCANGAN INTEGRASI SISTEM INFORMASI NILEK, NILEM DAN NILE' (None)
2026-07-10 00:35:20,136 INFO   Merged: 'KAJIAN PERANCANGAN SISTEM INFORMASI PENERBITAN IJIN BELAJAR ' (None) <- 'KAJIAN PERANCANGAN SISTEM INFORMASI PENERBITAN IJIN BELAJAR ' (None)
2026-07-10 00:35:20,136 INFO   Merged: 'Channel sharing utility function of power control game in co' (10.52549/ijeei.v7i2.1163) <- 'Channel sharing utility function of power control game in co' (10.52549/ijeei.v7i2.1163)
2026-07-10 00:35:20,136 INFO   Merged: 'A Conceptual Framework of Adaptive Mobile POI Recommendation' (10.1109/icoiact46704.2019.8938542) <- 'A Conceptual Framework of Adaptive Mobile POI Recommendation' (10.1109/icoiact46704.2019.8938542)
2026-07-10 00:35:20,136 INFO   Merged: 'Channel sharing utility function of power control game in co' (10.11591/ijeei.v7i2.1163) <- 'Channel sharing utility function of power control game in co' (10.11591/ijeei.v7i2.1163)
2026-07-10 00:35:20,136 INFO   Merged: 'Forecasting Tax Revenue in Indonesia using Single and Hybrid' (10.1109/icadeis65852.2025.10933293) <- 'Forecasting Tax Revenue in Indonesia using Single and Hybrid' (10.1109/icadeis65852.2025.10933293)
2026-07-10 00:35:20,136 INFO   Merged: 'Optimal Planning of Battery Energy Storage Systems by Consid' (10.3390/batteries8120290) <- 'Optimal Planning of Battery Energy Storage Systems by Consid' (10.3390/batteries8120290)
2026-07-10 00:35:20,136 INFO   Merged: 'Optimal sizing and placement of battery energy storage syste' (10.1016/j.ecmx.2024.100620) <- 'Optimal sizing and placement of battery energy storage syste' (10.1016/j.ecmx.2024.100620)
2026-07-10 00:35:20,136 INFO   Merged: 'Designing Power Transformer Using Particle Swarm Optimizatio' (10.3390/designs7010031) <- 'Designing Power Transformer Using Particle Swarm Optimizatio' (10.3390/designs7010031)
2026-07-10 00:35:20,136 INFO   Merged: 'Integration of Battery Energy Storage System to Increase Fle' (10.1109/icpere56870.2022.10037530) <- 'Integration of Battery Energy Storage System to Increase Fle' (10.1109/icpere56870.2022.10037530)
2026-07-10 00:35:20,136 INFO   Merged: 'Optimal Sizing and Siting of Battery Energy Storage Systems ' (10.1109/ict-pep57242.2022.9988958) <- 'Optimal Sizing and Siting of Battery Energy Storage Systems ' (10.1109/ict-pep57242.2022.9988958)
2026-07-10 00:35:20,136 INFO   Merged: 'Teaching the large synchronous generator dynamic model under' (10.1109/iciteed.2013.6676277) <- 'Teaching the large synchronous generator dynamic model under' (10.1109/iciteed.2013.6676277)
2026-07-10 00:35:20,136 INFO   Merged: 'Study of Power Transformer Noise Prediction' (10.1109/icitacee50144.2020.9239219) <- 'Study of Power Transformer Noise Prediction' (10.1109/icitacee50144.2020.9239219)
2026-07-10 00:35:20,136 INFO   Merged: 'Prediction formula development of power transformer no-load ' (10.1088/1742-6596/1858/1/012014) <- 'Prediction formula development of power transformer no-load ' (10.1088/1742-6596/1858/1/012014)
2026-07-10 00:35:20,136 INFO   Merged: 'Optimal configuration of PV-Wind turbine-grid-battery in low' (10.1109/iciteed.2014.7007945) <- 'Optimal configuration of PV-Wind turbine-grid-battery in low' (10.1109/iciteed.2014.7007945)
2026-07-10 00:35:20,136 INFO   Merged: 'Optimal Sizing and Siting of Fresh and Second-Life Battery E' (10.5109/7236864) <- 'Optimal Sizing and Siting of Fresh and Second-Life Battery E' (10.5109/7236864)
2026-07-10 00:35:20,136 INFO   Merged: 'Analysis of ferrite effect in Axial Flux Permanent Magnet Ge' (10.1109/icstc.2017.8011850) <- 'Analysis of ferrite effect in Axial Flux Permanent Magnet Ge' (10.1109/icstc.2017.8011850)
2026-07-10 00:35:20,136 INFO   Merged: 'Power Transformer Load Noise Model based on Backpropagation ' (10.14716/ijtech.v15i5.5548) <- 'Power Transformer Load Noise Model based on Backpropagation ' (10.14716/ijtech.v15i5.5548)
2026-07-10 00:35:20,136 INFO   Merged: 'DC Chopper for The Excitation Voltage Regulation of Synchron' (10.1109/time-e47986.2019.9353307) <- 'DC Chopper for The Excitation Voltage Regulation of Synchron' (10.1109/time-e47986.2019.9353307)
2026-07-10 00:35:20,136 INFO   Merged: 'Development of No-Load Noise Power Transformer Model using B' (10.1109/icitacee53184.2021.9617468) <- 'Development of No-Load Noise Power Transformer Model using B' (10.1109/icitacee53184.2021.9617468)
2026-07-10 00:35:20,136 INFO   Merged: 'Optimal Allocation of Vanadium Redox Flow Battery Storage Sy' (10.1109/icitee59582.2023.10317686) <- 'Optimal Allocation of Vanadium Redox Flow Battery Storage Sy' (10.1109/icitee59582.2023.10317686)
2026-07-10 00:35:20,136 INFO   Merged: 'Technical and Economic Analysis of Solar PV Integration with' (10.1109/icpere63447.2024.10845594) <- 'Technical and Economic Analysis of Solar PV Integration with' (10.1109/icpere63447.2024.10845594)
2026-07-10 00:35:20,136 INFO   Merged: 'Magnetic field distribution simulation on two permanent magn' (10.1109/icici-bme.2013.6698488) <- 'Magnetic field distribution simulation on two permanent magn' (10.1109/icici-bme.2013.6698488)
2026-07-10 00:35:20,136 INFO   Merged: 'The Ferrite Effect on Magnetic Field Distribution with Two R' (10.1016/j.proeng.2017.03.062) <- 'The Ferrite Effect on Magnetic Field Distribution with Two R' (10.1016/j.proeng.2017.03.062)
2026-07-10 00:35:20,136 INFO   Merged: 'Air flow numerical simulation on rotor-stator surface of Flu' (10.1109/icitacee.2015.7437828) <- 'Air flow numerical simulation on rotor-stator surface of Flu' (10.1109/icitacee.2015.7437828)
2026-07-10 00:35:20,136 INFO   Merged: 'Effect of Temperature Change of Liquid Isolator Based on Com' (10.1109/icoiact46704.2019.8938485) <- 'Effect of Temperature Change of Liquid Isolator Based on Com' (10.1109/icoiact46704.2019.8938485)
2026-07-10 00:35:20,136 INFO   Merged: 'A Simple Modeling of Wind Turbine When the Lightning Strike' (10.1109/icst50505.2020.9732882) <- 'A Simple Modeling of Wind Turbine When the Lightning Strike' (10.1109/icst50505.2020.9732882)
2026-07-10 00:35:20,136 INFO   Merged: 'Application of a PCA-MLR Load Noise Prediction Model for The' (10.1109/elticom61905.2023.10443176) <- 'Application of a PCA-MLR Load Noise Prediction Model for The' (10.1109/elticom61905.2023.10443176)
2026-07-10 00:35:20,136 INFO   Merged: 'Survey on Trust Calculation Methods in Internet of Things' (10.1016/j.procs.2019.11.245) <- 'Survey on Trust Calculation Methods in Internet of Things' (10.1016/j.procs.2019.11.245)
2026-07-10 00:35:20,136 INFO   Merged: 'Performance analysis of objective function MRHOF and OF0 in ' (10.1109/iciteed.2016.7863270) <- 'Performance analysis of objective function MRHOF and OF0 in ' (10.1109/iciteed.2016.7863270)
2026-07-10 00:35:20,137 INFO   Merged: 'Tinjauan Ancaman dan Solusi Keamanan pada Teknologi Internet' (10.22146/jnteti.v9i4.539) <- 'Tinjauan Ancaman dan Solusi Keamanan pada Teknologi Internet' (10.22146/jnteti.v9i4.539)
2026-07-10 00:35:20,137 INFO   Merged: 'QS-Trust: An IoT ecosystem security model incorporating qual' (10.21924/cst.9.1.2024.1419) <- 'QS-Trust: An IoT ecosystem security model incorporating qual' (10.21924/cst.9.1.2024.1419)
2026-07-10 00:35:20,137 INFO   Merged: 'Trust Based Security Model in IoT Ecosystem' (10.1109/icitisee57756.2022.10057930) <- 'Trust Based Security Model in IoT Ecosystem' (10.1109/icitisee57756.2022.10057930)
2026-07-10 00:35:20,137 INFO   Merged: 'MDA and integration of legacy systems' (None) <- 'MDA and integration of legacy systems' (None)
2026-07-10 00:35:20,137 INFO   Merged: 'Early prediction of battery degradation in grid-scale batter' (10.1016/j.rineng.2023.101709) <- 'Early prediction of battery degradation in grid-scale batter' (10.1016/j.rineng.2023.101709)
2026-07-10 00:35:20,137 INFO   Merged: 'Optimal Planning of Battery Energy Storage Systems by Consid' (10.3390/batteries8120290) <- 'Optimal Planning of Battery Energy Storage Systems by Consid' (10.3390/batteries8120290)
2026-07-10 00:35:20,137 INFO   Merged: 'Optimal sizing and placement of battery energy storage syste' (10.1016/j.ecmx.2024.100620) <- 'Optimal sizing and placement of battery energy storage syste' (10.1016/j.ecmx.2024.100620)
2026-07-10 00:35:20,137 INFO   Merged: 'Game theory for multi-objective and multi-period framework g' (10.1016/j.energy.2019.02.105) <- 'Game theory for multi-objective and multi-period framework g' (10.1016/j.energy.2019.02.105)
2026-07-10 00:35:20,137 INFO   Merged: 'Generation Expansion Planning Based on Local Renewable Energ' (10.3390/su14053032) <- 'Generation Expansion Planning Based on Local Renewable Energ' (10.3390/su14053032)
2026-07-10 00:35:20,137 INFO   Merged: 'The climate and land-use changes impact on water availabilit' (10.1016/j.esr.2022.101043) <- 'The climate and land-use changes impact on water availabilit' (10.1016/j.esr.2022.101043)
2026-07-10 00:35:20,137 INFO   Merged: 'Multi-level game theory model for partially deregulated gene' (10.1016/j.energy.2021.121565) <- 'Multi-level game theory model for partially deregulated gene' (10.1016/j.energy.2021.121565)
2026-07-10 00:35:20,137 INFO   Merged: 'Carbon tax and trading mechanisms for emission reduction in ' (10.1016/j.clet.2025.101024) <- 'Carbon tax and trading mechanisms for emission reduction in ' (10.1016/j.clet.2025.101024)
2026-07-10 00:35:20,137 INFO   Merged: 'Advancing the carbon pricing framework in Indonesia: A syste' (10.1016/j.rineng.2025.107155) <- 'Advancing the carbon pricing framework in Indonesia: A syste' (10.1016/j.rineng.2025.107155)
2026-07-10 00:35:20,137 INFO   Merged: 'A scenario-based approach for probabilistic load flow analys' (10.1016/j.rineng.2025.106197) <- 'A scenario-based approach for probabilistic load flow analys' (10.1016/j.rineng.2025.106197)
2026-07-10 00:35:20,137 INFO   Merged: 'Optimizing power sector decarbonization in Indonesia through' (10.1016/j.grets.2025.100276) <- 'Optimizing power sector decarbonization in Indonesia through' (10.1016/j.grets.2025.100276)
2026-07-10 00:35:20,137 INFO   Merged: 'Maximum Power Point Tracking using Particle Swarm Optimizati' (10.11591/ijece.v7i2.pp659-666) <- 'Maximum Power Point Tracking using Particle Swarm Optimizati' (10.11591/ijece.v7i2.pp659-666)
2026-07-10 00:35:20,137 INFO   Merged: 'Review on Generation Expansion Planning based on Indonesia a' (10.1109/icst47872.2019.9166406) <- 'Review on Generation Expansion Planning based on Indonesia a' (10.1109/icst47872.2019.9166406)
2026-07-10 00:35:20,137 INFO   Merged: 'Indonesia's deregulated generation expansion planning model ' (10.1016/j.energy.2022.125014) <- 'Indonesia's deregulated generation expansion planning model ' (10.1016/j.energy.2022.125014)
2026-07-10 00:35:20,137 INFO   Merged: 'Integration of Battery Energy Storage System to Increase Fle' (10.1109/icpere56870.2022.10037530) <- 'Integration of Battery Energy Storage System to Increase Fle' (10.1109/icpere56870.2022.10037530)
2026-07-10 00:35:20,137 INFO   Merged: 'Optimal Sizing and Siting of Battery Energy Storage Systems ' (10.1109/ict-pep57242.2022.9988958) <- 'Optimal Sizing and Siting of Battery Energy Storage Systems ' (10.1109/ict-pep57242.2022.9988958)
2026-07-10 00:35:20,137 INFO   Merged: 'Climate Changes Impact on Solar Photovoltaic in Tropical Isl' (10.1109/ict-pep63827.2024.10733537) <- 'Climate Changes Impact on Solar Photovoltaic in Tropical Isl' (10.1109/ict-pep63827.2024.10733537)
2026-07-10 00:35:20,137 INFO   Merged: 'A Review of Potential Method for Optimization of Power Plant' (10.21924/cst.2.1.2017.41) <- 'A Review of Potential Method for Optimization of Power Plant' (10.21924/cst.2.1.2017.41)
2026-07-10 00:35:20,137 INFO   Merged: 'A comprehensive review on uncertainty of renewable energy an' (10.1063/5.0013636) <- 'A comprehensive review on uncertainty of renewable energy an' (10.1063/5.0013636)
2026-07-10 00:35:20,137 INFO   Merged: 'Combined heat and power – multi-objective optimization with ' (10.1016/j.jngse.2018.03.025) <- 'Combined heat and power – multi-objective optimization with ' (10.1016/j.jngse.2018.03.025)
2026-07-10 00:35:20,137 INFO   Merged: 'Unit commitment for power generation system including PV and' (10.1109/icpere.2012.6287247) <- 'Unit commitment for power generation system including PV and' (10.1109/icpere.2012.6287247)
2026-07-10 00:35:20,137 INFO   Merged: 'Grid connected-induction generator start-up sequence observa' (10.1109/isgt-asia.2015.7387139) <- 'Grid connected-induction generator start-up sequence observa' (10.1109/isgt-asia.2015.7387139)
2026-07-10 00:35:20,137 INFO   Merged: 'Optimal Power Flow Using Flower Pollination Algorithm: A Cas' (10.22146/ijitee.28363) <- 'Optimal Power Flow Using Flower Pollination Algorithm: A Cas' (10.22146/ijitee.28363)
2026-07-10 00:35:20,137 INFO   Merged: 'Security Constrained Unit Commitment Using Genetic Algorithm' (10.1109/sgcf.2019.8782288) <- 'Security Constrained Unit Commitment Using Genetic Algorithm' (10.1109/sgcf.2019.8782288)
2026-07-10 00:35:20,137 INFO   Merged: 'Optimal Power Flow Based on Flower Pollination Algorithm' (10.1109/iciteed.2018.8534938) <- 'Optimal Power Flow Based on Flower Pollination Algorithm' (10.1109/iciteed.2018.8534938)
2026-07-10 00:35:20,137 INFO   Merged: 'Dynamic response of maximum power point tracking using parti' (10.1109/iciteed.2016.7863277) <- 'Dynamic response of maximum power point tracking using parti' (10.1109/iciteed.2016.7863277)
2026-07-10 00:35:20,137 INFO   Merged: 'Review Perhitungan Biaya Wheeling (Wheeling Cost Calculation' (10.22146/jnteti.v9i1.114) <- 'Review Perhitungan Biaya Wheeling (Wheeling Cost Calculation' (10.22146/jnteti.v9i1.114)
2026-07-10 00:35:20,137 INFO   Merged: 'Improved Kron Method for Linear Losses Coefficient' (10.1109/icamimia60881.2023.10427695) <- 'Improved Kron Method for Linear Losses Coefficient' (10.1109/icamimia60881.2023.10427695)
2026-07-10 00:35:20,137 INFO   Merged: 'Optimizing Generation Expansion Planning Through Carbon Pric' (10.1109/icgea64602.2025.11009354) <- 'Optimizing Generation Expansion Planning Through Carbon Pric' (10.1109/icgea64602.2025.11009354)
2026-07-10 00:35:20,137 INFO   Merged: 'Integrated and Simultaneous Model of Power Expansion Plannin' (10.15866/iree.v13i2.14748) <- 'Integrated and Simultaneous Model of Power Expansion Plannin' (10.15866/iree.v13i2.14748)
2026-07-10 00:35:20,137 INFO   Merged: 'Performance Analysis of Hybrid PID-ANFIS for Speed Control o' (None) <- 'Performance Analysis of Hybrid PID-ANFIS for Speed Control o' (None)
2026-07-10 00:35:20,137 INFO   Merged: 'Design and analysis of tri core permanent magnet linear gene' (10.1109/inaes.2016.7821944) <- 'Design and analysis of tri core permanent magnet linear gene' (10.1109/inaes.2016.7821944)
2026-07-10 00:35:20,137 INFO   Merged: 'Optimal capacity and placement of distributed generation usi' (10.1109/iciteed.2016.7863279) <- 'Optimal capacity and placement of distributed generation usi' (10.1109/iciteed.2016.7863279)
2026-07-10 00:35:20,138 INFO   Merged: 'Design of experiments to parameter setting in a genetic algo' (10.1109/icimece.2016.7910417) <- 'Design of experiments to parameter setting in a genetic algo' (10.1109/icimece.2016.7910417)
2026-07-10 00:35:20,138 INFO   Merged: 'Design optimization of tri core PM linear generator using SA' (10.1109/icstc.2016.7877359) <- 'Design optimization of tri core PM linear generator using SA' (10.1109/icstc.2016.7877359)
2026-07-10 00:35:20,138 INFO   Merged: 'Multi-Objective Optimization of Integrated Power System Expa' (10.15866/iree.v14i1.16082) <- 'Multi-Objective Optimization of Integrated Power System Expa' (10.15866/iree.v14i1.16082)
2026-07-10 00:35:20,138 INFO   Merged: 'Optimizing Tri-Core Permanent-Magnet-Linear-Generator Direct' (10.11591/ijece.v7i2.pp610-618) <- 'Optimizing Tri-Core Permanent-Magnet-Linear-Generator Direct' (10.11591/ijece.v7i2.pp610-618)
2026-07-10 00:35:20,138 INFO   Merged: 'Electricity Demand and Supply Planning Analysis for Sumatera' (10.26555/jiteki.v5i1.13178) <- 'Electricity Demand and Supply Planning Analysis for Sumatera' (10.26555/jiteki.v5i1.13178)
2026-07-10 00:35:20,138 INFO   Merged: 'Economic Assessment of Rooftop Photovoltaic Investment by Co' (10.1109/spies48661.2020.9243105) <- 'Economic Assessment of Rooftop Photovoltaic Investment by Co' (10.1109/spies48661.2020.9243105)
2026-07-10 00:35:20,138 INFO   Merged: 'The Integration of Renewable-Distributed Energy Resources in' (10.15866/iremos.v14i2.19433) <- 'The Integration of Renewable-Distributed Energy Resources in' (10.15866/iremos.v14i2.19433)
2026-07-10 00:35:20,138 INFO   Merged: 'MODIFIED IMPROVED PARTICLE SWARM OPTIMIZATION (MIPSO) SEBAGA' (10.12777/transmisi.15.2.66-72) <- 'MODIFIED IMPROVED PARTICLE SWARM OPTIMIZATION (MIPSO) SEBAGA' (10.12777/transmisi.15.2.66-72)
2026-07-10 00:35:20,138 INFO   Merged: 'Composite reliability evaluation of existing 500 kV Jawa Bal' (10.1109/ichveps.2017.8225906) <- 'Composite reliability evaluation of existing 500 kV Jawa Bal' (10.1109/ichveps.2017.8225906)
2026-07-10 00:35:20,138 INFO   Merged: 'Optimal Sizing and Siting of Fresh and Second-Life Battery E' (10.5109/7236864) <- 'Optimal Sizing and Siting of Fresh and Second-Life Battery E' (10.5109/7236864)
2026-07-10 00:35:20,138 INFO   Merged: 'Opportunity Cost Allocation for Wheeling Using Power Flow Tr' (10.1109/ieeeconf48524.2019.9102537) <- 'Opportunity Cost Allocation for Wheeling Using Power Flow Tr' (10.1109/ieeeconf48524.2019.9102537)
2026-07-10 00:35:20,138 INFO   Merged: 'Unit Commitment dengan Kekangan Keandalan Menggunakan Algori' (10.22146/jnteti.v5i4.283) <- 'Unit Commitment dengan Kekangan Keandalan Menggunakan Algori' (10.22146/jnteti.v5i4.283)
2026-07-10 00:35:20,138 INFO   Merged: 'Applied Power Wheeling Concept Considering Site-Specific and' (10.3390/su151813285) <- 'Applied Power Wheeling Concept Considering Site-Specific and' (10.3390/su151813285)
2026-07-10 00:35:20,138 INFO   Merged: 'Optimal Allocation of Vanadium Redox Flow Battery Storage Sy' (10.1109/icitee59582.2023.10317686) <- 'Optimal Allocation of Vanadium Redox Flow Battery Storage Sy' (10.1109/icitee59582.2023.10317686)
2026-07-10 00:35:20,138 INFO   Merged: 'Composite reliability analysis of 500 kV Jawa-Bali system re' (10.1109/ichveps.2017.8225909) <- 'Composite reliability analysis of 500 kV Jawa-Bali system re' (10.1109/ichveps.2017.8225909)
2026-07-10 00:35:20,138 INFO   Merged: 'The Solution for Optimal Power Flow (OPF) Method Using Diffe' (10.22146/ijitee.25141) <- 'The Solution for Optimal Power Flow (OPF) Method Using Diffe' (10.22146/ijitee.25141)
2026-07-10 00:35:20,138 INFO   Merged: 'Simulation of modified tubular linear permanent magnet gener' (10.1109/icstc.2017.8011849) <- 'Simulation of modified tubular linear permanent magnet gener' (10.1109/icstc.2017.8011849)
2026-07-10 00:35:20,138 INFO   Merged: 'The impact of a deterministic reliability index on deregulat' (10.1109/iciteed.2019.8929971) <- 'The impact of a deterministic reliability index on deregulat' (10.1109/iciteed.2019.8929971)
2026-07-10 00:35:20,138 INFO   Merged: 'A Critical Review of Generation Expansion Planning based on ' (10.1109/ict-pep50916.2020.9249830) <- 'A Critical Review of Generation Expansion Planning based on ' (10.1109/ict-pep50916.2020.9249830)
2026-07-10 00:35:20,138 INFO   Merged: 'Majority–Dominant–Mixed Strategy Game Theory Model for Dereg' (10.15676/ijeei.2021.13.1.6) <- 'Majority–Dominant–Mixed Strategy Game Theory Model for Dereg' (10.15676/ijeei.2021.13.1.6)
2026-07-10 00:35:20,138 INFO   Merged: 'DAMPAK PEMASANGAN PERALATAN FACTS TERHADAP STABLITAS TEGANGA' (10.12777/transmisi.16.3.147-153) <- 'DAMPAK PEMASANGAN PERALATAN FACTS TERHADAP STABLITAS TEGANGA' (10.12777/transmisi.16.3.147-153)
2026-07-10 00:35:20,138 INFO   Merged: 'Thermal unit commitment with fuel constraint using genetic a' (10.1109/inaes.2016.7821950) <- 'Thermal unit commitment with fuel constraint using genetic a' (10.1109/inaes.2016.7821950)
2026-07-10 00:35:20,138 INFO   Merged: 'Integrated Gas – Electricity Network - Combined Heat and Pow' (10.18517/ijaseit.8.6.6519) <- 'Integrated Gas – Electricity Network - Combined Heat and Pow' (10.18517/ijaseit.8.6.6519)
2026-07-10 00:35:20,138 INFO   Merged: 'Combined heat and power - optimal power flow based on thermo' (10.11591/ijece.v9i1.pp42-54) <- 'Combined heat and power - optimal power flow based on thermo' (10.11591/ijece.v9i1.pp42-54)
2026-07-10 00:35:20,138 INFO   Merged: 'Analisis Jatuh Tegangan Saat Pengasutan Motor di PT. Kaltim ' (None) <- 'Analisis Jatuh Tegangan Saat Pengasutan Motor di PT. Kaltim ' (None)
2026-07-10 00:35:20,138 INFO   Merged: 'Composite liquid insulators characteristics of palm and dial' (10.1109/icoiact46704.2019.8938453) <- 'Composite liquid insulators characteristics of palm and dial' (10.1109/icoiact46704.2019.8938453)
2026-07-10 00:35:20,138 INFO   Merged: 'Impact Analysis of Location and Penetration Level of DFIG on' (10.1109/icitisee48480.2019.9003809) <- 'Impact Analysis of Location and Penetration Level of DFIG on' (10.1109/icitisee48480.2019.9003809)
2026-07-10 00:35:20,138 INFO   Merged: 'Pengaruh Interkoneksi Distributed Generation Dalam Sistem Te' (None) <- 'Pengaruh Interkoneksi Distributed Generation Dalam Sistem Te' (None)
2026-07-10 00:35:20,138 INFO   Merged: 'Audit Energi dan Analisis Peluang Konservasi Energi Listrik ' (None) <- 'Audit Energi dan Analisis Peluang Konservasi Energi Listrik ' (None)
2026-07-10 00:35:20,138 INFO   Merged: 'Optimasi Perancangan Kendali Unified Power Flow Control pada' (None) <- 'Optimasi Perancangan Kendali Unified Power Flow Control pada' (None)
2026-07-10 00:35:20,138 INFO   Merged: 'Studi Stabilitas Pemasangan PSS dengan Memanfaatkan Sinyal G' (10.25077/jnte.v5n2.285.2016) <- 'Studi Stabilitas Pemasangan PSS dengan Memanfaatkan Sinyal G' (10.25077/jnte.v5n2.285.2016)
2026-07-10 00:35:20,138 INFO   Merged: '風力エネルギー変換システムのための粒子群最適化を用いた最大電力点追跡の動的応答【Powered by NICT】' (None) <- '風力エネルギー変換システムのための粒子群最適化を用いた最大電力点追跡の動的応答【Powered by NICT】' (None)
2026-07-10 00:35:20,138 INFO   Merged: 'Indicator-based multi-objective chemical reaction optimizati' (10.1109/iciteed.2017.8250437) <- 'Indicator-based multi-objective chemical reaction optimizati' (10.1109/iciteed.2017.8250437)
2026-07-10 00:35:20,138 INFO   Merged: 'Role Analysis of Distributed Generation Towards Transmission' (10.22146/ijitee.42551) <- 'Role Analysis of Distributed Generation Towards Transmission' (10.22146/ijitee.42551)
2026-07-10 00:35:20,138 INFO   Merged: 'Optimal Power Flow Analysis by Considering System Stability ' (10.1109/icitisee.2018.8720978) <- 'Optimal Power Flow Analysis by Considering System Stability ' (10.1109/icitisee.2018.8720978)
2026-07-10 00:35:20,138 INFO   Merged: 'Delay Risk Mitigation of Generation Expansion Planning Imple' (10.1109/iciteed.2019.8929956) <- 'Delay Risk Mitigation of Generation Expansion Planning Imple' (10.1109/iciteed.2019.8929956)
2026-07-10 00:35:20,138 INFO   Merged: 'Reserve Cost Allocation on Wheeling Using Tracing Method' (10.1109/icitee49829.2020.9271724) <- 'Reserve Cost Allocation on Wheeling Using Tracing Method' (10.1109/icitee49829.2020.9271724)
2026-07-10 00:35:20,139 INFO   Merged: 'Impact of Increased Penetration DFIG on Power Oscillation Da' (10.1109/icitee49829.2020.9271677) <- 'Impact of Increased Penetration DFIG on Power Oscillation Da' (10.1109/icitee49829.2020.9271677)
2026-07-10 00:35:20,139 INFO   Merged: 'Small signal stability analysis due to the development of re' (10.1088/1742-6596/1402/3/033101) <- 'Small signal stability analysis due to the development of re' (10.1088/1742-6596/1402/3/033101)
2026-07-10 00:35:20,139 INFO   Merged: 'Audit Energi dan Analisis Peluang Konservasi Energi Listrik ' (None) <- 'AUDIT ENERGI DAN ANALISIS PELUANG KONSERVASI ENERGI LISTRIK ' (None)
2026-07-10 00:35:20,139 INFO   Merged: 'Generation Expansion Planning by Considering Climate-Land Us' (10.1109/ict-pep53949.2021.9600910) <- 'Generation Expansion Planning by Considering Climate-Land Us' (10.1109/ict-pep53949.2021.9600910)
2026-07-10 00:35:20,139 INFO   Merged: 'Pengembangan Sistem Kelistrikan Tanah Merah Mempertimbangkan' (10.22146/jnteti.v12i3.5254) <- 'Pengembangan Sistem Kelistrikan Tanah Merah Mempertimbangkan' (10.22146/jnteti.v12i3.5254)
2026-07-10 00:35:20,139 INFO   Merged: 'Correction to: Energy Informatics' (10.1007/978-3-031-74741-0_25) <- 'Correction to: Energy Informatics' (10.1007/978-3-031-74741-0_25)
2026-07-10 00:35:20,139 INFO   Merged: 'Pathway Towards Net Zero Emission Target: A Case Study of Su' (10.1109/icpere63447.2024.10845567) <- 'Pathway Towards Net Zero Emission Target: A Case Study of Su' (10.1109/icpere63447.2024.10845567)
2026-07-10 00:35:20,139 INFO   Merged: 'Pengendalian Stabilitas Generator Sinkron pada Sistem Tenaga' (None) <- 'Pengendalian Stabilitas Generator Sinkron pada Sistem Tenaga' (None)
2026-07-10 00:35:20,139 INFO   Merged: 'Increasing the security of mp3 steganography using AES Encry' (10.1109/icstc.2016.7877361) <- 'Increasing the security of mp3 steganography using AES Encry' (10.1109/icstc.2016.7877361)
2026-07-10 00:35:20,139 INFO   Merged: 'Determining lung sound characterization using Hjorth descrip' (10.1109/iccerec.2015.7337053) <- 'Determining lung sound characterization using Hjorth descrip' (10.1109/iccerec.2015.7337053)
2026-07-10 00:35:20,139 INFO   Merged: 'Pulmonary crackle feature extraction using tsallis entropy f' (10.1109/ibiomed.2016.7869823) <- 'Pulmonary crackle feature extraction using tsallis entropy f' (10.1109/ibiomed.2016.7869823)
2026-07-10 00:35:20,139 INFO   Merged: 'Entropy measurement as features extraction in automatic lung' (10.1109/iccerec.2017.8226668) <- 'Entropy measurement as features extraction in automatic lung' (10.1109/iccerec.2017.8226668)
2026-07-10 00:35:20,139 INFO   Merged: 'Signal Domain in Respiratory Sound Analysis: Methods, Applic' (10.3844/jcssp.2015.1005.1016) <- 'Signal Domain in Respiratory Sound Analysis: Methods, Applic' (10.3844/jcssp.2015.1005.1016)
2026-07-10 00:35:20,139 INFO   Merged: 'Lung Sound Classification Using Empirical Mode Decomposition' (10.3844/ajassp.2017.166.173) <- 'Lung Sound Classification Using Empirical Mode Decomposition' (10.3844/ajassp.2017.166.173)
2026-07-10 00:35:20,139 INFO   Merged: 'Fractal Dimension for Lung Sound Classification in Multiscal' (10.3844/jcssp.2018.1081.1096) <- 'Fractal Dimension for Lung Sound Classification in Multiscal' (10.3844/jcssp.2018.1081.1096)
2026-07-10 00:35:20,139 INFO   Merged: 'Multiscale Hjorth descriptor for lung sound classification' (10.1063/1.4958601) <- 'Multiscale Hjorth descriptor for lung sound classification' (10.1063/1.4958601)
2026-07-10 00:35:20,139 INFO   Merged: 'Lung Sound Classification Using Hjorth Descriptor Measuremen' (10.3745/jips.02.0116) <- 'Lung Sound Classification Using Hjorth Descriptor Measuremen' (10.3745/jips.02.0116)
2026-07-10 00:35:20,139 INFO   Merged: 'Multiresolution Modified Grey Level Difference for Respirato' (10.1166/asl.2017.8228) <- 'Multiresolution Modified Grey Level Difference for Respirato' (10.1166/asl.2017.8228)
2026-07-10 00:35:20,139 INFO   Merged: 'Ultrasound object detection using morphological region-based' (10.1504/ijil.2021.115497) <- 'Ultrasound object detection using morphological region-based' (10.1504/ijil.2021.115497)
2026-07-10 00:35:20,139 INFO   Merged: 'Mitigation methods of sawtooth modulations effect on FMCW ra' (10.1109/icramet.2017.8253142) <- 'Mitigation methods of sawtooth modulations effect on FMCW ra' (10.1109/icramet.2017.8253142)
2026-07-10 00:35:20,139 INFO   Merged: 'Lung sounds classification using spectrogram's first order s' (10.1109/inaes.2016.7821914) <- 'Lung sounds classification using spectrogram's first order s' (10.1109/inaes.2016.7821914)
2026-07-10 00:35:20,139 INFO   Merged: 'Multilevel wavelet packet entropy: A new strategy for lung s' (10.1109/icoras.2017.8308048) <- 'Multilevel wavelet packet entropy: A new strategy for lung s' (10.1109/icoras.2017.8308048)
2026-07-10 00:35:20,139 INFO   Merged: 'COMPARISON OF DISCRETE WAVELET TRANSFORM AND WAVELET PACKET ' (10.17654/ec017051065) <- 'COMPARISON OF DISCRETE WAVELET TRANSFORM AND WAVELET PACKET ' (10.17654/ec017051065)
2026-07-10 00:35:20,139 INFO   Merged: 'Combinatorial active contour bilateral filter for ultrasound' (10.1117/1.jmi.7.5.057003) <- 'Combinatorial active contour bilateral filter for ultrasound' (10.1117/1.jmi.7.5.057003)
2026-07-10 00:35:20,139 INFO   Merged: 'Artifact removal in radiological ultrasound images using sel' (10.1145/3309074.3309119) <- 'Artifact removal in radiological ultrasound images using sel' (10.1145/3309074.3309119)
2026-07-10 00:35:20,139 INFO   Merged: 'Performance Analysis of Enhancement Methods on Fetal Ultraso' (10.1109/iaict59002.2023.10205792) <- 'Performance Analysis of Enhancement Methods on Fetal Ultraso' (10.1109/iaict59002.2023.10205792)
2026-07-10 00:35:20,139 INFO   Merged: 'Multiscale tsallis entropy for pulmonary crackle detection' (10.26555/ijain.v4i3.273) <- 'Multiscale tsallis entropy for pulmonary crackle detection' (10.26555/ijain.v4i3.273)
2026-07-10 00:35:20,139 INFO   Merged: 'An evaluation of MP3 steganography based on modified LSB met' (10.1109/icitsi.2017.8267953) <- 'An evaluation of MP3 steganography based on modified LSB met' (10.1109/icitsi.2017.8267953)
2026-07-10 00:35:20,139 INFO   Merged: 'Comparison of multi-distance signal level difference Hjorth ' (10.11591/ijeei.v7i2.771) <- 'Comparison of multi-distance signal level difference Hjorth ' (10.11591/ijeei.v7i2.771)
2026-07-10 00:35:20,139 INFO   Merged: 'Impact of Different Degree of Smoothing on Non-Local Means b' (10.1109/icsitech46713.2019.8987555) <- 'Impact of Different Degree of Smoothing on Non-Local Means b' (10.1109/icsitech46713.2019.8987555)
2026-07-10 00:35:20,139 INFO   Merged: 'Multi-scale Grey-Level Difference for Lung Sound Classificat' (None) <- 'Multi-scale Grey-Level Difference for Lung Sound Classificat' (None)
2026-07-10 00:35:20,139 INFO   Merged: 'Speckle Noise Reduction in Ultrasound Images Using Various D' (10.1109/isitia63062.2024.10667756) <- 'Speckle Noise Reduction in Ultrasound Images Using Various D' (10.1109/isitia63062.2024.10667756)
2026-07-10 00:35:20,139 INFO   Merged: 'Modification of Grey Level Difference Matrix (GLDM) for Lung' (10.1109/icstc.2018.8528650) <- 'Modification of Grey Level Difference Matrix (GLDM) for Lung' (10.1109/icstc.2018.8528650)
2026-07-10 00:35:20,139 INFO   Merged: 'Cancerous object detection using morphological region-based ' (10.1088/1742-6596/1444/1/012011) <- 'Cancerous object detection using morphological region-based ' (10.1088/1742-6596/1444/1/012011)
2026-07-10 00:35:20,139 INFO   Merged: 'Study of Power Transformer Noise Prediction' (10.1109/icitacee50144.2020.9239219) <- 'Study of Power Transformer Noise Prediction' (10.1109/icitacee50144.2020.9239219)
2026-07-10 00:35:20,139 INFO   Merged: 'Automated ship detection with image enhancement and feature ' (10.1109/icramet.2017.8253145) <- 'Automated ship detection with image enhancement and feature ' (10.1109/icramet.2017.8253145)
2026-07-10 00:35:20,139 INFO   Merged: 'Thyroid Ultrasound Image Segmentation: A Review' (10.1109/icst47872.2019.9166443) <- 'Thyroid Ultrasound Image Segmentation: A Review' (10.1109/icst47872.2019.9166443)
2026-07-10 00:35:20,139 INFO   Merged: 'Comparison of Multiscale Entropy for Lung Sound Classificati' (10.11591/ijeecs.v12.i3.pp984-994) <- 'Comparison of Multiscale Entropy for Lung Sound Classificati' (10.11591/ijeecs.v12.i3.pp984-994)
2026-07-10 00:35:20,139 INFO   Merged: 'Comparison of multi-distance signal level difference Hjorth ' (10.52549/ijeei.v7i2.771) <- 'Comparison of multi-distance signal level difference Hjorth ' (10.52549/ijeei.v7i2.771)
2026-07-10 00:35:20,140 INFO   Merged: 'The Use of Multiple MP3 Audio Files for Additional Steganogr' (10.1088/1742-6596/1230/1/012006) <- 'The Use of Multiple MP3 Audio Files for Additional Steganogr' (10.1088/1742-6596/1230/1/012006)
2026-07-10 00:35:20,140 INFO   Merged: 'Face Mask Detection using Gabor Filter and Gamma Transform w' (10.1109/siml61815.2024.10578117) <- 'Face Mask Detection using Gabor Filter and Gamma Transform w' (10.1109/siml61815.2024.10578117)
2026-07-10 00:35:20,140 INFO   Merged: 'IDENTIFIKASI CRITICAL SUCCESS FACTORS LAYANAN E-LEARNING BER' (None) <- 'IDENTIFIKASI CRITICAL SUCCESS FACTORS LAYANAN E-LEARNING BER' (None)
2026-07-10 00:35:20,140 INFO   Merged: 'ANALISIS LOYALITAS PADA LAYANAN E-GOV: STUDI KASUS PELAYANAN' (None) <- 'ANALISIS LOYALITAS PADA LAYANAN E-GOV: STUDI KASUS PELAYANAN' (None)
2026-07-10 00:35:20,140 INFO   Merged: 'Fractality evaluation for pulmonary crackle sound using the ' (10.1051/matecconf/201815401038) <- 'Fractality evaluation for pulmonary crackle sound using the ' (10.1051/matecconf/201815401038)
2026-07-10 00:35:20,140 INFO   Merged: 'Ultrasound object detection using morphological region-based' (10.1504/ijil.2021.10037261) <- 'Ultrasound object detection using morphological region-based' (10.1504/ijil.2021.10037261)
2026-07-10 00:35:20,140 INFO   Merged: 'Analysis of the Indonesian vowel /e/ for lip synchronization' (10.1109/eecsi.2017.8239114) <- 'Analysis of the Indonesian vowel /e/ for lip synchronization' (10.1109/eecsi.2017.8239114)
2026-07-10 00:35:20,140 INFO   Merged: 'Pembandingan Tiga Nada Vokal /e/ untuk Animasi Gerak Bibir' (10.26418/jp.v5i2.32667) <- 'Pembandingan Tiga Nada Vokal /e/ untuk Animasi Gerak Bibir' (10.26418/jp.v5i2.32667)
2026-07-10 00:35:20,140 INFO   Merged: 'Improving Phoneme to Viseme Mapping for Indonesian Language' (10.22146/ijitee.47577) <- 'Improving Phoneme to Viseme Mapping for Indonesian Language' (10.22146/ijitee.47577)
2026-07-10 00:35:20,140 INFO   Merged: 'Analysis of the Indonesian Vowel /e/ For Lip Synchronization' (10.11591/eecsi.v4.1035) <- 'Analysis of the Indonesian Vowel /e/ For Lip Synchronization' (10.11591/eecsi.v4.1035)
2026-07-10 00:35:20,140 INFO   Merged: 'Lung sound classification using multiresolution Higuchi frac' (10.11591/ijece.v13i5.pp5091-5100) <- 'Lung sound classification using multiresolution Higuchi frac' (10.11591/ijece.v13i5.pp5091-5100)
2026-07-10 00:35:20,140 INFO   Merged: 'An Ultrasound Image Quality Improvement Approach Based on No' (10.1109/ibiomed62485.2024.10875811) <- 'An Ultrasound Image Quality Improvement Approach Based on No' (10.1109/ibiomed62485.2024.10875811)
2026-07-10 00:35:20,140 INFO   Merged: 'Improving Data Quality and Data Governance Using Master Data' (10.22146/ijitee.66307) <- 'Improving Data Quality and Data Governance Using Master Data' (10.22146/ijitee.66307)
2026-07-10 00:35:20,140 INFO   Merged: 'Design adaptive learning system using metacognitive strategy' (10.1063/1.4958507) <- 'Design adaptive learning system using metacognitive strategy' (10.1063/1.4958507)
2026-07-10 00:35:20,140 INFO   Merged: 'Tinjauan Pustaka Sistematis: Implementasi Metode Deep Learni' (10.22146/jnteti.v10i2.1417) <- 'Tinjauan Pustaka Sistematis: Implementasi Metode Deep Learni' (10.22146/jnteti.v10i2.1417)
2026-07-10 00:35:20,140 INFO   Merged: 'Pengukuran Kepuasan Pengguna E-Learning Menggunakan Metode E' (10.25126/jtiik.2022924631) <- 'Pengukuran Kepuasan Pengguna E-Learning Menggunakan Metode E' (10.25126/jtiik.2022924631)
2026-07-10 00:35:20,140 INFO   Merged: 'Automatic Item Generation with Reading Passages: A Systemati' (10.1109/icet56879.2022.9990738) <- 'Automatic Item Generation with Reading Passages: A Systemati' (10.1109/icet56879.2022.9990738)
2026-07-10 00:35:20,140 INFO   Merged: 'Inverse Trigonometric Fuzzy Preference Programming to Genera' (10.3390/computers13030068) <- 'Inverse Trigonometric Fuzzy Preference Programming to Genera' (10.3390/computers13030068)
2026-07-10 00:35:20,140 INFO   Merged: 'A Literature Review of Knowledge Tracing for Student Modelin' (10.25126/jitecs.202162344) <- 'A Literature Review of Knowledge Tracing for Student Modelin' (10.25126/jitecs.202162344)
2026-07-10 00:35:20,140 INFO   Merged: 'A Review of Ontology Development in the e-Learning Domain: M' (10.1109/ic3ina60834.2023.10285789) <- 'A Review of Ontology Development in the e-Learning Domain: M' (10.1109/ic3ina60834.2023.10285789)
2026-07-10 00:35:20,140 INFO   Merged: 'Multiple Intelligence Learning Style Detection in E-learning' (10.1109/icicos62600.2024.10636915) <- 'Multiple Intelligence Learning Style Detection in E-learning' (10.1109/icicos62600.2024.10636915)
2026-07-10 00:35:20,140 INFO   Merged: 'Improvement of GAN-LCS Performance with Synonym Recognition' (10.1109/icitisee57756.2022.10057648) <- 'Improvement of GAN-LCS Performance with Synonym Recognition' (10.1109/icitisee57756.2022.10057648)
2026-07-10 00:35:20,140 INFO   Merged: 'Automated microaneurysms (MAs) detection in digital colour f' (10.1109/ic3ina.2015.7377755) <- 'Automated microaneurysms (MAs) detection in digital colour f' (10.1109/ic3ina.2015.7377755)
2026-07-10 00:35:20,140 INFO   Merged: 'Usability Testing of MOOC Prototype Using SUS (System Usabil' (10.1109/ieit56384.2022.9967901) <- 'Usability Testing of MOOC Prototype Using SUS (System Usabil' (10.1109/ieit56384.2022.9967901)
2026-07-10 00:35:20,140 INFO   Merged: 'E-Learning Evaluation of Del Superior High School Based on B' (10.1109/icst56971.2022.10136292) <- 'E-Learning Evaluation of Del Superior High School Based on B' (10.1109/icst56971.2022.10136292)
2026-07-10 00:35:20,140 INFO   Merged: 'Measuring Google Classroom's Usability Level from an Expert ' (10.1109/icca56443.2022.10039561) <- 'Measuring Google Classroom's Usability Level from an Expert ' (10.1109/icca56443.2022.10039561)
2026-07-10 00:35:20,140 INFO   Merged: 'Transformer Model Fine-Tuning for Indonesian Automated Essay' (10.1109/isriti56927.2022.10052865) <- 'Transformer Model Fine-Tuning for Indonesian Automated Essay' (10.1109/isriti56927.2022.10052865)
2026-07-10 00:35:20,140 INFO   Merged: 'Boosting Performance Classification of Multiple Intelligence' (10.1109/iciss62896.2024.10751454) <- 'Boosting Performance Classification of Multiple Intelligence' (10.1109/iciss62896.2024.10751454)
2026-07-10 00:35:20,140 INFO   Merged: 'Penerapan Metode Certainty Factor Dalam Diagnosis Gangguan D' (10.47065/josyc.v3i2.643) <- 'Penerapan Metode Certainty Factor Dalam Diagnosis Gangguan D' (10.47065/josyc.v3i2.643)
2026-07-10 00:35:20,140 INFO   Merged: 'Desain Gamifikasi sebagai Pelengkap Aplikasi Pembelajaran Si' (10.22146/jnteti.v13i3.10460) <- 'Desain Gamifikasi sebagai Pelengkap Aplikasi Pembelajaran Si' (10.22146/jnteti.v13i3.10460)
2026-07-10 00:35:20,140 INFO   Merged: 'Comparison of Cosine Similarity and BM25 in Book Procurement' (10.1109/icocseti63724.2025.11019421) <- 'Comparison of Cosine Similarity and BM25 in Book Procurement' (10.1109/icocseti63724.2025.11019421)
2026-07-10 00:35:20,140 INFO   Merged: 'Forecasting Avian Influenza incidence in Java and Madura are' (10.1109/iccerec.2015.7337047) <- 'Forecasting Avian Influenza incidence in Java and Madura are' (10.1109/iccerec.2015.7337047)
2026-07-10 00:35:20,140 INFO   Merged: 'Sistem Pakar Berbasis Aturan untuk Otomatisasi Penyusunan An' (10.30818/jpkm.2014.1170202) <- 'Sistem Pakar Berbasis Aturan untuk Otomatisasi Penyusunan An' (10.30818/jpkm.2014.1170202)
2026-07-10 00:35:20,140 INFO   Merged: 'SISTEM REKOMENDASI MINAT ANAK MENGGUNAKAN ALAT TES ROTHWELL ' (10.47324/ilkominfo.v4i1.116) <- 'SISTEM REKOMENDASI MINAT ANAK MENGGUNAKAN ALAT TES ROTHWELL ' (10.47324/ilkominfo.v4i1.116)
2026-07-10 00:35:20,140 INFO   Merged: 'Determining Priority of Ten Usability Heuristic Using Consis' (10.1109/citsm52892.2021.9588910) <- 'Determining Priority of Ten Usability Heuristic Using Consis' (10.1109/citsm52892.2021.9588910)
2026-07-10 00:35:20,140 INFO   Merged: 'Smart automation for credit point compilation of instructor' (10.1109/icoict.2014.6914069) <- 'Smart automation for credit point compilation of instructor' (10.1109/icoict.2014.6914069)
2026-07-10 00:35:20,140 INFO   Merged: 'ANALISIS CRITICAL SUCCESS FACTORS IMPLEMENTAS E-PROCUREMENT ' (None) <- 'ANALISIS CRITICAL SUCCESS FACTORS IMPLEMENTAS E-PROCUREMENT ' (None)
2026-07-10 00:35:20,140 INFO   Merged: 'SISTEM PAKAR DENGAN PENDEKATAN RULE BASED UNTUK OTOMASI PENG' (None) <- 'SISTEM PAKAR DENGAN PENDEKATAN RULE BASED UNTUK OTOMASI PENG' (None)
2026-07-10 00:35:20,141 INFO   Merged: 'Rekomendasi Berdasarkan Nilai Pretest Mahasiswa Menggunakan ' (10.15294/edukomputika.v5i1.23077) <- 'Rekomendasi Berdasarkan Nilai Pretest Mahasiswa Menggunakan ' (10.15294/edukomputika.v5i1.23077)
2026-07-10 00:35:20,141 INFO   Merged: 'Sistem Pakar Deteksi Minat Untuk Pemilihan Jenjang Karir Men' (None) <- 'Sistem Pakar Deteksi Minat Untuk Pemilihan Jenjang Karir Men' (None)
2026-07-10 00:35:20,141 INFO   Merged: 'Critical Success Factor on E-Learning: Case Study Ruangguru ' (10.1109/ic2ie53219.2021.9649139) <- 'Critical Success Factor on E-Learning: Case Study Ruangguru ' (10.1109/ic2ie53219.2021.9649139)
2026-07-10 00:35:20,141 INFO   Merged: 'Automatic Distractor Generation with Paradigmatic Relation f' (10.1109/siml65326.2025.11081171) <- 'Automatic Distractor Generation with Paradigmatic Relation f' (10.1109/siml65326.2025.11081171)
2026-07-10 00:35:20,141 INFO   Merged: 'Clustering Multiple Intelligence Learning Styles Using Gauss' (10.1109/icic68054.2025.11309597) <- 'Clustering Multiple Intelligence Learning Styles Using Gauss' (10.1109/icic68054.2025.11309597)
2026-07-10 00:35:20,141 INFO   Merged: 'Heuristics Evaluation of Moodle E-Learning Using Specialized' (10.1109/icitisee68184.2025.11355064) <- 'Heuristics Evaluation of Moodle E-Learning Using Specialized' (10.1109/icitisee68184.2025.11355064)
2026-07-10 00:35:20,141 INFO   Merged: 'Improving Multiple Intelligence Learning Style Classificatio' (10.1109/waie67422.2025.11381167) <- 'Improving Multiple Intelligence Learning Style Classificatio' (10.1109/waie67422.2025.11381167)
2026-07-10 00:35:20,141 INFO   Merged: 'Developing a Service-driven Process Tool for Telecommunicati' (None) <- 'Developing a Service-driven Process Tool for Telecommunicati' (None)
2026-07-10 00:35:20,141 INFO   Merged: 'Convolutional Neural Network for Brain Tumor Detection' (10.1088/1757-899x/771/1/012031) <- 'Convolutional Neural Network for Brain Tumor Detection' (10.1088/1757-899x/771/1/012031)
2026-07-10 00:35:20,141 INFO   Merged: 'Image Analysis for MRI-Based Brain Tumor Classification Usin' (10.22146/ijitee.62663) <- 'Image Analysis for MRI-Based Brain Tumor Classification Usin' (10.22146/ijitee.62663)
2026-07-10 00:35:20,141 INFO   Merged: 'Deep Neural Network with Hyperparameter Tuning for Detection' (10.1109/apwimob51111.2021.9435250) <- 'Deep Neural Network with Hyperparameter Tuning for Detection' (10.1109/apwimob51111.2021.9435250)
2026-07-10 00:35:20,141 INFO   Merged: 'Classification of breast ultrasound images based on texture ' (10.1109/ibiomed.2016.7869825) <- 'Classification of breast ultrasound images based on texture ' (10.1109/ibiomed.2016.7869825)
2026-07-10 00:35:20,141 INFO   Merged: 'A Review of Feature Selection and Classification Approaches ' (10.22146/ijitee.59193) <- 'A Review of Feature Selection and Classification Approaches ' (10.22146/ijitee.59193)
2026-07-10 00:35:20,141 INFO   Merged: 'Batik Nitik 960 Dataset for Classification, Retrieval, and G' (10.3390/data8040063) <- 'Batik Nitik 960 Dataset for Classification, Retrieval, and G' (10.3390/data8040063)
2026-07-10 00:35:20,141 INFO   Merged: 'Dataset of Batik Nitik Sarimbit 120' (10.1016/j.dib.2024.110671) <- 'Dataset of Batik Nitik Sarimbit 120' (10.1016/j.dib.2024.110671)
2026-07-10 00:35:20,141 INFO   Merged: 'Performance analysis of edge and detailed preserved speckle ' (10.1109/icitacee.2015.7437774) <- 'Performance analysis of edge and detailed preserved speckle ' (10.1109/icitacee.2015.7437774)
2026-07-10 00:35:20,141 INFO   Merged: 'Heart sound feature extraction and classification using auto' (10.1063/1.4958525) <- 'Heart sound feature extraction and classification using auto' (10.1063/1.4958525)
2026-07-10 00:35:20,141 INFO   Merged: 'Identification of malignant masses on digital mammogram imag' (10.1109/iciteed.2014.7007907) <- 'Identification of malignant masses on digital mammogram imag' (10.1109/iciteed.2014.7007907)
2026-07-10 00:35:20,141 INFO   Merged: 'ECG Signal Classification Review' (10.22146/ijitee.60295) <- 'ECG Signal Classification Review' (10.22146/ijitee.60295)
2026-07-10 00:35:20,141 INFO   Merged: 'Klasifikasi Citra X-Ray Diagnosis Tuberkulosis Berbasis Fitu' (10.29207/resti.v2i3.523) <- 'Klasifikasi Citra X-Ray Diagnosis Tuberkulosis Berbasis Fitu' (10.29207/resti.v2i3.523)
2026-07-10 00:35:20,141 INFO   Merged: 'A Systematic Literature Review on Batik Image Retrieval' (10.1109/iscaie57739.2023.10165121) <- 'A Systematic Literature Review on Batik Image Retrieval' (10.1109/iscaie57739.2023.10165121)
2026-07-10 00:35:20,141 INFO   Merged: 'Batik Classification using Microstructure Co-occurrence Hist' (10.62527/joiv.8.1.2152) <- 'Batik Classification using Microstructure Co-occurrence Hist' (10.62527/joiv.8.1.2152)
2026-07-10 00:35:20,141 INFO   Merged: 'Facial Image Detection for Severity Level Prediction of Auti' (10.1109/aims61812.2024.10512928) <- 'Facial Image Detection for Severity Level Prediction of Auti' (10.1109/aims61812.2024.10512928)
2026-07-10 00:35:20,141 INFO   Merged: 'Analysis of digital mammograms for detection of breast cance' (10.1109/ic3ina.2014.7042595) <- 'Analysis of digital mammograms for detection of breast cance' (10.1109/ic3ina.2014.7042595)
2026-07-10 00:35:20,141 INFO   Merged: 'KAJIAN PUSTAKA METODE SEGMENTASI CITRA PADA MRI TUMOR OTAK' (None) <- 'KAJIAN PUSTAKA METODE SEGMENTASI CITRA PADA MRI TUMOR OTAK' (None)
2026-07-10 00:35:20,141 INFO   Merged: 'EKSTRAKSI CIRI BERBASIS WAVELET DAN GLCM UNTUK DETEKSI DINI ' (None) <- 'EKSTRAKSI CIRI BERBASIS WAVELET DAN GLCM UNTUK DETEKSI DINI ' (None)
2026-07-10 00:35:20,141 INFO   Merged: 'Toward Detection of Small Objects Using Deep Learning Method' (10.1109/icitee56407.2022.9954101) <- 'Toward Detection of Small Objects Using Deep Learning Method' (10.1109/icitee56407.2022.9954101)
2026-07-10 00:35:20,141 INFO   Merged: 'Optimizing Hyperparameters of YOLO to Improve Performance of' (10.1109/icoiact59844.2023.10455813) <- 'Optimizing Hyperparameters of YOLO to Improve Performance of' (10.1109/icoiact59844.2023.10455813)
2026-07-10 00:35:20,141 INFO   Merged: 'Batik Image Representation using Multi Texton Co-occurrence ' (10.62527/joiv.8.3-2.3095) <- 'Batik Image Representation using Multi Texton Co-occurrence ' (10.62527/joiv.8.3-2.3095)
2026-07-10 00:35:20,141 INFO   Merged: 'EKSTRAKSI CIRI TEKSTUR CITRA KULIT SAPI BERBASIS CO-OCCURREN' (None) <- 'EKSTRAKSI CIRI TEKSTUR CITRA KULIT SAPI BERBASIS CO-OCCURREN' (None)
2026-07-10 00:35:20,141 INFO   Merged: 'Feature extraction and classification of the Indonesian syll' (10.1109/icstc.2016.7877353) <- 'Feature extraction and classification of the Indonesian syll' (10.1109/icstc.2016.7877353)
2026-07-10 00:35:20,141 INFO   Merged: 'Classification of the syllables sound using wavelet, Renyi e' (10.1109/cspa.2017.8064931) <- 'Classification of the syllables sound using wavelet, Renyi e' (10.1109/cspa.2017.8064931)
2026-07-10 00:35:20,141 INFO   Merged: 'Segmentation of Foveal Avascular Zone in Colour Fundus Image' (None) <- 'Segmentation of Foveal Avascular Zone in Colour Fundus Image' (None)
2026-07-10 00:35:20,141 INFO   Merged: 'Evaluation on EMG Electrode Reduction in Recognizing the Pat' (10.1088/1742-6596/1577/1/012044) <- 'Evaluation on EMG Electrode Reduction in Recognizing the Pat' (10.1088/1742-6596/1577/1/012044)
2026-07-10 00:35:20,141 INFO   Merged: 'Interference effect during word-task and colour-task in inco' (10.21924/cst.2.2.2017.59) <- 'Interference effect during word-task and colour-task in inco' (10.21924/cst.2.2.2017.59)
2026-07-10 00:35:20,141 INFO   Merged: 'Performance Review of Ensemble Learning Method Use in COVID-' (10.1109/icosnikom56551.2022.10034928) <- 'Performance Review of Ensemble Learning Method Use in COVID-' (10.1109/icosnikom56551.2022.10034928)
2026-07-10 00:35:20,141 INFO   Merged: 'Detection of foveal avascular zone in colour retinal fundus ' (10.1109/icsitech.2015.7407808) <- 'Detection of foveal avascular zone in colour retinal fundus ' (10.1109/icsitech.2015.7407808)
2026-07-10 00:35:20,141 INFO   Merged: 'Optimization of BatikGAN with Gradient Loss for Enhanced Bat' (10.1109/isci62787.2024.10668317) <- 'Optimization of BatikGAN with Gradient Loss for Enhanced Bat' (10.1109/isci62787.2024.10668317)
2026-07-10 00:35:20,142 INFO   Merged: 'Syllables sound signal classification using multi-layer perc' (10.1051/matecconf/201815403015) <- 'Syllables sound signal classification using multi-layer perc' (10.1051/matecconf/201815403015)
2026-07-10 00:35:20,142 INFO   Merged: 'Feature Selection using Singular Value Decomposition for Sto' (10.1109/iciev.2018.8641015) <- 'Feature Selection using Singular Value Decomposition for Sto' (10.1109/iciev.2018.8641015)
2026-07-10 00:35:20,142 INFO   Merged: 'Improving Autism Detection Using GridSearchCV for Severity L' (10.1109/icicos62600.2024.10636869) <- 'Improving Autism Detection Using GridSearchCV for Severity L' (10.1109/icicos62600.2024.10636869)
2026-07-10 00:35:20,142 INFO   Merged: 'Brain Tumor Classification Based on Deep Learning Algorithms' (10.1109/ice3is62977.2024.10775314) <- 'Brain Tumor Classification Based on Deep Learning Algorithms' (10.1109/ice3is62977.2024.10775314)
2026-07-10 00:35:20,142 INFO   Merged: 'Batik GAN for Generating Motif Synthesis using Multi-Discrim' (10.1109/aiit63112.2025.11082971) <- 'Batik GAN for Generating Motif Synthesis using Multi-Discrim' (10.1109/aiit63112.2025.11082971)
2026-07-10 00:35:20,142 INFO   Merged: 'Analysis of shape features for lesion classification in brea' (10.1063/1.4958602) <- 'Analysis of shape features for lesion classification in brea' (10.1063/1.4958602)
2026-07-10 00:35:20,142 INFO   Merged: 'Deteksi Iris Berdasarkan Metode Black Hole dan Circle Curve ' (10.20895/infotel.v5i2.3) <- 'Deteksi Iris Berdasarkan Metode Black Hole dan Circle Curve ' (10.20895/infotel.v5i2.3)
2026-07-10 00:35:20,142 INFO   Merged: 'Wavelet Based Feature Extraction for The Indonesian CV Sylla' (10.12928/telkomnika.v16i3.5014) <- 'Wavelet Based Feature Extraction for The Indonesian CV Sylla' (10.12928/telkomnika.v16i3.5014)
2026-07-10 00:35:20,142 INFO   Merged: 'Deteksi Iris Berdasarkan Metode Black Hole dan Circle Curve ' (10.20895/infotel.v5i2.58) <- 'Deteksi Iris Berdasarkan Metode Black Hole dan Circle Curve ' (10.20895/infotel.v5i2.58)
2026-07-10 00:35:20,142 INFO   Merged: 'PENERAPAN ALGORITME KOMPRESI JPEG DAN METODE FUZZY C-MEANS P' (None) <- 'PENERAPAN ALGORITME KOMPRESI JPEG DAN METODE FUZZY C-MEANS P' (None)
2026-07-10 00:35:20,142 INFO   Merged: 'Wavelet Based Feature Extraction for The Indonesian CV Sylla' (10.12928/telkomnika.v16i0.5014) <- 'Wavelet Based Feature Extraction for The Indonesian CV Sylla' (10.12928/telkomnika.v16i0.5014)
2026-07-10 00:35:20,142 INFO   Merged: 'Improved VGG-16 for Classifying Thyroid Nodule on Thyroid Ul' (10.1109/iccosite57641.2023.10127750) <- 'Improved VGG-16 for Classifying Thyroid Nodule on Thyroid Ul' (10.1109/iccosite57641.2023.10127750)
2026-07-10 00:35:20,142 INFO   Merged: 'Brain Tumor Classification Based on Deep Learning Algorithms' (10.1109/icitda60835.2023.10427361) <- 'Brain Tumor Classification Based on Deep Learning Algorithms' (10.1109/icitda60835.2023.10427361)
2026-07-10 00:35:20,142 INFO   Merged: 'Dataset of Batik Nitik Sarimbit 120' (10.2139/ssrn.4775119) <- 'Dataset of Batik Nitik Sarimbit 120' (10.2139/ssrn.4775119)
2026-07-10 00:35:20,142 INFO   Merged: 'Simulasi OFDM pada Wireless LAN 802.11a/g' (None) <- 'Simulasi OFDM pada Wireless LAN 802.11a/g' (None)
2026-07-10 00:35:20,142 INFO   Merged: 'EKSTRAKSI CIRI FOVEA AVASCULAR ZONE (FAZ) BERBASIS WAVELET P' (None) <- 'EKSTRAKSI CIRI FOVEA AVASCULAR ZONE (FAZ) BERBASIS WAVELET P' (None)
2026-07-10 00:35:20,142 INFO   Merged: 'EKSTRAKSI CIRI CITRA DIGITAL X-RAY PARU DIAGNOSIS TUBERKULOS' (None) <- 'EKSTRAKSI CIRI CITRA DIGITAL X-RAY PARU DIAGNOSIS TUBERKULOS' (None)
2026-07-10 00:35:20,142 INFO   Merged: 'Pengaruh Parameter Learning Rate dan Fungsi Ketetanggaan pad' (None) <- 'Pengaruh Parameter Learning Rate dan Fungsi Ketetanggaan pad' (None)
2026-07-10 00:35:20,142 INFO   Merged: 'Analisis Integrasi Elastic Net pada Self-Organizing Map untu' (None) <- 'Analisis Integrasi Elastic Net pada Self-Organizing Map untu' (None)
2026-07-10 00:35:20,142 INFO   Merged: 'Analysis of texture for classification of breast cancer on m' (10.1504/ijmei.2018.10014086) <- 'Analysis of texture for classification of breast cancer on m' (10.1504/ijmei.2018.10014086)
2026-07-10 00:35:20,142 INFO   Merged: 'PENERAPAN ALGORITME VIOLA-JONES DAN EIGENFACE PADA SISTEM PE' (None) <- 'PENERAPAN ALGORITME VIOLA-JONES DAN EIGENFACE PADA SISTEM PE' (None)
2026-07-10 00:35:20,142 INFO   Merged: 'Classification of Palm Gesture Pattern by Using Statistical ' (10.1109/icoiact46704.2019.8938590) <- 'Classification of Palm Gesture Pattern by Using Statistical ' (10.1109/icoiact46704.2019.8938590)
2026-07-10 00:35:20,142 INFO   Merged: 'Implementing Term Frequency-Inverse Term Frequency at Tweets' (10.1109/icoiact50329.2020.9331996) <- 'Implementing Term Frequency-Inverse Term Frequency at Tweets' (10.1109/icoiact50329.2020.9331996)
2026-07-10 00:35:20,142 INFO   Merged: 'Hasil similarity check - Artikel Jurnal : COMPARISON OF FIVE' (None) <- 'Hasil similarity check - Artikel Jurnal : COMPARISON OF FIVE' (None)
2026-07-10 00:35:20,142 INFO   Merged: 'Hasil similarity check - Artikel : Feature Selection using S' (None) <- 'Hasil similarity check - Artikel : Feature Selection using S' (None)
2026-07-10 00:35:20,142 INFO   Merged: 'Analysis of texture for classification of breast cancer on m' (10.1504/ijmei.2018.095088) <- 'Analysis of texture for classification of breast cancer on m' (10.1504/ijmei.2018.095088)
2026-07-10 00:35:20,142 INFO   Merged: 'Image Enhancement Techniques on Chest X-Ray Images to Improv' (10.1109/ibiomed56408.2022.9987990) <- 'Image Enhancement Techniques on Chest X-Ray Images to Improv' (10.1109/ibiomed56408.2022.9987990)
2026-07-10 00:35:20,142 INFO   Merged: 'COMPARISON OF FIVE CLASSIFIERS FOR CLASSIFICATION OF SYLLABL' (None) <- 'COMPARISON OF FIVE CLASSIFIERS FOR CLASSIFICATION OF SYLLABL' (None)
2026-07-10 00:35:20,142 INFO   Merged: 'A Systematic Literature Review of Convolutional Neural Netwo' (10.1109/icoiact59844.2023.10455864) <- 'A Systematic Literature Review of Convolutional Neural Netwo' (10.1109/icoiact59844.2023.10455864)
2026-07-10 00:35:20,142 INFO   Merged: 'A Convolutional Neural Network Model for Batik Image Retriev' (10.1109/iscaie61308.2024.10576422) <- 'A Convolutional Neural Network Model for Batik Image Retriev' (10.1109/iscaie61308.2024.10576422)
2026-07-10 00:35:20,142 INFO   Merged: 'Batik Image Retrieval using Convolutional Autoencoder' (10.1109/iscaie61308.2024.10576476) <- 'Batik Image Retrieval using Convolutional Autoencoder' (10.1109/iscaie61308.2024.10576476)
2026-07-10 00:35:20,142 INFO   Merged: 'Comparison of Different Wavelet Sub-Band Features in the Cla' (10.14419/ijet.v7i4.40.24076) <- 'Comparison of Different Wavelet Sub-Band Features in the Cla' (10.14419/ijet.v7i4.40.24076)
2026-07-10 00:35:20,142 INFO   Merged: 'Enhancement Techniques in CT Scan Image for Lung Disease Det' (10.1109/icitee66631.2025.11338141) <- 'Enhancement Techniques in CT Scan Image for Lung Disease Det' (10.1109/icitee66631.2025.11338141)
2026-07-10 00:35:20,142 INFO   Merged: 'The emerging landscape of halal tourism in the digital era: ' (10.1108/jima-04-2023-0130) <- 'The emerging landscape of halal tourism in the digital era: ' (10.1108/jima-04-2023-0130)
2026-07-10 00:35:20,142 INFO   Merged: 'SARIMA (Seasonal ARIMA) implementation on time series to for' (10.1109/iciteed.2013.6676239) <- 'SARIMA (Seasonal ARIMA) implementation on time series to for' (10.1109/iciteed.2013.6676239)
2026-07-10 00:35:20,142 INFO   Merged: 'ANALISIS SEGMENTASI PELANGGAN MENGGUNAKAN KOMBINASI RFM MODE' (10.21460/jutei.2018.21.76) <- 'ANALISIS SEGMENTASI PELANGGAN MENGGUNAKAN KOMBINASI RFM MODE' (10.21460/jutei.2018.21.76)
2026-07-10 00:35:20,142 INFO   Merged: 'Student classification for academic performance prediction u' (10.1109/iciteed.2013.6676242) <- 'Student classification for academic performance prediction u' (10.1109/iciteed.2013.6676242)
2026-07-10 00:35:20,142 INFO   Merged: 'A scoring rubric for automatic short answer grading system' (10.12928/telkomnika.v17i2.11785) <- 'A scoring rubric for automatic short answer grading system' (10.12928/telkomnika.v17i2.11785)
2026-07-10 00:35:20,142 INFO   Merged: 'Consumer Behaviour and Acceptance in Fintech Adoption: A Sys' (10.18267/j.aip.222) <- 'Consumer Behaviour and Acceptance in Fintech Adoption: A Sys' (10.18267/j.aip.222)
2026-07-10 00:35:20,143 INFO   Merged: 'Designing a tourism recommendation system using a hybrid met' (10.1109/comnetsat53002.2021.9530823) <- 'Designing a tourism recommendation system using a hybrid met' (10.1109/comnetsat53002.2021.9530823)
2026-07-10 00:35:20,143 INFO   Merged: 'Technostress Effects on Indonesian e-Wallet Users: A Case St' (10.1109/incit60207.2023.10413062) <- 'Technostress Effects on Indonesian e-Wallet Users: A Case St' (10.1109/incit60207.2023.10413062)
2026-07-10 00:35:20,143 INFO   Merged: 'Evaluation of the Multinomial Algorithm in Predicting Techno' (10.1109/incit63192.2024.10810558) <- 'Evaluation of the Multinomial Algorithm in Predicting Techno' (10.1109/incit63192.2024.10810558)
2026-07-10 00:35:20,143 INFO   Merged: 'Design adaptive learning system using metacognitive strategy' (10.1063/1.4958507) <- 'Design adaptive learning system using metacognitive strategy' (10.1063/1.4958507)
2026-07-10 00:35:20,143 INFO   Merged: 'Comparison Clustering Performance Based on Moodle Log Mining' (10.1088/1757-899x/722/1/012012) <- 'Comparison Clustering Performance Based on Moodle Log Mining' (10.1088/1757-899x/722/1/012012)
2026-07-10 00:35:20,143 INFO   Merged: 'A review of an information extraction technique approach for' (10.1109/icitisee.2016.7803072) <- 'A review of an information extraction technique approach for' (10.1109/icitisee.2016.7803072)
2026-07-10 00:35:20,143 INFO   Merged: 'Automated determination of Plasmodium region of interest on ' (10.1109/isitia.2017.8124108) <- 'Automated determination of Plasmodium region of interest on ' (10.1109/isitia.2017.8124108)
2026-07-10 00:35:20,143 INFO   Merged: 'Research Methodology for Analysis of E-Commerce User Activit' (10.5614/itbj.ict.res.appl.2018.12.1.4) <- 'Research Methodology for Analysis of E-Commerce User Activit' (10.5614/itbj.ict.res.appl.2018.12.1.4)
2026-07-10 00:35:20,143 INFO   Merged: 'The performance of GM (1,1) and ARIMA for forecasting of for' (10.1109/isitia.2015.7219949) <- 'The performance of GM (1,1) and ARIMA for forecasting of for' (10.1109/isitia.2015.7219949)
2026-07-10 00:35:20,143 INFO   Merged: 'Conceptual Model for Human Anatomy Learning Based Augmented ' (10.1109/icicos48119.2019.8982471) <- 'Conceptual Model for Human Anatomy Learning Based Augmented ' (10.1109/icicos48119.2019.8982471)
2026-07-10 00:35:20,143 INFO   Merged: 'A Review of Expert System for Identification Various Risk in' (10.1109/icoiact50329.2020.9332003) <- 'A Review of Expert System for Identification Various Risk in' (10.1109/icoiact50329.2020.9332003)
2026-07-10 00:35:20,143 INFO   Merged: 'The Evaluation of AR Mobile App as a Learning Media for Chil' (10.22146/ijitee.68757) <- 'The Evaluation of AR Mobile App as a Learning Media for Chil' (10.22146/ijitee.68757)
2026-07-10 00:35:20,143 INFO   Merged: 'Toward development of automated plasmodium detection for Mal' (10.1109/icitsi.2016.7858228) <- 'Toward development of automated plasmodium detection for Mal' (10.1109/icitsi.2016.7858228)
2026-07-10 00:35:20,143 INFO   Merged: 'Tahani model of fuzzy database for an adaptive metacognitive' (10.1109/siet.2017.8304164) <- 'Tahani model of fuzzy database for an adaptive metacognitive' (10.1109/siet.2017.8304164)
2026-07-10 00:35:20,143 INFO   Merged: 'An Augmented Reality Application for Animal Learning Media a' (10.1109/icst50505.2020.9732881) <- 'An Augmented Reality Application for Animal Learning Media a' (10.1109/icst50505.2020.9732881)
2026-07-10 00:35:20,143 INFO   Merged: 'Automated Test Suite for Regression Testing Based on Serenit' (10.1109/icaiit.2019.8834609) <- 'Automated Test Suite for Regression Testing Based on Serenit' (10.1109/icaiit.2019.8834609)
2026-07-10 00:35:20,143 INFO   Merged: 'Combination of Fuzzy C-Means, Xie-Beni Index, and Backpropag' (10.5220/0009858200720077) <- 'Combination of Fuzzy C-Means, Xie-Beni Index, and Backpropag' (10.5220/0009858200720077)
2026-07-10 00:35:20,143 INFO   Merged: 'Enhancing GAN-LCS Performance Using an Abbreviations Checker' (10.3390/computers11070108) <- 'Enhancing GAN-LCS Performance Using an Abbreviations Checker' (10.3390/computers11070108)
2026-07-10 00:35:20,143 INFO   Merged: 'Classification of Tsunami Warning Level using Artificial Neu' (10.1109/isriti56927.2022.10052907) <- 'Classification of Tsunami Warning Level using Artificial Neu' (10.1109/isriti56927.2022.10052907)
2026-07-10 00:35:20,143 INFO   Merged: 'A Framework of Educational Feedback System with Statistical ' (10.2991/iceri-18.2019.9) <- 'A Framework of Educational Feedback System with Statistical ' (10.2991/iceri-18.2019.9)
2026-07-10 00:35:20,143 INFO   Merged: 'Collaborative and Content-Based Filtering Hybrid Method on T' (10.5281/zenodo.7404490) <- 'Collaborative and Content-Based Filtering Hybrid Method on T' (10.5281/zenodo.7404490)
2026-07-10 00:35:20,143 INFO   Merged: 'Analysis of Google Play Store's Sentiment Review on Waqf Dig' (10.1109/iccosite57641.2023.10127810) <- 'Analysis of Google Play Store's Sentiment Review on Waqf Dig' (10.1109/iccosite57641.2023.10127810)
2026-07-10 00:35:20,143 INFO   Merged: 'Judging Knowledge by its Cover: Leveraging Large Language Mo' (10.1109/icitda60835.2023.10427395) <- 'Judging Knowledge by its Cover: Leveraging Large Language Mo' (10.1109/icitda60835.2023.10427395)
2026-07-10 00:35:20,143 INFO   Merged: 'Sentiment Analysis on Product Review using Support Vector Ma' (10.1109/icst47872.2019.9166189) <- 'Sentiment Analysis on Product Review using Support Vector Ma' (10.1109/icst47872.2019.9166189)
2026-07-10 00:35:20,143 INFO   Merged: 'Performance analysis of Na&amp;#x00EF;ve Bayes, PART and SMO' (10.1109/isitia.2015.7219950) <- 'Performance analysis of Na&amp;#x00EF;ve Bayes, PART and SMO' (10.1109/isitia.2015.7219950)
2026-07-10 00:35:20,143 INFO   Merged: 'A Review of Automated Testing Approach for Software Regressi' (10.1088/1757-899x/846/1/012042) <- 'A Review of Automated Testing Approach for Software Regressi' (10.1088/1757-899x/846/1/012042)
2026-07-10 00:35:20,143 INFO   Merged: 'Detecting Pregnancy Risk Type Using LSTM Algorithm' (10.1109/ibiomed56408.2022.9987932) <- 'Detecting Pregnancy Risk Type Using LSTM Algorithm' (10.1109/ibiomed56408.2022.9987932)
2026-07-10 00:35:20,143 INFO   Merged: 'Development of Mobile Butterfly Application-Based Augmented ' (10.1109/ice3is56585.2022.10010151) <- 'Development of Mobile Butterfly Application-Based Augmented ' (10.1109/ice3is56585.2022.10010151)
2026-07-10 00:35:20,143 INFO   Merged: 'Implementation of the K-Means Cluster Analysis Algorithm to ' (10.1109/icitisee58992.2023.10404223) <- 'Implementation of the K-Means Cluster Analysis Algorithm to ' (10.1109/icitisee58992.2023.10404223)
2026-07-10 00:35:20,143 INFO   Merged: 'Desain Gamifikasi sebagai Pelengkap Aplikasi Pembelajaran Si' (10.22146/jnteti.v13i3.10460) <- 'Desain Gamifikasi sebagai Pelengkap Aplikasi Pembelajaran Si' (10.22146/jnteti.v13i3.10460)
2026-07-10 00:35:20,143 INFO   Merged: 'Comparative Evaluation of Resampling Techniques on Machine L' (10.1109/incit63192.2024.10810628) <- 'Comparative Evaluation of Resampling Techniques on Machine L' (10.1109/incit63192.2024.10810628)
2026-07-10 00:35:20,143 INFO   Merged: 'Deep Learning on Automatic ICD Coding for Clinical Decision ' (10.1109/ibiomed62485.2024.10875824) <- 'Deep Learning on Automatic ICD Coding for Clinical Decision ' (10.1109/ibiomed62485.2024.10875824)
2026-07-10 00:35:20,143 INFO   Merged: 'A Student Modeling Based on Bayesian Network Framework for C' (10.1166/asl.2014.5702) <- 'A Student Modeling Based on Bayesian Network Framework for C' (10.1166/asl.2014.5702)
2026-07-10 00:35:20,143 INFO   Merged: 'Forecasting Model for Hotspot Bandwidth Management at Depart' (None) <- 'Forecasting Model for Hotspot Bandwidth Management at Depart' (None)
2026-07-10 00:35:20,143 INFO   Merged: 'A Web-Based Decision Support System of Patient Time Predicti' (10.1109/iciteed.2019.8929969) <- 'A Web-Based Decision Support System of Patient Time Predicti' (10.1109/iciteed.2019.8929969)
2026-07-10 00:35:20,143 INFO   Merged: 'PEMANFAATAN TEKNIK DATA MINING UNTUK DIAGNOSIS PENYAKIT TUBE' (None) <- 'PEMANFAATAN TEKNIK DATA MINING UNTUK DIAGNOSIS PENYAKIT TUBE' (None)
2026-07-10 00:35:20,143 INFO   Merged: 'Prototype development for an android-based medical record sy' (10.1109/isyg.2017.8280666) <- 'Prototype development for an android-based medical record sy' (10.1109/isyg.2017.8280666)
2026-07-10 00:35:20,143 INFO   Merged: 'Performance Comparison of Genetic Algorithm Operator Combina' (10.1109/isriti.2018.8864469) <- 'Performance Comparison of Genetic Algorithm Operator Combina' (10.1109/isriti.2018.8864469)
2026-07-10 00:35:20,144 INFO   Merged: 'Management Information System of the Billing Subsystem: A Pr' (10.22146/ijitee.49424) <- 'Management Information System of the Billing Subsystem: A Pr' (10.22146/ijitee.49424)
2026-07-10 00:35:20,144 INFO   Merged: 'Infolab 3-link as a proposed Decision Support System for ass' (10.1109/iccisci.2012.6297234) <- 'Infolab 3-link as a proposed Decision Support System for ass' (10.1109/iccisci.2012.6297234)
2026-07-10 00:35:20,144 INFO   Merged: 'Forecasting Avian Influenza incidence in Java and Madura are' (10.1109/iccerec.2015.7337047) <- 'Forecasting Avian Influenza incidence in Java and Madura are' (10.1109/iccerec.2015.7337047)
2026-07-10 00:35:20,144 INFO   Merged: 'Kesesuaian Minat Mahasiswa dengan Judul Tesis Mahasiswa Meng' (10.23960/elc.v10n1.188) <- 'Kesesuaian Minat Mahasiswa dengan Judul Tesis Mahasiswa Meng' (10.23960/elc.v10n1.188)
2026-07-10 00:35:20,144 INFO   Merged: 'PENERAPAN METODE PROFILE MATCHING UNTUK APLIKASI MULTI CRITE' (None) <- 'PENERAPAN METODE PROFILE MATCHING UNTUK APLIKASI MULTI CRITE' (None)
2026-07-10 00:35:20,144 INFO   Merged: 'Evaluasi Ontologi Penyakit Saraf Menggunakan Schema Metric O' (None) <- 'Evaluasi Ontologi Penyakit Saraf Menggunakan Schema Metric O' (None)
2026-07-10 00:35:20,144 INFO   Merged: 'PERANCANGAN BLENDED E-LEARNING BERBASIS PROBLEM-BASED LEARNI' (None) <- 'PERANCANGAN BLENDED E-LEARNING BERBASIS PROBLEM-BASED LEARNI' (None)
2026-07-10 00:35:20,144 INFO   Merged: 'DIAGNOSA DINI PENYAKIT GANGGUAN JIWA MENGGUNAKAN METODE FUZZ' (None) <- 'DIAGNOSA DINI PENYAKIT GANGGUAN JIWA MENGGUNAKAN METODE FUZZ' (None)
2026-07-10 00:35:20,144 INFO   Merged: 'KOMPARASI KERNEL PADA ALGORITMA SUPPORT VECTORMACHINE STUDI ' (None) <- 'KOMPARASI KERNEL PADA ALGORITMA SUPPORT VECTORMACHINE STUDI ' (None)
2026-07-10 00:35:20,144 INFO   Merged: 'SISTEM PENDUKUNG KEPUTUSAN PEMILIHAN MARKETING OFFICER BERPR' (None) <- 'SISTEM PENDUKUNG KEPUTUSAN PEMILIHAN MARKETING OFFICER BERPR' (None)
2026-07-10 00:35:20,144 INFO   Merged: 'MEMULAI PENELITIAN DENGAN MODEL KESUKSESAN SISTEM INFORMASI ' (None) <- 'MEMULAI PENELITIAN DENGAN MODEL KESUKSESAN SISTEM INFORMASI ' (None)
2026-07-10 00:35:20,144 INFO   Merged: 'Classification of Metacognitive into Two Catagories to Suppo' (10.17977/jps.v5i1.9069) <- 'Classification of Metacognitive into Two Catagories to Suppo' (10.17977/jps.v5i1.9069)
2026-07-10 00:35:20,144 INFO   Merged: 'A Multi Criteria Decision Making to Support Major Selection ' (10.22146/ijitee.54427) <- 'A Multi Criteria Decision Making to Support Major Selection ' (10.22146/ijitee.54427)
2026-07-10 00:35:20,144 INFO   Merged: 'Regresi Linear untuk Mengurangi Bias Sistem Penilaian Uraian' (10.22146/jnteti.v10i3.1983) <- 'Regresi Linear untuk Mengurangi Bias Sistem Penilaian Uraian' (10.22146/jnteti.v10i3.1983)
2026-07-10 00:35:20,144 INFO   Merged: 'The e-Learning Models Adopts Metacognitive Strategies to Sup' (10.1109/icitacee58587.2023.10276393) <- 'The e-Learning Models Adopts Metacognitive Strategies to Sup' (10.1109/icitacee58587.2023.10276393)
2026-07-10 00:35:20,144 INFO   Merged: 'Refining Predictive Models for Sea Surface Currents: A Focus' (10.5194/egusphere-2024-3142) <- 'Refining Predictive Models for Sea Surface Currents: A Focus' (10.5194/egusphere-2024-3142)
2026-07-10 00:35:20,144 INFO   Merged: 'Student Modeling using Case-Based Reasoning in Conventional ' (10.48550/arxiv.1211.0749) <- 'Student Modeling using Case-Based Reasoning in Conventional ' (10.48550/arxiv.1211.0749)
2026-07-10 00:35:20,144 INFO   Merged: 'OpenMRS FRAMEWORK : HEALTH INFORMATION SYSTEM SOLUTION TO DE' (10.35842/jtir.v9i27.78) <- 'OpenMRS FRAMEWORK : HEALTH INFORMATION SYSTEM SOLUTION TO DE' (10.35842/jtir.v9i27.78)
2026-07-10 00:35:20,144 INFO   Merged: 'Aplikasi Fuzzy Metode Mamdani untuk Rekomendasi Pemilihan Mi' (None) <- 'Aplikasi Fuzzy Metode Mamdani untuk Rekomendasi Pemilihan Mi' (None)
2026-07-10 00:35:20,144 INFO   Merged: 'PENENTUAN KRITERIA KOMPETENSI GURU BERDASARKAN NILAI AKHIR S' (None) <- 'PENENTUAN KRITERIA KOMPETENSI GURU BERDASARKAN NILAI AKHIR S' (None)
2026-07-10 00:35:20,144 INFO   Merged: 'ANALISIS DATA TIME SERIES KORBAN DBD DI KOTA PALEMBANG UNTUK' (None) <- 'ANALISIS DATA TIME SERIES KORBAN DBD DI KOTA PALEMBANG UNTUK' (None)
2026-07-10 00:35:20,144 INFO   Merged: 'DESAIN SISTEM PENGONTROLAN PEMBELIAN BAHAN BAKAR MINYAK BERS' (None) <- 'DESAIN SISTEM PENGONTROLAN PEMBELIAN BAHAN BAKAR MINYAK BERS' (None)
2026-07-10 00:35:20,144 INFO   Merged: 'EVALUASI PENERAPAN E-LEARNING SEBAGAI SARANA PENYEDIA MATERI' (None) <- 'EVALUASI PENERAPAN E-LEARNING SEBAGAI SARANA PENYEDIA MATERI' (None)
2026-07-10 00:35:20,144 INFO   Merged: 'TEACHER MODELING UNTUK MENDUKUNG ADAPTIVE LEARNING DALAM PRO' (None) <- 'TEACHER MODELING UNTUK MENDUKUNG ADAPTIVE LEARNING DALAM PRO' (None)
2026-07-10 00:35:20,144 INFO   Merged: 'Parallelized Execution of Serenity Framework Based Automated' (10.1109/iciteed.2019.8929968) <- 'Parallelized Execution of Serenity Framework Based Automated' (10.1109/iciteed.2019.8929968)
2026-07-10 00:35:20,144 INFO   Merged: 'Personalized Recommendation of Study Materials Based on Auto' (10.1109/icet56879.2022.9990778) <- 'Personalized Recommendation of Study Materials Based on Auto' (10.1109/icet56879.2022.9990778)
2026-07-10 00:35:20,144 INFO   Merged: 'Evaluation of User Acceptance of the Information System in E' (10.1109/icitisee58992.2023.10405284) <- 'Evaluation of User Acceptance of the Information System in E' (10.1109/icitisee58992.2023.10405284)
2026-07-10 00:35:20,144 INFO   Merged: 'A virtual tour development of butterfly park as a promotiona' (10.1063/5.0200992) <- 'A virtual tour development of butterfly park as a promotiona' (10.1063/5.0200992)
2026-07-10 00:35:20,144 INFO   Merged: 'Exploring the Landscape of Tourism Knowledge Graphs: A Syste' (10.1109/icitda64560.2024.10809644) <- 'Exploring the Landscape of Tourism Knowledge Graphs: A Syste' (10.1109/icitda64560.2024.10809644)
2026-07-10 00:35:20,144 INFO   Merged: 'Smart Features, Smarter Insights: The Role of Feature Engine' (10.1109/amlds63918.2025.11159401) <- 'Smart Features, Smarter Insights: The Role of Feature Engine' (10.1109/amlds63918.2025.11159401)
2026-07-10 00:35:20,144 INFO   Merged: 'Evaluating the Effectiveness of Open-Source LLMs for Automat' (10.1109/aims66189.2025.11229661) <- 'Evaluating the Effectiveness of Open-Source LLMs for Automat' (10.1109/aims66189.2025.11229661)
2026-07-10 00:35:20,144 INFO   Merged: 'Rubric-based Automated Essay Scoring and Providing Insightfu' (10.1109/icitcom66635.2025.11264872) <- 'Rubric-based Automated Essay Scoring and Providing Insightfu' (10.1109/icitcom66635.2025.11264872)
2026-07-10 00:35:20,144 INFO   Merged: 'Exploring User Sentiments on Artificial Intelligence for Edu' (10.1109/incit66780.2025.11276085) <- 'Exploring User Sentiments on Artificial Intelligence for Edu' (10.1109/incit66780.2025.11276085)
2026-07-10 00:35:20,144 INFO   Merged: 'Cosine similarity to determine similarity measure: Study cas' (10.1109/citsm.2016.7577578) <- 'Cosine similarity to determine similarity measure: Study cas' (10.1109/citsm.2016.7577578)
2026-07-10 00:35:20,144 INFO   Merged: 'A systematic literature review of emotion recognition using ' (10.1016/j.cogsys.2023.101152) <- 'A systematic literature review of emotion recognition using ' (10.1016/j.cogsys.2023.101152)
2026-07-10 00:35:20,144 INFO   Merged: 'A comparison of classification methods on diagnosis of thyro' (10.1109/isitia.2015.7219959) <- 'A comparison of classification methods on diagnosis of thyro' (10.1109/isitia.2015.7219959)
2026-07-10 00:35:20,144 INFO   Merged: 'Cardiac Sound Classification Using Mel-Frequency Cepstral Co' (10.1109/icitisee.2018.8721007) <- 'Cardiac Sound Classification Using Mel-Frequency Cepstral Co' (10.1109/icitisee.2018.8721007)
2026-07-10 00:35:20,144 INFO   Merged: 'Performance evaluation of combined feature selection and cla' (10.1109/icsitech.2015.7407790) <- 'Performance evaluation of combined feature selection and cla' (10.1109/icsitech.2015.7407790)
2026-07-10 00:35:20,144 INFO   Merged: 'A Improving Feature Selection on Heart Disease Dataset With ' (10.46962/forteijeeri.v1i1.6) <- 'A Improving Feature Selection on Heart Disease Dataset With ' (10.46962/forteijeeri.v1i1.6)
2026-07-10 00:35:20,144 INFO   Merged: 'Butterfly Image Classification Using Convolutional Neural Ne' (10.1109/icera53111.2021.9538686) <- 'Butterfly Image Classification Using Convolutional Neural Ne' (10.1109/icera53111.2021.9538686)
2026-07-10 00:35:20,145 INFO   Merged: 'Benchmarking of feature selection techniques for coronary ar' (10.1109/iciteed.2014.7007898) <- 'Benchmarking of feature selection techniques for coronary ar' (10.1109/iciteed.2014.7007898)
2026-07-10 00:35:20,145 INFO   Merged: 'Generation of Synthetic Continuous Numerical Data Using Gene' (10.1088/1742-6596/1577/1/012027) <- 'Generation of Synthetic Continuous Numerical Data Using Gene' (10.1088/1742-6596/1577/1/012027)
2026-07-10 00:35:20,145 INFO   Merged: 'Best Performance Comparative Analysis of Architecture Deep L' (10.1109/icitisee53823.2021.9655872) <- 'Best Performance Comparative Analysis of Architecture Deep L' (10.1109/icitisee53823.2021.9655872)
2026-07-10 00:35:20,145 INFO   Merged: 'DCGAN-based Medical Image Augmentation to Improve ELM Classi' (10.1109/comnetsat56033.2022.9994559) <- 'DCGAN-based Medical Image Augmentation to Improve ELM Classi' (10.1109/comnetsat56033.2022.9994559)
2026-07-10 00:35:20,145 INFO   Merged: 'Development and evaluation of adaptive metacognitive scaffol' (10.1049/iet-sen.2018.5072) <- 'Development and evaluation of adaptive metacognitive scaffol' (10.1049/iet-sen.2018.5072)
2026-07-10 00:35:20,145 INFO   Merged: 'A Study on Signal Complexity Measurement for Epileptic Seizu' (10.1109/icsengt.2019.8906319) <- 'A Study on Signal Complexity Measurement for Epileptic Seizu' (10.1109/icsengt.2019.8906319)
2026-07-10 00:35:20,145 INFO   Merged: 'A review of convolutional neural network-based computer-aide' (10.11591/ijai.v12.i3.pp1044-1061) <- 'A review of convolutional neural network-based computer-aide' (10.11591/ijai.v12.i3.pp1044-1061)
2026-07-10 00:35:20,145 INFO   Merged: 'Enhancing EEG-Based Emotion Recognition Using Asymmetric Win' (10.1109/access.2024.3409384) <- 'Enhancing EEG-Based Emotion Recognition Using Asymmetric Win' (10.1109/access.2024.3409384)
2026-07-10 00:35:20,145 INFO   Merged: 'Data Mining Algorithms for Operating Pressure Forecasting of' (10.3390/make4030033) <- 'Data Mining Algorithms for Operating Pressure Forecasting of' (10.3390/make4030033)
2026-07-10 00:35:20,145 INFO   Merged: 'Feature selection methods in improving accuracy of classifyi' (10.1109/icitisee.2017.8285509) <- 'Feature selection methods in improving accuracy of classifyi' (10.1109/icitisee.2017.8285509)
2026-07-10 00:35:20,145 INFO   Merged: 'Power transformer incipient faults diagnosis using Dissolved' (10.1109/cmd.2012.6416311) <- 'Power transformer incipient faults diagnosis using Dissolved' (10.1109/cmd.2012.6416311)
2026-07-10 00:35:20,145 INFO   Merged: 'Automated segmentation of optic disc area using mathematical' (10.1109/ic3ina.2015.7377739) <- 'Automated segmentation of optic disc area using mathematical' (10.1109/ic3ina.2015.7377739)
2026-07-10 00:35:20,145 INFO   Merged: 'Evaluation function effectiveness in Wireless Sensor Network' (10.1109/citsm.2016.7577519) <- 'Evaluation function effectiveness in Wireless Sensor Network' (10.1109/citsm.2016.7577519)
2026-07-10 00:35:20,145 INFO   Merged: 'Contrast measurement for no-reference retinal image quality ' (10.1109/iciteed.2014.7007902) <- 'Contrast measurement for no-reference retinal image quality ' (10.1109/iciteed.2014.7007902)
2026-07-10 00:35:20,145 INFO   Merged: 'Comparison analysis of data mining methodology and student p' (10.1109/icsitech.2015.7407798) <- 'Comparison analysis of data mining methodology and student p' (10.1109/icsitech.2015.7407798)
2026-07-10 00:35:20,145 INFO   Merged: 'Internal content classification of ultrasound thyroid nodule' (10.21924/cst.1.2.2016.25) <- 'Internal content classification of ultrasound thyroid nodule' (10.21924/cst.1.2.2016.25)
2026-07-10 00:35:20,145 INFO   Merged: 'Segmentation of Plasmodium vivax phase on digital microscopi' (10.1063/1.4958595) <- 'Segmentation of Plasmodium vivax phase on digital microscopi' (10.1063/1.4958595)
2026-07-10 00:35:20,145 INFO   Merged: 'A Framework for Improving Recommendation in Adaptive Metacog' (10.1109/icstc.2018.8528664) <- 'A Framework for Improving Recommendation in Adaptive Metacog' (10.1109/icstc.2018.8528664)
2026-07-10 00:35:20,145 INFO   Merged: 'Perancangan Ontologi sebagai Teknologi Penyimpanan Informasi' (10.23887/janapati.v3i3.9818) <- 'Perancangan Ontologi sebagai Teknologi Penyimpanan Informasi' (10.23887/janapati.v3i3.9818)
2026-07-10 00:35:20,145 INFO   Merged: 'Improving Multi-Class Motor Imagery EEG Signals Classificati' (10.1109/icoict52021.2021.9527426) <- 'Improving Multi-Class Motor Imagery EEG Signals Classificati' (10.1109/icoict52021.2021.9527426)
2026-07-10 00:35:20,145 INFO   Merged: 'No reference image quality assessment of retinal image for d' (10.1063/5.0103286) <- 'No reference image quality assessment of retinal image for d' (10.1063/5.0103286)
2026-07-10 00:35:20,145 INFO   Merged: 'Competency Framework in Higher Education: A Bibliometric Ana' (10.1145/3678726.3678736) <- 'Competency Framework in Higher Education: A Bibliometric Ana' (10.1145/3678726.3678736)
2026-07-10 00:35:20,145 INFO   Merged: 'Comparative study of attribute reduction on arrhythmia class' (10.1109/iciteed.2013.6676213) <- 'Comparative study of attribute reduction on arrhythmia class' (10.1109/iciteed.2013.6676213)
2026-07-10 00:35:20,145 INFO   Merged: 'Implementation of scalable K-Means++ clustering for passenge' (10.1109/inaes.2016.7821911) <- 'Implementation of scalable K-Means++ clustering for passenge' (10.1109/inaes.2016.7821911)
2026-07-10 00:35:20,145 INFO   Merged: 'Finding The Most Important Actor in Online Crowd by Social N' (10.1088/1742-6596/812/1/012095) <- 'Finding The Most Important Actor in Online Crowd by Social N' (10.1088/1742-6596/812/1/012095)
2026-07-10 00:35:20,145 INFO   Merged: 'A Comparative Analysis of Tree-based Machine Learning Algori' (10.1109/icts.2019.8850975) <- 'A Comparative Analysis of Tree-based Machine Learning Algori' (10.1109/icts.2019.8850975)
2026-07-10 00:35:20,145 INFO   Merged: 'Feature analysis for stage identification of Plasmodium viva' (10.11591/ijeecs.v13.i2.pp721-728) <- 'Feature analysis for stage identification of Plasmodium viva' (10.11591/ijeecs.v13.i2.pp721-728)
2026-07-10 00:35:20,145 INFO   Merged: 'Identification of plasmodium falciparum and plasmodium vivax' (10.11591/ijeecs.v13.i3.pp933-944) <- 'Identification of plasmodium falciparum and plasmodium vivax' (10.11591/ijeecs.v13.i3.pp933-944)
2026-07-10 00:35:20,145 INFO   Merged: 'Lexicon-Based Sentiment Analysis Using Inset Dictionary: A S' (10.4108/eai.5-10-2022.2327474) <- 'Lexicon-Based Sentiment Analysis Using Inset Dictionary: A S' (10.4108/eai.5-10-2022.2327474)
2026-07-10 00:35:20,145 INFO   Merged: 'An Advanced Data Augmentation Scheme on Limited EEG Signals ' (10.1007/978-981-99-0248-4_27) <- 'An Advanced Data Augmentation Scheme on Limited EEG Signals ' (10.1007/978-981-99-0248-4_27)
2026-07-10 00:35:20,145 INFO   Merged: 'User-Centered Design on Metacognitive Training System: A Cas' (10.1109/iciteed.2018.8534811) <- 'User-Centered Design on Metacognitive Training System: A Cas' (10.1109/iciteed.2018.8534811)
2026-07-10 00:35:20,145 INFO   Merged: 'Classification of arrhythmia’s ECG signal using cascade tran' (10.3233/jifs-189768) <- 'Classification of arrhythmia’s ECG signal using cascade tran' (10.3233/jifs-189768)
2026-07-10 00:35:20,145 INFO   Merged: 'Comparison of data mining algorithms for pressure prediction' (10.1051/e3sconf/202132502002) <- 'Comparison of data mining algorithms for pressure prediction' (10.1051/e3sconf/202132502002)
2026-07-10 00:35:20,145 INFO   Merged: 'Phase Lag Index of Visual-Memory Processing EEG for Computer' (10.1145/3605423.3605452) <- 'Phase Lag Index of Visual-Memory Processing EEG for Computer' (10.1145/3605423.3605452)
2026-07-10 00:35:20,145 INFO   Merged: 'Analisis Jejaring Media Sosial Untuk Pemetaan Pada Komunitas' (None) <- 'Analisis Jejaring Media Sosial Untuk Pemetaan Pada Komunitas' (None)
2026-07-10 00:35:20,145 INFO   Merged: 'Work in progress: Application of unsupervised learning metho' (10.1109/educon.2016.7474704) <- 'Work in progress: Application of unsupervised learning metho' (10.1109/educon.2016.7474704)
2026-07-10 00:35:20,145 INFO   Merged: 'Enhancing student clustering to generate adaptive metacognit' (10.1504/ijil.2018.095367) <- 'Enhancing student clustering to generate adaptive metacognit' (10.1504/ijil.2018.095367)
2026-07-10 00:35:20,145 INFO   Merged: 'Peningkatan Nilai Recall dan Precision pada Penelusuran Info' (None) <- 'Peningkatan Nilai Recall dan Precision pada Penelusuran Info' (None)
2026-07-10 00:35:20,146 INFO   Merged: 'The classification of fetus gender on ultrasound images usin' (10.1109/miceei.2014.7067329) <- 'The classification of fetus gender on ultrasound images usin' (10.1109/miceei.2014.7067329)
2026-07-10 00:35:20,146 INFO   Merged: 'Optimization of neural network using genetic algorithm in fo' (10.1109/miceei.2014.7067336) <- 'Optimization of neural network using genetic algorithm in fo' (10.1109/miceei.2014.7067336)
2026-07-10 00:35:20,146 INFO   Merged: 'Rule-Based Data Mining for Diagnosis of Coronary Heart Disea' (None) <- 'Rule-Based Data Mining for Diagnosis of Coronary Heart Disea' (None)
2026-07-10 00:35:20,146 INFO   Merged: 'Leak detection optimisation on retina fluorescein angiograph' (10.21924/cst.3.2.2018.82) <- 'Leak detection optimisation on retina fluorescein angiograph' (10.21924/cst.3.2.2018.82)
2026-07-10 00:35:20,146 INFO   Merged: 'Confirmation of Personality Types Using Visual Evoked Potent' (10.3844/jcssp.2021.1138.1146) <- 'Confirmation of Personality Types Using Visual Evoked Potent' (10.3844/jcssp.2021.1138.1146)
2026-07-10 00:35:20,146 INFO   Merged: 'Effective method for circle detection based on transformatio' (10.1063/1.4958499) <- 'Effective method for circle detection based on transformatio' (10.1063/1.4958499)
2026-07-10 00:35:20,146 INFO   Merged: 'Confirmation of Personality Types Using Visual Evoked Potent' (None) <- 'Confirmation of Personality Types Using Visual Evoked Potent' (None)
2026-07-10 00:35:20,146 INFO   Merged: 'Effects of Data Preprocessing on the Prediction Accuracy of ' (10.1109/ismode53584.2022.9743101) <- 'Effects of Data Preprocessing on the Prediction Accuracy of ' (10.1109/ismode53584.2022.9743101)
2026-07-10 00:35:20,146 INFO   Merged: 'Breast cancer diagnosis improvement using feature selection' (10.2495/intelsys130211) <- 'Breast cancer diagnosis improvement using feature selection' (10.2495/intelsys130211)
2026-07-10 00:35:20,146 INFO   Merged: 'SISTEM PENDETEKSI INTRUSI BERBASIS MOBILE AGENT PADA KOMPUTA' (None) <- 'SISTEM PENDETEKSI INTRUSI BERBASIS MOBILE AGENT PADA KOMPUTA' (None)
2026-07-10 00:35:20,146 INFO   Merged: 'KLASIFIKASI GELOMBANG OTAK UNTUK KEAMANAN MENGGUNAKAN METODE' (None) <- 'KLASIFIKASI GELOMBANG OTAK UNTUK KEAMANAN MENGGUNAKAN METODE' (None)
2026-07-10 00:35:20,146 INFO   Merged: 'Developing Academic Executive Information System Uses Kimbal' (10.1007/978-981-287-661-4_36) <- 'Developing Academic Executive Information System Uses Kimbal' (10.1007/978-981-287-661-4_36)
2026-07-10 00:35:20,146 INFO   Merged: 'The Design of E-TOEFL Based Learning Management System in Un' (10.4108/eai.11-9-2019.2298652) <- 'The Design of E-TOEFL Based Learning Management System in Un' (10.4108/eai.11-9-2019.2298652)
2026-07-10 00:35:20,146 INFO   Merged: 'Development of CAD System for Automatic Lung Nodule Detectio' (10.1051/bioconf/20214104001) <- 'Development of CAD System for Automatic Lung Nodule Detectio' (10.1051/bioconf/20214104001)
2026-07-10 00:35:20,146 INFO   Merged: 'A Proposed User Interface Design as a Stimulus for Personali' (10.4028/p-l7si7j) <- 'A Proposed User Interface Design as a Stimulus for Personali' (10.4028/p-l7si7j)
2026-07-10 00:35:20,146 INFO   Merged: 'Enhancing student clustering to generate adaptive metacognit' (10.1504/ijil.2018.10015918) <- 'Enhancing student clustering to generate adaptive metacognit' (10.1504/ijil.2018.10015918)
2026-07-10 00:35:20,146 INFO   Merged: 'Implementation of Online Monitoring System of Crude Oil Pipe' (10.1109/icamimia54022.2021.9807791) <- 'Implementation of Online Monitoring System of Crude Oil Pipe' (10.1109/icamimia54022.2021.9807791)
2026-07-10 00:35:20,146 INFO   Merged: 'Understanding The Factors and Perspectives Influencing Safet' (10.1109/ic3ina60834.2023.10285787) <- 'Understanding The Factors and Perspectives Influencing Safet' (10.1109/ic3ina60834.2023.10285787)
2026-07-10 00:35:20,146 INFO   Merged: 'Asymmetric Windowing Recurrence Plots on Input Formulation f' (10.36227/techrxiv.24605445.v1) <- 'Asymmetric Windowing Recurrence Plots on Input Formulation f' (10.36227/techrxiv.24605445.v1)
2026-07-10 00:35:20,146 INFO   Merged: 'Asymmetric Windowing Recurrence Plots on Input Formulation f' (10.36227/techrxiv.24605445) <- 'Asymmetric Windowing Recurrence Plots on Input Formulation f' (10.36227/techrxiv.24605445)
2026-07-10 00:35:20,146 INFO   Merged: 'Multi-Representation Convolutional Neural Network to Recogni' (10.1109/icitda60835.2023.10427131) <- 'Multi-Representation Convolutional Neural Network to Recogni' (10.1109/icitda60835.2023.10427131)
2026-07-10 00:35:20,146 INFO   Merged: 'Facial Skin Analysis to Determine the Efficacy of Treatment' (10.1109/iwaiip58158.2023.10462877) <- 'Facial Skin Analysis to Determine the Efficacy of Treatment' (10.1109/iwaiip58158.2023.10462877)
2026-07-10 00:35:20,146 INFO   Merged: 'Memory and Visual Processing EEG for Alcohol Use Disorder Di' (10.1007/978-3-031-62520-6_31) <- 'Memory and Visual Processing EEG for Alcohol Use Disorder Di' (10.1007/978-3-031-62520-6_31)
2026-07-10 00:35:20,146 INFO   Merged: 'Systematic Review on Interpretability in Computer-Aided Alco' (10.1109/icwt62080.2024.10674675) <- 'Systematic Review on Interpretability in Computer-Aided Alco' (10.1109/icwt62080.2024.10674675)
2026-07-10 00:35:20,146 INFO   Merged: 'Al-Quran Recitation or Sound Processing Analysis : A Systema' (10.1109/icecos63900.2024.10791189) <- 'Al-Quran Recitation or Sound Processing Analysis : A Systema' (10.1109/icecos63900.2024.10791189)
2026-07-10 00:35:20,146 INFO   Merged: 'A Knowledge Graph Approach with Graph Data Science and Hybri' (10.1109/isriti68345.2025.11393319) <- 'A Knowledge Graph Approach with Graph Data Science and Hybri' (10.1109/isriti68345.2025.11393319)
2026-07-10 00:35:20,146 INFO   Merged: 'A Survey on Knowledge Graph for Enhancing the Performance of' (10.1109/kst67832.2026.11432099) <- 'A Survey on Knowledge Graph for Enhancing the Performance of' (10.1109/kst67832.2026.11432099)
2026-07-10 00:35:20,146 INFO   Merged: 'Inertial Navigation for Quadrotor Using Kalman Filter with D' (10.11591/ijece.v7i5.pp2596-2604) <- 'Inertial Navigation for Quadrotor Using Kalman Filter with D' (10.11591/ijece.v7i5.pp2596-2604)
2026-07-10 00:35:20,146 INFO   Merged: 'Attitude control of UAV bicopter using adaptive LQG' (10.1016/j.rico.2024.100484) <- 'Attitude control of UAV bicopter using adaptive LQG' (10.1016/j.rico.2024.100484)
2026-07-10 00:35:20,146 INFO   Merged: 'Effect of different core materials in very low voltage induc' (10.14203/j.mev.2021.v12.95-103) <- 'Effect of different core materials in very low voltage induc' (10.14203/j.mev.2021.v12.95-103)
2026-07-10 00:35:20,146 INFO   Merged: 'Electric vehicle battery dynamics modelling using support ve' (10.1109/rict-icevt.2013.6741500) <- 'Electric vehicle battery dynamics modelling using support ve' (10.1109/rict-icevt.2013.6741500)
2026-07-10 00:35:20,146 INFO   Merged: 'Omnidirectional Sensing for Escaping Local Minimum on Potent' (10.1109/issimm.2018.8727639) <- 'Omnidirectional Sensing for Escaping Local Minimum on Potent' (10.1109/issimm.2018.8727639)
2026-07-10 00:35:20,146 INFO   Merged: 'Design and Simulation Permanent Magnet Synchronous Generator' (10.1109/cencon47160.2019.8974673) <- 'Design and Simulation Permanent Magnet Synchronous Generator' (10.1109/cencon47160.2019.8974673)
2026-07-10 00:35:20,146 INFO   Merged: 'ESTIMASI POSISI DENGAN MENGGUNAKAN KAMERA MONOKULAR' (10.14710/transmisi.21.1.1-9) <- 'ESTIMASI POSISI DENGAN MENGGUNAKAN KAMERA MONOKULAR' (10.14710/transmisi.21.1.1-9)
2026-07-10 00:35:20,146 INFO   Merged: 'Local Arrival Time Field based Path Planning using Guided Wa' (10.1109/icitisee.2018.8720974) <- 'Local Arrival Time Field based Path Planning using Guided Wa' (10.1109/icitisee.2018.8720974)
2026-07-10 00:35:20,146 INFO   Merged: 'Dynamic Modeling of Prime Mover on Microgrid Testbed Using I' (10.1109/time-e47986.2019.9353304) <- 'Dynamic Modeling of Prime Mover on Microgrid Testbed Using I' (10.1109/time-e47986.2019.9353304)
2026-07-10 00:35:20,146 INFO   Merged: 'Tuning LQR Parameters using Neuro Evolution of Augmenting To' (10.1109/eeccis54468.2022.9902888) <- 'Tuning LQR Parameters using Neuro Evolution of Augmenting To' (10.1109/eeccis54468.2022.9902888)
2026-07-10 00:35:20,146 INFO   Merged: 'Droop Control Strategy of Controlled Three-Phase PWM Rectifi' (10.1109/icitee59582.2023.10317653) <- 'Droop Control Strategy of Controlled Three-Phase PWM Rectifi' (10.1109/icitee59582.2023.10317653)
2026-07-10 00:35:20,147 INFO   Merged: 'Reward Shaping for Mobile Robot Navigation Based on Deep Rei' (10.2478/9788367405713-004) <- 'Reward Shaping for Mobile Robot Navigation Based on Deep Rei' (10.2478/9788367405713-004)
2026-07-10 00:35:20,147 INFO   Merged: 'Trajectory Tracking Control of UAV Bicopter using Linear Qua' (10.48550/arxiv.2309.08226) <- 'Trajectory Tracking Control of UAV Bicopter using Linear Qua' (10.48550/arxiv.2309.08226)
2026-07-10 00:35:20,147 INFO   Merged: 'Real-Time Kinodynamic Motion Planning for Omnidirectional Mo' (10.48550/arxiv.1905.04762) <- 'Real-Time Kinodynamic Motion Planning for Omnidirectional Mo' (10.48550/arxiv.1905.04762)
2026-07-10 00:35:20,147 INFO   Merged: 'Attitude Control and Low Cost Design of Uav Bicopter' (10.2139/ssrn.4674646) <- 'Attitude Control and Low Cost Design of Uav Bicopter' (10.2139/ssrn.4674646)
2026-07-10 00:35:20,147 INFO   Merged: 'Attitude Control of Uav Bicopter Using Adaptive Lqg' (10.2139/ssrn.4685593) <- 'Attitude Control of Uav Bicopter Using Adaptive Lqg' (10.2139/ssrn.4685593)
2026-07-10 00:35:20,147 INFO   Merged: 'Data Fusion and Switching Function For UAV Quadrotor Navigat' (None) <- 'Data Fusion and Switching Function For UAV Quadrotor Navigat' (None)
2026-07-10 00:35:20,147 INFO   Merged: 'Data fusion and switching function for MAV navigation system' (10.1109/iceecs.2014.7045230) <- 'Data fusion and switching function for MAV navigation system' (10.1109/iceecs.2014.7045230)
2026-07-10 00:35:20,147 INFO   Merged: 'Twin Rotor MIMO System Control using Linear Quadratic Regula' (10.1109/iceeie52663.2021.9616893) <- 'Twin Rotor MIMO System Control using Linear Quadratic Regula' (10.1109/iceeie52663.2021.9616893)
2026-07-10 00:35:20,147 INFO   Merged: 'Humanoid Robot Pitch Axis Stabilization using Linear Quadrat' (10.48550/arxiv.2012.10867) <- 'Humanoid Robot Pitch Axis Stabilization using Linear Quadrat' (10.48550/arxiv.2012.10867)
2026-07-10 00:35:20,147 INFO   Merged: 'Attitude Control and Low Cost Design of UAV Bicopter' (10.48550/arxiv.2309.08209) <- 'Attitude Control and Low Cost Design of UAV Bicopter' (10.48550/arxiv.2309.08209)
2026-07-10 00:35:20,147 INFO   Merged: 'Trajectory Tracking Control of Quadrotor using LQ-Servo Cont' (10.5109/7160931) <- 'Trajectory Tracking Control of Quadrotor using LQ-Servo Cont' (10.5109/7160931)
2026-07-10 00:35:20,147 INFO   Merged: 'A Detailed Mathematical Modeling and Simulation of Synchrono' (10.2478/9788367405720-009) <- 'A Detailed Mathematical Modeling and Simulation of Synchrono' (10.2478/9788367405720-009)
2026-07-10 00:35:20,147 INFO   Merged: 'Evaluasi Kinerja PLTS On-Grid 600 kWp pada Jaringan Distribu' (10.22146/jnteti.v13i2.6495) <- 'Evaluasi Kinerja PLTS On-Grid 600 kWp pada Jaringan Distribu' (10.22146/jnteti.v13i2.6495)
2026-07-10 00:35:20,147 INFO   Merged: 'Heterogeneous Multi-Agent Coverage Control through Adaptive ' (10.21203/rs.3.rs-7532772/v1) <- 'Heterogeneous Multi-Agent Coverage Control through Adaptive ' (10.21203/rs.3.rs-7532772/v1)
2026-07-10 00:35:20,147 INFO   Merged: 'Simulation of Signal Processing for Ship Detection on Two Ov' (10.1109/icitee49829.2020.9271698) <- 'Simulation of Signal Processing for Ship Detection on Two Ov' (10.1109/icitee49829.2020.9271698)
2026-07-10 00:35:20,147 INFO   Merged: 'Study on Detection Mechanism of HF Radar for Early Tsunami D' (10.1109/iciteed.2019.8929984) <- 'Study on Detection Mechanism of HF Radar for Early Tsunami D' (10.1109/iciteed.2019.8929984)
2026-07-10 00:35:20,147 INFO   Merged: 'Sequential-Compressive-Range Azimuth Estimation in Radar Sig' (10.1109/icitee53064.2021.9611822) <- 'Sequential-Compressive-Range Azimuth Estimation in Radar Sig' (10.1109/icitee53064.2021.9611822)
2026-07-10 00:35:20,147 INFO   Merged: 'Development of Spectrum Sensing System with GNU Radio and US' (None) <- 'Development of spectrum sensing system with GNU Radio and US' (None)
2026-07-10 00:35:20,147 INFO   Merged: 'Simulation of High Frequency Surface Wave Radar Signal and I' (10.1109/icst47872.2019.9166257) <- 'Simulation of High Frequency Surface Wave Radar Signal and I' (10.1109/icst47872.2019.9166257)
2026-07-10 00:35:20,147 INFO   Merged: 'A High-Frequency Surface Wave Radar Simulation Using FMCW Te' (10.22146/ijitee.56344) <- 'A High-Frequency Surface Wave Radar Simulation Using FMCW Te' (10.22146/ijitee.56344)
2026-07-10 00:35:20,147 INFO   Merged: 'An Evaluation Method of Ship-Tracking Algorithms for High-Fr' (10.1155/2023/1481943) <- 'An Evaluation Method of Ship-Tracking Algorithms for High-Fr' (10.1155/2023/1481943)
2026-07-10 00:35:20,147 INFO   Merged: 'Bragg Peak Detection Using Compatible Mother Wavelet on Ocea' (10.1109/icitee59582.2023.10317710) <- 'Bragg Peak Detection Using Compatible Mother Wavelet on Ocea' (10.1109/icitee59582.2023.10317710)
2026-07-10 00:35:20,147 INFO   Merged: 'Design and Implementation of Emergency Radio Information Sys' (None) <- 'Design and implementation of emergency radio information sys' (None)
2026-07-10 00:35:20,147 INFO   Merged: 'Comparison of Ship Tracking Algorithms on Dual Overlapping H' (10.1109/icitee62483.2024.10808939) <- 'Comparison of Ship Tracking Algorithms on Dual Overlapping H' (10.1109/icitee62483.2024.10808939)
2026-07-10 00:35:20,147 INFO   Merged: 'Comparative Performance Study on Ordinary and Chaos Image En' (10.1109/acomp.2017.25) <- 'Comparative Performance Study on Ordinary and Chaos Image En' (10.1109/acomp.2017.25)
2026-07-10 00:35:20,147 INFO   Merged: 'Utility-Based Horizontal Handover Decision Method for Vehicl' (10.22266/ijies2020.0430.01) <- 'Utility-Based Horizontal Handover Decision Method for Vehicl' (10.22266/ijies2020.0430.01)
2026-07-10 00:35:20,147 INFO   Merged: 'A Controllable RSU and Vampire Moth to Support the Cluster S' (10.5121/ijcnc.2021.13305) <- 'A Controllable RSU and Vampire Moth to Support the Cluster S' (10.5121/ijcnc.2021.13305)
2026-07-10 00:35:20,147 INFO   Merged: 'Cost-based power distribution optimization scheduling in mic' (10.1109/icstc.2017.8011858) <- 'Cost-based power distribution optimization scheduling in mic' (10.1109/icstc.2017.8011858)
2026-07-10 00:35:20,147 INFO   Merged: 'Evaluation of XBee-Pro transmission range for Wireless Senso' (10.1109/icstc.2016.7877347) <- 'Evaluation of XBee-Pro transmission range for Wireless Senso' (10.1109/icstc.2016.7877347)
2026-07-10 00:35:20,147 INFO   Merged: 'Review of Potential Methods for Handover Decision in V2V VAN' (10.1109/icomitee.2019.8921117) <- 'Review of Potential Methods for Handover Decision in V2V VAN' (10.1109/icomitee.2019.8921117)
2026-07-10 00:35:20,147 INFO   Merged: 'A Study on Communication System in VANET' (10.1109/icstc.2018.8528640) <- 'A Study on Communication System in VANET' (10.1109/icstc.2018.8528640)
2026-07-10 00:35:20,147 INFO   Merged: 'Handover Decision for V2V Communication in VANET Based on Mo' (10.12720/jcm.16.7.284-293) <- 'Handover Decision for V2V Communication in VANET Based on Mo' (10.12720/jcm.16.7.284-293)
2026-07-10 00:35:20,147 INFO   Merged: 'Road density prediction: Updated methods of turning probabil' (10.1109/iceecs.2014.7045239) <- 'Road density prediction: Updated methods of turning probabil' (10.1109/iceecs.2014.7045239)
2026-07-10 00:35:20,147 INFO   Merged: 'A Novel Utility Function of Power Control Game in Multi-Chan' (10.17762/ijcnis.v9i3.2770) <- 'A Novel Utility Function of Power Control Game in Multi-Chan' (10.17762/ijcnis.v9i3.2770)
2026-07-10 00:35:20,147 INFO   Merged: 'A Comparative Study Cluster-Based Routing Protocols in VANET' (10.1109/isriti48646.2019.9034661) <- 'A Comparative Study Cluster-Based Routing Protocols in VANET' (10.1109/isriti48646.2019.9034661)
2026-07-10 00:35:20,147 INFO   Merged: 'Cross-layer design of wireless multimedia sensor network bas' (10.1109/icsitech.2015.7407779) <- 'Cross-layer design of wireless multimedia sensor network bas' (10.1109/icsitech.2015.7407779)
2026-07-10 00:35:20,147 INFO   Merged: 'The Blueprint of AWOS Implementation for Aviation Services a' (10.28989/senatik.v4i0.243) <- 'The Blueprint of AWOS Implementation for Aviation Services a' (10.28989/senatik.v4i0.243)
2026-07-10 00:35:20,147 INFO   Merged: 'Performance Evaluation of LoRaWAN for Smart Shuttle Bus Syst' (10.1109/icicyta57421.2022.10037934) <- 'Performance Evaluation of LoRaWAN for Smart Shuttle Bus Syst' (10.1109/icicyta57421.2022.10037934)
2026-07-10 00:35:20,147 INFO   Merged: 'Fuzzy Adaptive Hysteresis of RSS for Handover Decision in V2' (10.17762/ijcnis.v12i3.4859) <- 'Fuzzy Adaptive Hysteresis of RSS for Handover Decision in V2' (10.17762/ijcnis.v12i3.4859)
2026-07-10 00:35:20,147 INFO   Merged: 'Random Time Delay Mitigation in Pulse Radar Systems Implemen' (10.22146/ijitee.42873) <- 'Random Time Delay Mitigation in Pulse Radar Systems Implemen' (10.22146/ijitee.42873)
2026-07-10 00:35:20,148 INFO   Merged: 'Region-Based People Counting with Embedded System in Smart B' (10.1109/ictiia61827.2024.10761592) <- 'Region-Based People Counting with Embedded System in Smart B' (10.1109/ictiia61827.2024.10761592)
2026-07-10 00:35:20,148 INFO   Merged: 'Roadside Unit Power Saving using Vehicle Detection System in' (10.1109/isriti51436.2020.9315473) <- 'Roadside Unit Power Saving using Vehicle Detection System in' (10.1109/isriti51436.2020.9315473)
2026-07-10 00:35:20,148 INFO   Merged: 'A comparative study on centralized and distributed power con' (10.1109/iciteed.2016.7863237) <- 'A comparative study on centralized and distributed power con' (10.1109/iciteed.2016.7863237)
2026-07-10 00:35:20,148 INFO   Merged: 'Perancangan Sistem Penjadwalan untuk Manajemen Penggunaan Ru' (None) <- 'Perancangan Sistem Penjadwalan untuk Manajemen Penggunaan Ru' (None)
2026-07-10 00:35:20,148 INFO   Merged: 'ABNC: Adaptive Border Node Clustering Using Genes Fusion Bas' (10.22266/ijies2020.0229.33) <- 'ABNC: Adaptive Border Node Clustering Using Genes Fusion Bas' (10.22266/ijies2020.0229.33)
2026-07-10 00:35:20,148 INFO   Merged: 'Feasible solution of centralized power control for multi cha' (10.1109/iciteed.2015.7409006) <- 'Feasible solution of centralized power control for multi cha' (10.1109/iciteed.2015.7409006)
2026-07-10 00:35:20,148 INFO   Merged: 'MRV-M: A Cluster Stability in Highway VANET using Minimum Re' (10.1109/icst47872.2019.9166290) <- 'MRV-M: A Cluster Stability in Highway VANET using Minimum Re' (10.1109/icst47872.2019.9166290)
2026-07-10 00:35:20,148 INFO   Merged: 'A game-theoretic approach for dynamic spectrum sharing in co' (10.1109/iciteed.2013.6676248) <- 'A game-theoretic approach for dynamic spectrum sharing in co' (10.1109/iciteed.2013.6676248)
2026-07-10 00:35:20,148 INFO   Merged: 'Modeling Base Station Selection in Open Access Picocell Netw' (None) <- 'Modeling Base Station Selection in Open Access Picocell Netw' (None)
2026-07-10 00:35:20,148 INFO   Merged: 'Discrete bacterial foraging optimization for resource alloca' (10.4218/etrij.2017-0131) <- 'Discrete bacterial foraging optimization for resource alloca' (10.4218/etrij.2017-0131)
2026-07-10 00:35:20,148 INFO   Merged: 'A Preliminary Performance Evaluation of Population-Based Alg' (10.1109/icaiit.2019.8834629) <- 'A Preliminary Performance Evaluation of Population-Based Alg' (10.1109/icaiit.2019.8834629)
2026-07-10 00:35:20,148 INFO   Merged: 'Fuzzy Adaptive Hysteresis of RSS for Handover Decision in V2' (10.54039/ijcnis.v12i3.4859) <- 'Fuzzy Adaptive Hysteresis of RSS for Handover Decision in V2' (10.54039/ijcnis.v12i3.4859)
2026-07-10 00:35:20,148 INFO   Merged: 'Distributed power control vs power control game: A compariso' (10.1109/icasi.2017.7988304) <- 'Distributed power control vs power control game: A compariso' (10.1109/icasi.2017.7988304)
2026-07-10 00:35:20,148 INFO   Merged: 'Regression Analysis for Estimated Distance in Fingerprinting' (10.1109/icstc.2018.8528593) <- 'Regression Analysis for Estimated Distance in Fingerprinting' (10.1109/icstc.2018.8528593)
2026-07-10 00:35:20,148 INFO   Merged: 'Feasible solution of power control in the presence of primar' (10.1109/iciteed.2015.7408919) <- 'Feasible solution of power control in the presence of primar' (10.1109/iciteed.2015.7408919)
2026-07-10 00:35:20,148 INFO   Merged: 'State space modeling of thermal in a room for temperature es' (10.1109/icitisee.2017.8285495) <- 'State space modeling of thermal in a room for temperature es' (10.1109/icitisee.2017.8285495)
2026-07-10 00:35:20,148 INFO   Merged: 'Resource Optimization in Cognitive Radio Network Based on Fi' (10.1109/icitisee.2018.8720953) <- 'Resource Optimization in Cognitive Radio Network Based on Fi' (10.1109/icitisee.2018.8720953)
2026-07-10 00:35:20,148 INFO   Merged: 'Analysis of Smart Mobility Readiness in Banjarmasin City' (10.5220/0009866401580162) <- 'Analysis of Smart Mobility Readiness in Banjarmasin City' (10.5220/0009866401580162)
2026-07-10 00:35:20,148 INFO   Merged: 'A Novel Radio Resource Optimization Scheme in Closed Access ' (10.1587/transcom.2018sei0002) <- 'A Novel Radio Resource Optimization Scheme in Closed Access ' (10.1587/transcom.2018sei0002)
2026-07-10 00:35:20,148 INFO   Merged: 'Classification Driver's Behaviour Using Supervised Algorithm' (10.1109/icst50505.2020.9732829) <- 'Classification Driver's Behaviour Using Supervised Algorithm' (10.1109/icst50505.2020.9732829)
2026-07-10 00:35:20,148 INFO   Merged: 'Cross-layer design for video transmission in wireless multim' (10.1109/iciteed.2016.7863235) <- 'Cross-layer design for video transmission in wireless multim' (10.1109/iciteed.2016.7863235)
2026-07-10 00:35:20,148 INFO   Merged: 'LSTM Architecture Valuation in Recognizing Speech-Based Emot' (10.1109/iaict62357.2024.10617496) <- 'LSTM Architecture Valuation in Recognizing Speech-Based Emot' (10.1109/iaict62357.2024.10617496)
2026-07-10 00:35:20,148 INFO   Merged: 'Performance Investigation of Customized MFCC Feature Extract' (10.1109/icitee62483.2024.10808541) <- 'Performance Investigation of Customized MFCC Feature Extract' (10.1109/icitee62483.2024.10808541)
2026-07-10 00:35:20,148 INFO   Merged: 'Identifikasi Pengaruh Lintasan-Jamak pada DVB-T2 Berdasar Uj' (10.22146/jnteti.v5i2.230) <- 'Identifikasi Pengaruh Lintasan-Jamak pada DVB-T2 Berdasar Uj' (10.22146/jnteti.v5i2.230)
2026-07-10 00:35:20,148 INFO   Merged: 'A Routing Optimization Based on Ant Colony for Wireless Mult' (10.22266/ijies2016.1231.19) <- 'A Routing Optimization Based on Ant Colony for Wireless Mult' (10.22266/ijies2016.1231.19)
2026-07-10 00:35:20,148 INFO   Merged: 'Implementation of Wireless Sensor Network to reduce cashier ' (10.1109/miceei.2014.7067315) <- 'Implementation of Wireless Sensor Network to reduce cashier ' (10.1109/miceei.2014.7067315)
2026-07-10 00:35:20,148 INFO   Merged: 'CNR and BER Ranges for the DVB-T2 Reception-Success' (10.11591/ijece.v7i6.pp3727-3734) <- 'CNR and BER Ranges for the DVB-T2 Reception-Success' (10.11591/ijece.v7i6.pp3727-3734)
2026-07-10 00:35:20,148 INFO   Merged: 'Performance analysis of cluster formation method in vehicula' (10.1109/inaes.2017.8068550) <- 'Performance analysis of cluster formation method in vehicula' (10.1109/inaes.2017.8068550)
2026-07-10 00:35:20,148 INFO   Merged: 'Feasibility of Power Control for Multi-Channel User in Inter' (10.11591/ijece.v6i4.pp1685-1694) <- 'Feasibility of Power Control for Multi-Channel User in Inter' (10.11591/ijece.v6i4.pp1685-1694)
2026-07-10 00:35:20,148 INFO   Merged: 'Spatial-variation of DVB-T2 signal at the receiver-location' (10.1109/inaes.2016.7821928) <- 'Spatial-variation of DVB-T2 signal at the receiver-location' (10.1109/inaes.2016.7821928)
2026-07-10 00:35:20,148 INFO   Merged: 'RUMUSAN METODE DETEKSI PENCURIAN LISTRIK MEMANFAATKAN PERANG' (None) <- 'RUMUSAN METODE DETEKSI PENCURIAN LISTRIK MEMANFAATKAN PERANG' (None)
2026-07-10 00:35:20,148 INFO   Merged: 'Preliminary study: Non cooperative power control game model ' (10.1109/icts.2014.7010569) <- 'Preliminary study: Non cooperative power control game model ' (10.1109/icts.2014.7010569)
2026-07-10 00:35:20,148 INFO   Merged: 'PELACAKAN LEVEL KETINGGIAN AIR BERDASARKAN WARNA DENGAN BACK' (None) <- 'PELACAKAN LEVEL KETINGGIAN AIR BERDASARKAN WARNA DENGAN BACK' (None)
2026-07-10 00:35:20,148 INFO   Merged: 'Probabilistic-relationships in the DVB-T2 mobile-reception s' (10.1109/inaes.2016.7821920) <- 'Probabilistic-relationships in the DVB-T2 mobile-reception s' (10.1109/inaes.2016.7821920)
2026-07-10 00:35:20,148 INFO   Merged: 'Autonomous Distributed Power Control in Multi-Channel Cognit' (10.22266/ijies2017.0430.15) <- 'Autonomous Distributed Power Control in Multi-Channel Cognit' (10.22266/ijies2017.0430.15)
2026-07-10 00:35:20,148 INFO   Merged: 'Performance Evaluation of DTNs Routing Protocols on Train Sy' (10.22266/ijies2017.0630.22) <- 'Performance Evaluation of DTNs Routing Protocols on Train Sy' (10.22266/ijies2017.0630.22)
2026-07-10 00:35:20,148 INFO   Merged: 'Cell and RBs selection scheme for power consumption reductio' (10.1109/iciteed.2017.8250480) <- 'Cell and RBs selection scheme for power consumption reductio' (10.1109/iciteed.2017.8250480)
2026-07-10 00:35:20,148 INFO   Merged: 'Modification of PRoPHET to Enhance Train-based Delay-Toleran' (10.22266/ijies2019.0630.10) <- 'Modification of PRoPHET to Enhance Train-based Delay-Toleran' (10.22266/ijies2019.0630.10)
2026-07-10 00:35:20,148 INFO   Merged: 'Study on a Train- and Bus-based Delay-Tolerant Networks: Sch' (10.1109/icaiit.2019.8834675) <- 'Study on a Train- and Bus-based Delay-Tolerant Networks: Sch' (10.1109/icaiit.2019.8834675)
2026-07-10 00:35:20,149 INFO   Merged: 'Review of Spectrum Handoff Schemes in Cognitive Radio Networ' (10.1109/isemantic52711.2021.9573192) <- 'Review of Spectrum Handoff Schemes in Cognitive Radio Networ' (10.1109/isemantic52711.2021.9573192)
2026-07-10 00:35:20,149 INFO   Merged: 'The Wide Range of Regression Analysis in Distance Estimation' (10.14419/ijet.v7i4.40.24429) <- 'The Wide Range of Regression Analysis in Distance Estimation' (10.14419/ijet.v7i4.40.24429)
2026-07-10 00:35:20,149 INFO   Merged: 'Indoor electrical device control based on activity context a' (10.1109/inaes.2016.7821913) <- 'Indoor electrical device control based on activity context a' (10.1109/inaes.2016.7821913)
2026-07-10 00:35:20,149 INFO   Merged: 'Performance evaluation of DTN protocols for vehicular networ' (10.1109/iciteed.2016.7863234) <- 'Performance evaluation of DTN protocols for vehicular networ' (10.1109/iciteed.2016.7863234)
2026-07-10 00:35:20,149 INFO   Merged: 'Picture-Based Multiple-AntennaTechnique for the DVB-T2 Recei' (10.1515/eletel-2017-0035) <- 'Picture-Based Multiple-AntennaTechnique for the DVB-T2 Recei' (10.1515/eletel-2017-0035)
2026-07-10 00:35:20,149 INFO   Merged: 'Modified image segmentation using sectional thresholding for' (10.1109/bmeicon.2017.8229117) <- 'Modified image segmentation using sectional thresholding for' (10.1109/bmeicon.2017.8229117)
2026-07-10 00:35:20,149 INFO   Merged: 'Channel sharing utility function of power control game in co' (10.52549/ijeei.v7i2.1163) <- 'Channel sharing utility function of power control game in co' (10.52549/ijeei.v7i2.1163)
2026-07-10 00:35:20,149 INFO   Merged: 'Proper Buffer Size and Time to Live on the Scheduled Train S' (10.1109/isriti.2018.8864277) <- 'Proper Buffer Size and Time to Live on the Scheduled Train S' (10.1109/isriti.2018.8864277)
2026-07-10 00:35:20,149 INFO   Merged: 'Review of VANET (Vehicular Ad Hoc Network) and Countermeasur' (10.5220/0009865901270132) <- 'Review of VANET (Vehicular Ad Hoc Network) and Countermeasur' (10.5220/0009865901270132)
2026-07-10 00:35:20,149 INFO   Merged: 'OPTIMAL RESOURCE ALLOCATION IN MACROCELL-FEMTOCELL NETWORK U' (None) <- 'OPTIMAL RESOURCE ALLOCATION IN MACROCELL-FEMTOCELL NETWORK U' (None)
2026-07-10 00:35:20,149 INFO   Merged: 'Design and Implementation of Mobile Applications for Militar' (10.1109/ccwc54503.2022.9720802) <- 'Design and Implementation of Mobile Applications for Militar' (10.1109/ccwc54503.2022.9720802)
2026-07-10 00:35:20,149 INFO   Merged: 'Development of CNN Pruning Method for Earthquake Signal Imag' (10.1109/icitee56407.2022.9954106) <- 'Development of CNN Pruning Method for Earthquake Signal Imag' (10.1109/icitee56407.2022.9954106)
2026-07-10 00:35:20,149 INFO   Merged: 'Rainfall Prediction using Artificial Neural Network with For' (10.1109/iaict59002.2023.10205930) <- 'Rainfall Prediction using Artificial Neural Network with For' (10.1109/iaict59002.2023.10205930)
2026-07-10 00:35:20,149 INFO   Merged: 'Contextualizing YOLOv11 with Spatiotemporal Approach Using Y' (10.1109/icodsa67155.2025.11157317) <- 'Contextualizing YOLOv11 with Spatiotemporal Approach Using Y' (10.1109/icodsa67155.2025.11157317)
2026-07-10 00:35:20,149 INFO   Merged: 'A Fuzzy Trust Model for High-Density VANET Environments with' (10.1109/aims66189.2025.11229792) <- 'A Fuzzy Trust Model for High-Density VANET Environments with' (10.1109/aims66189.2025.11229792)
2026-07-10 00:35:20,149 INFO   Merged: 'A Survey on Hyperparameters Optimization of Deep Learning fo' (10.1109/access.2024.3516198) <- 'A Survey on Hyperparameters Optimization of Deep Learning fo' (10.1109/access.2024.3516198)
2026-07-10 00:35:20,149 INFO   Merged: 'Real-time traffic classification with Twitter data mining' (10.1109/iciteed.2016.7863251) <- 'Real-time traffic classification with Twitter data mining' (10.1109/iciteed.2016.7863251)
2026-07-10 00:35:20,149 INFO   Merged: 'Evaluating user experience of english learning interface usi' (10.1109/icicos.2017.8276345) <- 'Evaluating user experience of english learning interface usi' (10.1109/icicos.2017.8276345)
2026-07-10 00:35:20,149 INFO   Merged: 'Depth gaze and ECG based frequency dynamics during motion si' (10.1016/j.entcom.2018.02.003) <- 'Depth gaze and ECG based frequency dynamics during motion si' (10.1016/j.entcom.2018.02.003)
2026-07-10 00:35:20,149 INFO   Merged: 'Physical discomfort and eye movements during arbitrary and o' (10.1007/s10055-019-00386-w) <- 'Physical discomfort and eye movements during arbitrary and o' (10.1007/s10055-019-00386-w)
2026-07-10 00:35:20,149 INFO   Merged: 'Feature extraction for lesion margin characteristic classifi' (10.1109/icitisee.2016.7803047) <- 'Feature extraction for lesion margin characteristic classifi' (10.1109/icitisee.2016.7803047)
2026-07-10 00:35:20,149 INFO   Merged: 'Observing cognitive load during online learning with various' (10.1504/ijil.2023.132037) <- 'Observing cognitive load during online learning with various' (10.1504/ijil.2023.132037)
2026-07-10 00:35:20,149 INFO   Merged: 'Robust Object Selection in Spontaneous Gaze-Controlled Appli' (10.1109/thms.2024.3413781) <- 'Robust Object Selection in Spontaneous Gaze-Controlled Appli' (10.1109/thms.2024.3413781)
2026-07-10 00:35:20,149 INFO   Merged: 'Evaluating 3D gaze tracking in virtual space: A computer gra' (10.1016/j.entcom.2017.04.003) <- 'Evaluating 3D gaze tracking in virtual space: A computer gra' (10.1016/j.entcom.2017.04.003)
2026-07-10 00:35:20,149 INFO   Merged: 'Investigation of visual attention in day-night driving simul' (10.1109/iciteed.2016.7863260) <- 'Investigation of visual attention in day-night driving simul' (10.1109/iciteed.2016.7863260)
2026-07-10 00:35:20,149 INFO   Merged: 'Quantifying visual attention and visually induced motion sic' (10.1109/icodse.2015.7436996) <- 'Quantifying visual attention and visually induced motion sic' (10.1109/icodse.2015.7436996)
2026-07-10 00:35:20,149 INFO   Merged: 'Towards understanding addiction factors of mobile devices: A' (10.1109/embc.2017.8037353) <- 'Towards understanding addiction factors of mobile devices: A' (10.1109/embc.2017.8037353)
2026-07-10 00:35:20,149 INFO   Merged: 'Spontaneous Gaze Gesture Interaction in the Presence of Nois' (10.1145/3379156.3391363) <- 'Spontaneous Gaze Gesture Interaction in the Presence of Nois' (10.1145/3379156.3391363)
2026-07-10 00:35:20,149 INFO   Merged: 'Robust Pupil Localization Algorithm Based on Circular Hough ' (10.1109/icstc.2018.8528286) <- 'Robust Pupil Localization Algorithm Based on Circular Hough ' (10.1109/icstc.2018.8528286)
2026-07-10 00:35:20,149 INFO   Merged: 'A Robust Image Enhancement Techniques for Underwater Fish Cl' (10.22266/ijies2019.1031.12) <- 'A Robust Image Enhancement Techniques for Underwater Fish Cl' (10.22266/ijies2019.1031.12)
2026-07-10 00:35:20,149 INFO   Merged: 'Wart treatment method selection using AdaBoost with random f' (10.21924/cst.3.2.2018.96) <- 'Wart treatment method selection using AdaBoost with random f' (10.21924/cst.3.2.2018.96)
2026-07-10 00:35:20,149 INFO   Merged: 'Redesign of E-Participation using User-Centered Design Appro' (10.1109/icoiact46704.2019.8938545) <- 'Redesign of E-Participation using User-Centered Design Appro' (10.1109/icoiact46704.2019.8938545)
2026-07-10 00:35:20,149 INFO   Merged: 'Perspective rectification in vehicle number plate recognitio' (10.1109/icsitech.2015.7407810) <- 'Perspective rectification in vehicle number plate recognitio' (10.1109/icsitech.2015.7407810)
2026-07-10 00:35:20,149 INFO   Merged: 'Long distance Automatic Number Plate Recognition under persp' (10.1109/icstc.2017.8011871) <- 'Long distance Automatic Number Plate Recognition under persp' (10.1109/icstc.2017.8011871)
2026-07-10 00:35:20,149 INFO   Merged: 'A Review on Opportunities and Challenges of Machine Learning' (10.1109/ibitec53045.2021.9649434) <- 'A Review on Opportunities and Challenges of Machine Learning' (10.1109/ibitec53045.2021.9649434)
2026-07-10 00:35:20,149 INFO   Merged: 'Examining the effect of website complexity and task complexi' (10.1109/icicos.2017.8276348) <- 'Examining the effect of website complexity and task complexi' (10.1109/icicos.2017.8276348)
2026-07-10 00:35:20,149 INFO   Merged: 'Design of Gamification for Anatomy Learning Media' (10.1109/icitee53064.2021.9611852) <- 'Design of Gamification for Anatomy Learning Media' (10.1109/icitee53064.2021.9611852)
2026-07-10 00:35:20,149 INFO   Merged: 'A Review of Learners' Self-Regulated Learning Behavior Analy' (10.1109/iceed59801.2023.10264050) <- 'A Review of Learners' Self-Regulated Learning Behavior Analy' (10.1109/iceed59801.2023.10264050)
2026-07-10 00:35:20,150 INFO   Merged: 'Cognitive load classification during online shopping using d' (10.1016/j.array.2025.100669) <- 'Cognitive load classification during online shopping using d' (10.1016/j.array.2025.100669)
2026-07-10 00:35:20,150 INFO   Merged: 'Automated segmentation of optic disc area using mathematical' (10.1109/ic3ina.2015.7377739) <- 'Automated segmentation of optic disc area using mathematical' (10.1109/ic3ina.2015.7377739)
2026-07-10 00:35:20,150 INFO   Merged: 'Spinal curvature determination from scoliosis X-Ray image us' (10.1109/icstc.2016.7877343) <- 'Spinal curvature determination from scoliosis X-Ray image us' (10.1109/icstc.2016.7877343)
2026-07-10 00:35:20,150 INFO   Merged: 'Gender recognition using PCA and LDA with improve preprocess' (10.1109/inaes.2017.8068547) <- 'Gender recognition using PCA and LDA with improve preprocess' (10.1109/inaes.2017.8068547)
2026-07-10 00:35:20,150 INFO   Merged: 'Fish Classification Based on Underwater Image Interpolation ' (10.1109/icst47872.2019.9166295) <- 'Fish Classification Based on Underwater Image Interpolation ' (10.1109/icst47872.2019.9166295)
2026-07-10 00:35:20,150 INFO   Merged: 'A Novel User Experience Study of Parallax Scrolling using Ey' (10.18517/ijaseit.8.4.6500) <- 'A Novel User Experience Study of Parallax Scrolling using Ey' (10.18517/ijaseit.8.4.6500)
2026-07-10 00:35:20,150 INFO   Merged: 'Enhancement Methods of Brain MRI Images : A Review' (10.1109/icitee49829.2020.9271785) <- 'Enhancement Methods of Brain MRI Images : A Review' (10.1109/icitee49829.2020.9271785)
2026-07-10 00:35:20,150 INFO   Merged: 'A Survey of Event Detection Methods for Eye Movements Classi' (10.1109/ccs49175.2020.9231384) <- 'A Survey of Event Detection Methods for Eye Movements Classi' (10.1109/ccs49175.2020.9231384)
2026-07-10 00:35:20,150 INFO   Merged: 'Gamification Opportunity in Augmented Reality-Based Learning' (10.1109/icicyta57421.2022.10037922) <- 'Gamification Opportunity in Augmented Reality-Based Learning' (10.1109/icicyta57421.2022.10037922)
2026-07-10 00:35:20,150 INFO   Merged: 'Adaptive Threshold Determination Based on Entropy in Active ' (10.1109/icstc.2018.8528585) <- 'Adaptive Threshold Determination Based on Entropy in Active ' (10.1109/icstc.2018.8528585)
2026-07-10 00:35:20,150 INFO   Merged: 'Spontaneous gaze interaction based on smooth pursuit eye mov' (10.21924/cst.7.1.2022.739) <- 'Spontaneous gaze interaction based on smooth pursuit eye mov' (10.21924/cst.7.1.2022.739)
2026-07-10 00:35:20,150 INFO   Merged: 'The Study of Multivariable Autoregression Methods to Forecas' (10.1109/icitisee53823.2021.9655881) <- 'The Study of Multivariable Autoregression Methods to Forecas' (10.1109/icitisee53823.2021.9655881)
2026-07-10 00:35:20,150 INFO   Merged: 'Development of Gamification Design on Heart Anatomy Learning' (10.1109/ibiomed56408.2022.9987817) <- 'Development of Gamification Design on Heart Anatomy Learning' (10.1109/ibiomed56408.2022.9987817)
2026-07-10 00:35:20,150 INFO   Merged: 'River body extraction and classification using enhanced mode' (10.1109/icoiact.2018.8350789) <- 'River body extraction and classification using enhanced mode' (10.1109/icoiact.2018.8350789)
2026-07-10 00:35:20,150 INFO   Merged: 'A NOVEL APPROACH FOR UNDERWATER IMAGE ENHANCEMENT BASED ON I' (None) <- 'A NOVEL APPROACH FOR UNDERWATER IMAGE ENHANCEMENT BASED ON I' (None)
2026-07-10 00:35:20,150 INFO   Merged: 'Automated localisation of optic disc in retinal colour fundu' (10.21924/cst.2.1.2017.43) <- 'Automated localisation of optic disc in retinal colour fundu' (10.21924/cst.2.1.2017.43)
2026-07-10 00:35:20,150 INFO   Merged: 'Study of Power Transformer Noise Prediction' (10.1109/icitacee50144.2020.9239219) <- 'Study of Power Transformer Noise Prediction' (10.1109/icitacee50144.2020.9239219)
2026-07-10 00:35:20,150 INFO   Merged: 'Rekonstruksi Objek 3D dari Multiple Images' (10.22146/jnteti.v2i1.27) <- 'Rekonstruksi Objek 3D dari Multiple Images' (10.22146/jnteti.v2i1.27)
2026-07-10 00:35:20,150 INFO   Merged: 'User interface design for android-based family genealogy soc' (10.1109/inaes.2017.8068557) <- 'User interface design for android-based family genealogy soc' (10.1109/inaes.2017.8068557)
2026-07-10 00:35:20,150 INFO   Merged: 'Development of a hospital virtual tour with virtual reality-' (10.1504/ijil.2021.117218) <- 'Development of a hospital virtual tour with virtual reality-' (10.1504/ijil.2021.117218)
2026-07-10 00:35:20,150 INFO   Merged: 'Improving Deep Learning-Based Eye Movements Classification U' (10.1109/ibitec59006.2023.10390966) <- 'Improving Deep Learning-Based Eye Movements Classification U' (10.1109/ibitec59006.2023.10390966)
2026-07-10 00:35:20,150 INFO   Merged: 'EEG Motor Imagery Signal Classification Using Firefly Suppor' (10.1109/icias.2018.8540578) <- 'EEG Motor Imagery Signal Classification Using Firefly Suppor' (10.1109/icias.2018.8540578)
2026-07-10 00:35:20,150 INFO   Merged: '3D gaze tracking in real world environment using orthographi' (10.1063/1.4953997) <- '3D gaze tracking in real world environment using orthographi' (10.1063/1.4953997)
2026-07-10 00:35:20,150 INFO   Merged: 'Detection of malaria parasites in thick blood smear: A revie' (10.21924/cst.3.1.2018.75) <- 'Detection of malaria parasites in thick blood smear: A revie' (10.21924/cst.3.1.2018.75)
2026-07-10 00:35:20,150 INFO   Merged: 'Comparative Analysis of Signal Denoising Methods for Object ' (10.1109/icst47872.2019.9166223) <- 'Comparative Analysis of Signal Denoising Methods for Object ' (10.1109/icst47872.2019.9166223)
2026-07-10 00:35:20,150 INFO   Merged: 'Evaluation of Learning Management Systems Based on Usability' (10.1109/isitia59021.2023.10221015) <- 'Evaluation of Learning Management Systems Based on Usability' (10.1109/isitia59021.2023.10221015)
2026-07-10 00:35:20,150 INFO   Merged: 'A Survey of Signal Processing Filters, Calibration, and Inte' (10.1109/icst47872.2019.9166280) <- 'A Survey of Signal Processing Filters, Calibration, and Inte' (10.1109/icst47872.2019.9166280)
2026-07-10 00:35:20,150 INFO   Merged: 'REKONSTRUKSI OBYEK TIGA DIMENSI DARI CITRA DUA DIMENSI MENGG' (None) <- 'REKONSTRUKSI OBYEK TIGA DIMENSI DARI CITRA DUA DIMENSI MENGG' (None)
2026-07-10 00:35:20,150 INFO   Merged: 'Contrast Enhancement Analysis to Detect Glaucoma Based on Te' (10.1166/asl.2017.8737) <- 'Contrast Enhancement Analysis to Detect Glaucoma Based on Te' (10.1166/asl.2017.8737)
2026-07-10 00:35:20,150 INFO   Merged: 'Rekonstruksi dan Visualisasi Objek 3-D Berbasis Algoritma Di' (10.22146/jnteti.v1i2.16) <- 'Rekonstruksi dan Visualisasi Objek 3-D Berbasis Algoritma Di' (10.22146/jnteti.v1i2.16)
2026-07-10 00:35:20,150 INFO   Merged: 'Texture feature extraction for the lung lesion density class' (10.21924/cst.1.1.2016.14) <- 'Texture feature extraction for the lung lesion density class' (10.21924/cst.1.1.2016.14)
2026-07-10 00:35:20,150 INFO   Merged: 'Comparison expert and novice scan behavior for using e-learn' (10.1117/12.2280731) <- 'Comparison expert and novice scan behavior for using e-learn' (10.1117/12.2280731)
2026-07-10 00:35:20,150 INFO   Merged: 'Estimating 3D gaze in physical environment: a geometric appr' (10.1117/12.2266109) <- 'Estimating 3D gaze in physical environment: a geometric appr' (10.1117/12.2266109)
2026-07-10 00:35:20,150 INFO   Merged: 'Observing Impression of User Experience for Learning Cranium' (10.1109/iccce50029.2021.9467189) <- 'Observing Impression of User Experience for Learning Cranium' (10.1109/iccce50029.2021.9467189)
2026-07-10 00:35:20,150 INFO   Merged: 'Observing Cognitive Load During Online Learning with Various' (10.1504/ijil.2023.10051446) <- 'Observing Cognitive Load During Online Learning with Various' (10.1504/ijil.2023.10051446)
2026-07-10 00:35:20,150 INFO   Merged: 'Real Time Monocular Visual Odometry using ORB Features for I' (10.21535/jias.v2i2.854) <- 'Real Time Monocular Visual Odometry using ORB Features for I' (10.21535/jias.v2i2.854)
2026-07-10 00:35:20,150 INFO   Merged: 'Analysis of Segmentation Parameters Effect towards Parallel ' (10.22146/ijitee.35025) <- 'Analysis of Segmentation Parameters Effect towards Parallel ' (10.22146/ijitee.35025)
2026-07-10 00:35:20,150 INFO   Merged: 'Information System Platform for Outbreak Investigation: A Ca' (10.1109/iciteed.2018.8534885) <- 'Information System Platform for Outbreak Investigation: A Ca' (10.1109/iciteed.2018.8534885)
2026-07-10 00:35:20,150 INFO   Merged: 'Eye Blink Classification for Assisting Disability to Communi' (10.22146/ijitee.63515) <- 'Eye Blink Classification for Assisting Disability to Communi' (10.22146/ijitee.63515)
2026-07-10 00:35:20,151 INFO   Merged: 'Development of a hospital virtual tour with virtual reality-' (10.1504/ijil.2021.10040268) <- 'Development of a hospital virtual tour with virtual reality-' (10.1504/ijil.2021.10040268)
2026-07-10 00:35:20,151 INFO   Merged: 'Accessibility Analysis of Learning Management System Website' (10.14421/ijid.2022.3485) <- 'Accessibility Analysis of Learning Management System Website' (10.14421/ijid.2022.3485)
2026-07-10 00:35:20,151 INFO   Merged: 'Systematic Literature Review: Implemented Motor Imagery Reco' (10.1109/aims61812.2024.10512960) <- 'Systematic Literature Review: Implemented Motor Imagery Reco' (10.1109/aims61812.2024.10512960)
2026-07-10 00:35:20,151 INFO   Merged: 'A virtual tour development of butterfly park as a promotiona' (10.1063/5.0200992) <- 'A virtual tour development of butterfly park as a promotiona' (10.1063/5.0200992)
2026-07-10 00:35:20,151 INFO   Merged: 'A Systematic Review of Deep Learning Approaches to Visual Sa' (10.1109/icicos62600.2024.10636890) <- 'A Systematic Review of Deep Learning Approaches to Visual Sa' (10.1109/icicos62600.2024.10636890)
2026-07-10 00:35:20,151 INFO   Merged: 'Optimizing Temporal Convolutional Network for Eye Movement C' (10.1109/ic3ina64086.2024.10732444) <- 'Optimizing Temporal Convolutional Network for Eye Movement C' (10.1109/ic3ina64086.2024.10732444)
2026-07-10 00:35:20,151 INFO   Merged: 'Leveraging Bidirectional Long Short-Term Memory with Bayesia' (10.1109/ibiomed62485.2024.10875813) <- 'Leveraging Bidirectional Long Short-Term Memory with Bayesia' (10.1109/ibiomed62485.2024.10875813)
2026-07-10 00:35:20,151 INFO   Merged: 'A Systematic Review of Gamification and Their Impact on E-co' (10.1109/icitsi65188.2024.10929338) <- 'A Systematic Review of Gamification and Their Impact on E-co' (10.1109/icitsi65188.2024.10929338)
2026-07-10 00:35:20,151 INFO   Merged: 'Field-Weighted Citation Impact Measurement for Indonesian Sc' (10.1109/eecsi67060.2025.11290568) <- 'Field-Weighted Citation Impact Measurement for Indonesian Sc' (10.1109/eecsi67060.2025.11290568)
2026-07-10 00:35:20,151 INFO   Merged: 'Global mean–centered correlation: A variance-reduced and the' (10.1016/j.ins.2026.123502) <- 'Global mean–centered correlation: A variance-reduced and the' (10.1016/j.ins.2026.123502)
2026-07-10 00:35:20,151 INFO   Merged: 'Ordinal-Cardinal Copeland Aggregation for Preference Differe' (10.2139/ssrn.7029524) <- 'Ordinal-Cardinal Copeland Aggregation for Preference Differe' (10.2139/ssrn.7029524)
2026-07-10 00:35:20,151 INFO   Merged: 'Maximum penetration determination of variable renewable ener' (10.1016/j.renene.2020.08.048) <- 'Maximum penetration determination of variable renewable ener' (10.1016/j.renene.2020.08.048)
2026-07-10 00:35:20,151 INFO   Merged: 'Generation expansion planning with a renewable energy target' (10.1016/j.rser.2023.113489) <- 'Generation expansion planning with a renewable energy target' (10.1016/j.rser.2023.113489)
2026-07-10 00:35:20,151 INFO   Merged: 'Short-Term Electric Load Forecasting Using Recurrent Neural ' (10.1109/icstc.2018.8528651) <- 'Short-Term Electric Load Forecasting Using Recurrent Neural ' (10.1109/icstc.2018.8528651)
2026-07-10 00:35:20,151 INFO   Merged: 'Battery energy storage systems reinforcement control strateg' (10.1016/j.rineng.2023.101184) <- 'Battery energy storage systems reinforcement control strateg' (10.1016/j.rineng.2023.101184)
2026-07-10 00:35:20,151 INFO   Merged: 'Long-Term Generation Expansion Planning in Sulawesi Electric' (10.1109/iciteed.2019.8929948) <- 'Long-Term Generation Expansion Planning in Sulawesi Electric' (10.1109/iciteed.2019.8929948)
2026-07-10 00:35:20,151 INFO   Merged: 'Generation Expansion Planning Based on Local Renewable Energ' (10.3390/su14053032) <- 'Generation Expansion Planning Based on Local Renewable Energ' (10.3390/su14053032)
2026-07-10 00:35:20,151 INFO   Merged: 'Environmental Considerations in Long-Term Generation Expansi' (10.1109/fortei-icee50915.2020.9249863) <- 'Environmental Considerations in Long-Term Generation Expansi' (10.1109/fortei-icee50915.2020.9249863)
2026-07-10 00:35:20,151 INFO   Merged: 'Role of the energy-carbon-economy nexus and CO2 abatement co' (10.1016/j.rser.2023.113708) <- 'Role of the energy-carbon-economy nexus and CO2 abatement co' (10.1016/j.rser.2023.113708)
2026-07-10 00:35:20,151 INFO   Merged: 'Study of rooftop PV hosting capacity in 20 kV systems in fac' (10.1016/j.rineng.2024.102517) <- 'Study of rooftop PV hosting capacity in 20 kV systems in fac' (10.1016/j.rineng.2024.102517)
2026-07-10 00:35:20,151 INFO   Merged: 'Power System Planning Assessment for Optimizing Renewable En' (10.3390/su14148436) <- 'Power System Planning Assessment for Optimizing Renewable En' (10.3390/su14148436)
2026-07-10 00:35:20,151 INFO   Merged: 'Optimal Sizing and Siting of PV-Based Distributed Generation' (10.1109/icoiact46704.2019.8938424) <- 'Optimal Sizing and Siting of PV-Based Distributed Generation' (10.1109/icoiact46704.2019.8938424)
2026-07-10 00:35:20,151 INFO   Merged: 'Transmission Expansion Planning for the Optimization of Rene' (10.3390/su131810477) <- 'Transmission Expansion Planning for the Optimization of Rene' (10.3390/su131810477)
2026-07-10 00:35:20,151 INFO   Merged: 'Minimization of Power Losses through Optimal Placement and S' (10.1109/isriti51436.2020.9315446) <- 'Minimization of Power Losses through Optimal Placement and S' (10.1109/isriti51436.2020.9315446)
2026-07-10 00:35:20,151 INFO   Merged: 'Potential of Biomass as RE Source for Sustainable Electricit' (10.1109/ichveps53178.2021.9601067) <- 'Potential of Biomass as RE Source for Sustainable Electricit' (10.1109/ichveps53178.2021.9601067)
2026-07-10 00:35:20,151 INFO   Merged: 'Effect of Distributed Photovoltaic Generation Installation o' (10.1109/icoiact46704.2019.8938534) <- 'Effect of Distributed Photovoltaic Generation Installation o' (10.1109/icoiact46704.2019.8938534)
2026-07-10 00:35:20,151 INFO   Merged: 'Design of Battery Energy Storage System Control Scheme for F' (10.1109/fortei-icee50915.2020.9249865) <- 'Design of Battery Energy Storage System Control Scheme for F' (10.1109/fortei-icee50915.2020.9249865)
2026-07-10 00:35:20,151 INFO   Merged: 'Assessing Potential Scenarios for Achieving New and Renewabl' (10.32479/ijeep.12852) <- 'Assessing Potential Scenarios for Achieving New and Renewabl' (10.32479/ijeep.12852)
2026-07-10 00:35:20,151 INFO   Merged: 'Optimal Placement and Sizing Distributed Wind Generation Usi' (10.1109/icitee49829.2020.9271671) <- 'Optimal Placement and Sizing Distributed Wind Generation Usi' (10.1109/icitee49829.2020.9271671)
2026-07-10 00:35:20,151 INFO   Merged: 'A Voltage Rise Mitigation Control Scheme of Utility-Scale Ba' (10.1109/ichveps53178.2021.9601108) <- 'A Voltage Rise Mitigation Control Scheme of Utility-Scale Ba' (10.1109/ichveps53178.2021.9601108)
2026-07-10 00:35:20,151 INFO   Merged: 'Development of PV hosting-capacity prediction method based o' (10.1080/14786451.2023.2261759) <- 'Development of PV hosting-capacity prediction method based o' (10.1080/14786451.2023.2261759)
2026-07-10 00:35:20,151 INFO   Merged: 'Model-Free Approach to DC Microgrid Optimal Operation under ' (10.3390/en16145369) <- 'Model-Free Approach to DC Microgrid Optimal Operation under ' (10.3390/en16145369)
2026-07-10 00:35:20,151 INFO   Merged: 'The Masterplan for Developing Electricity Systems for Archip' (10.1109/sege.2019.8859915) <- 'The Masterplan for Developing Electricity Systems for Archip' (10.1109/sege.2019.8859915)
2026-07-10 00:35:20,151 INFO   Merged: 'Optimizing Local Renewable Energy Resources for Reducing Ene' (10.1109/ichveps58902.2023.10257316) <- 'Optimizing Local Renewable Energy Resources for Reducing Ene' (10.1109/ichveps58902.2023.10257316)
2026-07-10 00:35:20,151 INFO   Merged: 'Study on Photovoltaic Hosting in Yogyakarta Electric Distrib' (10.1109/icitacee.2018.8576961) <- 'Study on Photovoltaic Hosting in Yogyakarta Electric Distrib' (10.1109/icitacee.2018.8576961)
2026-07-10 00:35:20,151 INFO   Merged: 'Wind and Solar Power Plant Modelling and Its Impact to the J' (10.1109/appeec.2018.8566584) <- 'Wind and Solar Power Plant Modelling and Its Impact to the J' (10.1109/appeec.2018.8566584)
2026-07-10 00:35:20,151 INFO   Merged: 'PMU Location Determination in a Hybrid PMU-SCADA System' (10.1109/icitee49829.2020.9271728) <- 'PMU Location Determination in a Hybrid PMU-SCADA System' (10.1109/icitee49829.2020.9271728)
2026-07-10 00:35:20,152 INFO   Merged: 'Rooftop Photovoltaic Hosting Capacity Assessment: A Case Stu' (10.1109/iceei47359.2019.8988810) <- 'Rooftop Photovoltaic Hosting Capacity Assessment: A Case Stu' (10.1109/iceei47359.2019.8988810)
2026-07-10 00:35:20,152 INFO   Merged: 'Unit Commitment with Primary Frequency Regulation Considerat' (10.1109/icitee49829.2020.9271759) <- 'Unit Commitment with Primary Frequency Regulation Considerat' (10.1109/icitee49829.2020.9271759)
2026-07-10 00:35:20,152 INFO   Merged: 'Design of Microgrid with Distribution Static Synchronous Com' (10.1109/sege.2019.8859860) <- 'Design of Microgrid with Distribution Static Synchronous Com' (10.1109/sege.2019.8859860)
2026-07-10 00:35:20,152 INFO   Merged: 'Battery energy storage system to reduce voltage rise under h' (10.1080/14786451.2022.2136176) <- 'Battery energy storage system to reduce voltage rise under h' (10.1080/14786451.2022.2136176)
2026-07-10 00:35:20,152 INFO   Merged: 'Determination of Maximum Grid-Connected Photovoltaic Penetra' (10.1109/iceei47359.2019.8988911) <- 'Determination of Maximum Grid-Connected Photovoltaic Penetra' (10.1109/iceei47359.2019.8988911)
2026-07-10 00:35:20,152 INFO   Merged: 'Review on Battery Energy Storage System for Power System wit' (10.1109/icst50505.2020.9732801) <- 'Review on Battery Energy Storage System for Power System wit' (10.1109/icst50505.2020.9732801)
2026-07-10 00:35:20,152 INFO   Merged: 'Improved Kron Method for Linear Losses Coefficient' (10.1109/icamimia60881.2023.10427695) <- 'Improved Kron Method for Linear Losses Coefficient' (10.1109/icamimia60881.2023.10427695)
2026-07-10 00:35:20,152 INFO   Merged: 'Optimization of Transmission Expansion Planning Considering ' (10.1109/icitisee48480.2019.9003814) <- 'Optimization of Transmission Expansion Planning Considering ' (10.1109/icitisee48480.2019.9003814)
2026-07-10 00:35:20,152 INFO   Merged: 'Pengaruh Penempatan Unified Power Flow Controller Terhadap K' (None) <- 'Pengaruh Penempatan Unified Power Flow Controller Terhadap K' (None)
2026-07-10 00:35:20,152 INFO   Merged: 'Long-Term Electricity Demand Forecast Using Multivariate Reg' (10.1109/ict-pep53949.2021.9601144) <- 'Long-Term Electricity Demand Forecast Using Multivariate Reg' (10.1109/ict-pep53949.2021.9601144)
2026-07-10 00:35:20,152 INFO   Merged: 'Analysis of Performance Index in Transmission Expansion Plan' (10.1109/isriti51436.2020.9315480) <- 'Analysis of Performance Index in Transmission Expansion Plan' (10.1109/isriti51436.2020.9315480)
2026-07-10 00:35:20,152 INFO   Merged: 'Generation and Transmission Expansion Planning in Remote Are' (10.1109/ichveps53178.2021.9600932) <- 'Generation and Transmission Expansion Planning in Remote Are' (10.1109/ichveps53178.2021.9600932)
2026-07-10 00:35:20,152 INFO   Merged: 'Application of Demand Response Scheme for Generation Schedul' (10.1109/ieeeconf48524.2019.9102498) <- 'Application of Demand Response Scheme for Generation Schedul' (10.1109/ieeeconf48524.2019.9102498)
2026-07-10 00:35:20,152 INFO   Merged: 'Realizing National Targets through Generation Expansion Plan' (10.1109/iconeei64414.2024.10747999) <- 'Realizing National Targets through Generation Expansion Plan' (10.1109/iconeei64414.2024.10747999)
2026-07-10 00:35:20,152 INFO   Merged: 'Determination of Maximum Grid-Connected Photovoltaic Penetra' (10.15676/ijeei.2019.11.3.11) <- 'Determination of Maximum Grid-Connected Photovoltaic Penetra' (10.15676/ijeei.2019.11.3.11)
2026-07-10 00:35:20,152 INFO   Merged: 'Impact of Sizing and Placement on Energy Storage System in G' (10.1109/ieeeconf48524.2019.9102627) <- 'Impact of Sizing and Placement on Energy Storage System in G' (10.1109/ieeeconf48524.2019.9102627)
2026-07-10 00:35:20,152 INFO   Merged: 'A Determination of PV and Wind Power Plant Penetration into ' (10.46962/forteijeeri.v1i1.5) <- 'A Determination of PV and Wind Power Plant Penetration into ' (10.46962/forteijeeri.v1i1.5)
2026-07-10 00:35:20,152 INFO   Merged: 'Assessing The Impact of Variable Renewable Energy on Generat' (10.1109/sege59172.2023.10274567) <- 'Assessing The Impact of Variable Renewable Energy on Generat' (10.1109/sege59172.2023.10274567)
2026-07-10 00:35:20,152 INFO   Merged: 'Impact of STATCOM Installation on Power System’s Voltage Sta' (10.1109/icitisee48480.2019.9003865) <- 'Impact of STATCOM Installation on Power System’s Voltage Sta' (10.1109/icitisee48480.2019.9003865)
2026-07-10 00:35:20,152 INFO   Merged: 'Stochastic Unit Commitment in Various System Sizes under Hig' (10.22146/jnteti.v12i1.5281) <- 'Stochastic Unit Commitment in Various System Sizes under Hig' (10.22146/jnteti.v12i1.5281)
2026-07-10 00:35:20,152 INFO   Merged: 'Impact of Coal Supply Constraint and Renewable Energy Mixed ' (10.1109/icitee59582.2023.10317640) <- 'Impact of Coal Supply Constraint and Renewable Energy Mixed ' (10.1109/icitee59582.2023.10317640)
2026-07-10 00:35:20,152 INFO   Merged: 'Optimizing Renewable Energy Resources on an Isolated Island ' (10.1109/ict-pep63827.2024.10733421) <- 'Optimizing Renewable Energy Resources on an Isolated Island ' (10.1109/ict-pep63827.2024.10733421)
2026-07-10 00:35:20,152 INFO   Merged: 'PMU Installation to Increase The Accuracy of State Estimatio' (10.1109/iciteed.2019.8929976) <- 'PMU Installation to Increase The Accuracy of State Estimatio' (10.1109/iciteed.2019.8929976)
2026-07-10 00:35:20,152 INFO   Merged: 'Evaluation of Reactive Power Control for High PV Penetration' (10.1109/icitee53064.2021.9611863) <- 'Evaluation of Reactive Power Control for High PV Penetration' (10.1109/icitee53064.2021.9611863)
2026-07-10 00:35:20,152 INFO   Merged: 'Customer Behavior and EV Charging Service Business' (10.1109/ict-pep53949.2021.9600991) <- 'Customer Behavior and EV Charging Service Business' (10.1109/ict-pep53949.2021.9600991)
2026-07-10 00:35:20,152 INFO   Merged: 'ANALISIS STABILITAS TEGANGAN SISTEM TENAGA LISTRIK 500 kV JA' (None) <- 'ANALISIS STABILITAS TEGANGAN SISTEM TENAGA LISTRIK 500 kV JA' (None)
2026-07-10 00:35:20,152 INFO   Merged: 'Evaluation of rooftop photovoltaic allocation strategies of ' (10.1063/5.0013574) <- 'Evaluation of rooftop photovoltaic allocation strategies of ' (10.1063/5.0013574)
2026-07-10 00:35:20,152 INFO   Merged: 'ANN for Optimal Operation of BESS in a Grid Integrated Wind ' (10.1109/fortei-icee50915.2020.9249874) <- 'ANN for Optimal Operation of BESS in a Grid Integrated Wind ' (10.1109/fortei-icee50915.2020.9249874)
2026-07-10 00:35:20,152 INFO   Merged: 'Regional Clustering for Developing Electricity Systems in Ar' (10.1109/ict-pep53949.2021.9601113) <- 'Regional Clustering for Developing Electricity Systems in Ar' (10.1109/ict-pep53949.2021.9601113)
2026-07-10 00:35:20,152 INFO   Merged: 'Simulasi Optimal Power Flow Sistem Kelistrikan PT. PLN (Pers' (None) <- 'Simulasi Optimal Power Flow Sistem Kelistrikan PT. PLN (Pers' (None)
2026-07-10 00:35:20,152 INFO   Merged: 'Optimizing the Preventive and Corrective Control Scheme in I' (10.18517/ijaseit.8.5.6518) <- 'Optimizing the Preventive and Corrective Control Scheme in I' (10.18517/ijaseit.8.5.6518)
2026-07-10 00:35:20,152 INFO   Merged: 'PV Operation on the Low Demand Condition in the Java–Bali Sy' (10.1109/iciteed.2019.8929936) <- 'PV Operation on the Low Demand Condition in the Java–Bali Sy' (10.1109/iciteed.2019.8929936)
2026-07-10 00:35:20,152 INFO   Merged: 'Effect of Placement of Scattering Generator Locations on Mic' (10.1109/isriti48646.2019.9034643) <- 'Effect of Placement of Scattering Generator Locations on Mic' (10.1109/isriti48646.2019.9034643)
2026-07-10 00:35:20,152 INFO   Merged: 'The Role of The HVDC System in A Low Inertia AC Grid for Tra' (10.1109/ict-pep50916.2020.9249921) <- 'The Role of The HVDC System in A Low Inertia AC Grid for Tra' (10.1109/ict-pep50916.2020.9249921)
2026-07-10 00:35:20,152 INFO   Merged: 'Muna-Buton System Generation Expansion Planning by Consideri' (10.22146/jnteti.v11i3.3508) <- 'Muna-Buton System Generation Expansion Planning by Consideri' (10.22146/jnteti.v11i3.3508)
2026-07-10 00:35:20,152 INFO   Merged: 'A Review of Stochastic Hosting Capacity Problems Concerning ' (10.1109/ict-pep57242.2022.9988768) <- 'A Review of Stochastic Hosting Capacity Problems Concerning ' (10.1109/ict-pep57242.2022.9988768)
2026-07-10 00:35:20,152 INFO   Merged: 'Pemanfaatan SFCL tipe Bridge untuk Meningkatkan Stabilitas T' (10.22146/jnteti.v12i2.4679) <- 'Pemanfaatan SFCL tipe Bridge untuk Meningkatkan Stabilitas T' (10.22146/jnteti.v12i2.4679)
2026-07-10 00:35:20,153 INFO   Merged: 'Risk Cost Analysis of Fuel Dependency in a Sustainable Energ' (10.1109/eeeic/icpseurope57605.2023.10194718) <- 'Risk Cost Analysis of Fuel Dependency in a Sustainable Energ' (10.1109/eeeic/icpseurope57605.2023.10194718)
2026-07-10 00:35:20,153 INFO   Merged: 'Pengembangan Sistem Kelistrikan Tanah Merah Mempertimbangkan' (10.22146/jnteti.v12i3.5254) <- 'Pengembangan Sistem Kelistrikan Tanah Merah Mempertimbangkan' (10.22146/jnteti.v12i3.5254)
2026-07-10 00:35:20,153 INFO   Merged: 'Impact of Wind Power’s Capacity Credit on the System Reliabi' (10.1109/sege59172.2023.10274537) <- 'Impact of Wind Power’s Capacity Credit on the System Reliabi' (10.1109/sege59172.2023.10274537)
2026-07-10 00:35:20,153 INFO   Merged: 'Analysis of Renewable Energy Project Delays on The Indonesia' (10.1109/icitee59582.2023.10317688) <- 'Analysis of Renewable Energy Project Delays on The Indonesia' (10.1109/icitee59582.2023.10317688)
2026-07-10 00:35:20,153 INFO   Merged: 'Flexible Unit Commitment in a VRE Penetrated System Consider' (10.1109/icamimia60881.2023.10427878) <- 'Flexible Unit Commitment in a VRE Penetrated System Consider' (10.1109/icamimia60881.2023.10427878)
2026-07-10 00:35:20,153 INFO   Merged: 'Literature review deep learning anomaly detection method in ' (10.1063/5.0210243) <- 'Literature review deep learning anomaly detection method in ' (10.1063/5.0210243)
2026-07-10 00:35:20,153 INFO   Merged: 'Optimal Capacity and Location of PV Farms Penetration in 150' (10.1109/icitee62483.2024.10808777) <- 'Optimal Capacity and Location of PV Farms Penetration in 150' (10.1109/icitee62483.2024.10808777)
2026-07-10 00:35:20,153 INFO   Merged: 'Flexible Active Power Control in Grid-Connected Photovoltaic' (10.1109/icpere63447.2024.10845444) <- 'Flexible Active Power Control in Grid-Connected Photovoltaic' (10.1109/icpere63447.2024.10845444)
2026-07-10 00:35:20,153 INFO   Merged: 'Integrated PV-Farm and Micro Hydro as Distributed Generation' (10.22146/juliet.v6i1.104834) <- 'Integrated PV-Farm and Micro Hydro as Distributed Generation' (10.22146/juliet.v6i1.104834)
2026-07-10 00:35:20,153 INFO   Merged: 'A Reinforcement Learning Approach for Frequency-Based Securi' (10.1109/cpeee64598.2025.10987385) <- 'A Reinforcement Learning Approach for Frequency-Based Securi' (10.1109/cpeee64598.2025.10987385)
2026-07-10 00:35:20,153 INFO   Merged: 'System dynamic model for electricity load forecasting in Wes' (10.1063/5.0286200) <- 'System dynamic model for electricity load forecasting in Wes' (10.1063/5.0286200)
2026-07-10 00:35:20,153 INFO   Merged: 'Optimization Model for Energy Consumption Efficiency in Resi' (10.1109/sege65970.2025.11203442) <- 'Optimization Model for Energy Consumption Efficiency in Resi' (10.1109/sege65970.2025.11203442)
2026-07-10 00:35:20,153 INFO   Merged: 'A review of missing values handling methods on time-series d' (10.1109/icitsi.2016.7858189) <- 'A review of missing values handling methods on time-series d' (10.1109/icitsi.2016.7858189)
2026-07-10 00:35:20,153 INFO   Merged: 'Computer aided diagnosis for thyroid cancer system based on ' (10.1016/j.jksuci.2019.01.007) <- 'Computer aided diagnosis for thyroid cancer system based on ' (10.1016/j.jksuci.2019.01.007)
2026-07-10 00:35:20,153 INFO   Merged: 'Light sport exercise detection based on smartwatch and smart' (10.1109/iciteed.2016.7863299) <- 'Light sport exercise detection based on smartwatch and smart' (10.1109/iciteed.2016.7863299)
2026-07-10 00:35:20,153 INFO   Merged: 'Indonesian Sentiment Analysis: An Experimental Study of Four' (10.1109/icdabi51230.2020.9325685) <- 'Indonesian Sentiment Analysis: An Experimental Study of Four' (10.1109/icdabi51230.2020.9325685)
2026-07-10 00:35:20,153 INFO   Merged: 'Enhancing sentiment classification performance using hybrid ' (10.1016/j.icte.2021.04.009) <- 'Enhancing sentiment classification performance using hybrid ' (10.1016/j.icte.2021.04.009)
2026-07-10 00:35:20,153 INFO   Merged: 'Classification of breast ultrasound images based on texture ' (10.1109/ibiomed.2016.7869825) <- 'Classification of breast ultrasound images based on texture ' (10.1109/ibiomed.2016.7869825)
2026-07-10 00:35:20,153 INFO   Merged: 'A Review of Feature Selection Techniques in Sentiment Analys' (10.1109/icst50505.2020.9732885) <- 'A Review of Feature Selection Techniques in Sentiment Analys' (10.1109/icst50505.2020.9732885)
2026-07-10 00:35:20,153 INFO   Merged: 'Boosting the performance of pretrained CNN architecture on d' (10.1111/srt.13505) <- 'Boosting the performance of pretrained CNN architecture on d' (10.1111/srt.13505)
2026-07-10 00:35:20,153 INFO   Merged: 'Analysis of margin sharpness for breast nodule classificatio' (10.1109/iciteed.2017.8250442) <- 'Analysis of margin sharpness for breast nodule classificatio' (10.1109/iciteed.2017.8250442)
2026-07-10 00:35:20,153 INFO   Merged: 'GIVTED-Net: GhostNet-Mobile Involution ViT Encoder-Decoder N' (10.1109/access.2024.3411870) <- 'GIVTED-Net: GhostNet-Mobile Involution ViT Encoder-Decoder N' (10.1109/access.2024.3411870)
2026-07-10 00:35:20,153 INFO   Merged: 'Enhancing dermoscopic pigmented skin lesion classification: ' (10.52225/narra.v5i2.1852) <- 'Enhancing dermoscopic pigmented skin lesion classification: ' (10.52225/narra.v5i2.1852)
2026-07-10 00:35:20,153 INFO   Merged: 'Deep learning-based Diabetic Retinopathy assessment on embed' (10.1109/embc.2017.8037184) <- 'Deep learning-based Diabetic Retinopathy assessment on embed' (10.1109/embc.2017.8037184)
2026-07-10 00:35:20,153 INFO   Merged: 'Robust pupil tracking algorithm based on ellipse fitting' (10.1109/isesd.2016.7886728) <- 'Robust pupil tracking algorithm based on ellipse fitting' (10.1109/isesd.2016.7886728)
2026-07-10 00:35:20,153 INFO   Merged: 'Rule extraction for fuzzy expert system to diagnose Coronary' (10.1109/icitisee.2016.7803062) <- 'Rule extraction for fuzzy expert system to diagnose Coronary' (10.1109/icitisee.2016.7803062)
2026-07-10 00:35:20,153 INFO   Merged: 'Texture analysis for classification of thyroid ultrasound im' (10.1109/elecsym.2016.7861053) <- 'Texture analysis for classification of thyroid ultrasound im' (10.1109/elecsym.2016.7861053)
2026-07-10 00:35:20,153 INFO   Merged: 'Similarity measures of object selection in interactive appli' (10.1109/icoiact.2018.8350701) <- 'Similarity measures of object selection in interactive appli' (10.1109/icoiact.2018.8350701)
2026-07-10 00:35:20,153 INFO   Merged: 'Automated detection of breast cancer lesions using adaptive ' (10.1109/icitsi.2016.7858237) <- 'Automated detection of breast cancer lesions using adaptive ' (10.1109/icitsi.2016.7858237)
2026-07-10 00:35:20,153 INFO   Merged: 'Breast ultrasound image segmentation based on neutrosophic s' (10.1109/icsengt.2017.8123418) <- 'Breast ultrasound image segmentation based on neutrosophic s' (10.1109/icsengt.2017.8123418)
2026-07-10 00:35:20,153 INFO   Merged: 'Classification of Brain Magnetic Resonance Images Based on S' (10.1109/biomic.2018.8610563) <- 'Classification of Brain Magnetic Resonance Images Based on S' (10.1109/biomic.2018.8610563)
2026-07-10 00:35:20,153 INFO   Merged: 'Suction-based Grasp Point Estimation in Cluttered Environmen' (10.1007/s11633-020-1260-1) <- 'Suction-based Grasp Point Estimation in Cluttered Environmen' (10.1007/s11633-020-1260-1)
2026-07-10 00:35:20,153 INFO   Merged: 'Classification of thyroid nodules based on analysis of margi' (10.1109/ic3ina.2017.8251738) <- 'Classification of thyroid nodules based on analysis of margi' (10.1109/ic3ina.2017.8251738)
2026-07-10 00:35:20,153 INFO   Merged: 'Performance analysis of image segmentation for breast ultras' (10.1109/iciteed.2016.7863298) <- 'Performance analysis of image segmentation for breast ultras' (10.1109/iciteed.2016.7863298)
2026-07-10 00:35:20,153 INFO   Merged: 'A Review of Contrast Enhancement Techniques in Digital Image' (10.1109/icstc.2018.8528579) <- 'A Review of Contrast Enhancement Techniques in Digital Image' (10.1109/icstc.2018.8528579)
2026-07-10 00:35:20,153 INFO   Merged: 'A Comparison of Deep Learning Approach for Underwater Object' (10.29207/resti.v6i2.3931) <- 'A Comparison of Deep Learning Approach for Underwater Object' (10.29207/resti.v6i2.3931)
2026-07-10 00:35:20,153 INFO   Merged: 'Performance analysis of filtering techniques for speckle red' (10.1109/elecsym.2016.7861048) <- 'Performance analysis of filtering techniques for speckle red' (10.1109/elecsym.2016.7861048)
2026-07-10 00:35:20,154 INFO   Merged: 'Neutrosophic and fuzzy C-means clustering for breast ultraso' (10.1109/iciteed.2017.8250453) <- 'Neutrosophic and fuzzy C-means clustering for breast ultraso' (10.1109/iciteed.2017.8250453)
2026-07-10 00:35:20,154 INFO   Merged: 'A Review on Face Anti-Spoofing' (10.22146/ijitee.61827) <- 'A Review on Face Anti-Spoofing' (10.22146/ijitee.61827)
2026-07-10 00:35:20,154 INFO   Merged: 'Machine Learning in Gaze-Based Interaction: A Survey of Eye ' (10.1109/cosite52651.2021.9649646) <- 'Machine Learning in Gaze-Based Interaction: A Survey of Eye ' (10.1109/cosite52651.2021.9649646)
2026-07-10 00:35:20,154 INFO   Merged: 'Comparative Performance of Pre-Trained CNN Architectures on ' (10.1109/ice3is59323.2023.10335273) <- 'Comparative Performance of Pre-Trained CNN Architectures on ' (10.1109/ice3is59323.2023.10335273)
2026-07-10 00:35:20,154 INFO   Merged: 'Attitude control of UAV bicopter using adaptive LQG' (10.1016/j.rico.2024.100484) <- 'Attitude control of UAV bicopter using adaptive LQG' (10.1016/j.rico.2024.100484)
2026-07-10 00:35:20,154 INFO   Merged: 'Sampling-based Safety-critical Control for Planar Quadrotors' (10.1007/s12555-025-0115-5) <- 'Sampling-based Safety-critical Control for Planar Quadrotors' (10.1007/s12555-025-0115-5)
2026-07-10 00:35:20,154 INFO   Merged: 'Hybrid resampling to handle imbalanced class on classificati' (10.1109/icicos.2017.8276363) <- 'Hybrid resampling to handle imbalanced class on classificati' (10.1109/icicos.2017.8276363)
2026-07-10 00:35:20,154 INFO   Merged: 'A Novel of Repulsive Function on Artificial Potential Field ' (10.11591/ijece.v6i6.pp3262-3275) <- 'A Novel of Repulsive Function on Artificial Potential Field ' (10.11591/ijece.v6i6.pp3262-3275)
2026-07-10 00:35:20,154 INFO   Merged: 'Feature extraction based on laws' texture energy for lesion ' (10.1109/ic3ina.2017.8251737) <- 'Feature extraction based on laws' texture energy for lesion ' (10.1109/ic3ina.2017.8251737)
2026-07-10 00:35:20,154 INFO   Merged: 'Retinal vessel segmentation based on Frangi filter and morph' (10.1109/iccerec.2017.8226686) <- 'Retinal vessel segmentation based on Frangi filter and morph' (10.1109/iccerec.2017.8226686)
2026-07-10 00:35:20,154 INFO   Merged: 'Classification of thyroid ultrasound images based on shape f' (10.1109/bmeicon.2017.8229106) <- 'Classification of thyroid ultrasound images based on shape f' (10.1109/bmeicon.2017.8229106)
2026-07-10 00:35:20,154 INFO   Merged: 'Application of Artificial Potential Field for Coverage Contr' (10.1007/s40313-020-00571-2) <- 'Application of Artificial Potential Field for Coverage Contr' (10.1007/s40313-020-00571-2)
2026-07-10 00:35:20,154 INFO   Merged: 'Deep Learning Methods for EEG Signals Classification of Moto' (10.22146/ijitee.48110) <- 'Deep Learning Methods for EEG Signals Classification of Moto' (10.22146/ijitee.48110)
2026-07-10 00:35:20,154 INFO   Merged: 'Lung detection using Adaptive Border correction' (10.1109/icstc.2017.8011852) <- 'Lung detection using Adaptive Border correction' (10.1109/icstc.2017.8011852)
2026-07-10 00:35:20,154 INFO   Merged: 'Segmentation of retinal blood vessels using Gabor wavelet an' (10.1109/icsitech.2017.8257166) <- 'Segmentation of retinal blood vessels using Gabor wavelet an' (10.1109/icsitech.2017.8257166)
2026-07-10 00:35:20,154 INFO   Merged: 'Accuracy Improvement of Object Selection in Gaze Gesture App' (10.1109/icitee49829.2020.9271771) <- 'Accuracy Improvement of Object Selection in Gaze Gesture App' (10.1109/icitee49829.2020.9271771)
2026-07-10 00:35:20,154 INFO   Merged: 'Texture analysis and classification in ultrasound medical im' (10.1109/icsengt.2017.8123414) <- 'Texture analysis and classification in ultrasound medical im' (10.1109/icsengt.2017.8123414)
2026-07-10 00:35:20,154 INFO   Merged: 'Performance of Lacunarity Features for Classifying Thyroid N' (10.1109/icispc44900.2018.9006724) <- 'Performance of Lacunarity Features for Classifying Thyroid N' (10.1109/icispc44900.2018.9006724)
2026-07-10 00:35:20,154 INFO   Merged: 'Retracted: Liver Detection Based on Iridology using Local Bi' (10.1109/biomic48413.2019.9034850) <- 'Retracted: Liver Detection Based on Iridology using Local Bi' (10.1109/biomic48413.2019.9034850)
2026-07-10 00:35:20,154 INFO   Merged: 'Comparison of text-image fusion models for high school diplo' (10.21924/cst.5.1.2020.172) <- 'Comparison of text-image fusion models for high school diplo' (10.21924/cst.5.1.2020.172)
2026-07-10 00:35:20,154 INFO   Merged: 'A Combination of Query Expansion Ranking and GA-SVM for Impr' (10.1016/j.procs.2021.05.074) <- 'A Combination of Query Expansion Ranking and GA-SVM for Impr' (10.1016/j.procs.2021.05.074)
2026-07-10 00:35:20,154 INFO   Merged: 'Automated segmentation of hard exudates based on matched fil' (10.1109/issimm.2016.7803728) <- 'Automated segmentation of hard exudates based on matched fil' (10.1109/issimm.2016.7803728)
2026-07-10 00:35:20,154 INFO   Merged: 'Classification of Plasmodium Malariae dan Plasmodium Ovale i' (10.18517/ijaseit.8.6.6514) <- 'Classification of Plasmodium Malariae dan Plasmodium Ovale i' (10.18517/ijaseit.8.6.6514)
2026-07-10 00:35:20,154 INFO   Merged: 'Developing Machine Learning Framework to Classify Harmonized' (10.1109/eiconcit50028.2021.9431888) <- 'Developing Machine Learning Framework to Classify Harmonized' (10.1109/eiconcit50028.2021.9431888)
2026-07-10 00:35:20,154 INFO   Merged: 'Remote Sensing Technology for Land Farm Mapping Based on NDM' (10.22146/ijitee.47430) <- 'Remote Sensing Technology for Land Farm Mapping Based on NDM' (10.22146/ijitee.47430)
2026-07-10 00:35:20,154 INFO   Merged: 'Lung Cancer Detection Algorithm and Method Using Deep Learni' (10.1109/ice3is62977.2024.10775504) <- 'Lung Cancer Detection Algorithm and Method Using Deep Learni' (10.1109/ice3is62977.2024.10775504)
2026-07-10 00:35:20,154 INFO   Merged: 'Few-Shot Weakly Supervised Segmentation for Retinal Fundus I' (10.1109/ibiomed62485.2024.10875823) <- 'Few-Shot Weakly Supervised Segmentation for Retinal Fundus I' (10.1109/ibiomed62485.2024.10875823)
2026-07-10 00:35:20,154 INFO   Merged: 'Meta-learners for few-shot weakly-supervised optic disc and ' (10.1016/j.compbiomed.2025.111384) <- 'Meta-learners for few-shot weakly-supervised optic disc and ' (10.1016/j.compbiomed.2025.111384)
2026-07-10 00:35:20,154 INFO   Merged: 'Segmentation of retinal blood vessels for detection of diabe' (10.21924/cst.1.1.2016.13) <- 'Segmentation of retinal blood vessels for detection of diabe' (10.21924/cst.1.1.2016.13)
2026-07-10 00:35:20,154 INFO   Merged: 'Plasmodium detection methods in thick blood smear images for' (10.1109/icitisee.2016.7803063) <- 'Plasmodium detection methods in thick blood smear images for' (10.1109/icitisee.2016.7803063)
2026-07-10 00:35:20,154 INFO   Merged: 'Maximum entropy principle for exudates segmentation in retin' (10.1109/icts.2016.7910284) <- 'Maximum entropy principle for exudates segmentation in retin' (10.1109/icts.2016.7910284)
2026-07-10 00:35:20,154 INFO   Merged: 'Real time monocular visual odometry using Optical Flow: Stud' (10.1109/icstc.2017.8011864) <- 'Real time monocular visual odometry using Optical Flow: Stud' (10.1109/icstc.2017.8011864)
2026-07-10 00:35:20,154 INFO   Merged: 'Thyroid Nodule Classification Based on Characteristic of Mar' (10.1109/ibiomed.2018.8534944) <- 'Thyroid Nodule Classification Based on Characteristic of Mar' (10.1109/ibiomed.2018.8534944)
2026-07-10 00:35:20,154 INFO   Merged: 'Removing ocular artefacts in EEG signals by using combinatio' (10.1109/icoras.2017.8308056) <- 'Removing ocular artefacts in EEG signals by using combinatio' (10.1109/icoras.2017.8308056)
2026-07-10 00:35:20,154 INFO   Merged: 'A Study on Metaheuristics for Urban Traffic Light Scheduling' (10.1109/iciteed.2018.8534817) <- 'A Study on Metaheuristics for Urban Traffic Light Scheduling' (10.1109/iciteed.2018.8534817)
2026-07-10 00:35:20,154 INFO   Merged: 'Segmentation of optic disc on retinal fundus images using mo' (10.1109/icsitech.2016.7852663) <- 'Segmentation of optic disc on retinal fundus images using mo' (10.1109/icsitech.2016.7852663)
2026-07-10 00:35:20,154 INFO   Merged: 'Path Planning and Path Following Using Arrival Time Field fo' (10.1109/acomp.2017.21) <- 'Path Planning and Path Following Using Arrival Time Field fo' (10.1109/acomp.2017.21)
2026-07-10 00:35:20,154 INFO   Merged: 'Deep learning-based Anomaly Detection on Surveillance Videos' (10.1109/icaicta.2019.8904395) <- 'Deep learning-based Anomaly Detection on Surveillance Videos' (10.1109/icaicta.2019.8904395)
2026-07-10 00:35:20,155 INFO   Merged: 'Night-to-Day Road Scene Translation Using Generative Adversa' (10.1007/978-3-030-65661-4_6) <- 'Night-to-Day Road Scene Translation Using Generative Adversa' (10.1007/978-3-030-65661-4_6)
2026-07-10 00:35:20,155 INFO   Merged: 'Sliding variance and data range for lightweight sports activ' (10.1016/j.jksuci.2018.08.012) <- 'Sliding variance and data range for lightweight sports activ' (10.1016/j.jksuci.2018.08.012)
2026-07-10 00:35:20,155 INFO   Merged: 'Short-Term Load Forecasting With Long Short-Term Memory: A C' (10.1109/icitee49829.2020.9271763) <- 'Short-Term Load Forecasting With Long Short-Term Memory: A C' (10.1109/icitee49829.2020.9271763)
2026-07-10 00:35:20,155 INFO   Merged: 'Arrival time field based path planning algorithm for mobile ' (10.1109/icitacee.2016.7892412) <- 'Arrival time field based path planning algorithm for mobile ' (10.1109/icitacee.2016.7892412)
2026-07-10 00:35:20,155 INFO   Merged: 'Machine Learning Algorithms for Classifying Abscessed and Im' (10.1109/ibiomed.2018.8534887) <- 'Machine Learning Algorithms for Classifying Abscessed and Im' (10.1109/ibiomed.2018.8534887)
2026-07-10 00:35:20,155 INFO   Merged: 'Increasing Performance of Plasmodium Detection Using Bottom-' (10.1109/icitisee53823.2021.9655903) <- 'Increasing Performance of Plasmodium Detection Using Bottom-' (10.1109/icitisee53823.2021.9655903)
2026-07-10 00:35:20,155 INFO   Merged: 'Network Architecture Search Method on Hyperparameter Optimiz' (10.1109/icst50505.2020.9732800) <- 'Network Architecture Search Method on Hyperparameter Optimiz' (10.1109/icst50505.2020.9732800)
2026-07-10 00:35:20,155 INFO   Merged: 'Performance Analysis for Glaucoma Diagnosis Using Transfer L' (10.1109/iwaiip58158.2023.10462771) <- 'Performance Analysis for Glaucoma Diagnosis Using Transfer L' (10.1109/iwaiip58158.2023.10462771)
2026-07-10 00:35:20,155 INFO   Merged: 'A Comparative Study on Lung Nodule Detection: 3D CNN vs Visi' (10.1109/icitisee63424.2024.10729900) <- 'A Comparative Study on Lung Nodule Detection: 3D CNN vs Visi' (10.1109/icitisee63424.2024.10729900)
2026-07-10 00:35:20,155 INFO   Merged: 'Comparative Analysis of Multi-Face Detection Methods in Clas' (10.1109/icvee63912.2024.10823781) <- 'Comparative Analysis of Multi-Face Detection Methods in Clas' (10.1109/icvee63912.2024.10823781)
2026-07-10 00:35:20,155 INFO   Merged: 'EfficientNet Model for Detecting Glaucoma on the PAPILA Data' (10.1109/isriti64779.2024.10963457) <- 'EfficientNet Model for Detecting Glaucoma on the PAPILA Data' (10.1109/isriti64779.2024.10963457)
2026-07-10 00:35:20,155 INFO   Merged: 'Classification of breast ultrasound images based on posterio' (10.1109/icitsi.2016.7858239) <- 'Classification of breast ultrasound images based on posterio' (10.1109/icitsi.2016.7858239)
2026-07-10 00:35:20,155 INFO   Merged: 'Computer Aided Diagnosis using Margin and Posterior Acoustic' (10.12928/telkomnika.v15i4.5021) <- 'Computer Aided Diagnosis using Margin and Posterior Acoustic' (10.12928/telkomnika.v15i4.5021)
2026-07-10 00:35:20,155 INFO   Merged: 'Autocorrection of lung boundary on 3D CT lung cancer images' (10.1016/j.jksuci.2019.02.009) <- 'Autocorrection of lung boundary on 3D CT lung cancer images' (10.1016/j.jksuci.2019.02.009)
2026-07-10 00:35:20,155 INFO   Merged: 'Enumeration of Plasmodium Parasites on Thin Blood Smear Digi' (10.1109/icsitech46713.2019.8987492) <- 'Enumeration of Plasmodium Parasites on Thin Blood Smear Digi' (10.1109/icsitech46713.2019.8987492)
2026-07-10 00:35:20,155 INFO   Merged: 'The Impact of Filtering for Breast Ultrasound Segmentation u' (10.1109/ibiomed56408.2022.9988361) <- 'The Impact of Filtering for Breast Ultrasound Segmentation u' (10.1109/ibiomed56408.2022.9988361)
2026-07-10 00:35:20,155 INFO   Merged: 'Systematic literature review of dermoscopic pigmented skin l' (10.26555/ijain.v9i3.961) <- 'Systematic literature review of dermoscopic pigmented skin l' (10.26555/ijain.v9i3.961)
2026-07-10 00:35:20,155 INFO   Merged: 'Measurement and Classification Retinal Blood Vessel Tortuosi' (10.1109/icoiact50329.2020.9332142) <- 'Measurement and Classification Retinal Blood Vessel Tortuosi' (10.1109/icoiact50329.2020.9332142)
2026-07-10 00:35:20,155 INFO   Merged: 'Dynamic Odometry for Waypoint Tracking of Omnidirectional Me' (10.1109/icitee56407.2022.9954102) <- 'Dynamic Odometry for Waypoint Tracking of Omnidirectional Me' (10.1109/icitee56407.2022.9954102)
2026-07-10 00:35:20,155 INFO   Merged: 'Comparison Performance of Deep Learning Models for Brain Tum' (10.1007/978-981-99-0248-4_24) <- 'Comparison Performance of Deep Learning Models for Brain Tum' (10.1007/978-981-99-0248-4_24)
2026-07-10 00:35:20,155 INFO   Merged: 'MSGNet: Modified MobileNet-ShuffleNet-GhostNet Network for L' (10.1109/icitacee58587.2023.10276687) <- 'MSGNet: Modified MobileNet-ShuffleNet-GhostNet Network for L' (10.1109/icitacee58587.2023.10276687)
2026-07-10 00:35:20,155 INFO   Merged: 'Fine-tuning deep neural network for saliency prediction in m' (10.1016/j.icte.2025.09.008) <- 'Fine-tuning deep neural network for saliency prediction in m' (10.1016/j.icte.2025.09.008)
2026-07-10 00:35:20,155 INFO   Merged: 'Comparison of two different types of morphological method fo' (10.1109/icsitech.2016.7852651) <- 'Comparison of two different types of morphological method fo' (10.1109/icsitech.2016.7852651)
2026-07-10 00:35:20,155 INFO   Merged: 'Review of Optical Braille Recognition Using Camera for Image' (10.1109/ibiomed.2018.8534739) <- 'Review of Optical Braille Recognition Using Camera for Image' (10.1109/ibiomed.2018.8534739)
2026-07-10 00:35:20,155 INFO   Merged: 'Tuning Fractional Order Proportional Integral Derivative Con' (10.1109/icitisee.2018.8721016) <- 'Tuning Fractional Order Proportional Integral Derivative Con' (10.1109/icitisee.2018.8721016)
2026-07-10 00:35:20,155 INFO   Merged: 'An Improved Iris Tracking Algorithm for Eye Identification u' (10.1109/cenim.2018.8710875) <- 'An Improved Iris Tracking Algorithm for Eye Identification u' (10.1109/cenim.2018.8710875)
2026-07-10 00:35:20,155 INFO   Merged: 'Robust Pupil Localization Algorithm under Off-axial Pupil Oc' (10.1109/biomic48413.2019.9034855) <- 'Robust Pupil Localization Algorithm under Off-axial Pupil Oc' (10.1109/biomic48413.2019.9034855)
2026-07-10 00:35:20,155 INFO   Merged: 'Path planning for holonomic mobile robot using arrival time ' (10.1109/ic3ina.2017.8251750) <- 'Path planning for holonomic mobile robot using arrival time ' (10.1109/ic3ina.2017.8251750)
2026-07-10 00:35:20,155 INFO   Merged: 'Analisis Pengaruh Kompresi Citra Fundus terhadap Kinerja Sis' (10.22146/jnteti.v7i1.403) <- 'Analisis Pengaruh Kompresi Citra Fundus terhadap Kinerja Sis' (10.22146/jnteti.v7i1.403)
2026-07-10 00:35:20,155 INFO   Merged: 'Performance of Human Motion Analysis: A Comparison' (10.1109/icstc.2018.8528689) <- 'Performance of Human Motion Analysis: A Comparison' (10.1109/icstc.2018.8528689)
2026-07-10 00:35:20,155 INFO   Merged: 'Artificial Neural Networks for Automated Cell Quantification' (10.3390/proceedings2130989) <- 'Artificial Neural Networks for Automated Cell Quantification' (10.3390/proceedings2130989)
2026-07-10 00:35:20,155 INFO   Merged: 'Performance Enhancement of Complete Ensemble Empirical Mode ' (10.1109/icst47872.2019.9166351) <- 'Performance Enhancement of Complete Ensemble Empirical Mode ' (10.1109/icst47872.2019.9166351)
2026-07-10 00:35:20,155 INFO   Merged: 'An Improved Pupil Detection Method under Eyeglass Occlusions' (10.1109/apcorise46197.2019.9318871) <- 'An Improved Pupil Detection Method under Eyeglass Occlusions' (10.1109/apcorise46197.2019.9318871)
2026-07-10 00:35:20,155 INFO   Merged: 'A New Tele-Healthcare System of Heart Sound Signal Classific' (10.1109/icaibda53487.2021.9689694) <- 'A New Tele-Healthcare System of Heart Sound Signal Classific' (10.1109/icaibda53487.2021.9689694)
2026-07-10 00:35:20,155 INFO   Merged: 'Tuning LQR Parameters using Neuro Evolution of Augmenting To' (10.1109/eeccis54468.2022.9902888) <- 'Tuning LQR Parameters using Neuro Evolution of Augmenting To' (10.1109/eeccis54468.2022.9902888)
2026-07-10 00:35:20,155 INFO   Merged: 'Quadrotor Inertial Navigation Aided by Vehicle Dynamic Model' (10.1109/icitee56407.2022.9954095) <- 'Quadrotor Inertial Navigation Aided by Vehicle Dynamic Model' (10.1109/icitee56407.2022.9954095)
2026-07-10 00:35:20,155 INFO   Merged: 'Comparative Study of Yawn Classification on CNN Architecture' (10.1109/aims61812.2024.10513022) <- 'Comparative Study of Yawn Classification on CNN Architecture' (10.1109/aims61812.2024.10513022)
2026-07-10 00:35:20,156 INFO   Merged: 'Real-Time Kinodynamic Motion Planning for Omnidirectional Mo' (10.48550/arxiv.1905.04762) <- 'Real-Time Kinodynamic Motion Planning for Omnidirectional Mo' (10.48550/arxiv.1905.04762)
2026-07-10 00:35:20,156 INFO   Merged: 'Trajectory Tracking Control of UAV Bicopter using Linear Qua' (10.48550/arxiv.2309.08226) <- 'Trajectory Tracking Control of UAV Bicopter using Linear Qua' (10.48550/arxiv.2309.08226)
2026-07-10 00:35:20,156 INFO   Merged: 'Real-Time Kinodynamic Motion Planning for Omnidirectional Mo' (10.48550/arxiv.1905.04762) <- 'Real-Time Kinodynamic Motion Planning for Omnidirectional Mo' (10.48550/arxiv.1905.04762)
2026-07-10 00:35:20,156 INFO   Merged: 'Attitude Control and Low Cost Design of Uav Bicopter' (10.2139/ssrn.4674646) <- 'Attitude Control and Low Cost Design of Uav Bicopter' (10.2139/ssrn.4674646)
2026-07-10 00:35:20,156 INFO   Merged: 'Attitude Control of Uav Bicopter Using Adaptive Lqg' (10.2139/ssrn.4685593) <- 'Attitude Control of Uav Bicopter Using Adaptive Lqg' (10.2139/ssrn.4685593)
2026-07-10 00:35:20,156 INFO   Merged: 'PERANCANGAN DATA WAREHOUSE E-PROCUREMENT PADA INSTANSI PEMER' (None) <- 'PERANCANGAN DATA WAREHOUSE E-PROCUREMENT PADA INSTANSI PEMER' (None)
2026-07-10 00:35:20,156 INFO   Merged: 'Real Time Monocular Visual Odometry Using Hybrid Features an' (10.18517/ijaseit.8.5.3247) <- 'Real Time Monocular Visual Odometry Using Hybrid Features an' (10.18517/ijaseit.8.5.3247)
2026-07-10 00:35:20,156 INFO   Merged: 'NightOwl: Robotic Platform for Wheeled Service Robot' (10.48550/arxiv.2010.11505) <- 'NightOwl: Robotic Platform for Wheeled Service Robot' (10.48550/arxiv.2010.11505)
2026-07-10 00:35:20,156 INFO   Merged: 'Eliminasi Lesi Gelap Berdasarkan Ciri Eccentricity, Area Dan' (None) <- 'Eliminasi Lesi Gelap Berdasarkan Ciri Eccentricity, Area Dan' (None)
2026-07-10 00:35:20,156 INFO   Merged: 'Twin Rotor MIMO System Control using Linear Quadratic Regula' (10.1109/iceeie52663.2021.9616893) <- 'Twin Rotor MIMO System Control using Linear Quadratic Regula' (10.1109/iceeie52663.2021.9616893)
2026-07-10 00:35:20,156 INFO   Merged: 'Analysis of Retinal Nerve Fiber Layer for Classification of ' (10.1109/icitee53064.2021.9611892) <- 'Analysis of Retinal Nerve Fiber Layer for Classification of ' (10.1109/icitee53064.2021.9611892)
2026-07-10 00:35:20,156 INFO   Merged: 'Research on Skewed License Plate Recognition: A Systematic L' (10.1109/cosite52651.2021.9649535) <- 'Research on Skewed License Plate Recognition: A Systematic L' (10.1109/cosite52651.2021.9649535)
2026-07-10 00:35:20,156 INFO   Merged: 'Auto-tuning PID Controller for NuScale Nuclear Reactor using' (10.1109/icitacee55701.2022.9923982) <- 'Auto-tuning PID Controller for NuScale Nuclear Reactor using' (10.1109/icitacee55701.2022.9923982)
2026-07-10 00:35:20,156 INFO   Merged: 'Givted-Net: Ghostnet-Mobile Involution Vit Encoder-Decoder N' (10.2139/ssrn.4248712) <- 'Givted-Net: Ghostnet-Mobile Involution Vit Encoder-Decoder N' (10.2139/ssrn.4248712)
2026-07-10 00:35:20,156 INFO   Merged: 'An Automatic Brain Tumor Segmentation Using 3D Residual U-Ne' (10.1109/icitisee57756.2022.10057670) <- 'An Automatic Brain Tumor Segmentation Using 3D Residual U-Ne' (10.1109/icitisee57756.2022.10057670)
2026-07-10 00:35:20,156 INFO   Merged: 'Retraction Notice: Liver Detection Based on Iridology using ' (10.1109/biomic48413.2019.10207758) <- 'Retraction Notice: Liver Detection Based on Iridology using ' (10.1109/biomic48413.2019.10207758)
2026-07-10 00:35:20,156 INFO   Merged: 'Attitude Control and Low Cost Design of UAV Bicopter' (10.48550/arxiv.2309.08209) <- 'Attitude Control and Low Cost Design of UAV Bicopter' (10.48550/arxiv.2309.08209)
2026-07-10 00:35:20,156 INFO   Merged: 'Trajectory Tracking Control of Quadrotor using LQ-Servo Cont' (10.5109/7160931) <- 'Trajectory Tracking Control of Quadrotor using LQ-Servo Cont' (10.5109/7160931)
2026-07-10 00:35:20,156 INFO   Merged: 'Off-Policy Adversarial Inverse Reinforcement Learning in Mob' (10.1109/aims61812.2024.10513333) <- 'Off-Policy Adversarial Inverse Reinforcement Learning in Mob' (10.1109/aims61812.2024.10513333)
2026-07-10 00:35:20,156 INFO   Merged: 'Time Series Classification for Eye Tracking-Based Visual-Ver' (10.1109/icitee62483.2024.10808574) <- 'Time Series Classification for Eye Tracking-Based Visual-Ver' (10.1109/icitee62483.2024.10808574)
2026-07-10 00:35:20,156 INFO   Merged: 'Weed Detection Based on Fine-Tuned YOLOv5' (10.1109/icitee62483.2024.10809000) <- 'Weed Detection Based on Fine-Tuned YOLOv5' (10.1109/icitee62483.2024.10809000)
2026-07-10 00:35:20,156 INFO   Merged: 'Heterogeneous Multi-Agent Coverage Control through Adaptive ' (10.21203/rs.3.rs-7532772/v1) <- 'Heterogeneous Multi-Agent Coverage Control through Adaptive ' (10.21203/rs.3.rs-7532772/v1)
2026-07-10 00:35:20,156 INFO   Merged: 'Enhancement Techniques in CT Scan Image for Lung Disease Det' (10.1109/icitee66631.2025.11338141) <- 'Enhancement Techniques in CT Scan Image for Lung Disease Det' (10.1109/icitee66631.2025.11338141)
2026-07-10 00:35:20,156 INFO   Merged: 'A Review of CAM-Based Visual Explanation on Diabetic Retinop' (10.1109/access.2026.3656888) <- 'A Review of CAM-Based Visual Explanation on Diabetic Retinop' (10.1109/access.2026.3656888)
2026-07-10 00:35:20,156 INFO   Merged: 'Smartphone-based Pedestrian Dead Reckoning as an indoor posi' (10.1109/icsengt.2012.6339316) <- 'Smartphone-based Pedestrian Dead Reckoning as an indoor posi' (10.1109/icsengt.2012.6339316)
2026-07-10 00:35:20,156 INFO   Merged: 'Machine Learning Diabetes Diagnosis Literature Review' (10.1109/icitacee58587.2023.10277172) <- 'Machine Learning Diabetes Diagnosis Literature Review' (10.1109/icitacee58587.2023.10277172)
2026-07-10 00:35:20,156 INFO   Merged: 'WSAN-based energy efficient system in building: A monitoring' (10.1109/miceei.2014.7067311) <- 'WSAN-based energy efficient system in building: A monitoring' (10.1109/miceei.2014.7067311)
2026-07-10 00:35:20,156 INFO   Merged: 'Heart Disease Prediction Using Machine Learning: A Systemati' (10.1109/icitacee58587.2023.10277209) <- 'Heart Disease Prediction Using Machine Learning: A Systemati' (10.1109/icitacee58587.2023.10277209)
2026-07-10 00:35:20,156 INFO   Merged: 'Enhancing Counterfeit Detection with Multi-Features on Secur' (10.3390/computers12090183) <- 'Enhancing Counterfeit Detection with Multi-Features on Secur' (10.3390/computers12090183)
2026-07-10 00:35:20,156 INFO   Merged: 'Performance testing of PDR using common sensors on a smartph' (10.1109/icacsis.2013.6761564) <- 'Performance testing of PDR using common sensors on a smartph' (10.1109/icacsis.2013.6761564)
2026-07-10 00:35:20,156 INFO   Merged: 'A Modified Usefulness, Satisfaction, and Ease-of-Use Questio' (10.1109/chiuxid64022.2024.10860418) <- 'A Modified Usefulness, Satisfaction, and Ease-of-Use Questio' (10.1109/chiuxid64022.2024.10860418)
2026-07-10 00:35:20,156 INFO   Merged: 'Virtual Reality-Based Educational Game for Basic Korean Pron' (10.1109/icitee62483.2024.10808844) <- 'Virtual Reality-Based Educational Game for Basic Korean Pron' (10.1109/icitee62483.2024.10808844)
2026-07-10 00:35:20,156 INFO   Merged: 'Virtual Reality-based Platformer Games Development for Eleva' (10.22146/ijitee.33592) <- 'Virtual Reality-based Platformer Games Development for Eleva' (10.22146/ijitee.33592)
2026-07-10 00:35:20,156 INFO   Merged: 'Design and Implementation of a Dashboard System for Monitori' (10.1109/icitee62483.2024.10808311) <- 'Design and Implementation of a Dashboard System for Monitori' (10.1109/icitee62483.2024.10808311)
2026-07-10 00:35:20,156 INFO   Merged: 'Analisis Pengaruh Kompresi Citra Fundus terhadap Kinerja Sis' (10.22146/jnteti.v7i1.403) <- 'Analisis Pengaruh Kompresi Citra Fundus terhadap Kinerja Sis' (10.22146/jnteti.v7i1.403)
2026-07-10 00:35:20,156 INFO   Merged: 'SIMULATION OF UAVs AUTONOMOUSLY APPROACHING CERTAIN TARGET U' (None) <- 'SIMULATION OF UAVs AUTONOMOUSLY APPROACHING CERTAIN TARGET U' (None)
2026-07-10 00:35:20,156 INFO   Merged: 'Impact of Gender and Information Layout on User Experience a' (10.1109/ibiomed62485.2024.10875820) <- 'Impact of Gender and Information Layout on User Experience a' (10.1109/ibiomed62485.2024.10875820)
2026-07-10 00:35:20,156 INFO   Merged: 'Comparison of energy consumption in Wi-Fi and bluetooth comm' (10.1109/ccwc.2017.7868425) <- 'Comparison of energy consumption in Wi-Fi and bluetooth comm' (10.1109/ccwc.2017.7868425)
2026-07-10 00:35:20,157 INFO   Merged: 'Indoor human tracking application using multiple depth-camer' (None) <- 'Indoor human tracking application using multiple depth-camer' (None)
2026-07-10 00:35:20,157 INFO   Merged: 'Trust Based Approach in Adjacent Vehicles to Mitigate Sybil ' (10.1145/3178212.3178231) <- 'Trust Based Approach in Adjacent Vehicles to Mitigate Sybil ' (10.1145/3178212.3178231)
2026-07-10 00:35:20,157 INFO   Merged: 'WSAN-based energy efficient system in building: A monitoring' (10.1109/miceei.2014.7067311) <- 'WSAN-based energy efficient system in building: A monitoring' (10.1109/miceei.2014.7067311)
2026-07-10 00:35:20,157 INFO   Merged: 'Development of Enterprise Security Framework in SKK Migas Ba' (10.1109/iciteed.2018.8534747) <- 'Development of Enterprise Security Framework in SKK Migas Ba' (10.1109/iciteed.2018.8534747)
2026-07-10 00:35:20,157 INFO   Merged: 'An infrastructure-less occupant context-recognition in energ' (10.1109/iciteed.2014.7006991) <- 'An infrastructure-less occupant context-recognition in energ' (10.1109/iciteed.2014.7006991)
2026-07-10 00:35:20,157 INFO   Merged: 'Enterprise Architecture in E-Government Application: A Syste' (10.1109/ies63037.2024.10665873) <- 'Enterprise Architecture in E-Government Application: A Syste' (10.1109/ies63037.2024.10665873)
2026-07-10 00:35:20,157 INFO   Merged: 'Evaluation and Improvement of Electronic Traffic Law Enforce' (10.1109/comnetsat63286.2024.10862320) <- 'Evaluation and Improvement of Electronic Traffic Law Enforce' (10.1109/comnetsat63286.2024.10862320)
2026-07-10 00:35:20,157 INFO   Merged: 'Anomaly Detection in Billing Data Using Voting Classificatio' (10.1109/scored64708.2024.10872639) <- 'Anomaly Detection in Billing Data Using Voting Classificatio' (10.1109/scored64708.2024.10872639)
2026-07-10 00:35:20,157 INFO   Merged: 'Financial Feasibility Study of New Electricity Installations' (10.1109/icadeis65852.2025.10933420) <- 'Financial Feasibility Study of New Electricity Installations' (10.1109/icadeis65852.2025.10933420)
2026-07-10 00:35:20,157 INFO   Merged: 'Whisper of Website Object Preparation: A Systematic Literatu' (10.1109/icimcis63449.2024.10957662) <- 'Whisper of Website Object Preparation: A Systematic Literatu' (10.1109/icimcis63449.2024.10957662)
2026-07-10 00:35:20,157 INFO   Merged: 'Fast and Interactive Byzantine Fault-tolerant Web Services v' (10.1109/metacom65502.2025.00030) <- 'Fast and Interactive Byzantine Fault-tolerant Web Services v' (10.1109/metacom65502.2025.00030)
2026-07-10 00:35:20,157 INFO   Merged: 'Fast and Interactive Byzantine Fault-tolerant Web Services v' (10.48550/arxiv.2507.08281) <- 'Fast and Interactive Byzantine Fault-tolerant Web Services v' (10.48550/arxiv.2507.08281)
2026-07-10 00:35:20,157 INFO   Merged: 'Neural Cognitive Diagnosis for Computerized Adaptive Testing' (10.1109/icitisee68184.2025.11355096) <- 'Neural Cognitive Diagnosis for Computerized Adaptive Testing' (10.1109/icitisee68184.2025.11355096)
2026-07-10 00:35:20,157 INFO   Merged: 'Neural Cognitive Diagnosis Models for Intelligent Adaptive T' (10.1109/kst67832.2026.11432393) <- 'Neural Cognitive Diagnosis Models for Intelligent Adaptive T' (10.1109/kst67832.2026.11432393)
2026-07-10 00:35:20,157 INFO   Merged: 'Portable smart sorting and grading machine for fruits using ' (10.1109/ic3ina.2013.6819151) <- 'Portable smart sorting and grading machine for fruits using ' (10.1109/ic3ina.2013.6819151)
2026-07-10 00:35:20,157 INFO   Merged: 'Hover position quadrotor control with fuzzy logic' (10.1109/icitacee.2014.7065720) <- 'Hover position quadrotor control with fuzzy logic' (10.1109/icitacee.2014.7065720)
2026-07-10 00:35:20,157 INFO   Merged: 'Data Fusion and Switching Function For UAV Quadrotor Navigat' (None) <- 'Data Fusion and Switching Function For UAV Quadrotor Navigat' (None)
2026-07-10 00:35:20,157 INFO   Merged: 'Data fusion and switching function for MAV navigation system' (10.1109/iceecs.2014.7045230) <- 'Data fusion and switching function for MAV navigation system' (10.1109/iceecs.2014.7045230)
2026-07-10 00:35:20,157 INFO   Merged: 'Stabilization Of Quadrotor on SO(3) With Robust Proportional' (10.1109/iciteed.2019.8929961) <- 'Stabilization Of Quadrotor on SO(3) With Robust Proportional' (10.1109/iciteed.2019.8929961)
2026-07-10 00:35:20,157 INFO   Merged: 'Humanoid Robot Pitch Axis Stabilization using Linear Quadrat' (10.48550/arxiv.2012.10867) <- 'Humanoid Robot Pitch Axis Stabilization using Linear Quadrat' (10.48550/arxiv.2012.10867)
2026-07-10 00:35:20,157 INFO   Merged: 'Review of HVDC technologies for weak grid interconnectors' (10.1007/s00202-024-02761-6) <- 'Review of HVDC technologies for weak grid interconnectors' (10.1007/s00202-024-02761-6)
2026-07-10 00:35:20,157 INFO   Merged: 'Development of PMU-Based Transient Stability Detection Metho' (10.3390/en15218241) <- 'Development of PMU-Based Transient Stability Detection Metho' (10.3390/en15218241)
2026-07-10 00:35:20,157 INFO   Merged: 'Study of rooftop PV hosting capacity in 20 kV systems in fac' (10.1016/j.rineng.2024.102517) <- 'Study of rooftop PV hosting capacity in 20 kV systems in fac' (10.1016/j.rineng.2024.102517)
2026-07-10 00:35:20,157 INFO   Merged: 'Power System Planning Assessment for Optimizing Renewable En' (10.3390/su14148436) <- 'Power System Planning Assessment for Optimizing Renewable En' (10.3390/su14148436)
2026-07-10 00:35:20,157 INFO   Merged: 'Transmission Expansion Planning for the Optimization of Rene' (10.3390/su131810477) <- 'Transmission Expansion Planning for the Optimization of Rene' (10.3390/su131810477)
2026-07-10 00:35:20,157 INFO   Merged: 'Minimization of Power Losses through Optimal Placement and S' (10.1109/isriti51436.2020.9315446) <- 'Minimization of Power Losses through Optimal Placement and S' (10.1109/isriti51436.2020.9315446)
2026-07-10 00:35:20,157 INFO   Merged: 'Assessing Potential Scenarios for Achieving New and Renewabl' (10.32479/ijeep.12852) <- 'Assessing Potential Scenarios for Achieving New and Renewabl' (10.32479/ijeep.12852)
2026-07-10 00:35:20,157 INFO   Merged: 'Model-Free Approach to DC Microgrid Optimal Operation under ' (10.3390/en16145369) <- 'Model-Free Approach to DC Microgrid Optimal Operation under ' (10.3390/en16145369)
2026-07-10 00:35:20,157 INFO   Merged: 'The Masterplan for Developing Electricity Systems for Archip' (10.1109/sege.2019.8859915) <- 'The Masterplan for Developing Electricity Systems for Archip' (10.1109/sege.2019.8859915)
2026-07-10 00:35:20,157 INFO   Merged: 'Transient Stability Detection Using CNN-LSTM Considering Tim' (10.1109/ict-pep53949.2021.9601021) <- 'Transient Stability Detection Using CNN-LSTM Considering Tim' (10.1109/ict-pep53949.2021.9601021)
2026-07-10 00:35:20,157 INFO   Merged: 'Review on Battery Energy Storage System for Power System wit' (10.1109/icst50505.2020.9732801) <- 'Review on Battery Energy Storage System for Power System wit' (10.1109/icst50505.2020.9732801)
2026-07-10 00:35:20,157 INFO   Merged: 'Early Failure Detection of Quayside Container Crane Using th' (10.1109/ict-pep63827.2024.10733496) <- 'Early Failure Detection of Quayside Container Crane Using th' (10.1109/ict-pep63827.2024.10733496)
2026-07-10 00:35:20,157 INFO   Merged: 'Minimum SCR and Impact of PLL Gain on Flat Start Capability ' (10.1109/powertech55446.2023.10202918) <- 'Minimum SCR and Impact of PLL Gain on Flat Start Capability ' (10.1109/powertech55446.2023.10202918)
2026-07-10 00:35:20,157 INFO   Merged: 'Achieving Net Zero Emissions by 2060: The Role of Nuclear an' (10.1109/isriti64779.2024.10963626) <- 'Achieving Net Zero Emissions by 2060: The Role of Nuclear an' (10.1109/isriti64779.2024.10963626)
2026-07-10 00:35:20,157 INFO   Merged: 'Reactive Power Incentive in Distribution Network with High P' (10.1109/ict-pep53949.2021.9601137) <- 'Reactive Power Incentive in Distribution Network with High P' (10.1109/ict-pep53949.2021.9601137)
2026-07-10 00:35:20,157 INFO   Merged: 'Single-Phase Shift Modulation of DAB Converter in Typhoon HI' (10.22146/jnteti.v13i1.6876) <- 'Single-Phase Shift Modulation of DAB Converter in Typhoon HI' (10.22146/jnteti.v13i1.6876)
2026-07-10 00:35:20,157 INFO   Merged: 'Customer Behavior and EV Charging Service Business' (10.1109/ict-pep53949.2021.9600991) <- 'Customer Behavior and EV Charging Service Business' (10.1109/ict-pep53949.2021.9600991)
2026-07-10 00:35:20,158 INFO   Merged: 'A Review of Reactive Power Management in Distribution Networ' (10.1109/appeec50844.2021.9687706) <- 'A Review of Reactive Power Management in Distribution Networ' (10.1109/appeec50844.2021.9687706)
2026-07-10 00:35:20,158 INFO   Merged: 'ANN for Optimal Operation of BESS in a Grid Integrated Wind ' (10.1109/fortei-icee50915.2020.9249874) <- 'ANN for Optimal Operation of BESS in a Grid Integrated Wind ' (10.1109/fortei-icee50915.2020.9249874)
2026-07-10 00:35:20,158 INFO   Merged: 'Transient Stability Assessment Considering Number and Locati' (10.1109/sege59172.2023.10274573) <- 'Transient Stability Assessment Considering Number and Locati' (10.1109/sege59172.2023.10274573)
2026-07-10 00:35:20,158 INFO   Merged: 'Droop Control Strategy of Controlled Three-Phase PWM Rectifi' (10.1109/icitee59582.2023.10317653) <- 'Droop Control Strategy of Controlled Three-Phase PWM Rectifi' (10.1109/icitee59582.2023.10317653)
2026-07-10 00:35:20,158 INFO   Merged: 'The Role of The HVDC System in A Low Inertia AC Grid for Tra' (10.1109/ict-pep50916.2020.9249921) <- 'The Role of The HVDC System in A Low Inertia AC Grid for Tra' (10.1109/ict-pep50916.2020.9249921)
2026-07-10 00:35:20,158 INFO   Merged: 'Thermal Model for Single-Phase Dual Active Bridge Converter ' (10.1109/cpeee56777.2023.10217537) <- 'Thermal Model for Single-Phase Dual Active Bridge Converter ' (10.1109/cpeee56777.2023.10217537)
2026-07-10 00:35:20,158 INFO   Merged: 'Multi-Terminal HVDC Implementation for Connecting Indonesian' (10.1109/icitee62483.2024.10808760) <- 'Multi-Terminal HVDC Implementation for Connecting Indonesian' (10.1109/icitee62483.2024.10808760)
2026-07-10 00:35:20,158 INFO   Merged: 'Advancing Multi-Island Interconnectors in Indonesia: A Compr' (10.1109/icitee62483.2024.10808385) <- 'Advancing Multi-Island Interconnectors in Indonesia: A Compr' (10.1109/icitee62483.2024.10808385)
2026-07-10 00:35:20,158 INFO   Merged: 'Impact Assessment and Mitigation of A Power System With Dyna' (10.1109/icitee62483.2024.10808221) <- 'Impact Assessment and Mitigation of A Power System With Dyna' (10.1109/icitee62483.2024.10808221)
2026-07-10 00:35:20,158 INFO   Merged: 'Correction to: Energy Informatics' (10.1007/978-3-031-74741-0_25) <- 'Correction to: Energy Informatics' (10.1007/978-3-031-74741-0_25)
2026-07-10 00:35:20,158 INFO   Merged: 'Data Driven Frequency Stability Detection in Power Systems U' (10.1109/bts-i2c63534.2024.10942308) <- 'Data Driven Frequency Stability Detection in Power Systems U' (10.1109/bts-i2c63534.2024.10942308)
2026-07-10 00:35:20,158 INFO   Merged: 'System Protection Hoisting Quayside Container Crane Using Io' (10.1109/icocseti63724.2025.11020455) <- 'System Protection Hoisting Quayside Container Crane Using Io' (10.1109/icocseti63724.2025.11020455)
2026-07-10 00:35:20,158 INFO   Merged: 'Optimal Design of the Cable Layout in a Wind Farm Using Modi' (10.1109/icera66156.2025.11087267) <- 'Optimal Design of the Cable Layout in a Wind Farm Using Modi' (10.1109/icera66156.2025.11087267)
2026-07-10 00:35:20,158 INFO   Merged: 'Semau Island Generation Expansion Planning Considering Econo' (10.1109/eecsi67060.2025.11290348) <- 'Semau Island Generation Expansion Planning Considering Econo' (10.1109/eecsi67060.2025.11290348)
2026-07-10 00:35:20,158 INFO   Merged: 'Transformer Encoder Model for Sequential Prediction of Stude' (10.1109/access.2023.3246122) <- 'Transformer Encoder Model for Sequential Prediction of Stude' (10.1109/access.2023.3246122)
2026-07-10 00:35:20,158 INFO   Merged: 'A Survey on Hyperparameters Optimization of Deep Learning fo' (10.1109/access.2024.3516198) <- 'A Survey on Hyperparameters Optimization of Deep Learning fo' (10.1109/access.2024.3516198)
2026-07-10 00:35:20,158 INFO   Merged: 'Atomic Evaluation using Large Language Model for Automated E' (10.1109/comnetsat63286.2024.10862459) <- 'Atomic Evaluation using Large Language Model for Automated E' (10.1109/comnetsat63286.2024.10862459)
2026-07-10 00:35:20,158 INFO   Merged: 'Cognitive load classification during online shopping using d' (10.1016/j.array.2025.100669) <- 'Cognitive load classification during online shopping using d' (10.1016/j.array.2025.100669)
2026-07-10 00:35:20,158 INFO   Merged: 'Transformers Based Automated Short Answer Grading with Contr' (10.1109/icitee59582.2023.10317785) <- 'Transformers Based Automated Short Answer Grading with Contr' (10.1109/icitee59582.2023.10317785)
2026-07-10 00:35:20,158 INFO   Merged: 'A Systematic Literature Review: Leveraging Vision Transforme' (10.1109/icitisee63424.2024.10730649) <- 'A Systematic Literature Review: Leveraging Vision Transforme' (10.1109/icitisee63424.2024.10730649)
2026-07-10 00:35:20,158 INFO   Merged: 'Analytical Incremental Learning: Fast Constructive Learning ' (10.1007/978-3-319-46672-9_30) <- 'Analytical Incremental Learning: Fast Constructive Learning ' (10.1007/978-3-319-46672-9_30)
2026-07-10 00:35:20,158 INFO   Merged: 'CNN-Based Model for Copy Detection Pattern Estimation and Au' (10.22146/jnteti.v12i1.6205) <- 'CNN-Based Model for Copy Detection Pattern Estimation and Au' (10.22146/jnteti.v12i1.6205)
2026-07-10 00:35:20,158 INFO   Merged: 'Enhancing Counterfeit Detection with Multi-Features on Secur' (10.3390/computers12090183) <- 'Enhancing Counterfeit Detection with Multi-Features on Secur' (10.3390/computers12090183)
2026-07-10 00:35:20,158 INFO   Merged: 'Improving Deep Learning-Based Eye Movements Classification U' (10.1109/ibitec59006.2023.10390966) <- 'Improving Deep Learning-Based Eye Movements Classification U' (10.1109/ibitec59006.2023.10390966)
2026-07-10 00:35:20,158 INFO   Merged: 'Predicting student performance based on their interaction ac' (10.1201/9781003353423-25) <- 'Predicting student performance based on their interaction ac' (10.1201/9781003353423-25)
2026-07-10 00:35:20,158 INFO   Merged: 'Aspect Based Sentiment Analysis of PLN Customer Complaints D' (10.1109/icitee62483.2024.10808802) <- 'Aspect Based Sentiment Analysis of PLN Customer Complaints D' (10.1109/icitee62483.2024.10808802)
2026-07-10 00:35:20,158 INFO   Merged: 'Pros and Cons of Fixation and Smooth Pursuit Interaction in ' (10.1109/icst56971.2022.10136260) <- 'Pros and Cons of Fixation and Smooth Pursuit Interaction in ' (10.1109/icst56971.2022.10136260)
2026-07-10 00:35:20,158 INFO   Merged: 'Review of Feature Extraction on Video-Oculography (VOG) and ' (10.1109/cyberneticscom55287.2022.9865308) <- 'Review of Feature Extraction on Video-Oculography (VOG) and ' (10.1109/cyberneticscom55287.2022.9865308)
2026-07-10 00:35:20,158 INFO   Merged: 'A Survey Study of Strategies for Improving User Interface in' (10.1109/icitcom62788.2024.10762638) <- 'A Survey Study of Strategies for Improving User Interface in' (10.1109/icitcom62788.2024.10762638)
2026-07-10 00:35:20,158 INFO   Merged: 'Multi-Task Learning Aspect Based Sentiment Analysis with BER' (10.1109/icitee62483.2024.10808387) <- 'Multi-Task Learning Aspect Based Sentiment Analysis with BER' (10.1109/icitee62483.2024.10808387)
2026-07-10 00:35:20,158 INFO   Merged: 'Improvement of Small Object Detection of Handwritten Answer ' (10.1109/icadeis65852.2025.10933354) <- 'Improvement of Small Object Detection of Handwritten Answer ' (10.1109/icadeis65852.2025.10933354)
2026-07-10 00:35:20,158 INFO   Merged: 'Kajian Penggunaan Data Log Mahasiswa untuk Berbagai Permasal' (10.22146/jnteti.v9i4.779) <- 'Kajian Penggunaan Data Log Mahasiswa untuk Berbagai Permasal' (10.22146/jnteti.v9i4.779)
2026-07-10 00:35:20,158 INFO   Merged: 'Analytical incremental learning: Fast constructive learning ' (None) <- 'Analytical incremental learning: Fast constructive learning ' (None)
2026-07-10 00:35:20,158 INFO   Merged: 'Optimizing Temporal Convolutional Network for Eye Movement C' (10.1109/ic3ina64086.2024.10732444) <- 'Optimizing Temporal Convolutional Network for Eye Movement C' (10.1109/ic3ina64086.2024.10732444)
2026-07-10 00:35:20,158 INFO   Merged: 'Anomaly Detection in Billing Data Using Voting Classificatio' (10.1109/scored64708.2024.10872639) <- 'Anomaly Detection in Billing Data Using Voting Classificatio' (10.1109/scored64708.2024.10872639)
2026-07-10 00:35:20,158 INFO   Merged: 'Leveraging Bidirectional Long Short-Term Memory with Bayesia' (10.1109/ibiomed62485.2024.10875813) <- 'Leveraging Bidirectional Long Short-Term Memory with Bayesia' (10.1109/ibiomed62485.2024.10875813)
2026-07-10 00:35:20,158 INFO   Merged: 'A Systematic Literature Review of Transfer Learning for Eye ' (10.1109/icadeis65852.2025.10933367) <- 'A Systematic Literature Review of Transfer Learning for Eye ' (10.1109/icadeis65852.2025.10933367)
2026-07-10 00:35:20,158 INFO   Merged: 'Leveraging Segformer for Precision Segmentation of Optic Cup' (10.1109/icadeis65852.2025.10932981) <- 'Leveraging Segformer for Precision Segmentation of Optic Cup' (10.1109/icadeis65852.2025.10932981)
2026-07-10 00:35:20,159 INFO   Merged: 'Fraud and Anomaly Detection in Electricity Usage Patterns Us' (10.1109/icadeis65852.2025.10933399) <- 'Fraud and Anomaly Detection in Electricity Usage Patterns Us' (10.1109/icadeis65852.2025.10933399)
2026-07-10 00:35:20,159 INFO   Merged: 'Feature Implementation of Lunar Cycles for Flood Disaster Cl' (10.1109/icimtech67074.2025.11265291) <- 'Feature Implementation of Lunar Cycles for Flood Disaster Cl' (10.1109/icimtech67074.2025.11265291)
2026-07-10 00:35:20,159 INFO   Merged: 'Fine-Tuning Whisper for Domain-Specific ASR: Transcribing In' (10.1109/icaicta67604.2025.11335113) <- 'Fine-Tuning Whisper for Domain-Specific ASR: Transcribing In' (10.1109/icaicta67604.2025.11335113)
2026-07-10 00:35:20,159 INFO   Merged: 'Lightweight Swin-Transformer and DistilGPT-2 for Image-to-La' (10.1109/icatei67676.2025.11405233) <- 'Lightweight Swin-Transformer and DistilGPT-2 for Image-to-La' (10.1109/icatei67676.2025.11405233)
2026-07-10 00:35:20,159 INFO   Merged: 'A Multi-Agent Agentic AI System for Energy-Efficient and Per' (10.1109/icca66035.2025.11431040) <- 'A Multi-Agent Agentic AI System for Energy-Efficient and Per' (10.1109/icca66035.2025.11431040)
2026-07-10 00:35:20,159 INFO   Merged: 'Applying Gradient Penalty in Neural Ratio Estimation to Obta' (10.1109/iccraids67816.2026.11519709) <- 'Applying Gradient Penalty in Neural Ratio Estimation to Obta' (10.1109/iccraids67816.2026.11519709)
2026-07-10 00:35:20,159 INFO   Merged: 'Sustainable Cold Ironing with On-Grid Photovoltaic Power: A ' (10.1109/icera66156.2025.11086634) <- 'Sustainable Cold Ironing with On-Grid Photovoltaic Power: A ' (10.1109/icera66156.2025.11086634)
2026-07-10 00:35:20,159 INFO   Merged: 'Assessment of PV Placement Strategies to Reduce Losses in Di' (10.1109/iceeie66203.2025.11252178) <- 'Assessment of PV Placement Strategies to Reduce Losses in Di' (10.1109/iceeie66203.2025.11252178)
2026-07-10 00:35:20,159 INFO   Merged: 'Sinusoidal Pulse Width Modulation Berbasis Lookup Table untu' (10.22146/jnteti.v2i2.55) <- 'Sinusoidal Pulse Width Modulation Berbasis Lookup Table untu' (10.22146/jnteti.v2i2.55)
2026-07-10 00:35:20,159 INFO   Merged: 'Efficient EV Charging using Optimal DC-DC DAB 400 V to 115 V' (10.1109/aims61812.2024.10512463) <- 'Efficient EV Charging using Optimal DC-DC DAB 400 V to 115 V' (10.1109/aims61812.2024.10512463)
2026-07-10 00:35:20,159 INFO   Merged: 'Power Quality Control Strategy of MMC Rectifier as Solid Sta' (10.1109/icpea56918.2023.10093220) <- 'Power Quality Control Strategy of MMC Rectifier as Solid Sta' (10.1109/icpea56918.2023.10093220)
2026-07-10 00:35:20,159 INFO   Merged: 'Design of Output Voltage Control for Dual-Active Bridge of S' (10.1109/icsgteis60500.2023.10424151) <- 'Design of Output Voltage Control for Dual-Active Bridge of S' (10.1109/icsgteis60500.2023.10424151)
2026-07-10 00:35:20,159 INFO   Merged: 'Single-Phase Shift Modulation of DAB Converter in Typhoon HI' (10.22146/jnteti.v13i1.6876) <- 'Single-Phase Shift Modulation of DAB Converter in Typhoon HI' (10.22146/jnteti.v13i1.6876)
2026-07-10 00:35:20,159 INFO   Merged: 'Buck Converter Parameters Design Using Artificial Intelligen' (10.1109/icitee62483.2024.10808195) <- 'Buck Converter Parameters Design Using Artificial Intelligen' (10.1109/icitee62483.2024.10808195)
2026-07-10 00:35:20,159 INFO   Merged: 'Sistem Kendali Daya Aktif untuk Inverter Satu Fase yang Teri' (None) <- 'Sistem Kendali Daya Aktif untuk Inverter Satu Fase yang Teri' (None)
2026-07-10 00:35:20,159 INFO   Merged: 'Power Quality Control Strategy of MMC Inverter as Solid Stat' (10.1109/ichveps58902.2023.10257498) <- 'Power Quality Control Strategy of MMC Inverter as Solid Stat' (10.1109/ichveps58902.2023.10257498)
2026-07-10 00:35:20,159 INFO   Merged: 'Droop Control Strategy of Controlled Three-Phase PWM Rectifi' (10.1109/icitee59582.2023.10317653) <- 'Droop Control Strategy of Controlled Three-Phase PWM Rectifi' (10.1109/icitee59582.2023.10317653)
2026-07-10 00:35:20,159 INFO   Merged: 'PWM Rectifier Impedance Modeling for the UGM-INKA Hybrid Tra' (10.1109/icitee59582.2023.10317765) <- 'PWM Rectifier Impedance Modeling for the UGM-INKA Hybrid Tra' (10.1109/icitee59582.2023.10317765)
2026-07-10 00:35:20,159 INFO   Merged: 'Thermal Model for Single-Phase Dual Active Bridge Converter ' (10.1109/cpeee56777.2023.10217537) <- 'Thermal Model for Single-Phase Dual Active Bridge Converter ' (10.1109/cpeee56777.2023.10217537)
2026-07-10 00:35:20,159 INFO   Merged: 'Design of Controller Area Network (CAN) Communication for PW' (10.1109/icsgteis60500.2023.10424115) <- 'Design of Controller Area Network (CAN) Communication for PW' (10.1109/icsgteis60500.2023.10424115)
2026-07-10 00:35:20,159 INFO   Merged: 'Jitter Clock Effect Analysis on Modular Dual Active Bridge (' (10.1109/icamimia60881.2023.10427750) <- 'Jitter Clock Effect Analysis on Modular Dual Active Bridge (' (10.1109/icamimia60881.2023.10427750)
2026-07-10 00:35:20,159 INFO   Merged: 'IGBT Losses Analysis of a Three-Phase Rectifier Converter on' (10.1109/isriti60336.2023.10467279) <- 'IGBT Losses Analysis of a Three-Phase Rectifier Converter on' (10.1109/isriti60336.2023.10467279)
2026-07-10 00:35:20,159 INFO   Merged: 'The Modular Multilevel Converter (MMC) Lower Level Control I' (10.1109/ice3is62977.2024.10775570) <- 'The Modular Multilevel Converter (MMC) Lower Level Control I' (10.1109/ice3is62977.2024.10775570)
2026-07-10 00:35:20,159 INFO   Merged: 'Optimization of SVC Placement and Sizing in the Gorontalo Po' (10.1109/ict-pep67281.2025.11232014) <- 'Optimization of SVC Placement and Sizing in the Gorontalo Po' (10.1109/ict-pep67281.2025.11232014)
2026-07-10 00:35:20,159 INFO   Merged: 'Low Voltage Network Reconfiguration Strategy for Mitigating ' (10.1109/icitacee66165.2025.11232620) <- 'Low Voltage Network Reconfiguration Strategy for Mitigating ' (10.1109/icitacee66165.2025.11232620)
2026-07-10 00:35:20,159 INFO   Merged: 'Power Flow Analysis of Hybrid Solar-Grid Shore Power Systems' (10.1109/ifeec65025.2025.11301577) <- 'Power Flow Analysis of Hybrid Solar-Grid Shore Power Systems' (10.1109/ifeec65025.2025.11301577)
2026-07-10 00:35:20,159 INFO   Merged: 'Voltage Control Using Long-Short-Term Memory (LSTM) for Dual' (10.1109/icitee66631.2025.11338242) <- 'Voltage Control Using Long-Short-Term Memory (LSTM) for Dual' (10.1109/icitee66631.2025.11338242)
2026-07-10 00:35:20,159 INFO   Merged: 'Comparison of Balanced and Unbalanced Conditions in Microgri' (10.1109/icitee66631.2025.11338456) <- 'Comparison of Balanced and Unbalanced Conditions in Microgri' (10.1109/icitee66631.2025.11338456)
2026-07-10 00:35:20,159 INFO   Merged: 'Design of a Hybrid Energy System for Cold Ironing at Tenau K' (10.1109/ismee68179.2025.11472823) <- 'Design of a Hybrid Energy System for Cold Ironing at Tenau K' (10.1109/ismee68179.2025.11472823)
2026-07-10 00:35:20,159 INFO   Merged: 'Six-step commutation with round robin state machine to allev' (10.1109/iceecs.2014.7045256) <- 'Six-step commutation with round robin state machine to allev' (10.1109/iceecs.2014.7045256)
2026-07-10 00:35:20,159 INFO   Merged: 'Precision Boundary Detection for EIT Leg Swelling Imaging Us' (10.1109/ibiomed62485.2024.10875828) <- 'Precision Boundary Detection for EIT Leg Swelling Imaging Us' (10.1109/ibiomed62485.2024.10875828)
2026-07-10 00:35:20,159 INFO   Merged: 'A Systematic Literature Review of Artificial Intelligence on' (10.1109/ibiomed62485.2024.10875821) <- 'A Systematic Literature Review of Artificial Intelligence on' (10.1109/ibiomed62485.2024.10875821)
2026-07-10 00:35:20,159 INFO   Merged: 'Study of rooftop PV hosting capacity in 20 kV systems in fac' (10.1016/j.rineng.2024.102517) <- 'Study of rooftop PV hosting capacity in 20 kV systems in fac' (10.1016/j.rineng.2024.102517)
2026-07-10 00:35:20,159 INFO   Merged: 'Hosting Capacity Improvement Using Reactive Power Control St' (10.1109/sege.2019.8859888) <- 'Hosting Capacity Improvement Using Reactive Power Control St' (10.1109/sege.2019.8859888)
2026-07-10 00:35:20,159 INFO   Merged: 'A Voltage Rise Mitigation Control Scheme of Utility-Scale Ba' (10.1109/ichveps53178.2021.9601108) <- 'A Voltage Rise Mitigation Control Scheme of Utility-Scale Ba' (10.1109/ichveps53178.2021.9601108)
2026-07-10 00:35:20,159 INFO   Merged: 'Development of PV hosting-capacity prediction method based o' (10.1080/14786451.2023.2261759) <- 'Development of PV hosting-capacity prediction method based o' (10.1080/14786451.2023.2261759)
2026-07-10 00:35:20,159 INFO   Merged: 'Rooftop Photovoltaic Hosting Capacity Assessment: A Case Stu' (10.1109/iceei47359.2019.8988810) <- 'Rooftop Photovoltaic Hosting Capacity Assessment: A Case Stu' (10.1109/iceei47359.2019.8988810)
2026-07-10 00:35:20,160 INFO   Merged: 'Battery energy storage system to reduce voltage rise under h' (10.1080/14786451.2022.2136176) <- 'Battery energy storage system to reduce voltage rise under h' (10.1080/14786451.2022.2136176)
2026-07-10 00:35:20,160 INFO   Merged: 'Determination of PV Location to Reduce Losses with Mini Hydr' (10.1109/icitee62483.2024.10808974) <- 'Determination of PV Location to Reduce Losses with Mini Hydr' (10.1109/icitee62483.2024.10808974)
2026-07-10 00:35:20,160 INFO   Merged: 'Stochastic enhancement of distribution network to increase h' (10.1016/j.prime.2025.101073) <- 'Stochastic enhancement of distribution network to increase h' (10.1016/j.prime.2025.101073)
2026-07-10 00:35:20,160 INFO   Merged: 'Evaluation of Reactive Power Control for High PV Penetration' (10.1109/icitee53064.2021.9611863) <- 'Evaluation of Reactive Power Control for High PV Penetration' (10.1109/icitee53064.2021.9611863)
2026-07-10 00:35:20,160 INFO   Merged: 'Evaluation of rooftop photovoltaic allocation strategies of ' (10.1063/5.0013574) <- 'Evaluation of rooftop photovoltaic allocation strategies of ' (10.1063/5.0013574)
2026-07-10 00:35:20,160 INFO   Merged: 'Pengembangan Metode Penentuan Kapasitas Hosting untuk Penetr' (None) <- 'Pengembangan Metode Penentuan Kapasitas Hosting untuk Penetr' (None)
2026-07-10 00:35:20,160 INFO   Merged: 'A Review of Stochastic Hosting Capacity Problems Concerning ' (10.1109/ict-pep57242.2022.9988768) <- 'A Review of Stochastic Hosting Capacity Problems Concerning ' (10.1109/ict-pep57242.2022.9988768)
2026-07-10 00:35:20,160 INFO   Merged: 'Optimal Capacity and Location of PV Farms Penetration in 150' (10.1109/icitee62483.2024.10808777) <- 'Optimal Capacity and Location of PV Farms Penetration in 150' (10.1109/icitee62483.2024.10808777)
2026-07-10 00:35:20,160 INFO   Merged: 'Network Reconfiguration Strategies for Reducing Network Loss' (10.1109/icitee62483.2024.10808894) <- 'Network Reconfiguration Strategies for Reducing Network Loss' (10.1109/icitee62483.2024.10808894)
2026-07-10 00:35:20,160 INFO   Merged: 'Optimization of Electric Vehicle Charging based on Time-of-U' (10.1109/icitee66631.2025.11338358) <- 'Optimization of Electric Vehicle Charging based on Time-of-U' (10.1109/icitee66631.2025.11338358)
2026-07-10 00:35:20,383 INFO Selesai. Output di exports/
2026-07-10 00:35:20,383 INFO   lecturers: 64, publications: 3087, links: 4029, metrics: 31
2026-07-10 00:37:07,924 INFO Mulai batch openalex_20260709T173707Z
2026-07-10 00:37:07,926 INFO Loaded 64 dosen dari dosen_source.csv
2026-07-10 00:37:08,010 INFO [1/64] Resolving Sasongko Pramonohadi
2026-07-10 00:37:08,059 INFO   -> matched https://openalex.org/A5051659768 (orcid), 181 works
2026-07-10 00:37:08,079 INFO [2/64] Resolving P. Insap Santosa
2026-07-10 00:37:08,168 INFO   -> matched https://openalex.org/A5044371299 (orcid), 286 works
2026-07-10 00:37:08,184 INFO [3/64] Resolving Wahyu Dewanto
2026-07-10 00:37:09,073 INFO HTTP Request: GET https://api.openalex.org/authors?mailto=nl.nightlogin%40gmail.com&filter=scopus%3A57566905800 "HTTP/1.1 200 OK"
2026-07-10 00:37:10,138 INFO HTTP Request: GET https://api.openalex.org/authors?mailto=nl.nightlogin%40gmail.com&search=Wahyu+Dewanto&filter=affiliations.institution.ror%3Ahttps%3A%2F%2Fror.org%2F03ke6d638 "HTTP/1.1 200 OK"
2026-07-10 00:37:10,568 INFO HTTP Request: GET https://api.openalex.org/works?mailto=nl.nightlogin%40gmail.com&filter=authorships.author.id%3Ahttps%3A%2F%2Fopenalex.org%2FA5110525796&per-page=200&cursor=%2A "HTTP/1.1 200 OK"
2026-07-10 00:37:11,903 INFO   -> matched https://openalex.org/A5110525796 (name_search), 48 works
2026-07-10 00:37:11,907 INFO [4/64] Resolving Tumiran
2026-07-10 00:37:12,283 INFO HTTP Request: GET https://api.openalex.org/authors?mailto=nl.nightlogin%40gmail.com&filter=orcid%3A0000-0002-4063-3203 "HTTP/1.1 200 OK"
2026-07-10 00:37:12,616 INFO HTTP Request: GET https://api.openalex.org/authors?mailto=nl.nightlogin%40gmail.com&filter=scopus%3A24279155800 "HTTP/1.1 200 OK"
2026-07-10 00:37:13,966 INFO HTTP Request: GET https://api.openalex.org/authors?mailto=nl.nightlogin%40gmail.com&search=Tumiran&filter=affiliations.institution.ror%3Ahttps%3A%2F%2Fror.org%2F03ke6d638 "HTTP/1.1 200 OK"
2026-07-10 00:37:14,954 INFO HTTP Request: GET https://api.openalex.org/works?mailto=nl.nightlogin%40gmail.com&filter=authorships.author.id%3Ahttps%3A%2F%2Fopenalex.org%2FA5008865510&per-page=200&cursor=%2A "HTTP/1.1 200 OK"
2026-07-10 00:37:16,337 INFO   -> matched https://openalex.org/A5008865510 (name_search), 53 works
2026-07-10 00:37:16,341 INFO [5/64] Resolving Sujoko Sumaryono
2026-07-10 00:37:16,787 INFO HTTP Request: GET https://api.openalex.org/authors?mailto=nl.nightlogin%40gmail.com&filter=scopus%3A57194161883 "HTTP/1.1 200 OK"
2026-07-10 00:37:17,326 INFO HTTP Request: GET https://api.openalex.org/authors?mailto=nl.nightlogin%40gmail.com&search=Sujoko+Sumaryono&filter=affiliations.institution.ror%3Ahttps%3A%2F%2Fror.org%2F03ke6d638 "HTTP/1.1 200 OK"
2026-07-10 00:37:17,893 INFO HTTP Request: GET https://api.openalex.org/works?mailto=nl.nightlogin%40gmail.com&filter=authorships.author.id%3Ahttps%3A%2F%2Fopenalex.org%2FA5064457713&per-page=200&cursor=%2A "HTTP/1.1 200 OK"
2026-07-10 00:37:19,148 INFO   -> matched https://openalex.org/A5064457713 (name_search), 46 works
2026-07-10 00:37:19,151 INFO [6/64] Resolving Bambang Sugiyantoro
2026-07-10 00:37:19,531 INFO HTTP Request: GET https://api.openalex.org/authors?mailto=nl.nightlogin%40gmail.com&filter=scopus%3A57205058764 "HTTP/1.1 200 OK"
2026-07-10 00:37:20,036 INFO HTTP Request: GET https://api.openalex.org/authors?mailto=nl.nightlogin%40gmail.com&search=Bambang+Sugiyantoro&filter=affiliations.institution.ror%3Ahttps%3A%2F%2Fror.org%2F03ke6d638 "HTTP/1.1 200 OK"
2026-07-10 00:37:20,592 INFO HTTP Request: GET https://api.openalex.org/works?mailto=nl.nightlogin%40gmail.com&filter=authorships.author.id%3Ahttps%3A%2F%2Fopenalex.org%2FA5021602423&per-page=200&cursor=%2A "HTTP/1.1 200 OK"
2026-07-10 00:37:21,547 INFO   -> matched https://openalex.org/A5021602423 (name_search), 24 works
2026-07-10 00:37:21,548 INFO [7/64] Resolving Rudy Hartanto
2026-07-10 00:37:21,976 INFO HTTP Request: GET https://api.openalex.org/authors?mailto=nl.nightlogin%40gmail.com&filter=scopus%3A57213689477 "HTTP/1.1 200 OK"
2026-07-10 00:37:22,606 INFO HTTP Request: GET https://api.openalex.org/authors?mailto=nl.nightlogin%40gmail.com&search=Rudy+Hartanto&filter=affiliations.institution.ror%3Ahttps%3A%2F%2Fror.org%2F03ke6d638 "HTTP/1.1 200 OK"
2026-07-10 00:37:24,270 INFO HTTP Request: GET https://api.openalex.org/works?mailto=nl.nightlogin%40gmail.com&filter=authorships.author.id%3Ahttps%3A%2F%2Fopenalex.org%2FA5003684636&per-page=200&cursor=%2A "HTTP/1.1 200 OK"
2026-07-10 00:37:26,259 INFO   -> matched https://openalex.org/A5003684636 (name_search), 158 works
2026-07-10 00:37:26,275 INFO [8/64] Resolving Lukito Edi Nugroho
2026-07-10 00:37:26,683 INFO HTTP Request: GET https://api.openalex.org/authors?mailto=nl.nightlogin%40gmail.com&filter=scopus%3A6507794445 "HTTP/1.1 200 OK"
2026-07-10 00:37:27,059 INFO HTTP Request: GET https://api.openalex.org/authors?mailto=nl.nightlogin%40gmail.com&search=Lukito+Edi+Nugroho&filter=affiliations.institution.ror%3Ahttps%3A%2F%2Fror.org%2F03ke6d638 "HTTP/1.1 200 OK"
2026-07-10 00:37:28,737 INFO HTTP Request: GET https://api.openalex.org/works?mailto=nl.nightlogin%40gmail.com&filter=authorships.author.id%3Ahttps%3A%2F%2Fopenalex.org%2FA5090606053&per-page=200&cursor=%2A "HTTP/1.1 200 OK"
2026-07-10 00:37:31,213 INFO HTTP Request: GET https://api.openalex.org/works?mailto=nl.nightlogin%40gmail.com&filter=authorships.author.id%3Ahttps%3A%2F%2Fopenalex.org%2FA5090606053&per-page=200&cursor=IlsnLUluZmluaXR5JywgMCwgJ2h0dHBzOi8vb3BlbmFsZXgub3JnL1cxOTA0Nzk0NTI0J10i "HTTP/1.1 200 OK"
2026-07-10 00:37:32,920 INFO   -> matched https://openalex.org/A5090606053 (name_search), 273 works
2026-07-10 00:37:32,933 INFO [9/64] Resolving M. Isnaeni Bs
2026-07-10 00:37:33,346 INFO HTTP Request: GET https://api.openalex.org/authors?mailto=nl.nightlogin%40gmail.com&filter=scopus%3A56516959400 "HTTP/1.1 200 OK"
2026-07-10 00:37:33,863 INFO HTTP Request: GET https://api.openalex.org/authors?mailto=nl.nightlogin%40gmail.com&search=M.+Isnaeni+Bs&filter=affiliations.institution.ror%3Ahttps%3A%2F%2Fror.org%2F03ke6d638 "HTTP/1.1 200 OK"
2026-07-10 00:37:34,485 INFO HTTP Request: GET https://api.openalex.org/works?mailto=nl.nightlogin%40gmail.com&filter=authorships.author.id%3Ahttps%3A%2F%2Fopenalex.org%2FA5006102732&per-page=200&cursor=%2A "HTTP/1.1 200 OK"
2026-07-10 00:37:35,212 INFO   -> matched https://openalex.org/A5006102732 (name_search), 10 works
2026-07-10 00:37:35,213 INFO [10/64] Resolving Risanuri Hidayat
2026-07-10 00:37:35,275 INFO   -> matched https://openalex.org/A5010571279 (orcid), 227 works
2026-07-10 00:37:35,286 INFO [11/64] Resolving Oyas Wahyunggoro
2026-07-10 00:37:36,110 INFO HTTP Request: GET https://api.openalex.org/authors?mailto=nl.nightlogin%40gmail.com&filter=scopus%3A25825877400 "HTTP/1.1 200 OK"
2026-07-10 00:37:36,640 INFO HTTP Request: GET https://api.openalex.org/authors?mailto=nl.nightlogin%40gmail.com&search=Oyas+Wahyunggoro&filter=affiliations.institution.ror%3Ahttps%3A%2F%2Fror.org%2F03ke6d638 "HTTP/1.1 200 OK"
2026-07-10 00:37:37,734 INFO HTTP Request: GET https://api.openalex.org/works?mailto=nl.nightlogin%40gmail.com&filter=authorships.author.id%3Ahttps%3A%2F%2Fopenalex.org%2FA5000536091&per-page=200&cursor=%2A "HTTP/1.1 200 OK"
2026-07-10 00:37:40,264 INFO   -> matched https://openalex.org/A5000536091 (name_search), 196 works
2026-07-10 00:37:40,274 INFO [12/64] Resolving Teguh Bharata Adji
2026-07-10 00:37:40,719 INFO HTTP Request: GET https://api.openalex.org/authors?mailto=nl.nightlogin%40gmail.com&filter=scopus%3A24734043700 "HTTP/1.1 200 OK"
2026-07-10 00:37:41,129 INFO HTTP Request: GET https://api.openalex.org/authors?mailto=nl.nightlogin%40gmail.com&search=Teguh+Bharata+Adji&filter=affiliations.institution.ror%3Ahttps%3A%2F%2Fror.org%2F03ke6d638 "HTTP/1.1 200 OK"
2026-07-10 00:37:42,476 INFO HTTP Request: GET https://api.openalex.org/works?mailto=nl.nightlogin%40gmail.com&filter=authorships.author.id%3Ahttps%3A%2F%2Fopenalex.org%2FA5085718292&per-page=200&cursor=%2A "HTTP/1.1 200 OK"
2026-07-10 00:37:46,251 INFO HTTP Request: GET https://api.openalex.org/works?mailto=nl.nightlogin%40gmail.com&filter=authorships.author.id%3Ahttps%3A%2F%2Fopenalex.org%2FA5085718292&per-page=200&cursor=IlsnLUluZmluaXR5JywgMCwgJ2h0dHBzOi8vb3BlbmFsZXgub3JnL1cyODkwNzQ2NjY0J10i "HTTP/1.1 200 OK"
2026-07-10 00:37:47,777 INFO   -> matched https://openalex.org/A5085718292 (name_search), 242 works
2026-07-10 00:37:47,784 INFO [13/64] Resolving Sri Suning Kusumawardani
2026-07-10 00:37:47,807 INFO   -> matched https://openalex.org/A5079804283 (orcid), 146 works
2026-07-10 00:37:47,811 INFO [14/64] Resolving Silmi Fauziati
2026-07-10 00:37:48,259 INFO HTTP Request: GET https://api.openalex.org/authors?mailto=nl.nightlogin%40gmail.com&filter=scopus%3A56596753400 "HTTP/1.1 200 OK"
2026-07-10 00:37:48,908 INFO HTTP Request: GET https://api.openalex.org/authors?mailto=nl.nightlogin%40gmail.com&search=Silmi+Fauziati&filter=affiliations.institution.ror%3Ahttps%3A%2F%2Fror.org%2F03ke6d638 "HTTP/1.1 200 OK"
2026-07-10 00:37:49,812 INFO HTTP Request: GET https://api.openalex.org/works?mailto=nl.nightlogin%40gmail.com&filter=authorships.author.id%3Ahttps%3A%2F%2Fopenalex.org%2FA5108644292&per-page=200&cursor=%2A "HTTP/1.1 200 OK"
2026-07-10 00:37:51,643 INFO   -> matched https://openalex.org/A5108644292 (name_search), 96 works
2026-07-10 00:37:51,645 INFO [15/64] Resolving Selo
2026-07-10 00:37:51,664 INFO   -> matched https://openalex.org/A5056307156 (orcid), 155 works
2026-07-10 00:37:51,668 INFO [16/64] Resolving F. Danang Wijaya
2026-07-10 00:37:51,691 INFO   -> matched https://openalex.org/A5015090952 (orcid), 194 works
2026-07-10 00:37:51,697 INFO [17/64] Resolving Warsun Najib
2026-07-10 00:37:51,703 INFO   -> matched https://openalex.org/A5058138529 (orcid), 37 works
2026-07-10 00:37:51,705 INFO [18/64] Resolving Addin Suwastono
2026-07-10 00:37:52,208 INFO HTTP Request: GET https://api.openalex.org/authors?mailto=nl.nightlogin%40gmail.com&filter=scopus%3A56516977600 "HTTP/1.1 200 OK"
2026-07-10 00:37:52,548 INFO HTTP Request: GET https://api.openalex.org/authors?mailto=nl.nightlogin%40gmail.com&search=Addin+Suwastono&filter=affiliations.institution.ror%3Ahttps%3A%2F%2Fror.org%2F03ke6d638 "HTTP/1.1 200 OK"
2026-07-10 00:37:52,937 INFO HTTP Request: GET https://api.openalex.org/works?mailto=nl.nightlogin%40gmail.com&filter=authorships.author.id%3Ahttps%3A%2F%2Fopenalex.org%2FA5053468414&per-page=200&cursor=%2A "HTTP/1.1 200 OK"
2026-07-10 00:37:53,918 INFO   -> matched https://openalex.org/A5053468414 (name_search), 30 works
2026-07-10 00:37:53,918 INFO [19/64] Resolving Sarjiya
2026-07-10 00:37:53,957 INFO   -> matched https://openalex.org/A5021548642 (orcid), 267 works
2026-07-10 00:37:53,968 INFO [20/64] Resolving Dani Adhipta
2026-07-10 00:37:54,448 INFO HTTP Request: GET https://api.openalex.org/authors?mailto=nl.nightlogin%40gmail.com&filter=scopus%3A36607451900 "HTTP/1.1 200 OK"
2026-07-10 00:37:54,856 INFO HTTP Request: GET https://api.openalex.org/authors?mailto=nl.nightlogin%40gmail.com&search=Dani+Adhipta&filter=affiliations.institution.ror%3Ahttps%3A%2F%2Fror.org%2F03ke6d638 "HTTP/1.1 200 OK"
2026-07-10 00:37:55,382 INFO HTTP Request: GET https://api.openalex.org/works?mailto=nl.nightlogin%40gmail.com&filter=authorships.author.id%3Ahttps%3A%2F%2Fopenalex.org%2FA5046766022&per-page=200&cursor=%2A "HTTP/1.1 200 OK"
2026-07-10 00:37:56,660 INFO   -> matched https://openalex.org/A5046766022 (name_search), 45 works
2026-07-10 00:37:56,661 INFO [21/64] Resolving Widyawan
2026-07-10 00:37:57,008 INFO HTTP Request: GET https://api.openalex.org/authors?mailto=nl.nightlogin%40gmail.com&filter=scopus%3A55666627500 "HTTP/1.1 200 OK"
2026-07-10 00:37:57,414 INFO HTTP Request: GET https://api.openalex.org/authors?mailto=nl.nightlogin%40gmail.com&search=Widyawan&filter=affiliations.institution.ror%3Ahttps%3A%2F%2Fror.org%2F03ke6d638 "HTTP/1.1 200 OK"
2026-07-10 00:37:59,044 INFO HTTP Request: GET https://api.openalex.org/works?mailto=nl.nightlogin%40gmail.com&filter=authorships.author.id%3Ahttps%3A%2F%2Fopenalex.org%2FA5072792092&per-page=200&cursor=%2A "HTTP/1.1 200 OK"
2026-07-10 00:38:00,956 INFO   -> matched https://openalex.org/A5072792092 (name_search), 154 works
2026-07-10 00:38:00,961 WARNING   Skip work tanpa title/authors valid untuk Widyawan: https://openalex.org/W7130550935
2026-07-10 00:38:00,961 INFO [22/64] Resolving Eka Firmansyah
2026-07-10 00:38:01,299 INFO HTTP Request: GET https://api.openalex.org/authors?mailto=nl.nightlogin%40gmail.com&filter=scopus%3A34978345200 "HTTP/1.1 200 OK"
2026-07-10 00:38:01,820 INFO HTTP Request: GET https://api.openalex.org/authors?mailto=nl.nightlogin%40gmail.com&search=Eka+Firmansyah&filter=affiliations.institution.ror%3Ahttps%3A%2F%2Fror.org%2F03ke6d638 "HTTP/1.1 200 OK"
2026-07-10 00:38:02,949 INFO HTTP Request: GET https://api.openalex.org/works?mailto=nl.nightlogin%40gmail.com&filter=authorships.author.id%3Ahttps%3A%2F%2Fopenalex.org%2FA5109926556&per-page=200&cursor=%2A "HTTP/1.1 200 OK"
2026-07-10 00:38:04,714 INFO   -> matched https://openalex.org/A5109926556 (name_search), 151 works
2026-07-10 00:38:04,718 INFO [23/64] Resolving Hanung Adi Nugroho
2026-07-10 00:38:04,774 INFO   -> matched https://openalex.org/A5006699720 (orcid), 378 works
2026-07-10 00:38:04,784 INFO [24/64] Resolving Indriana Hidayah
2026-07-10 00:38:04,807 INFO   -> matched https://openalex.org/A5024219353 (orcid), 156 works
2026-07-10 00:38:04,814 INFO [25/64] Resolving Bimo Sunarfri Hantono
2026-07-10 00:38:05,200 INFO HTTP Request: GET https://api.openalex.org/authors?mailto=nl.nightlogin%40gmail.com&filter=scopus%3A56121493400 "HTTP/1.1 200 OK"
2026-07-10 00:38:05,683 INFO HTTP Request: GET https://api.openalex.org/authors?mailto=nl.nightlogin%40gmail.com&search=Bimo+Sunarfri+Hantono&filter=affiliations.institution.ror%3Ahttps%3A%2F%2Fror.org%2F03ke6d638 "HTTP/1.1 200 OK"
2026-07-10 00:38:06,466 INFO HTTP Request: GET https://api.openalex.org/works?mailto=nl.nightlogin%40gmail.com&filter=authorships.author.id%3Ahttps%3A%2F%2Fopenalex.org%2FA5066331498&per-page=200&cursor=%2A "HTTP/1.1 200 OK"
2026-07-10 00:38:07,732 INFO   -> matched https://openalex.org/A5066331498 (name_search), 56 works
2026-07-10 00:38:07,733 INFO [26/64] Resolving M. Nur Rizal
2026-07-10 00:38:08,732 INFO HTTP Request: GET https://api.openalex.org/authors?mailto=nl.nightlogin%40gmail.com&filter=scopus%3A55553742689 "HTTP/1.1 200 OK"
2026-07-10 00:38:09,199 INFO HTTP Request: GET https://api.openalex.org/authors?mailto=nl.nightlogin%40gmail.com&search=M.+Nur+Rizal&filter=affiliations.institution.ror%3Ahttps%3A%2F%2Fror.org%2F03ke6d638 "HTTP/1.1 200 OK"
2026-07-10 00:38:10,225 INFO HTTP Request: GET https://api.openalex.org/works?mailto=nl.nightlogin%40gmail.com&filter=authorships.author.id%3Ahttps%3A%2F%2Fopenalex.org%2FA5084814678&per-page=200&cursor=%2A "HTTP/1.1 200 OK"
2026-07-10 00:38:11,240 INFO   -> matched https://openalex.org/A5084814678 (name_search), 30 works
2026-07-10 00:38:11,241 INFO [27/64] Resolving Harry Prabowo
2026-07-10 00:38:11,244 INFO   -> matched https://openalex.org/A5054866692 (orcid), 10 works
2026-07-10 00:38:11,245 INFO [28/64] Resolving Avrin Nur Widiastuti
2026-07-10 00:38:11,746 INFO HTTP Request: GET https://api.openalex.org/authors?mailto=nl.nightlogin%40gmail.com&filter=scopus%3A56429469800 "HTTP/1.1 200 OK"
2026-07-10 00:38:12,203 INFO HTTP Request: GET https://api.openalex.org/authors?mailto=nl.nightlogin%40gmail.com&search=Avrin+Nur+Widiastuti&filter=affiliations.institution.ror%3Ahttps%3A%2F%2Fror.org%2F03ke6d638 "HTTP/1.1 200 OK"
2026-07-10 00:38:12,782 INFO HTTP Request: GET https://api.openalex.org/works?mailto=nl.nightlogin%40gmail.com&filter=authorships.author.id%3Ahttps%3A%2F%2Fopenalex.org%2FA5027476681&per-page=200&cursor=%2A "HTTP/1.1 200 OK"
2026-07-10 00:38:14,250 INFO   -> matched https://openalex.org/A5027476681 (name_search), 31 works
2026-07-10 00:38:14,250 INFO [29/64] Resolving Indah Soesanti
2026-07-10 00:38:14,274 INFO   -> matched https://openalex.org/A5052020601 (orcid), 193 works
2026-07-10 00:38:14,279 INFO [30/64] Resolving Adhistya Erna Permanasari
2026-07-10 00:38:14,317 INFO   -> matched https://openalex.org/A5017253539 (orcid), 214 works
2026-07-10 00:38:14,323 INFO [31/64] Resolving Noor Akhmad Setiawan
2026-07-10 00:38:14,353 INFO   -> matched https://openalex.org/A5017890989 (orcid), 234 works
2026-07-10 00:38:14,360 INFO [32/64] Resolving Rr. Eny Sukani Rahayu
2026-07-10 00:38:14,897 INFO HTTP Request: GET https://api.openalex.org/authors?mailto=nl.nightlogin%40gmail.com&filter=scopus%3A57195683054 "HTTP/1.1 200 OK"
2026-07-10 00:38:16,037 INFO HTTP Request: GET https://api.openalex.org/authors?mailto=nl.nightlogin%40gmail.com&search=Rr.+Eny+Sukani+Rahayu&filter=affiliations.institution.ror%3Ahttps%3A%2F%2Fror.org%2F03ke6d638 "HTTP/1.1 200 OK"
2026-07-10 00:38:16,038 WARNING Author OpenAlex tidak ditemukan untuk Rr. Eny Sukani Rahayu
2026-07-10 00:38:16,038 INFO [33/64] Resolving Ridi Ferdiana
2026-07-10 00:38:16,580 INFO HTTP Request: GET https://api.openalex.org/authors?mailto=nl.nightlogin%40gmail.com&filter=scopus%3A49663102500 "HTTP/1.1 200 OK"
2026-07-10 00:38:17,752 INFO HTTP Request: GET https://api.openalex.org/authors?mailto=nl.nightlogin%40gmail.com&search=Ridi+Ferdiana&filter=affiliations.institution.ror%3Ahttps%3A%2F%2Fror.org%2F03ke6d638 "HTTP/1.1 200 OK"
2026-07-10 00:38:18,926 INFO HTTP Request: GET https://api.openalex.org/works?mailto=nl.nightlogin%40gmail.com&filter=authorships.author.id%3Ahttps%3A%2F%2Fopenalex.org%2FA5075764001&per-page=200&cursor=%2A "HTTP/1.1 200 OK"
2026-07-10 00:38:22,003 INFO HTTP Request: GET https://api.openalex.org/works?mailto=nl.nightlogin%40gmail.com&filter=authorships.author.id%3Ahttps%3A%2F%2Fopenalex.org%2FA5075764001&per-page=200&cursor=IlsnLUluZmluaXR5JywgMCwgJ2h0dHBzOi8vb3BlbmFsZXgub3JnL1cyOTQ1OTg3ODExJ10i "HTTP/1.1 200 OK"
2026-07-10 00:38:23,255 INFO   -> matched https://openalex.org/A5075764001 (name_search), 251 works
2026-07-10 00:38:23,262 INFO [34/64] Resolving Enas Dhuhri Kusuma
2026-07-10 00:38:23,267 INFO   -> matched https://openalex.org/A5004438235 (orcid), 6 works
2026-07-10 00:38:23,267 INFO [35/64] Resolving Sigit Basuki Wibowo
2026-07-10 00:38:23,656 INFO HTTP Request: GET https://api.openalex.org/authors?mailto=nl.nightlogin%40gmail.com&filter=scopus%3A36783783200 "HTTP/1.1 200 OK"
2026-07-10 00:38:24,115 INFO HTTP Request: GET https://api.openalex.org/authors?mailto=nl.nightlogin%40gmail.com&search=Sigit+Basuki+Wibowo&filter=affiliations.institution.ror%3Ahttps%3A%2F%2Fror.org%2F03ke6d638 "HTTP/1.1 200 OK"
2026-07-10 00:38:24,724 INFO HTTP Request: GET https://api.openalex.org/works?mailto=nl.nightlogin%40gmail.com&filter=authorships.author.id%3Ahttps%3A%2F%2Fopenalex.org%2FA5109264048&per-page=200&cursor=%2A "HTTP/1.1 200 OK"
2026-07-10 00:38:26,140 INFO   -> matched https://openalex.org/A5109264048 (name_search), 54 works
2026-07-10 00:38:26,141 INFO [36/64] Resolving Adha Imam Cahyadi
2026-07-10 00:38:26,170 INFO   -> matched https://openalex.org/A5078355696 (orcid), 220 works
2026-07-10 00:38:26,176 INFO [37/64] Resolving Iswandi
2026-07-10 00:38:26,186 INFO   -> matched https://openalex.org/A5052420172 (orcid), 50 works
2026-07-10 00:38:26,187 INFO [38/64] Resolving Prapto Nugroho
2026-07-10 00:38:26,636 INFO HTTP Request: GET https://api.openalex.org/authors?mailto=nl.nightlogin%40gmail.com&filter=orcid%3A0000-0002-4221-239X "HTTP/1.1 200 OK"
2026-07-10 00:38:27,017 INFO HTTP Request: GET https://api.openalex.org/authors?mailto=nl.nightlogin%40gmail.com&filter=scopus%3A37072942800 "HTTP/1.1 200 OK"
2026-07-10 00:38:27,368 INFO HTTP Request: GET https://api.openalex.org/authors?mailto=nl.nightlogin%40gmail.com&search=Prapto+Nugroho&filter=affiliations.institution.ror%3Ahttps%3A%2F%2Fror.org%2F03ke6d638 "HTTP/1.1 200 OK"
2026-07-10 00:38:28,078 INFO HTTP Request: GET https://api.openalex.org/works?mailto=nl.nightlogin%40gmail.com&filter=authorships.author.id%3Ahttps%3A%2F%2Fopenalex.org%2FA5079183155&per-page=200&cursor=%2A "HTTP/1.1 200 OK"
2026-07-10 00:38:29,458 INFO   -> matched https://openalex.org/A5079183155 (name_search), 59 works
2026-07-10 00:38:29,460 INFO [39/64] Resolving I Wayan Mustika
2026-07-10 00:38:29,482 INFO   -> matched https://openalex.org/A5006571377 (orcid), 165 works
2026-07-10 00:38:29,486 INFO [40/64] Resolving Yusuf Susilo Wijoyo
2026-07-10 00:38:29,823 INFO HTTP Request: GET https://api.openalex.org/authors?mailto=nl.nightlogin%40gmail.com&filter=scopus%3A57190815128 "HTTP/1.1 200 OK"
2026-07-10 00:38:30,187 INFO HTTP Request: GET https://api.openalex.org/authors?mailto=nl.nightlogin%40gmail.com&search=Yusuf+Susilo+Wijoyo&filter=affiliations.institution.ror%3Ahttps%3A%2F%2Fror.org%2F03ke6d638 "HTTP/1.1 200 OK"
2026-07-10 00:38:30,596 INFO HTTP Request: GET https://api.openalex.org/works?mailto=nl.nightlogin%40gmail.com&filter=authorships.author.id%3Ahttps%3A%2F%2Fopenalex.org%2FA5064799996&per-page=200&cursor=%2A "HTTP/1.1 200 OK"
2026-07-10 00:38:31,707 INFO   -> matched https://openalex.org/A5064799996 (name_search), 28 works
2026-07-10 00:38:31,708 INFO [41/64] Resolving Sunu Wibirama
2026-07-10 00:38:31,728 INFO   -> matched https://openalex.org/A5072951962 (orcid), 146 works
2026-07-10 00:38:31,732 INFO [42/64] Resolving Fikri Waskito
2026-07-10 00:38:32,067 INFO HTTP Request: GET https://api.openalex.org/authors?mailto=nl.nightlogin%40gmail.com&filter=scopus%3A41662396600 "HTTP/1.1 200 OK"
2026-07-10 00:38:32,451 INFO HTTP Request: GET https://api.openalex.org/authors?mailto=nl.nightlogin%40gmail.com&search=Fikri+Waskito&filter=affiliations.institution.ror%3Ahttps%3A%2F%2Fror.org%2F03ke6d638 "HTTP/1.1 200 OK"
2026-07-10 00:38:32,848 INFO HTTP Request: GET https://api.openalex.org/works?mailto=nl.nightlogin%40gmail.com&filter=authorships.author.id%3Ahttps%3A%2F%2Fopenalex.org%2FA5041658253&per-page=200&cursor=%2A "HTTP/1.1 200 OK"
2026-07-10 00:38:33,481 INFO   -> matched https://openalex.org/A5041658253 (name_search), 6 works
2026-07-10 00:38:33,482 INFO [43/64] Resolving Lesnanto Multa Putranto
2026-07-10 00:38:33,504 INFO   -> matched https://openalex.org/A5077406292 (orcid), 141 works
2026-07-10 00:38:33,508 INFO [44/64] Resolving Igi Ardiyanto
2026-07-10 00:38:33,535 INFO   -> matched https://openalex.org/A5018898701 (orcid), 217 works
2026-07-10 00:38:33,541 INFO [45/64] Resolving Husni Rois Ali
2026-07-10 00:38:33,888 INFO HTTP Request: GET https://api.openalex.org/authors?mailto=nl.nightlogin%40gmail.com&filter=scopus%3A55837520800 "HTTP/1.1 200 OK"
2026-07-10 00:38:34,494 INFO HTTP Request: GET https://api.openalex.org/authors?mailto=nl.nightlogin%40gmail.com&search=Husni+Rois+Ali&filter=affiliations.institution.ror%3Ahttps%3A%2F%2Fror.org%2F03ke6d638 "HTTP/1.1 200 OK"
2026-07-10 00:38:35,496 INFO HTTP Request: GET https://api.openalex.org/works?mailto=nl.nightlogin%40gmail.com&filter=authorships.author.id%3Ahttps%3A%2F%2Fopenalex.org%2FA5004754788&per-page=200&cursor=%2A "HTTP/1.1 200 OK"
2026-07-10 00:38:36,645 INFO   -> matched https://openalex.org/A5004754788 (name_search), 44 works
2026-07-10 00:38:36,647 INFO [46/64] Resolving Agus Bejo
2026-07-10 00:38:37,051 INFO HTTP Request: GET https://api.openalex.org/authors?mailto=nl.nightlogin%40gmail.com&filter=scopus%3A35096014900 "HTTP/1.1 200 OK"
2026-07-10 00:38:37,767 INFO HTTP Request: GET https://api.openalex.org/authors?mailto=nl.nightlogin%40gmail.com&search=Agus+Bejo&filter=affiliations.institution.ror%3Ahttps%3A%2F%2Fror.org%2F03ke6d638 "HTTP/1.1 200 OK"
2026-07-10 00:38:38,347 INFO HTTP Request: GET https://api.openalex.org/works?mailto=nl.nightlogin%40gmail.com&filter=authorships.author.id%3Ahttps%3A%2F%2Fopenalex.org%2FA5013300216&per-page=200&cursor=%2A "HTTP/1.1 200 OK"
2026-07-10 00:38:39,848 INFO   -> matched https://openalex.org/A5013300216 (name_search), 66 works
2026-07-10 00:38:39,850 INFO [47/64] Resolving Azkario Rizky Pratama
2026-07-10 00:38:39,858 INFO   -> matched https://openalex.org/A5079462995 (orcid), 50 works
2026-07-10 00:38:39,859 INFO [48/64] Resolving Anugerah Galang Persada
2026-07-10 00:38:40,368 INFO HTTP Request: GET https://api.openalex.org/authors?mailto=nl.nightlogin%40gmail.com&filter=scopus%3A16436979700 "HTTP/1.1 200 OK"
2026-07-10 00:38:40,836 INFO HTTP Request: GET https://api.openalex.org/authors?mailto=nl.nightlogin%40gmail.com&search=Anugerah+Galang+Persada&filter=affiliations.institution.ror%3Ahttps%3A%2F%2Fror.org%2F03ke6d638 "HTTP/1.1 200 OK"
2026-07-10 00:38:41,348 INFO HTTP Request: GET https://api.openalex.org/works?mailto=nl.nightlogin%40gmail.com&filter=authorships.author.id%3Ahttps%3A%2F%2Fopenalex.org%2FA5063062915&per-page=200&cursor=%2A "HTTP/1.1 200 OK"
2026-07-10 00:38:42,499 INFO   -> matched https://openalex.org/A5063062915 (name_search), 10 works
2026-07-10 00:38:42,500 INFO [49/64] Resolving Ahmad Nasikun
2026-07-10 00:38:42,509 INFO   -> matched https://openalex.org/A5074385039 (orcid), 25 works
2026-07-10 00:38:42,510 INFO [50/64] Resolving Dyonisius Dony Ariananda
2026-07-10 00:38:42,883 INFO HTTP Request: GET https://api.openalex.org/authors?mailto=nl.nightlogin%40gmail.com&filter=scopus%3A35145324800 "HTTP/1.1 200 OK"
2026-07-10 00:38:43,384 INFO HTTP Request: GET https://api.openalex.org/authors?mailto=nl.nightlogin%40gmail.com&search=Dyonisius+Dony+Ariananda&filter=affiliations.institution.ror%3Ahttps%3A%2F%2Fror.org%2F03ke6d638 "HTTP/1.1 200 OK"
2026-07-10 00:38:43,997 INFO HTTP Request: GET https://api.openalex.org/works?mailto=nl.nightlogin%40gmail.com&filter=authorships.author.id%3Ahttps%3A%2F%2Fopenalex.org%2FA5034189885&per-page=200&cursor=%2A "HTTP/1.1 200 OK"
2026-07-10 00:38:45,903 INFO   -> matched https://openalex.org/A5034189885 (name_search), 64 works
2026-07-10 00:38:45,905 INFO [51/64] Resolving Guntur Dharma Putra
2026-07-10 00:38:45,915 INFO   -> matched https://openalex.org/A5007007487 (orcid), 66 works
2026-07-10 00:38:45,916 WARNING   Skip work tanpa title/authors valid untuk Guntur Dharma Putra: https://openalex.org/W7130550935
2026-07-10 00:38:45,917 INFO [52/64] Resolving Muhammad Faris
2026-07-10 00:38:45,919 INFO   -> matched https://openalex.org/A5091550312 (orcid), 18 works
2026-07-10 00:38:45,920 INFO [53/64] Resolving Mochammad Wahyudi
2026-07-10 00:38:46,362 INFO HTTP Request: GET https://api.openalex.org/authors?mailto=nl.nightlogin%40gmail.com&filter=scopus%3A57200990344 "HTTP/1.1 200 OK"
2026-07-10 00:38:46,873 INFO HTTP Request: GET https://api.openalex.org/authors?mailto=nl.nightlogin%40gmail.com&search=Mochammad+Wahyudi&filter=affiliations.institution.ror%3Ahttps%3A%2F%2Fror.org%2F03ke6d638 "HTTP/1.1 200 OK"
2026-07-10 00:38:47,556 INFO HTTP Request: GET https://api.openalex.org/works?mailto=nl.nightlogin%40gmail.com&filter=authorships.author.id%3Ahttps%3A%2F%2Fopenalex.org%2FA5089262719&per-page=200&cursor=%2A "HTTP/1.1 200 OK"
2026-07-10 00:38:48,224 INFO   -> matched https://openalex.org/A5089262719 (name_search), 41 works
2026-07-10 00:38:48,226 INFO [54/64] Resolving Roni Irnawan
2026-07-10 00:38:48,237 INFO   -> matched https://openalex.org/A5074260760 (orcid), 84 works
2026-07-10 00:38:48,240 INFO [55/64] Resolving Dzuhri Radityo Utomo
2026-07-10 00:38:48,663 INFO HTTP Request: GET https://api.openalex.org/authors?mailto=nl.nightlogin%40gmail.com&filter=scopus%3A56122839600 "HTTP/1.1 200 OK"
2026-07-10 00:38:49,023 INFO HTTP Request: GET https://api.openalex.org/authors?mailto=nl.nightlogin%40gmail.com&search=Dzuhri+Radityo+Utomo&filter=affiliations.institution.ror%3Ahttps%3A%2F%2Fror.org%2F03ke6d638 "HTTP/1.1 200 OK"
2026-07-10 00:38:49,758 INFO HTTP Request: GET https://api.openalex.org/works?mailto=nl.nightlogin%40gmail.com&filter=authorships.author.id%3Ahttps%3A%2F%2Fopenalex.org%2FA5047099103&per-page=200&cursor=%2A "HTTP/1.1 200 OK"
2026-07-10 00:38:51,097 INFO   -> matched https://openalex.org/A5047099103 (name_search), 44 works
2026-07-10 00:38:51,099 INFO [56/64] Resolving Syukron Abu Ishaq Alfarozi
2026-07-10 00:38:51,108 INFO   -> matched https://openalex.org/A5055082531 (orcid), 58 works
2026-07-10 00:38:51,110 INFO [57/64] Resolving Ahmad Ataka Awwalur Rizqi
2026-07-10 00:38:51,499 INFO HTTP Request: GET https://api.openalex.org/authors?mailto=nl.nightlogin%40gmail.com&filter=scopus%3A56081578500 "HTTP/1.1 200 OK"
2026-07-10 00:38:51,905 INFO HTTP Request: GET https://api.openalex.org/authors?mailto=nl.nightlogin%40gmail.com&search=Ahmad+Ataka+Awwalur+Rizqi&filter=affiliations.institution.ror%3Ahttps%3A%2F%2Fror.org%2F03ke6d638 "HTTP/1.1 200 OK"
2026-07-10 00:38:53,047 INFO HTTP Request: GET https://api.openalex.org/works?mailto=nl.nightlogin%40gmail.com&filter=authorships.author.id%3Ahttps%3A%2F%2Fopenalex.org%2FA5043069972&per-page=200&cursor=%2A "HTTP/1.1 200 OK"
2026-07-10 00:38:54,616 INFO   -> matched https://openalex.org/A5043069972 (name_search), 65 works
2026-07-10 00:38:54,618 INFO [58/64] Resolving Naufal Hilmi Fauzan
2026-07-10 00:38:55,056 INFO HTTP Request: GET https://api.openalex.org/authors?mailto=nl.nightlogin%40gmail.com&filter=scopus%3A57413345300 "HTTP/1.1 200 OK"
2026-07-10 00:38:55,405 INFO HTTP Request: GET https://api.openalex.org/authors?mailto=nl.nightlogin%40gmail.com&search=Naufal+Hilmi+Fauzan&filter=affiliations.institution.ror%3Ahttps%3A%2F%2Fror.org%2F03ke6d638 "HTTP/1.1 200 OK"
2026-07-10 00:38:56,026 INFO HTTP Request: GET https://api.openalex.org/works?mailto=nl.nightlogin%40gmail.com&filter=authorships.author.id%3Ahttps%3A%2F%2Fopenalex.org%2FA5016120988&per-page=200&cursor=%2A "HTTP/1.1 200 OK"
2026-07-10 00:38:56,755 INFO   -> matched https://openalex.org/A5016120988 (name_search), 13 works
2026-07-10 00:38:56,756 INFO [59/64] Resolving Yohan Fajar Sidik
2026-07-10 00:38:56,761 INFO   -> matched https://openalex.org/A5081314643 (orcid), 33 works
2026-07-10 00:38:56,762 INFO [60/64] Resolving Ridwan Wicaksono
2026-07-10 00:38:56,765 INFO   -> matched https://openalex.org/A5001231803 (orcid), 20 works
2026-07-10 00:38:56,766 INFO [61/64] Resolving Rian Fatah Mochamad
2026-07-10 00:38:57,180 INFO HTTP Request: GET https://api.openalex.org/authors?mailto=nl.nightlogin%40gmail.com&filter=scopus%3A55753983200 "HTTP/1.1 200 OK"
2026-07-10 00:38:57,592 INFO HTTP Request: GET https://api.openalex.org/authors?mailto=nl.nightlogin%40gmail.com&search=Rian+Fatah+Mochamad&filter=affiliations.institution.ror%3Ahttps%3A%2F%2Fror.org%2F03ke6d638 "HTTP/1.1 200 OK"
2026-07-10 00:38:58,133 INFO HTTP Request: GET https://api.openalex.org/works?mailto=nl.nightlogin%40gmail.com&filter=authorships.author.id%3Ahttps%3A%2F%2Fopenalex.org%2FA5081281783&per-page=200&cursor=%2A "HTTP/1.1 200 OK"
2026-07-10 00:38:59,233 INFO   -> matched https://openalex.org/A5081281783 (name_search), 25 works
2026-07-10 00:38:59,234 INFO [62/64] Resolving Wijaya Yudha Atmaja
2026-07-10 00:38:59,238 INFO   -> matched https://openalex.org/A5034433932 (orcid), 16 works
2026-07-10 00:38:59,239 INFO [63/64] Resolving M. Aidiel Rachman Putra
2026-07-10 00:38:59,244 INFO   -> matched https://openalex.org/A5076285880 (orcid), 43 works
2026-07-10 00:38:59,245 INFO [64/64] Resolving Nailil Husna
2026-07-10 00:38:59,935 INFO HTTP Request: GET https://api.openalex.org/authors?mailto=nl.nightlogin%40gmail.com&filter=scopus%3A57195404720 "HTTP/1.1 200 OK"
2026-07-10 00:39:00,341 INFO HTTP Request: GET https://api.openalex.org/authors?mailto=nl.nightlogin%40gmail.com&search=Nailil+Husna&filter=affiliations.institution.ror%3Ahttps%3A%2F%2Fror.org%2F03ke6d638 "HTTP/1.1 200 OK"
2026-07-10 00:39:01,091 INFO HTTP Request: GET https://api.openalex.org/works?mailto=nl.nightlogin%40gmail.com&filter=authorships.author.id%3Ahttps%3A%2F%2Fopenalex.org%2FA5024971654&per-page=200&cursor=%2A "HTTP/1.1 200 OK"
2026-07-10 00:39:02,029 INFO   -> matched https://openalex.org/A5024971654 (name_search), 12 works
2026-07-10 00:39:02,029 INFO Resolution stats: {'orcid': 31, 'name_search': 32, 'not_found': 1}
2026-07-10 00:39:02,029 INFO Total publikasi mentah terkumpul: 6459
2026-07-10 00:39:06,657 INFO Setelah dedup: 4165 publikasi (2294 pasangan digabung)
2026-07-10 00:39:06,657 INFO   Merged: 'Design of a Low Cost High Efficiency Multiple Output Self Os' (10.22146/ijitee.29769) <- 'Design of a Low Cost High Efficiency Multiple Output Self Os' (10.22146/ijitee.29769)
2026-07-10 00:39:06,657 INFO   Merged: 'Pemasangan UPFC (Unified Power Flow Controller) pada Saluran' (None) <- 'Pemasangan UPFC (Unified Power Flow Controller) pada Saluran' (None)
2026-07-10 00:39:06,657 INFO   Merged: 'Indonesian Urban Electrification A Case of 500 kV EHV Jamali' (None) <- 'Indonesian Urban Electrification A Case of 500 kV EHV Jamali' (None)
2026-07-10 00:39:06,657 INFO   Merged: 'Three Phase Load Flow For Unbalanced Power Systems' (10.1371/journal.pcbi.1003548) <- 'Three Phase Load Flow For Unbalanced Power Systems' (10.1371/journal.pcbi.1003548)
2026-07-10 00:39:06,657 INFO   Merged: 'Three Phase Load Flow Algorithm Based On Positive Sequence f' (None) <- 'Three Phase Load Flow Algorithm Based On Positive Sequence f' (None)
2026-07-10 00:39:06,657 INFO   Merged: 'PURWARUPA SISTEM PERINGATAN DINI AWAN PANAS GUNUNGAPI BERBAS' (10.22146/jnteti.v1i1.5) <- 'PURWARUPA SISTEM PERINGATAN DINI AWAN PANAS GUNUNGAPI BERBAS' (10.22146/jnteti.v1i1.5)
2026-07-10 00:39:06,657 INFO   Merged: 'Penyisipan Kode Dalam Sinyal Iklan Radio Siaran Niaga Sebaga' (10.22146/jnteti.v1i1.10) <- 'Penyisipan Kode Dalam Sinyal Iklan Radio Siaran Niaga Sebaga' (10.22146/jnteti.v1i1.10)
2026-07-10 00:39:06,657 INFO   Merged: 'PERBANDINGAN KINERJA ALGORITMA BIC, CUBIC DAN HTCP PADA TOPO' (10.31315/telematika.v8i2.451) <- 'PERBANDINGAN KINERJA ALGORITMA BIC, CUBIC DAN HTCP PADA TOPO' (10.31315/telematika.v8i2.451)
2026-07-10 00:39:06,657 INFO   Merged: 'The Quality of Internet Backhaul Link with WLAN 802.11b betw' (None) <- 'The Quality of Internet Backhaul Link with WLAN 802.11b betw' (None)
2026-07-10 00:39:06,657 INFO   Merged: 'Perbandingan Kinerja Algoritma Bic, Cubic Dan Htcp Pada Topo' (None) <- 'Perbandingan Kinerja Algoritma Bic, Cubic Dan Htcp Pada Topo' (None)
2026-07-10 00:39:06,657 INFO   Merged: 'Audiosonic Acoustic Detection of Air Corona Discharge based ' (10.1109/ichveps47643.2019.9011029) <- 'Audiosonic Acoustic Detection of Air Corona Discharge based ' (10.1109/ichveps47643.2019.9011029)
2026-07-10 00:39:06,657 INFO   Merged: 'Machine Learning-Based IoT-Botnet Attack Detection with Sequ' (10.3390/s20164372) <- 'Machine Learning-Based IoT-Botnet Attack Detection with Sequ' (10.3390/s20164372)
2026-07-10 00:39:06,657 INFO   Merged: 'Towards a Lightweight Detection System for Cyber Attacks in ' (10.3390/electronics9010144) <- 'Towards a Lightweight Detection System for Cyber Attacks in ' (10.3390/electronics9010144)
2026-07-10 00:39:06,657 INFO   Merged: 'DDoS Attack Detection Based on Simple ANN with SMOTE for IoT' (10.1109/icic47613.2019.8985853) <- 'DDoS Attack Detection Based on Simple ANN with SMOTE for IoT' (10.1109/icic47613.2019.8985853)
2026-07-10 00:39:06,657 INFO   Merged: 'Implementing Lightweight IoT-IDS on Raspberry Pi Using Corre' (10.1007/978-3-030-15032-7_39) <- 'Implementing Lightweight IoT-IDS on Raspberry Pi Using Corre' (10.1007/978-3-030-15032-7_39)
2026-07-10 00:39:06,657 INFO   Merged: 'Software Defect Prediction Using Random Forest Algorithm' (10.1109/seatuc.2018.8788881) <- 'Software Defect Prediction Using Random Forest Algorithm' (10.1109/seatuc.2018.8788881)
2026-07-10 00:39:06,657 INFO   Merged: 'Rule Generation for Signature Based Detection Systems of Cyb' (None) <- 'Rule Generation for Signature Based Detection Systems of Cyb' (None)
2026-07-10 00:39:06,657 INFO   Merged: 'Usability Evaluation Methods of Mobile Applications: A Syste' (10.1109/isitdi55734.2022.9944401) <- 'Usability Evaluation Methods of Mobile Applications: A Syste' (10.1109/isitdi55734.2022.9944401)
2026-07-10 00:39:06,657 INFO   Merged: 'A Sequential Scheme for Detecting Cyber Attacks in IoT Envir' (10.1109/dasc/picom/cbdcom/cyberscitech.2019.00051) <- 'A Sequential Scheme for Detecting Cyber Attacks in IoT Envir' (10.1109/dasc/picom/cbdcom/cyberscitech.2019.00051)
2026-07-10 00:39:06,657 INFO   Merged: 'Real time static hand gesture recognition system prototype f' (10.1109/iciteed.2014.7007911) <- 'Real time static hand gesture recognition system prototype f' (10.1109/iciteed.2014.7007911)
2026-07-10 00:39:06,657 INFO   Merged: 'Real time hand gesture movements tracking and recognizing sy' (10.1109/eeccis.2014.7003734) <- 'Real time hand gesture movements tracking and recognizing sy' (10.1109/eeccis.2014.7003734)
2026-07-10 00:39:06,657 INFO   Merged: 'User Interface for Child-Robot Interaction in Education: Per' (10.1109/ice3is56585.2022.10010156) <- 'User Interface for Child-Robot Interaction in Education: Per' (10.1109/ice3is56585.2022.10010156)
2026-07-10 00:39:06,657 INFO   Merged: 'Interactive Tangible User Interface for Early Childhood Educ' (10.3991/ijim.v19i06.52113) <- 'Interactive Tangible User Interface for Early Childhood Educ' (10.3991/ijim.v19i06.52113)
2026-07-10 00:39:06,657 INFO   Merged: 'Evaluation on Augmented-Reality-Based Interactive Book Using' (10.29207/resti.v4i3.1870) <- 'Evaluation on Augmented-Reality-Based Interactive Book Using' (10.29207/resti.v4i3.1870)
2026-07-10 00:39:06,657 INFO   Merged: 'Implementation of Augmented Reality Technology in Sangiran M' (10.1088/1757-899x/333/1/012103) <- 'Implementation of Augmented Reality Technology in Sangiran M' (10.1088/1757-899x/333/1/012103)
2026-07-10 00:39:06,657 INFO   Merged: 'Preliminary design of static indonesian sign language recogn' (10.1109/iciteed.2013.6676236) <- 'Preliminary design of static indonesian sign language recogn' (10.1109/iciteed.2013.6676236)
2026-07-10 00:39:06,657 INFO   Merged: 'Exploring Attentive User Interface Input via Raspberry Pi, B' (10.18280/isi.290410) <- 'Exploring Attentive User Interface Input via Raspberry Pi, B' (10.18280/isi.290410)
2026-07-10 00:39:06,657 INFO   Merged: 'Design of a Low Cost High Efficiency Multiple Output Self Os' (10.22146/ijitee.29769) <- 'Design of a Low Cost High Efficiency Multiple Output Self Os' (10.22146/ijitee.29769)
2026-07-10 00:39:06,657 INFO   Merged: 'Pengelolaan Tempat Parkir Berbasis Radio Frequency Identific' (None) <- 'Pengelolaan Tempat Parkir Berbasis Radio Frequency Identific' (None)
2026-07-10 00:39:06,657 INFO   Merged: 'Improved Tracking Capabilities With Collaboration Multimarke' (None) <- 'Improved Tracking Capabilities With Collaboration Multimarke' (None)
2026-07-10 00:39:06,657 INFO   Merged: 'MELIBATKAN SISWA DALAM KONTEN PEMBELAJARAN FISIKA BERBASIS W' (None) <- 'MELIBATKAN SISWA DALAM KONTEN PEMBELAJARAN FISIKA BERBASIS W' (None)
2026-07-10 00:39:06,657 INFO   Merged: 'PURWARUPA APLIKASI PENDAFTARAN KTP BERGERAK' (None) <- 'PURWARUPA APLIKASI PENDAFTARAN KTP BERGERAK' (None)
2026-07-10 00:39:06,657 INFO   Merged: 'An Interactive Book With Augmented Reality For Learning The ' (10.20895/infotel.v11i3.374) <- 'An Interactive Book With Augmented Reality For Learning The ' (10.20895/infotel.v11i3.374)
2026-07-10 00:39:06,658 INFO   Merged: 'Pengukuran, perancangan busana dan penataan pola bahan denga' (None) <- 'Pengukuran, perancangan busana dan penataan pola bahan denga' (None)
2026-07-10 00:39:06,658 INFO   Merged: 'Factors Affecting Collaboration Portal Effectiveness of the ' (10.22146/ijitee.70144) <- 'Factors Affecting Collaboration Portal Effectiveness of the ' (10.22146/ijitee.70144)
2026-07-10 00:39:06,658 INFO   Merged: 'Exploring the Effects of Frustration and Playing Duration in' (10.2139/ssrn.4117261) <- 'Exploring the Effects of Frustration and Playing Duration in' (10.2139/ssrn.4117261)
2026-07-10 00:39:06,658 INFO   Merged: 'Design of unwinnable persuasive game with level of difficult' (10.1063/5.0118804) <- 'Design of unwinnable persuasive game with level of difficult' (10.1063/5.0118804)
2026-07-10 00:39:06,658 INFO   Merged: 'Examining The Effects of Playing Difficulty and Playing Dura' (10.1109/icca56443.2022.10039586) <- 'Examining The Effects of Playing Difficulty and Playing Dura' (10.1109/icca56443.2022.10039586)
2026-07-10 00:39:06,658 INFO   Merged: 'Chi-Square Oversampling to Improve Dropout Prediction Perfor' (10.14716/ijtech.v16i4.7047) <- 'Chi-Square Oversampling to Improve Dropout Prediction Perfor' (10.14716/ijtech.v16i4.7047)
2026-07-10 00:39:06,658 INFO   Merged: 'Review on Customer Segmentation Technique on Ecommerce' (10.1166/asl.2016.7985) <- 'Review on Customer Segmentation Technique on Ecommerce' (10.1166/asl.2016.7985)
2026-07-10 00:39:06,658 INFO   Merged: 'Meta-Review of Augmented Reality in Education' (10.1109/iciteed.2018.8534888) <- 'Meta-Review of Augmented Reality in Education' (10.1109/iciteed.2018.8534888)
2026-07-10 00:39:06,658 INFO   Merged: 'EXPERIMENTS OF ZERNIKE MOMENTS FOR LEAF IDENTIFICATION' (None) <- 'EXPERIMENTS OF ZERNIKE MOMENTS FOR LEAF IDENTIFICATION' (None)
2026-07-10 00:39:06,658 INFO   Merged: 'Model detecting learning styles with artificial neural netwo' (10.3926/jotse.540) <- 'Model detecting learning styles with artificial neural netwo' (10.3926/jotse.540)
2026-07-10 00:39:06,658 INFO   Merged: 'Performance Improvement of Leaf Identification SystemUsing P' (None) <- 'Performance Improvement of Leaf Identification SystemUsing P' (None)
2026-07-10 00:39:06,658 INFO   Merged: 'The Role of IT Audit in the Era of Digital Transformation' (10.1088/1757-899x/407/1/012164) <- 'The Role of IT Audit in the Era of Digital Transformation' (10.1088/1757-899x/407/1/012164)
2026-07-10 00:39:06,658 INFO   Merged: 'A Proposed Model for Detecting Learning Styles Based on Agen' (10.3991/ijet.v11i10.5781) <- 'A Proposed Model for Detecting Learning Styles Based on Agen' (10.3991/ijet.v11i10.5781)
2026-07-10 00:39:06,658 INFO   Merged: 'Virtual Reality Mobile Application Development with Scrum Fr' (10.3991/ijim.v15i08.19923) <- 'Virtual Reality Mobile Application Development with Scrum Fr' (10.3991/ijim.v15i08.19923)
2026-07-10 00:39:06,658 INFO   Merged: 'Neural Network Application on Foliage Plant Identification' (10.5120/3592-4981) <- 'Neural Network Application on Foliage Plant Identification' (10.5120/3592-4981)
2026-07-10 00:39:06,658 INFO   Merged: 'The Measurement of Consumer Interest and Prediction of Produ' (10.22266/ijies2018.0228.04) <- 'The Measurement of Consumer Interest and Prediction of Produ' (10.22266/ijies2018.0228.04)
2026-07-10 00:39:06,658 INFO   Merged: 'Study on the influencing factors of the flexibility of unive' (10.1504/ijil.2021.117219) <- 'Study on the influencing factors of the flexibility of unive' (10.1504/ijil.2021.117219)
2026-07-10 00:39:06,658 INFO   Merged: 'Mental Stress Detection via Heart Rate Variability using Mac' (10.15676/ijeei.2020.12.3.3) <- 'Mental Stress Detection via Heart Rate Variability using Mac' (10.15676/ijeei.2020.12.3.3)
2026-07-10 00:39:06,658 INFO   Merged: 'Integrated Stochastic and Literate Based Driven Approaches i' (10.18517/ijaseit.7.5.1745) <- 'Integrated Stochastic and Literate Based Driven Approaches i' (10.18517/ijaseit.7.5.1745)
2026-07-10 00:39:06,658 INFO   Merged: 'Evaluation User Acceptance of Mobile Virtual Reality Applica' (10.1109/icisit54091.2022.9872873) <- 'Evaluation User Acceptance of Mobile Virtual Reality Applica' (10.1109/icisit54091.2022.9872873)
2026-07-10 00:39:06,658 INFO   Merged: 'Review of augmented reality agent in education' (10.1109/inaes.2016.7821924) <- 'Review of augmented reality agent in education' (10.1109/inaes.2016.7821924)
2026-07-10 00:39:06,658 INFO   Merged: 'Evaluation of Fixation Duration Accuracy in Determining Sele' (10.1109/iciteed.2018.8534828) <- 'Evaluation of Fixation Duration Accuracy in Determining Sele' (10.1109/iciteed.2018.8534828)
2026-07-10 00:39:06,658 INFO   Merged: 'Metrics analysis of risk profile: A perspective on business ' (10.1109/icoiact.2018.8350675) <- 'Metrics analysis of risk profile: A perspective on business ' (10.1109/icoiact.2018.8350675)
2026-07-10 00:39:06,658 INFO   Merged: 'Enhancing Quality of Service for eGovernment interoperabilit' (10.1109/icstc.2016.7877356) <- 'Enhancing Quality of Service for eGovernment interoperabilit' (10.1109/icstc.2016.7877356)
2026-07-10 00:39:06,658 INFO   Merged: 'An Approach for Risk Estimation in Information Security Usin' (10.11591/eei.v7i3.847) <- 'An Approach for Risk Estimation in Information Security Usin' (10.11591/eei.v7i3.847)
2026-07-10 00:39:06,658 INFO   Merged: 'Detecting Learning Style Based on Level of Knowledge' (10.1109/iac.2018.8780435) <- 'Detecting Learning Style Based on Level of Knowledge' (10.1109/iac.2018.8780435)
2026-07-10 00:39:06,658 INFO   Merged: 'Learning style model detection based on prior knowledge in e' (10.1109/iac.2017.8280537) <- 'Learning style model detection based on prior knowledge in e' (10.1109/iac.2017.8280537)
2026-07-10 00:39:06,658 INFO   Merged: 'Recommendation of cloud computing use for the academic data ' (10.1109/inaes.2017.8068552) <- 'Recommendation of cloud computing use for the academic data ' (10.1109/inaes.2017.8068552)
2026-07-10 00:39:06,658 INFO   Merged: 'Development of Enterprise Security Framework in SKK Migas Ba' (10.1109/iciteed.2018.8534747) <- 'Development of Enterprise Security Framework in SKK Migas Ba' (10.1109/iciteed.2018.8534747)
2026-07-10 00:39:06,658 INFO   Merged: 'Product Recommendation Based on Eye Tracking Data Using Fixa' (10.22146/ijitee.58693) <- 'Product Recommendation Based on Eye Tracking Data Using Fixa' (10.22146/ijitee.58693)
2026-07-10 00:39:06,658 INFO   Merged: 'An eye tracking study' (10.1145/2742032.2742578) <- 'An eye tracking study' (10.1145/2742032.2742578)
2026-07-10 00:39:06,658 INFO   Merged: 'Modeling the flow experience for personalized context aware ' (10.1109/iciteed.2016.7863265) <- 'Modeling the flow experience for personalized context aware ' (10.1109/iciteed.2016.7863265)
2026-07-10 00:39:06,658 INFO   Merged: 'Risk model development for information security in organizat' (10.1007/s10207-020-00495-7) <- 'Risk model development for information security in organizat' (10.1007/s10207-020-00495-7)
2026-07-10 00:39:06,658 INFO   Merged: 'Pattern discovery of Indonesian customers in an online shop:' (10.1109/icitacee.2016.7892462) <- 'Pattern discovery of Indonesian customers in an online shop:' (10.1109/icitacee.2016.7892462)
2026-07-10 00:39:06,658 INFO   Merged: 'Reliability Analysis of Risk Model Metrics Based on Business' (10.18280/isi.250410) <- 'Reliability Analysis of Risk Model Metrics Based on Business' (10.18280/isi.250410)
2026-07-10 00:39:06,658 INFO   Merged: 'Integrating large knowledge repositories in multiagent ontol' (None) <- 'Integrating large knowledge repositories in multiagent ontol' (None)
2026-07-10 00:39:06,658 INFO   Merged: 'Review: Interoperability model of e-Government services' (10.1109/icitacee.2015.7437794) <- 'Review: Interoperability model of e-Government services' (10.1109/icitacee.2015.7437794)
2026-07-10 00:39:06,658 INFO   Merged: 'IT Management Flexibility Concept for Higher Education' (10.1109/icitacee.2018.8576918) <- 'IT Management Flexibility Concept for Higher Education' (10.1109/icitacee.2018.8576918)
2026-07-10 00:39:06,658 INFO   Merged: 'Modeling of Consumer Interest on E-commerce Products Using E' (10.1007/978-3-319-72550-5_15) <- 'Modeling of Consumer Interest on E-commerce Products Using E' (10.1007/978-3-319-72550-5_15)
2026-07-10 00:39:06,658 INFO   Merged: 'Identification of Important Factors in Digital Citizenship L' (10.1109/isec54952.2022.10025120) <- 'Identification of Important Factors in Digital Citizenship L' (10.1109/isec54952.2022.10025120)
2026-07-10 00:39:06,658 INFO   Merged: 'Designing a Habit Forming Mobile Application for Disaster Pr' (10.1109/icitsi65188.2024.10929356) <- 'Designing a Habit Forming Mobile Application for Disaster Pr' (10.1109/icitsi65188.2024.10929356)
2026-07-10 00:39:06,658 INFO   Merged: 'Multi-Objective Optimization for Disaster Evacuation using N' (10.1109/icocseti63724.2025.11020422) <- 'Multi-Objective Optimization for Disaster Evacuation using N' (10.1109/icocseti63724.2025.11020422)
2026-07-10 00:39:06,658 INFO   Merged: 'Solving problem of ambiguity terms using ontology' (None) <- 'Solving problem of ambiguity terms using ontology' (None)
2026-07-10 00:39:06,658 INFO   Merged: 'Gama Feedback Learning Model: Basic Concept and Design' (10.20368/1971-8829/824) <- 'Gama Feedback Learning Model: Basic Concept and Design' (10.20368/1971-8829/824)
2026-07-10 00:39:06,658 INFO   Merged: 'A preliminary study to determine criteria for personalized e' (10.1145/2742032.2742579) <- 'A preliminary study to determine criteria for personalized e' (10.1145/2742032.2742579)
2026-07-10 00:39:06,658 INFO   Merged: 'Foliage Plant Retrieval Using Polar Fourier Transform, Color' (10.5281/zenodo.6683853) <- 'Foliage Plant Retrieval Using Polar Fourier Transform, Color' (10.5281/zenodo.6683853)
2026-07-10 00:39:06,658 INFO   Merged: 'User experience model in the interaction between children wi' (10.1109/icitacee.2015.7437773) <- 'User experience model in the interaction between children wi' (10.1109/icitacee.2015.7437773)
2026-07-10 00:39:06,658 INFO   Merged: 'Analysis of E-Commerce User Behavior of Indonesian Students:' (10.1007/978-3-319-15720-7_26) <- 'Analysis of E-Commerce User Behavior of Indonesian Students:' (10.1007/978-3-319-15720-7_26)
2026-07-10 00:39:06,658 INFO   Merged: 'Design of Intelligent Tutoring System for Mastery Learning' (10.1166/asl.2014.5313) <- 'Design of Intelligent Tutoring System for Mastery Learning' (10.1166/asl.2014.5313)
2026-07-10 00:39:06,658 INFO   Merged: 'Providing information sources domain for information seeking' (10.1109/icitacee.2014.7065758) <- 'Providing information sources domain for information seeking' (10.1109/icitacee.2014.7065758)
2026-07-10 00:39:06,658 INFO   Merged: 'Interoperability model for eGoverment service based on adapt' (10.1109/icodse.2015.7436986) <- 'Interoperability model for eGoverment service based on adapt' (10.1109/icodse.2015.7436986)
2026-07-10 00:39:06,658 INFO   Merged: 'Study on the influencing factors of the flexibility of unive' (10.1504/ijil.2021.10037402) <- 'Study on the influencing factors of the flexibility of unive' (10.1504/ijil.2021.10037402)
2026-07-10 00:39:06,658 INFO   Merged: 'An agent model of domain based information seeking on person' (10.1109/icitsi.2014.7048274) <- 'An agent model of domain based information seeking on person' (10.1109/icitsi.2014.7048274)
2026-07-10 00:39:06,658 INFO   Merged: 'Leveraging Knowledge from Different Communities Using Ontolo' (10.1007/978-3-642-36981-0_7) <- 'Leveraging Knowledge from Different Communities Using Ontolo' (10.1007/978-3-642-36981-0_7)
2026-07-10 00:39:06,658 INFO   Merged: 'Semantic interrelation in distributed system through green c' (10.1109/iciteed.2013.6676241) <- 'Semantic interrelation in distributed system through green c' (10.1109/iciteed.2013.6676241)
2026-07-10 00:39:06,658 INFO   Merged: 'DOMAIN BASED WEB RETRIEVAL DRIVEN BY SEMANTIC REPRESENTATION' (10.11113/jt.v78.8766) <- 'DOMAIN BASED WEB RETRIEVAL DRIVEN BY SEMANTIC REPRESENTATION' (10.11113/jt.v78.8766)
2026-07-10 00:39:06,658 INFO   Merged: 'RISK ANALYSIS OF DATABASE PRIVELEGE IMPLEMENTATION IN SQL IN' (10.11113/jt.v78.8724) <- 'RISK ANALYSIS OF DATABASE PRIVELEGE IMPLEMENTATION IN SQL IN' (10.11113/jt.v78.8724)
2026-07-10 00:39:06,658 INFO   Merged: 'A Model of Personalized Context Aware E-learning Based on Ps' (None) <- 'A Model of Personalized Context Aware E-learning Based on Ps' (None)
2026-07-10 00:39:06,658 INFO   Merged: 'Adaptive Ontology based on Cross Phrase Identification in e-' (None) <- 'Adaptive Ontology based on Cross Phrase Identification in e-' (None)
2026-07-10 00:39:06,658 INFO   Merged: 'Perancangan SOP Pemilihan Pengadaan Proyek TI Menggunakan Me' (None) <- 'Perancangan SOP Pemilihan Pengadaan Proyek TI Menggunakan Me' (None)
2026-07-10 00:39:06,658 INFO   Merged: 'PERANCANGAN SISTEM MANAJAMEN INSIDEN KEAMANAN INFORMASI BERD' (10.34151/technoscientia.v13i1.2927) <- 'PERANCANGAN SISTEM MANAJAMEN INSIDEN KEAMANAN INFORMASI BERD' (10.34151/technoscientia.v13i1.2927)
2026-07-10 00:39:06,658 INFO   Merged: 'SOLVING DIFFERENT LANGUAGES PROBLEM (PORTUGUESE, ENGLISH and' (None) <- 'SOLVING DIFFERENT LANGUAGES PROBLEM (PORTUGUESE, ENGLISH and' (None)
2026-07-10 00:39:06,658 INFO   Merged: 'Leaf Classification Using Shape, Color, and Texture Features' (10.48550/arxiv.1401.4447) <- 'Leaf Classification Using Shape, Color, and Texture Features' (10.48550/arxiv.1401.4447)
2026-07-10 00:39:06,658 INFO   Merged: 'Experiments of Distance Measurements in a Foliage Plant Retr' (10.48550/arxiv.1401.3584) <- 'Experiments of Distance Measurements in a Foliage Plant Retr' (10.48550/arxiv.1401.3584)
2026-07-10 00:39:06,658 INFO   Merged: 'Adding synonyms to concepts in ontology to solve the problem' (10.26555/ijain.v1i2.19) <- 'Adding synonyms to concepts in ontology to solve the problem' (10.26555/ijain.v1i2.19)
2026-07-10 00:39:06,658 INFO   Merged: 'PEMANFAATAN DUBLIN CORE METADATA TERM DALAM PENGEMBANGAN PER' (None) <- 'PEMANFAATAN DUBLIN CORE METADATA TERM DALAM PENGEMBANGAN PER' (None)
2026-07-10 00:39:06,658 INFO   Merged: 'Adding Synonyms To A Concept In An Ontology' (10.11591/eecsi.1.363) <- 'Adding Synonyms To A Concept In An Ontology' (10.11591/eecsi.1.363)
2026-07-10 00:39:06,658 INFO   Merged: 'A declarative query language based on speech act theory for ' (10.1109/icodse.2015.7436962) <- 'A declarative query language based on speech act theory for ' (10.1109/icodse.2015.7436962)
2026-07-10 00:39:06,659 INFO   Merged: 'Context-Aware Mobile Learning Model for Traveler' (10.1166/asl.2015.6441) <- 'Context-Aware Mobile Learning Model for Traveler' (10.1166/asl.2015.6441)
2026-07-10 00:39:06,659 INFO   Merged: 'PEMODELAN KONTEKS DAN CONTEXT AWARENESS AVATAR DI DUNIA VIRT' (None) <- 'PEMODELAN KONTEKS DAN CONTEXT AWARENESS AVATAR DI DUNIA VIRT' (None)
2026-07-10 00:39:06,659 INFO   Merged: 'Tinjauan Dasar Desain User Experience dalam Media Pembelajar' (None) <- 'Tinjauan Dasar Desain User Experience dalam Media Pembelajar' (None)
2026-07-10 00:39:06,659 INFO   Merged: 'Toward SCORM generating based on semantic representation of ' (10.1109/iciteed.2016.7863275) <- 'Toward SCORM generating based on semantic representation of ' (10.1109/iciteed.2016.7863275)
2026-07-10 00:39:06,659 INFO   Merged: 'Estimating Cognitive Performance Changes Based on Psychophys' (10.1109/iciteed.2019.8929946) <- 'Estimating Cognitive Performance Changes Based on Psychophys' (10.1109/iciteed.2019.8929946)
2026-07-10 00:39:06,659 INFO   Merged: 'A Meta-Review of the Smartphone as the Measurement Device' (10.1088/1742-6596/1566/1/012099) <- 'A Meta-Review of the Smartphone as the Measurement Device' (10.1088/1742-6596/1566/1/012099)
2026-07-10 00:39:06,659 INFO   Merged: 'Adding Synonyms To A Concept In An Ontology' (10.11591/eecsi.v1.363) <- 'Adding Synonyms To A Concept In An Ontology' (10.11591/eecsi.v1.363)
2026-07-10 00:39:06,659 INFO   Merged: 'Identification of Synchronization of The RPJMD and Smart Cit' (10.1051/e3sconf/202344803020) <- 'Identification of Synchronization of The RPJMD and Smart Cit' (10.1051/e3sconf/202344803020)
2026-07-10 00:39:06,659 INFO   Merged: 'Security Risk Analysis of Information System in Academic Ins' (10.14419/ijet.v8i1.9.26374) <- 'Security Risk Analysis of Information System in Academic Ins' (10.14419/ijet.v8i1.9.26374)
2026-07-10 00:39:06,659 INFO   Merged: 'Adaptive Traffic Light Scheduling Based On Traffic Density' (10.1109/aims66189.2025.11229747) <- 'Adaptive Traffic Light Scheduling Based On Traffic Density' (10.1109/aims66189.2025.11229747)
2026-07-10 00:39:06,659 INFO   Merged: 'Key Factors and Evaluation Approaches in Assessing the Effec' (10.1109/incit66780.2025.11276088) <- 'Key Factors and Evaluation Approaches in Assessing the Effec' (10.1109/incit66780.2025.11276088)
2026-07-10 00:39:06,659 INFO   Merged: 'INTERAESITANPASENTUHAN PADASISTEMPERMAINANKOMPUTER DENGANTEK' (None) <- 'INTERAESITANPASENTUHAN PADASISTEMPERMAINANKOMPUTER DENGANTEK' (None)
2026-07-10 00:39:06,659 INFO   Merged: 'Studi Potensi Waduk Sermo Sebagai Pembangkit Listrik Tenaga ' (None) <- 'Studi Potensi Waduk Sermo Sebagai Pembangkit Listrik Tenaga ' (None)
2026-07-10 00:39:06,659 INFO   Merged: 'Denoising Speech for MFCC Feature Extraction Using Wavelet T' (10.1109/iciteed.2018.8534807) <- 'Denoising Speech for MFCC Feature Extraction Using Wavelet T' (10.1109/iciteed.2018.8534807)
2026-07-10 00:39:06,659 INFO   Merged: 'A review paper on attendance marking system based on face re' (10.1109/icitisee.2017.8285517) <- 'A review paper on attendance marking system based on face re' (10.1109/icitisee.2017.8285517)
2026-07-10 00:39:06,659 INFO   Merged: 'Discrete Wavelet Denoising into MFCC for Noise Suppressive i' (10.22266/ijies2020.0430.08) <- 'Discrete Wavelet Denoising into MFCC for Noise Suppressive i' (10.22266/ijies2020.0430.08)
2026-07-10 00:39:06,659 INFO   Merged: 'Compression Ratio and Peak Signal to Noise Ratio in Grayscal' (None) <- 'Compression Ratio and Peak Signal to Noise Ratio in Grayscal' (None)
2026-07-10 00:39:06,659 INFO   Merged: 'The Attendance Marking System based on Eigenface Recognition' (10.1088/1742-6596/1551/1/012012) <- 'The Attendance Marking System based on Eigenface Recognition' (10.1088/1742-6596/1551/1/012012)
2026-07-10 00:39:06,659 INFO   Merged: 'A Front-End Technique for Automatic Noisy Speech Recognition' (10.1109/o-cocosda50338.2020.9295006) <- 'A Front-End Technique for Automatic Noisy Speech Recognition' (10.1109/o-cocosda50338.2020.9295006)
2026-07-10 00:39:06,659 INFO   Merged: 'Robust Quality Clustering of Rice Varieties Using Object Det' (10.1109/icitee62483.2024.10808462) <- 'Robust Quality Clustering of Rice Varieties Using Object Det' (10.1109/icitee62483.2024.10808462)
2026-07-10 00:39:06,659 INFO   Merged: 'Improving Image Fidelity using Skip Connections Autoencoder' (10.1109/icitee62483.2024.10808412) <- 'Improving Image Fidelity using Skip Connections Autoencoder' (10.1109/icitee62483.2024.10808412)
2026-07-10 00:39:06,659 INFO   Merged: 'Using Double-Density Dual Tree Wavelet Transform into MFCC f' (10.1109/icitee49829.2020.9271737) <- 'Using Double-Density Dual Tree Wavelet Transform into MFCC f' (10.1109/icitee49829.2020.9271737)
2026-07-10 00:39:06,659 INFO   Merged: 'Unjukkerja Standar ZigBee pada WPAN dengan Topologi Mesh' (10.22146/jnteti.v1i2.17) <- 'Unjukkerja Standar ZigBee pada WPAN dengan Topologi Mesh' (10.22146/jnteti.v1i2.17)
2026-07-10 00:39:06,659 INFO   Merged: 'Comparison of vowel feature extraction on time and frequency' (10.1109/iciteed.2017.8250477) <- 'Comparison of vowel feature extraction on time and frequency' (10.1109/iciteed.2017.8250477)
2026-07-10 00:39:06,659 INFO   Merged: 'Menentukan Dampak Resiko Keamanan Berbasis Pendekatan Owasp' (None) <- 'Menentukan Dampak Resiko Keamanan Berbasis Pendekatan Owasp' (None)
2026-07-10 00:39:06,659 INFO   Merged: 'Pengujian Jarak dan Waktu Gabung Protokol IEEE 802.15.4./ Zi' (10.22146/jnteti.v1i2.18) <- 'Pengujian Jarak dan Waktu Gabung Protokol IEEE 802.15.4./ Zi' (10.22146/jnteti.v1i2.18)
2026-07-10 00:39:06,659 INFO   Merged: 'Hybrid automatic speech recognition model for speech-to-text' (10.1109/iciss48059.2019.8969804) <- 'Hybrid automatic speech recognition model for speech-to-text' (10.1109/iciss48059.2019.8969804)
2026-07-10 00:39:06,659 INFO   Merged: 'Comparative Analysis of Masked and Unmasked for Face Recogni' (10.4108/eai.5-10-2022.2327473) <- 'Comparative Analysis of Masked and Unmasked for Face Recogni' (10.4108/eai.5-10-2022.2327473)
2026-07-10 00:39:06,659 INFO   Merged: 'Pengukuran End-To-End Delay pada Jaringan ZigBee dengan Topo' (None) <- 'Pengukuran End-To-End Delay pada Jaringan ZigBee dengan Topo' (None)
2026-07-10 00:39:06,659 INFO   Merged: 'PEMANTAUAN PAPARAN RADIASI LlNGKUNGAN TERPADU DENGAN KOMUNIK' (10.17146/jfn.2014.8.2.3711) <- 'PEMANTAUAN PAPARAN RADIASI LlNGKUNGAN TERPADU DENGAN KOMUNIK' (10.17146/jfn.2014.8.2.3711)
2026-07-10 00:39:06,659 INFO   Merged: 'PERANCANGAN APLIKASI VIDEO CONFERENCE UNTUK BIMBINGAN TUGAS ' (None) <- 'PERANCANGAN APLIKASI VIDEO CONFERENCE UNTUK BIMBINGAN TUGAS ' (None)
2026-07-10 00:39:06,659 INFO   Merged: 'Pemampatan Intraframe pada Citra Sekuensial Menggunakan Gelo' (10.24002/jbi.v3i1.315) <- 'Pemampatan Intraframe pada Citra Sekuensial Menggunakan Gelo' (10.24002/jbi.v3i1.315)
2026-07-10 00:39:06,659 INFO   Merged: 'A QoS framework to improve user satisfaction for accessing I' (10.1109/tssa.2011.6095416) <- 'A QoS framework to improve user satisfaction for accessing I' (10.1109/tssa.2011.6095416)
2026-07-10 00:39:06,659 INFO   Merged: 'Interframe Compression on Sequential Image using Wavelet' (None) <- 'Interframe Compression on Sequential Image using Wavelet' (None)
2026-07-10 00:39:06,659 INFO   Merged: 'A Software Framework for User Level QoS in Unreliable Intern' (None) <- 'A Software Framework for User Level QoS in Unreliable Intern' (None)
2026-07-10 00:39:06,659 INFO   Merged: 'PENGUJIAN PROTOKOL IEEE 802.15.4 / ZIGBEE DI LINGKUNGAN OUTD' (None) <- 'PENGUJIAN PROTOKOL IEEE 802.15.4 / ZIGBEE DI LINGKUNGAN OUTD' (None)
2026-07-10 00:39:06,659 INFO   Merged: 'Perancangan Aplikasi Sistem Seminar Online Berbasis Internet' (None) <- 'Perancangan Aplikasi Sistem Seminar Online Berbasis Internet' (None)
2026-07-10 00:39:06,659 INFO   Merged: 'Vowel Sound Analysis in the Indonesian Language using Multil' (10.1109/icsitech46713.2019.8987551) <- 'Vowel Sound Analysis in the Indonesian Language using Multil' (10.1109/icsitech46713.2019.8987551)
2026-07-10 00:39:06,659 INFO   Merged: 'Two-Dimensional Direction-of-Arrival Estimation for More Sou' (10.1109/isriti56927.2022.10053025) <- 'Two-Dimensional Direction-of-Arrival Estimation for More Sou' (10.1109/isriti56927.2022.10053025)
2026-07-10 00:39:06,659 INFO   Merged: 'Hybrid IoT-Based Early Warning System for Peatlands Groundwa' (10.1109/kst65016.2025.11003372) <- 'Hybrid IoT-Based Early Warning System for Peatlands Groundwa' (10.1109/kst65016.2025.11003372)
2026-07-10 00:39:06,659 INFO   Merged: 'Towards Reliable 3D Face Reconstruction from Voice: Evaluati' (10.1109/siml65326.2025.11081131) <- 'Towards Reliable 3D Face Reconstruction from Voice: Evaluati' (10.1109/siml65326.2025.11081131)
2026-07-10 00:39:06,659 INFO   Merged: 'Perbandingan Unjuk-Kerja Protokol Transport Pada Jaringan MP' (None) <- 'Perbandingan Unjuk-Kerja Protokol Transport Pada Jaringan MP' (None)
2026-07-10 00:39:06,659 INFO   Merged: 'Impact of Different Degree of Smoothing on Non-Local Means b' (10.1109/icsitech46713.2019.8987555) <- 'Impact of Different Degree of Smoothing on Non-Local Means b' (10.1109/icsitech46713.2019.8987555)
2026-07-10 00:39:06,659 INFO   Merged: 'EKSTRAKSI CIRI DAN PENGENALAN TUTUR VOKAL BAHASA INDONESIA M' (10.36499/psnst.v1i1.1529) <- 'EKSTRAKSI CIRI DAN PENGENALAN TUTUR VOKAL BAHASA INDONESIA M' (10.36499/psnst.v1i1.1529)
2026-07-10 00:39:06,659 INFO   Merged: 'An Optimum Database for Isolated Word in Speech Recognition ' (10.12928/telkomnika.v14i2.2353) <- 'An Optimum Database for Isolated Word in Speech Recognition ' (10.12928/telkomnika.v14i2.2353)
2026-07-10 00:39:06,659 INFO   Merged: 'Mel-frequencies Stochastic Model for Gender Classification b' (10.18517/ijaseit.6.2.615) <- 'Mel-frequencies Stochastic Model for Gender Classification b' (10.18517/ijaseit.6.2.615)
2026-07-10 00:39:06,659 INFO   Merged: 'Evaluating the usage of short-time energy on voice biometric' (10.1109/iciteed.2016.7863303) <- 'Evaluating the usage of short-time energy on voice biometric' (10.1109/iciteed.2016.7863303)
2026-07-10 00:39:06,659 INFO   Merged: 'DESAIN PENGATUR LAMPU LALU LINTAS ADAPTIF DENGAN KENDALI LOG' (None) <- 'Desain Lampu Lalu Lintas Adaptif Dengan Kendali Logika Fuzzy' (None)
2026-07-10 00:39:06,659 INFO   Merged: 'EKSTRASI CIRI DAN PENGENALAN SUARA VOKAL BAHASA INDONESIA BE' (None) <- 'EKSTRASI CIRI DAN PENGENALAN SUARA VOKAL BAHASA INDONESIA BE' (None)
2026-07-10 00:39:06,659 INFO   Merged: 'Implementasi Eliminasi Derau Dengan Metode Tapis FIR Pada Fe' (None) <- 'Implementasi Eliminasi Derau Dengan Metode Tapis FIR Pada Fe' (None)
2026-07-10 00:39:06,659 INFO   Merged: 'KENDALI PENSTABIL FREKUENSI DAN TEGANGAN UNTUK PEMBANGKIT LI' (None) <- 'KENDALI PENSTABIL FREKUENSI DAN TEGANGAN UNTUK PEMBANGKIT LI' (None)
2026-07-10 00:39:06,659 INFO   Merged: 'Local Arrival Time Field based Path Planning using Guided Wa' (10.1109/icitisee.2018.8720974) <- 'Local Arrival Time Field based Path Planning using Guided Wa' (10.1109/icitisee.2018.8720974)
2026-07-10 00:39:06,659 INFO   Merged: 'THE COMPARATIVE PERFORMANCE EVALUATION OF WINDOW FUNCTIONS U' (10.11113/jt.v78.8690) <- 'THE COMPARATIVE PERFORMANCE EVALUATION OF WINDOW FUNCTIONS U' (10.11113/jt.v78.8690)
2026-07-10 00:39:06,659 INFO   Merged: 'HIDDEN MARKOV MODEL SEDERHANA UNTUK APLIKASI PENGENALAN ISYA' (10.32497/orbith.v19i3.5265) <- 'HIDDEN MARKOV MODEL SEDERHANA UNTUK APLIKASI PENGENALAN ISYA' (10.32497/orbith.v19i3.5265)
2026-07-10 00:39:06,659 INFO   Merged: 'UAV obstacle avoidance using potential field under dynamic e' (10.1109/iccerec.2015.7337041) <- 'UAV obstacle avoidance using potential field under dynamic e' (10.1109/iccerec.2015.7337041)
2026-07-10 00:39:06,659 INFO   Merged: 'An Integrated Artificial Potential Field Path Planning with ' (10.18517/ijaseit.6.4.832) <- 'An Integrated Artificial Potential Field Path Planning with ' (10.18517/ijaseit.6.4.832)
2026-07-10 00:39:06,659 INFO   Merged: 'Hand Segmentation from Depth Image using Anthropometric Appr' (None) <- 'Hand Segmentation from Depth Image using Anthropometric Appr' (None)
2026-07-10 00:39:06,659 INFO   Merged: 'DETEKSI NOMOR KENDARAAN DENGAN METODE CONNECTED COMPONENT DA' (None) <- 'DETEKSI NOMOR KENDARAAN DENGAN METODE CONNECTED COMPONENT DA' (None)
2026-07-10 00:39:06,659 INFO   Merged: 'Sign Language Recognition in Robot Teleoperation using Centr' (10.5120/7318-0100) <- 'Sign Language Recognition in Robot Teleoperation using Centr' (10.5120/7318-0100)
2026-07-10 00:39:06,659 INFO   Merged: 'A Novel of Repulsive Function on Artificial Potential Field ' (10.11591/ijece.v6i6.pp3262-3275) <- 'A Novel of Repulsive Function on Artificial Potential Field ' (10.11591/ijece.v6i6.pp3262-3275)
2026-07-10 00:39:06,659 INFO   Merged: 'User-Centered Design on Metacognitive Training System: A Cas' (10.1109/iciteed.2018.8534811) <- 'User-Centered Design on Metacognitive Training System: A Cas' (10.1109/iciteed.2018.8534811)
2026-07-10 00:39:06,659 INFO   Merged: 'Transforming G2C/C2G Relations through Virtual Collaboration' (None) <- 'Transforming G2C/C2G Relations through Virtual Collaboration' (None)
2026-07-10 00:39:06,659 INFO   Merged: 'Framework transformation for local information on artificial' (10.1109/iciteed.2016.7863252) <- 'Framework transformation for local information on artificial' (10.1109/iciteed.2016.7863252)
2026-07-10 00:39:06,659 INFO   Merged: 'A novel Q-scanning for convex hull algorithm' (10.1109/icevtimece.2015.7496705) <- 'A novel Q-scanning for convex hull algorithm' (10.1109/icevtimece.2015.7496705)
2026-07-10 00:39:06,659 INFO   Merged: 'Implementation and performance analysis of MPI cluster syste' (10.1109/cyberneticscom.2016.7892575) <- 'Implementation and performance analysis of MPI cluster syste' (10.1109/cyberneticscom.2016.7892575)
2026-07-10 00:39:06,659 INFO   Merged: 'Systematic Literature Review: Automated Text Summarization f' (10.1109/icitacee58587.2023.10277395) <- 'Systematic Literature Review: Automated Text Summarization f' (10.1109/icitacee58587.2023.10277395)
2026-07-10 00:39:06,659 INFO   Merged: 'Handling Data Imbalance Using Text Augmentation For Classify' (10.1109/ic3ina60834.2023.10285813) <- 'Handling Data Imbalance Using Text Augmentation For Classify' (10.1109/ic3ina60834.2023.10285813)
2026-07-10 00:39:06,659 INFO   Merged: 'Model Ontologi Representasi Pengetahuan untuk Pengorganisasi' (None) <- 'Model Ontologi Representasi Pengetahuan untuk Pengorganisasi' (None)
2026-07-10 00:39:06,659 INFO   Merged: 'Overhead Analysis as One Factor Scalibility of Private Cloud' (None) <- 'Overhead Analysis as One Factor Scalibility of Private Cloud' (None)
2026-07-10 00:39:06,660 INFO   Merged: 'Perencanaan Strategis Sistem Informasi pada Bank Perkreditan' (None) <- 'Perencanaan Strategis Sistem Informasi pada Bank Perkreditan' (None)
2026-07-10 00:39:06,660 INFO   Merged: 'PARALLEL PROCESSING FOR INTEGRATION PROBLEM USING HIGH PERFO' (None) <- 'PARALLEL PROCESSING FOR INTEGRATION PROBLEM USING HIGH PERFO' (None)
2026-07-10 00:39:06,660 INFO   Merged: 'Smartway: A predictive model for traffic management decision' (10.1109/iciteed.2016.7863266) <- 'Smartway: A predictive model for traffic management decision' (10.1109/iciteed.2016.7863266)
2026-07-10 00:39:06,660 INFO   Merged: 'Analysis of High Performance Computing in Computer Resource ' (None) <- 'Analysis of High Performance Computing in Computer Resource ' (None)
2026-07-10 00:39:06,660 INFO   Merged: 'Predicting Student Academic Performance using Machine Learni' (10.1109/isriti48646.2019.9034585) <- 'Predicting Student Academic Performance using Machine Learni' (10.1109/isriti48646.2019.9034585)
2026-07-10 00:39:06,660 INFO   Merged: 'A Proposed Model for Detecting Learning Styles Based on Agen' (10.3991/ijet.v11i10.5781) <- 'A Proposed Model for Detecting Learning Styles Based on Agen' (10.3991/ijet.v11i10.5781)
2026-07-10 00:39:06,660 INFO   Merged: 'Using Ontology for Providing Content Recommendation Based on' (10.1109/aims.2014.40) <- 'Using Ontology for Providing Content Recommendation Based on' (10.1109/aims.2014.40)
2026-07-10 00:39:06,660 INFO   Merged: 'Completion factor in massive open online course in developin' (10.18844/wjet.v14i2.6919) <- 'Completion factor in massive open online course in developin' (10.18844/wjet.v14i2.6919)
2026-07-10 00:39:06,660 INFO   Merged: 'Inverse Trigonometric Fuzzy Preference Programming to Genera' (10.3390/computers13030068) <- 'Inverse Trigonometric Fuzzy Preference Programming to Genera' (10.3390/computers13030068)
2026-07-10 00:39:06,660 INFO   Merged: 'Improving Confusion-State Classifier Model Using XGBoost and' (10.1109/isriti48646.2019.9034618) <- 'Improving Confusion-State Classifier Model Using XGBoost and' (10.1109/isriti48646.2019.9034618)
2026-07-10 00:39:06,660 INFO   Merged: 'Efisiensi ISO 27001, ISO 9001, dan Standar LPSE pada Data Ce' (10.14421/jiska.2021.61-06) <- 'Efisiensi ISO 27001, ISO 9001, dan Standar LPSE pada Data Ce' (10.14421/jiska.2021.61-06)
2026-07-10 00:39:06,660 INFO   Merged: 'Collecting the Tourism Contextual Information data to suppor' (10.1109/icoiact46704.2019.8938546) <- 'Collecting the Tourism Contextual Information data to suppor' (10.1109/icoiact46704.2019.8938546)
2026-07-10 00:39:06,660 INFO   Merged: 'Improving SME ICT utilization through Industrial Attachment ' (10.1109/fie.2010.5673230) <- 'Improving SME ICT utilization through Industrial Attachment ' (10.1109/fie.2010.5673230)
2026-07-10 00:39:06,660 INFO   Merged: 'Perancangan Ontologi Prenatal-Nutrition dan Evaluasinya Meng' (None) <- 'Perancangan Ontologi Prenatal-Nutrition dan Evaluasinya Meng' (None)
2026-07-10 00:39:06,660 INFO   Merged: 'KAJIAN INDIKATOR PENGUKURAN KESIAPAN PADA GREEN SMART CAMPUS' (None) <- 'KAJIAN INDIKATOR PENGUKURAN KESIAPAN PADA GREEN SMART CAMPUS' (None)
2026-07-10 00:39:06,660 INFO   Merged: 'Perancangan Ontologi Rekam Medis di Indonesia berdasarkan La' (10.23887/janapati.v4i1.9746) <- 'Perancangan Ontologi Rekam Medis di Indonesia berdasarkan La' (10.23887/janapati.v4i1.9746)
2026-07-10 00:39:06,660 INFO   Merged: 'Statistical-based machine translation for prepositional phra' (10.1109/iceei.2011.6021644) <- 'Statistical-based machine translation for prepositional phra' (10.1109/iceei.2011.6021644)
2026-07-10 00:39:06,660 INFO   Merged: 'REVIEW LAYOUT KEYBOARD YANG OPTIMAL UNTUK PENGETIKAN DALAM B' (None) <- 'REVIEW LAYOUT KEYBOARD YANG OPTIMAL UNTUK PENGETIKAN DALAM B' (None)
2026-07-10 00:39:06,660 INFO   Merged: 'Student-centered Factors on Online Learning: A Systematic Li' (10.1109/isitia56226.2022.9855282) <- 'Student-centered Factors on Online Learning: A Systematic Li' (10.1109/isitia56226.2022.9855282)
2026-07-10 00:39:06,660 INFO   Merged: 'REDUCING STUDENT'S LEARNING DURATION ON ENGINEERING FINAL PR' (None) <- 'REDUCING STUDENT'S LEARNING DURATION ON ENGINEERING FINAL PR' (None)
2026-07-10 00:39:06,660 INFO   Merged: 'Querying ontology through HTTP protocol to bridge interopera' (10.1109/iciteed.2015.7408927) <- 'Querying ontology through HTTP protocol to bridge interopera' (10.1109/iciteed.2015.7408927)
2026-07-10 00:39:06,660 INFO   Merged: 'Ontology Development of Semantic E-Learning for Final Projec' (10.1166/asl.2015.5758) <- 'Ontology Development of Semantic E-Learning for Final Projec' (10.1166/asl.2015.5758)
2026-07-10 00:39:06,660 INFO   Merged: 'Reduksi Peak to Average Power Ratio (PAPR) Menggunakan Tekni' (10.22146/jnteti.v1i1.9) <- 'Reduksi Peak to Average Power Ratio (PAPR) Menggunakan Tekni' (10.22146/jnteti.v1i1.9)
2026-07-10 00:39:06,660 INFO   Merged: 'Ontology-Based Social Media Talks Topic Classification (Twit' (10.22146/ijitee.46534) <- 'Ontology-Based Social Media Talks Topic Classification (Twit' (10.22146/ijitee.46534)
2026-07-10 00:39:06,660 INFO   Merged: 'Readiness Indicators of Human Resources Aspects for MOOC Imp' (10.1109/icoiact46704.2019.8938477) <- 'Readiness Indicators of Human Resources Aspects for MOOC Imp' (10.1109/icoiact46704.2019.8938477)
2026-07-10 00:39:06,660 INFO   Merged: 'Perancangan dan Pembuatan Business Logic Layer Pada Situs So' (10.24002/jbi.v1i1.294) <- 'Perancangan dan Pembuatan Business Logic Layer Pada Situs So' (10.24002/jbi.v1i1.294)
2026-07-10 00:39:06,660 INFO   Merged: 'Ontologi Sistem Penilaian E-Learning Berbasis Kompetensi' (None) <- 'Ontologi Sistem Penilaian E-Learning Berbasis Kompetensi' (None)
2026-07-10 00:39:06,660 INFO   Merged: 'Considering Power Consumption of Wireless Stations Based on ' (None) <- 'Considering Power Consumption of Wireless Stations Based on ' (None)
2026-07-10 00:39:06,660 INFO   Merged: 'English-Indonesia Machine Translation Using Statistical Appr' (None) <- 'English-Indonesia Machine Translation Using Statistical Appr' (None)
2026-07-10 00:39:06,660 INFO   Merged: 'Sistem Evaluasi Belajar Tanpa Kertas di Sekolah Menengah Ata' (None) <- 'Sistem Evaluasi Belajar Tanpa Kertas di Sekolah Menengah Ata' (None)
2026-07-10 00:39:06,660 INFO   Merged: 'Rekomendasi Berdasarkan Nilai Pretest Mahasiswa Menggunakan ' (10.15294/edukomputika.v5i1.23077) <- 'Rekomendasi Berdasarkan Nilai Pretest Mahasiswa Menggunakan ' (10.15294/edukomputika.v5i1.23077)
2026-07-10 00:39:06,660 INFO   Merged: 'Implementation of VARK Learning Styles in the MOOC User Inte' (10.5220/0009867502200223) <- 'Implementation of VARK Learning Styles in the MOOC User Inte' (10.5220/0009867502200223)
2026-07-10 00:39:06,660 INFO   Merged: 'Adoption of Various Frameworks for e-Learning Governance Tha' (10.5220/0009866301530157) <- 'Adoption of Various Frameworks for e-Learning Governance Tha' (10.5220/0009866301530157)
2026-07-10 00:39:06,660 INFO   Merged: 'Identifying Smartphone Based Features for Automatic Learning' (10.1109/icst47872.2019.9166165) <- 'Identifying Smartphone Based Features for Automatic Learning' (10.1109/icst47872.2019.9166165)
2026-07-10 00:39:06,660 INFO   Merged: 'A Proposed Model for DetectingLearning Styles Based on Agent' (None) <- 'A Proposed Model for DetectingLearning Styles Based on Agent' (None)
2026-07-10 00:39:06,660 INFO   Merged: 'Evaluation of User Acceptance of the Information System in E' (10.1109/icitisee58992.2023.10405284) <- 'Evaluation of User Acceptance of the Information System in E' (10.1109/icitisee58992.2023.10405284)
2026-07-10 00:39:06,660 INFO   Merged: 'Chi-Square Oversampling to Improve Dropout Prediction Perfor' (10.14716/ijtech.v16i4.7047) <- 'Chi-Square Oversampling to Improve Dropout Prediction Perfor' (10.14716/ijtech.v16i4.7047)
2026-07-10 00:39:06,660 INFO   Merged: 'A comparative study on fuzzy Mamdani-Sugeno-Tsukamoto for th' (10.1063/1.4958498) <- 'A comparative study on fuzzy Mamdani-Sugeno-Tsukamoto for th' (10.1063/1.4958498)
2026-07-10 00:39:06,660 INFO   Merged: 'Decision support system for stock trading using multiple ind' (10.1109/icitacee.2014.7065759) <- 'Decision support system for stock trading using multiple ind' (10.1109/icitacee.2014.7065759)
2026-07-10 00:39:06,660 INFO   Merged: 'Development of semi-supervised named entity recognition to d' (10.1109/icstc.2016.7877360) <- 'Development of semi-supervised named entity recognition to d' (10.1109/icstc.2016.7877360)
2026-07-10 00:39:06,660 INFO   Merged: 'A Review of Ontology Development in the e-Learning Domain: M' (10.1109/ic3ina60834.2023.10285789) <- 'A Review of Ontology Development in the e-Learning Domain: M' (10.1109/ic3ina60834.2023.10285789)
2026-07-10 00:39:06,660 INFO   Merged: 'Systematic Literature Review: Stock Price Prediction Using M' (10.2991/aebmr.k.211117.008) <- 'Systematic Literature Review: Stock Price Prediction Using M' (10.2991/aebmr.k.211117.008)
2026-07-10 00:39:06,660 INFO   Merged: 'Kualitas Audit Teknologi Informasi dan Faktor-Faktor yang Me' (10.15294/edukomputika.v6i1.27501) <- 'Kualitas Audit Teknologi Informasi dan Faktor-Faktor yang Me' (10.15294/edukomputika.v6i1.27501)
2026-07-10 00:39:06,660 INFO   Merged: 'Judging Knowledge by its Cover: Leveraging Large Language Mo' (10.1109/icitda60835.2023.10427395) <- 'Judging Knowledge by its Cover: Leveraging Large Language Mo' (10.1109/icitda60835.2023.10427395)
2026-07-10 00:39:06,660 INFO   Merged: 'Desain Gamifikasi sebagai Pelengkap Aplikasi Pembelajaran Si' (10.22146/jnteti.v13i3.10460) <- 'Desain Gamifikasi sebagai Pelengkap Aplikasi Pembelajaran Si' (10.22146/jnteti.v13i3.10460)
2026-07-10 00:39:06,660 INFO   Merged: 'Government product recommendation systems in e-Katalog: leve' (10.1049/icp.2025.0317) <- 'Government product recommendation systems in e-Katalog: leve' (10.1049/icp.2025.0317)
2026-07-10 00:39:06,660 INFO   Merged: 'State of charge estimation of Lithium Polymer battery using ' (10.1109/icstc.2016.7877346) <- 'State of charge estimation of Lithium Polymer battery using ' (10.1109/icstc.2016.7877346)
2026-07-10 00:39:06,660 INFO   Merged: 'IMPLEMENTASI CASE BASED REASONING UNTUK MENENTUKAN TUJUAN WI' (10.36499/psnst.v1i1.1537) <- 'IMPLEMENTASI CASE BASED REASONING UNTUK MENENTUKAN TUJUAN WI' (10.36499/psnst.v1i1.1537)
2026-07-10 00:39:06,660 INFO   Merged: 'Pemanfaatan Gamifikasi pada Massive Open Online Course (MOOC' (None) <- 'Pemanfaatan Gamifikasi pada Massive Open Online Course (MOOC' (None)
2026-07-10 00:39:06,660 INFO   Merged: 'Evaluating Smart City Using the Fuzzy-Bwm Decision-Making Fr' (10.1109/icera66156.2025.11087268) <- 'Evaluating Smart City Using the Fuzzy-Bwm Decision-Making Fr' (10.1109/icera66156.2025.11087268)
2026-07-10 00:39:06,660 INFO   Merged: 'Developing a Service-driven Process Tool for Telecommunicati' (None) <- 'Developing a Service-driven Process Tool for Telecommunicati' (None)
2026-07-10 00:39:06,660 INFO   Merged: 'Design and Simulation of Adaptive Traffic Light Controller U' (None) <- 'Design and Simulation of Adaptive Traffic Light Controller U' (None)
2026-07-10 00:39:06,660 INFO   Merged: 'EVALUASI FAKTOR KEGAGALAN SISTEM INFORMASI PADA KESIAPAN PEN' (10.33387/jiko.v3i3.2176) <- 'EVALUASI FAKTOR KEGAGALAN SISTEM INFORMASI PADA KESIAPAN PEN' (10.33387/jiko.v3i3.2176)
2026-07-10 00:39:06,660 INFO   Merged: 'A Review E-Government Implementation: Its Impact on Public V' (10.1109/siml61815.2024.10578171) <- 'A Review E-Government Implementation: Its Impact on Public V' (10.1109/siml61815.2024.10578171)
2026-07-10 00:39:06,660 INFO   Merged: 'Kinerja Metode Load Balancing dan Fault Tolerance Pada Serve' (None) <- 'Kinerja Metode Load Balancing dan Fault Tolerance Pada Serve' (None)
2026-07-10 00:39:06,660 INFO   Merged: 'A Novel Utility Function of Power Control Game in Multi-Chan' (10.17762/ijcnis.v9i3.2770) <- 'A Novel Utility Function of Power Control Game in Multi-Chan' (10.17762/ijcnis.v9i3.2770)
2026-07-10 00:39:06,660 INFO   Merged: 'Application of Machine Learning in Taxation: A Systematic Li' (10.1109/isitia63062.2024.10668268) <- 'Application of Machine Learning in Taxation: A Systematic Li' (10.1109/isitia63062.2024.10668268)
2026-07-10 00:39:06,660 INFO   Merged: 'Improving IT Service Governance in the ETLE System by Applyi' (10.1109/icca62237.2024.10928147) <- 'Improving IT Service Governance in the ETLE System by Applyi' (10.1109/icca62237.2024.10928147)
2026-07-10 00:39:06,660 INFO   Merged: 'A comparative study on centralized and distributed power con' (10.1109/iciteed.2016.7863237) <- 'A comparative study on centralized and distributed power con' (10.1109/iciteed.2016.7863237)
2026-07-10 00:39:06,660 INFO   Merged: 'Feasible solution of centralized power control for multi cha' (10.1109/iciteed.2015.7409006) <- 'Feasible solution of centralized power control for multi cha' (10.1109/iciteed.2015.7409006)
2026-07-10 00:39:06,660 INFO   Merged: 'DESAIN PENGATUR LAMPU LALU LINTAS ADAPTIF DENGAN KENDALI LOG' (None) <- 'DESAIN PENGATUR LAMPU LALU LINTAS ADAPTIF DENGAN KENDALI LOG' (None)
2026-07-10 00:39:06,660 INFO   Merged: 'Distributed power control vs power control game: A compariso' (10.1109/icasi.2017.7988304) <- 'Distributed power control vs power control game: A compariso' (10.1109/icasi.2017.7988304)
2026-07-10 00:39:06,660 INFO   Merged: 'Modified Usability Test Scenario: User Story Approach to Eva' (10.22146/ijitee.61201) <- 'Modified Usability Test Scenario: User Story Approach to Eva' (10.22146/ijitee.61201)
2026-07-10 00:39:06,660 INFO   Merged: 'Optimizing IT Services Quality: Implementing ITIL for Enhanc' (10.1109/icitacee62763.2024.10762782) <- 'Optimizing IT Services Quality: Implementing ITIL for Enhanc' (10.1109/icitacee62763.2024.10762782)
2026-07-10 00:39:06,660 INFO   Merged: 'Feasibility of Power Control for Multi-Channel User in Inter' (10.11591/ijece.v6i4.pp1685-1694) <- 'Feasibility of Power Control for Multi-Channel User in Inter' (10.11591/ijece.v6i4.pp1685-1694)
2026-07-10 00:39:06,660 INFO   Merged: 'EVALUASI SISTEM INFORMASI MONITORING SKRIPSI MENGGUNAKAN PRI' (None) <- 'EVALUASI SISTEM INFORMASI MONITORING SKRIPSI MENGGUNAKAN PRI' (None)
2026-07-10 00:39:06,660 INFO   Merged: 'Feasibility of Power Control for Multi-Channel User in Inter' (10.11591/ijece.v6i4.10210) <- 'Feasibility of Power Control for Multi-Channel User in Inter' (10.11591/ijece.v6i4.10210)
2026-07-10 00:39:06,660 INFO   Merged: 'Preliminary study: Non cooperative power control game model ' (10.1109/icts.2014.7010569) <- 'Preliminary study: Non cooperative power control game model ' (10.1109/icts.2014.7010569)
2026-07-10 00:39:06,661 INFO   Merged: 'Autonomous Distributed Power Control in Multi-Channel Cognit' (10.22266/ijies2017.0430.15) <- 'Autonomous Distributed Power Control in Multi-Channel Cognit' (10.22266/ijies2017.0430.15)
2026-07-10 00:39:06,661 INFO   Merged: 'Improvement of fusion algorithm using cascade method and imp' (10.3233/web-180391) <- 'Improvement of fusion algorithm using cascade method and imp' (10.3233/web-180391)
2026-07-10 00:39:06,661 INFO   Merged: 'Data Distribution on the Goodness Behaviour System with Blac' (10.1109/icoiact46704.2019.8938416) <- 'Data Distribution on the Goodness Behaviour System with Blac' (10.1109/icoiact46704.2019.8938416)
2026-07-10 00:39:06,661 INFO   Merged: 'A scalable Information System for Disaster Relief Management' (None) <- 'A scalable Information System for Disaster Relief Management' (None)
2026-07-10 00:39:06,661 INFO   Merged: 'PERANCANGAN INTEGRASI SISTEM INFORMASI NILEK, NILEM DAN NILE' (None) <- 'PERANCANGAN INTEGRASI SISTEM INFORMASI NILEK, NILEM DAN NILE' (None)
2026-07-10 00:39:06,661 INFO   Merged: 'KAJIAN PERANCANGAN SISTEM INFORMASI PENERBITAN IJIN BELAJAR ' (None) <- 'KAJIAN PERANCANGAN SISTEM INFORMASI PENERBITAN IJIN BELAJAR ' (None)
2026-07-10 00:39:06,661 INFO   Merged: 'EVALUASI METODE LOAD BALANCING Dan FAULT TOLERANCE PADA SIST' (10.15294/edukomputika.v5i1.23029) <- 'EVALUASI METODE LOAD BALANCING Dan FAULT TOLERANCE PADA SIST' (10.15294/edukomputika.v5i1.23029)
2026-07-10 00:39:06,661 INFO   Merged: 'Trend on Sedentary Behaviour Monitoring Research Purposes: A' (10.1109/eeccis.2018.8692962) <- 'Trend on Sedentary Behaviour Monitoring Research Purposes: A' (10.1109/eeccis.2018.8692962)
2026-07-10 00:39:06,661 INFO   Merged: 'Channel sharing utility function of power control game in co' (10.52549/ijeei.v7i2.1163) <- 'Channel sharing utility function of power control game in co' (10.52549/ijeei.v7i2.1163)
2026-07-10 00:39:06,661 INFO   Merged: 'A Conceptual Framework of Adaptive Mobile POI Recommendation' (10.1109/icoiact46704.2019.8938542) <- 'A Conceptual Framework of Adaptive Mobile POI Recommendation' (10.1109/icoiact46704.2019.8938542)
2026-07-10 00:39:06,661 INFO   Merged: 'Applying Integrating Testing of Microservices in Airline Tic' (10.22146/ijitee.55491) <- 'Applying Integrating Testing of Microservices in Airline Tic' (10.22146/ijitee.55491)
2026-07-10 00:39:06,661 INFO   Merged: 'Channel sharing utility function of power control game in co' (10.11591/ijeei.v7i2.1163) <- 'Channel sharing utility function of power control game in co' (10.11591/ijeei.v7i2.1163)
2026-07-10 00:39:06,661 INFO   Merged: 'Forecasting Tax Revenue in Indonesia using Single and Hybrid' (10.1109/icadeis65852.2025.10933293) <- 'Forecasting Tax Revenue in Indonesia using Single and Hybrid' (10.1109/icadeis65852.2025.10933293)
2026-07-10 00:39:06,661 INFO   Merged: 'Developing a Service-driven Process Tool for Telecommunicati' (None) <- 'Developing a Service-driven Process Tool for Telecommunicati' (None)
2026-07-10 00:39:06,661 INFO   Merged: 'Optimal Planning of Battery Energy Storage Systems by Consid' (10.3390/batteries8120290) <- 'Optimal Planning of Battery Energy Storage Systems by Consid' (10.3390/batteries8120290)
2026-07-10 00:39:06,661 INFO   Merged: 'Optimal sizing and placement of battery energy storage syste' (10.1016/j.ecmx.2024.100620) <- 'Optimal sizing and placement of battery energy storage syste' (10.1016/j.ecmx.2024.100620)
2026-07-10 00:39:06,661 INFO   Merged: 'Designing Power Transformer Using Particle Swarm Optimizatio' (10.3390/designs7010031) <- 'Designing Power Transformer Using Particle Swarm Optimizatio' (10.3390/designs7010031)
2026-07-10 00:39:06,661 INFO   Merged: 'Integration of Battery Energy Storage System to Increase Fle' (10.1109/icpere56870.2022.10037530) <- 'Integration of Battery Energy Storage System to Increase Fle' (10.1109/icpere56870.2022.10037530)
2026-07-10 00:39:06,661 INFO   Merged: 'Optimal Sizing and Siting of Battery Energy Storage Systems ' (10.1109/ict-pep57242.2022.9988958) <- 'Optimal Sizing and Siting of Battery Energy Storage Systems ' (10.1109/ict-pep57242.2022.9988958)
2026-07-10 00:39:06,661 INFO   Merged: 'Teaching the large synchronous generator dynamic model under' (10.1109/iciteed.2013.6676277) <- 'Teaching the large synchronous generator dynamic model under' (10.1109/iciteed.2013.6676277)
2026-07-10 00:39:06,661 INFO   Merged: 'Study of Power Transformer Noise Prediction' (10.1109/icitacee50144.2020.9239219) <- 'Study of Power Transformer Noise Prediction' (10.1109/icitacee50144.2020.9239219)
2026-07-10 00:39:06,661 INFO   Merged: 'Prediction formula development of power transformer no-load ' (10.1088/1742-6596/1858/1/012014) <- 'Prediction formula development of power transformer no-load ' (10.1088/1742-6596/1858/1/012014)
2026-07-10 00:39:06,661 INFO   Merged: 'Optimal configuration of PV-Wind turbine-grid-battery in low' (10.1109/iciteed.2014.7007945) <- 'Optimal configuration of PV-Wind turbine-grid-battery in low' (10.1109/iciteed.2014.7007945)
2026-07-10 00:39:06,661 INFO   Merged: 'Optimal Sizing and Siting of Fresh and Second-Life Battery E' (10.5109/7236864) <- 'Optimal Sizing and Siting of Fresh and Second-Life Battery E' (10.5109/7236864)
2026-07-10 00:39:06,661 INFO   Merged: 'Design and Simulation of Three Phase Squirrel Cage Induction' (10.1109/iciteed.2019.8929987) <- 'Design and Simulation of Three Phase Squirrel Cage Induction' (10.1109/iciteed.2019.8929987)
2026-07-10 00:39:06,661 INFO   Merged: 'Analysis of ferrite effect in Axial Flux Permanent Magnet Ge' (10.1109/icstc.2017.8011850) <- 'Analysis of ferrite effect in Axial Flux Permanent Magnet Ge' (10.1109/icstc.2017.8011850)
2026-07-10 00:39:06,661 INFO   Merged: 'Power Transformer Load Noise Model based on Backpropagation ' (10.14716/ijtech.v15i5.5548) <- 'Power Transformer Load Noise Model based on Backpropagation ' (10.14716/ijtech.v15i5.5548)
2026-07-10 00:39:06,661 INFO   Merged: 'DC Chopper for The Excitation Voltage Regulation of Synchron' (10.1109/time-e47986.2019.9353307) <- 'DC Chopper for The Excitation Voltage Regulation of Synchron' (10.1109/time-e47986.2019.9353307)
2026-07-10 00:39:06,661 INFO   Merged: 'Development of No-Load Noise Power Transformer Model using B' (10.1109/icitacee53184.2021.9617468) <- 'Development of No-Load Noise Power Transformer Model using B' (10.1109/icitacee53184.2021.9617468)
2026-07-10 00:39:06,661 INFO   Merged: 'Optimal Allocation of Vanadium Redox Flow Battery Storage Sy' (10.1109/icitee59582.2023.10317686) <- 'Optimal Allocation of Vanadium Redox Flow Battery Storage Sy' (10.1109/icitee59582.2023.10317686)
2026-07-10 00:39:06,661 INFO   Merged: 'Technical and Economic Analysis of Solar PV Integration with' (10.1109/icpere63447.2024.10845594) <- 'Technical and Economic Analysis of Solar PV Integration with' (10.1109/icpere63447.2024.10845594)
2026-07-10 00:39:06,661 INFO   Merged: 'Magnetic field distribution simulation on two permanent magn' (10.1109/icici-bme.2013.6698488) <- 'Magnetic field distribution simulation on two permanent magn' (10.1109/icici-bme.2013.6698488)
2026-07-10 00:39:06,661 INFO   Merged: 'Bearing faults analysis using modified ANFIS architecture in' (10.1109/iciteed.2016.7863297) <- 'Bearing faults analysis using modified ANFIS architecture in' (10.1109/iciteed.2016.7863297)
2026-07-10 00:39:06,661 INFO   Merged: 'The Ferrite Effect on Magnetic Field Distribution with Two R' (10.1016/j.proeng.2017.03.062) <- 'The Ferrite Effect on Magnetic Field Distribution with Two R' (10.1016/j.proeng.2017.03.062)
2026-07-10 00:39:06,661 INFO   Merged: 'Air flow numerical simulation on rotor-stator surface of Flu' (10.1109/icitacee.2015.7437828) <- 'Air flow numerical simulation on rotor-stator surface of Flu' (10.1109/icitacee.2015.7437828)
2026-07-10 00:39:06,661 INFO   Merged: 'MERANCANG ULANG MOTOR INDUKSI 3 FASE KECEPATAN 1000 RPM DENG' (None) <- 'MERANCANG ULANG MOTOR INDUKSI 3 FASE KECEPATAN 1000 RPM DENG' (None)
2026-07-10 00:39:06,661 INFO   Merged: 'Fault Location Algorithm for HVDC Transmission Based on Sync' (10.22146/ijitee.44926) <- 'Fault Location Algorithm for HVDC Transmission Based on Sync' (10.22146/ijitee.44926)
2026-07-10 00:39:06,661 INFO   Merged: 'Effect of Temperature Change of Liquid Isolator Based on Com' (10.1109/icoiact46704.2019.8938485) <- 'Effect of Temperature Change of Liquid Isolator Based on Com' (10.1109/icoiact46704.2019.8938485)
2026-07-10 00:39:06,661 INFO   Merged: 'A Simple Modeling of Wind Turbine When the Lightning Strike' (10.1109/icst50505.2020.9732882) <- 'A Simple Modeling of Wind Turbine When the Lightning Strike' (10.1109/icst50505.2020.9732882)
2026-07-10 00:39:06,661 INFO   Merged: 'Application of a PCA-MLR Load Noise Prediction Model for The' (10.1109/elticom61905.2023.10443176) <- 'Application of a PCA-MLR Load Noise Prediction Model for The' (10.1109/elticom61905.2023.10443176)
2026-07-10 00:39:06,661 INFO   Merged: 'Assessment of Fuel Subsidy Influence on the Viability of Hyb' (10.1109/icera66156.2025.11087365) <- 'Assessment of Fuel Subsidy Influence on the Viability of Hyb' (10.1109/icera66156.2025.11087365)
2026-07-10 00:39:06,661 INFO   Merged: 'Survey on Trust Calculation Methods in Internet of Things' (10.1016/j.procs.2019.11.245) <- 'Survey on Trust Calculation Methods in Internet of Things' (10.1016/j.procs.2019.11.245)
2026-07-10 00:39:06,661 INFO   Merged: 'Performance analysis of objective function MRHOF and OF0 in ' (10.1109/iciteed.2016.7863270) <- 'Performance analysis of objective function MRHOF and OF0 in ' (10.1109/iciteed.2016.7863270)
2026-07-10 00:39:06,661 INFO   Merged: 'Tinjauan Ancaman dan Solusi Keamanan pada Teknologi Internet' (10.22146/jnteti.v9i4.539) <- 'Tinjauan Ancaman dan Solusi Keamanan pada Teknologi Internet' (10.22146/jnteti.v9i4.539)
2026-07-10 00:39:06,661 INFO   Merged: 'QS-Trust: An IoT ecosystem security model incorporating qual' (10.21924/cst.9.1.2024.1419) <- 'QS-Trust: An IoT ecosystem security model incorporating qual' (10.21924/cst.9.1.2024.1419)
2026-07-10 00:39:06,661 INFO   Merged: 'Development of Enterprise Security Framework in SKK Migas Ba' (10.1109/iciteed.2018.8534747) <- 'Development of Enterprise Security Framework in SKK Migas Ba' (10.1109/iciteed.2018.8534747)
2026-07-10 00:39:06,661 INFO   Merged: 'Trust Based Security Model in IoT Ecosystem' (10.1109/icitisee57756.2022.10057930) <- 'Trust Based Security Model in IoT Ecosystem' (10.1109/icitisee57756.2022.10057930)
2026-07-10 00:39:06,661 INFO   Merged: 'MDA and integration of legacy systems' (None) <- 'MDA and integration of legacy systems' (None)
2026-07-10 00:39:06,661 INFO   Merged: 'Pengembangan Fitur Agenda pada Sistem Informasi Manajemen Pr' (None) <- 'Pengembangan Fitur Agenda pada Sistem Informasi Manajemen Pr' (None)
2026-07-10 00:39:06,661 INFO   Merged: 'Robust Quality Clustering of Rice Varieties Using Object Det' (10.1109/icitee62483.2024.10808462) <- 'Robust Quality Clustering of Rice Varieties Using Object Det' (10.1109/icitee62483.2024.10808462)
2026-07-10 00:39:06,661 INFO   Merged: 'Optimasi Pengendali Pi Sebagai Pengendali Kecepatan Motor Dc' (None) <- 'Optimasi Pengendali Pi Sebagai Pengendali Kecepatan Motor Dc' (None)
2026-07-10 00:39:06,661 INFO   Merged: 'SISTEM PENANGANAN EVENTLABORATORIUM BERBASIS WEB' (None) <- 'SISTEM PENANGANAN EVENTLABORATORIUM BERBASIS WEB' (None)
2026-07-10 00:39:06,661 INFO   Merged: 'Perbandingan Performa OpenPLC dengan PLC Komersial' (10.30871/jaee.v8i2.8710) <- 'Perbandingan Performa OpenPLC dengan PLC Komersial' (10.30871/jaee.v8i2.8710)
2026-07-10 00:39:06,661 INFO   Merged: 'Early prediction of battery degradation in grid-scale batter' (10.1016/j.rineng.2023.101709) <- 'Early prediction of battery degradation in grid-scale batter' (10.1016/j.rineng.2023.101709)
2026-07-10 00:39:06,661 INFO   Merged: 'Optimal Planning of Battery Energy Storage Systems by Consid' (10.3390/batteries8120290) <- 'Optimal Planning of Battery Energy Storage Systems by Consid' (10.3390/batteries8120290)
2026-07-10 00:39:06,661 INFO   Merged: 'Optimal sizing and placement of battery energy storage syste' (10.1016/j.ecmx.2024.100620) <- 'Optimal sizing and placement of battery energy storage syste' (10.1016/j.ecmx.2024.100620)
2026-07-10 00:39:06,661 INFO   Merged: 'Game theory for multi-objective and multi-period framework g' (10.1016/j.energy.2019.02.105) <- 'Game theory for multi-objective and multi-period framework g' (10.1016/j.energy.2019.02.105)
2026-07-10 00:39:06,661 INFO   Merged: 'Generation Expansion Planning Based on Local Renewable Energ' (10.3390/su14053032) <- 'Generation Expansion Planning Based on Local Renewable Energ' (10.3390/su14053032)
2026-07-10 00:39:06,661 INFO   Merged: 'The climate and land-use changes impact on water availabilit' (10.1016/j.esr.2022.101043) <- 'The climate and land-use changes impact on water availabilit' (10.1016/j.esr.2022.101043)
2026-07-10 00:39:06,661 INFO   Merged: 'Multi-level game theory model for partially deregulated gene' (10.1016/j.energy.2021.121565) <- 'Multi-level game theory model for partially deregulated gene' (10.1016/j.energy.2021.121565)
2026-07-10 00:39:06,661 INFO   Merged: 'Carbon tax and trading mechanisms for emission reduction in ' (10.1016/j.clet.2025.101024) <- 'Carbon tax and trading mechanisms for emission reduction in ' (10.1016/j.clet.2025.101024)
2026-07-10 00:39:06,661 INFO   Merged: 'Advancing the carbon pricing framework in Indonesia: A syste' (10.1016/j.rineng.2025.107155) <- 'Advancing the carbon pricing framework in Indonesia: A syste' (10.1016/j.rineng.2025.107155)
2026-07-10 00:39:06,661 INFO   Merged: 'A scenario-based approach for probabilistic load flow analys' (10.1016/j.rineng.2025.106197) <- 'A scenario-based approach for probabilistic load flow analys' (10.1016/j.rineng.2025.106197)
2026-07-10 00:39:06,661 INFO   Merged: 'Power System Planning Assessment for Optimizing Renewable En' (10.3390/su14148436) <- 'Power System Planning Assessment for Optimizing Renewable En' (10.3390/su14148436)
2026-07-10 00:39:06,661 INFO   Merged: 'Optimizing power sector decarbonization in Indonesia through' (10.1016/j.grets.2025.100276) <- 'Optimizing power sector decarbonization in Indonesia through' (10.1016/j.grets.2025.100276)
2026-07-10 00:39:06,661 INFO   Merged: 'Maximum Power Point Tracking using Particle Swarm Optimizati' (10.11591/ijece.v7i2.pp659-666) <- 'Maximum Power Point Tracking using Particle Swarm Optimizati' (10.11591/ijece.v7i2.pp659-666)
2026-07-10 00:39:06,661 INFO   Merged: 'Review on Generation Expansion Planning based on Indonesia a' (10.1109/icst47872.2019.9166406) <- 'Review on Generation Expansion Planning based on Indonesia a' (10.1109/icst47872.2019.9166406)
2026-07-10 00:39:06,661 INFO   Merged: 'Indonesia's deregulated generation expansion planning model ' (10.1016/j.energy.2022.125014) <- 'Indonesia's deregulated generation expansion planning model ' (10.1016/j.energy.2022.125014)
2026-07-10 00:39:06,662 INFO   Merged: 'Integration of Battery Energy Storage System to Increase Fle' (10.1109/icpere56870.2022.10037530) <- 'Integration of Battery Energy Storage System to Increase Fle' (10.1109/icpere56870.2022.10037530)
2026-07-10 00:39:06,662 INFO   Merged: 'Optimal Sizing and Siting of Battery Energy Storage Systems ' (10.1109/ict-pep57242.2022.9988958) <- 'Optimal Sizing and Siting of Battery Energy Storage Systems ' (10.1109/ict-pep57242.2022.9988958)
2026-07-10 00:39:06,662 INFO   Merged: 'Climate Changes Impact on Solar Photovoltaic in Tropical Isl' (10.1109/ict-pep63827.2024.10733537) <- 'Climate Changes Impact on Solar Photovoltaic in Tropical Isl' (10.1109/ict-pep63827.2024.10733537)
2026-07-10 00:39:06,662 INFO   Merged: 'Impact of high penetration of Photovoltaic Generation on vol' (10.1109/icitacee.2015.7437824) <- 'Impact of high penetration of Photovoltaic Generation on vol' (10.1109/icitacee.2015.7437824)
2026-07-10 00:39:06,662 INFO   Merged: 'A Review of Potential Method for Optimization of Power Plant' (10.21924/cst.2.1.2017.41) <- 'A Review of Potential Method for Optimization of Power Plant' (10.21924/cst.2.1.2017.41)
2026-07-10 00:39:06,662 INFO   Merged: 'A comprehensive review on uncertainty of renewable energy an' (10.1063/5.0013636) <- 'A comprehensive review on uncertainty of renewable energy an' (10.1063/5.0013636)
2026-07-10 00:39:06,662 INFO   Merged: 'Combined heat and power – multi-objective optimization with ' (10.1016/j.jngse.2018.03.025) <- 'Combined heat and power – multi-objective optimization with ' (10.1016/j.jngse.2018.03.025)
2026-07-10 00:39:06,662 INFO   Merged: 'Unit commitment for power generation system including PV and' (10.1109/icpere.2012.6287247) <- 'Unit commitment for power generation system including PV and' (10.1109/icpere.2012.6287247)
2026-07-10 00:39:06,662 INFO   Merged: 'Grid connected-induction generator start-up sequence observa' (10.1109/isgt-asia.2015.7387139) <- 'Grid connected-induction generator start-up sequence observa' (10.1109/isgt-asia.2015.7387139)
2026-07-10 00:39:06,662 INFO   Merged: 'Optimal Power Flow Using Flower Pollination Algorithm: A Cas' (10.22146/ijitee.28363) <- 'Optimal Power Flow Using Flower Pollination Algorithm: A Cas' (10.22146/ijitee.28363)
2026-07-10 00:39:06,662 INFO   Merged: 'Security Constrained Unit Commitment Using Genetic Algorithm' (10.1109/sgcf.2019.8782288) <- 'Security Constrained Unit Commitment Using Genetic Algorithm' (10.1109/sgcf.2019.8782288)
2026-07-10 00:39:06,662 INFO   Merged: 'Power Oscillation Damping Control using Robust Coordinated S' (10.12928/telkomnika.v9i1.646) <- 'Power Oscillation Damping Control using Robust Coordinated S' (10.12928/telkomnika.v9i1.646)
2026-07-10 00:39:06,662 INFO   Merged: 'Optimal Power Flow Based on Flower Pollination Algorithm' (10.1109/iciteed.2018.8534938) <- 'Optimal Power Flow Based on Flower Pollination Algorithm' (10.1109/iciteed.2018.8534938)
2026-07-10 00:39:06,662 INFO   Merged: 'Dynamic response of maximum power point tracking using parti' (10.1109/iciteed.2016.7863277) <- 'Dynamic response of maximum power point tracking using parti' (10.1109/iciteed.2016.7863277)
2026-07-10 00:39:06,662 INFO   Merged: 'Review Perhitungan Biaya Wheeling (Wheeling Cost Calculation' (10.22146/jnteti.v9i1.114) <- 'Review Perhitungan Biaya Wheeling (Wheeling Cost Calculation' (10.22146/jnteti.v9i1.114)
2026-07-10 00:39:06,662 INFO   Merged: 'Improved Kron Method for Linear Losses Coefficient' (10.1109/icamimia60881.2023.10427695) <- 'Improved Kron Method for Linear Losses Coefficient' (10.1109/icamimia60881.2023.10427695)
2026-07-10 00:39:06,662 INFO   Merged: 'Optimizing Generation Expansion Planning Through Carbon Pric' (10.1109/icgea64602.2025.11009354) <- 'Optimizing Generation Expansion Planning Through Carbon Pric' (10.1109/icgea64602.2025.11009354)
2026-07-10 00:39:06,662 INFO   Merged: 'Integrated and Simultaneous Model of Power Expansion Plannin' (10.15866/iree.v13i2.14748) <- 'Integrated and Simultaneous Model of Power Expansion Plannin' (10.15866/iree.v13i2.14748)
2026-07-10 00:39:06,662 INFO   Merged: 'Performance Analysis of Hybrid PID-ANFIS for Speed Control o' (None) <- 'Performance Analysis of Hybrid PID-ANFIS for Speed Control o' (None)
2026-07-10 00:39:06,662 INFO   Merged: 'Design and analysis of tri core permanent magnet linear gene' (10.1109/inaes.2016.7821944) <- 'Design and analysis of tri core permanent magnet linear gene' (10.1109/inaes.2016.7821944)
2026-07-10 00:39:06,662 INFO   Merged: 'Optimal capacity and placement of distributed generation usi' (10.1109/iciteed.2016.7863279) <- 'Optimal capacity and placement of distributed generation usi' (10.1109/iciteed.2016.7863279)
2026-07-10 00:39:06,662 INFO   Merged: 'Long-Term Electricity Demand Forecast Using Multivariate Reg' (10.1109/ict-pep53949.2021.9601144) <- 'Long-Term Electricity Demand Forecast Using Multivariate Reg' (10.1109/ict-pep53949.2021.9601144)
2026-07-10 00:39:06,662 INFO   Merged: 'Design of experiments to parameter setting in a genetic algo' (10.1109/icimece.2016.7910417) <- 'Design of experiments to parameter setting in a genetic algo' (10.1109/icimece.2016.7910417)
2026-07-10 00:39:06,662 INFO   Merged: 'Design optimization of tri core PM linear generator using SA' (10.1109/icstc.2016.7877359) <- 'Design optimization of tri core PM linear generator using SA' (10.1109/icstc.2016.7877359)
2026-07-10 00:39:06,662 INFO   Merged: 'Multi-Objective Optimization of Integrated Power System Expa' (10.15866/iree.v14i1.16082) <- 'Multi-Objective Optimization of Integrated Power System Expa' (10.15866/iree.v14i1.16082)
2026-07-10 00:39:06,662 INFO   Merged: 'Optimizing Tri-Core Permanent-Magnet-Linear-Generator Direct' (10.11591/ijece.v7i2.pp610-618) <- 'Optimizing Tri-Core Permanent-Magnet-Linear-Generator Direct' (10.11591/ijece.v7i2.pp610-618)
2026-07-10 00:39:06,662 INFO   Merged: 'Electricity Demand and Supply Planning Analysis for Sumatera' (10.26555/jiteki.v5i1.13178) <- 'Electricity Demand and Supply Planning Analysis for Sumatera' (10.26555/jiteki.v5i1.13178)
2026-07-10 00:39:06,662 INFO   Merged: 'Economic Assessment of Rooftop Photovoltaic Investment by Co' (10.1109/spies48661.2020.9243105) <- 'Economic Assessment of Rooftop Photovoltaic Investment by Co' (10.1109/spies48661.2020.9243105)
2026-07-10 00:39:06,662 INFO   Merged: 'The Integration of Renewable-Distributed Energy Resources in' (10.15866/iremos.v14i2.19433) <- 'The Integration of Renewable-Distributed Energy Resources in' (10.15866/iremos.v14i2.19433)
2026-07-10 00:39:06,662 INFO   Merged: 'MODIFIED IMPROVED PARTICLE SWARM OPTIMIZATION (MIPSO) SEBAGA' (10.12777/transmisi.15.2.66-72) <- 'MODIFIED IMPROVED PARTICLE SWARM OPTIMIZATION (MIPSO) SEBAGA' (10.12777/transmisi.15.2.66-72)
2026-07-10 00:39:06,662 INFO   Merged: 'Composite reliability evaluation of existing 500 kV Jawa Bal' (10.1109/ichveps.2017.8225906) <- 'Composite reliability evaluation of existing 500 kV Jawa Bal' (10.1109/ichveps.2017.8225906)
2026-07-10 00:39:06,662 INFO   Merged: 'Optimal Sizing and Siting of Fresh and Second-Life Battery E' (10.5109/7236864) <- 'Optimal Sizing and Siting of Fresh and Second-Life Battery E' (10.5109/7236864)
2026-07-10 00:39:06,662 INFO   Merged: 'Determination of PV Location to Reduce Losses with Mini Hydr' (10.1109/icitee62483.2024.10808974) <- 'Determination of PV Location to Reduce Losses with Mini Hydr' (10.1109/icitee62483.2024.10808974)
2026-07-10 00:39:06,662 INFO   Merged: 'Opportunity Cost Allocation for Wheeling Using Power Flow Tr' (10.1109/ieeeconf48524.2019.9102537) <- 'Opportunity Cost Allocation for Wheeling Using Power Flow Tr' (10.1109/ieeeconf48524.2019.9102537)
2026-07-10 00:39:06,662 INFO   Merged: 'Unit Commitment dengan Kekangan Keandalan Menggunakan Algori' (10.22146/jnteti.v5i4.283) <- 'Unit Commitment dengan Kekangan Keandalan Menggunakan Algori' (10.22146/jnteti.v5i4.283)
2026-07-10 00:39:06,662 INFO   Merged: 'Applied Power Wheeling Concept Considering Site-Specific and' (10.3390/su151813285) <- 'Applied Power Wheeling Concept Considering Site-Specific and' (10.3390/su151813285)
2026-07-10 00:39:06,662 INFO   Merged: 'Optimal Allocation of Vanadium Redox Flow Battery Storage Sy' (10.1109/icitee59582.2023.10317686) <- 'Optimal Allocation of Vanadium Redox Flow Battery Storage Sy' (10.1109/icitee59582.2023.10317686)
2026-07-10 00:39:06,662 INFO   Merged: 'Composite reliability analysis of 500 kV Jawa-Bali system re' (10.1109/ichveps.2017.8225909) <- 'Composite reliability analysis of 500 kV Jawa-Bali system re' (10.1109/ichveps.2017.8225909)
2026-07-10 00:39:06,662 INFO   Merged: 'The Solution for Optimal Power Flow (OPF) Method Using Diffe' (10.22146/ijitee.25141) <- 'The Solution for Optimal Power Flow (OPF) Method Using Diffe' (10.22146/ijitee.25141)
2026-07-10 00:39:06,662 INFO   Merged: 'Simulation of modified tubular linear permanent magnet gener' (10.1109/icstc.2017.8011849) <- 'Simulation of modified tubular linear permanent magnet gener' (10.1109/icstc.2017.8011849)
2026-07-10 00:39:06,662 INFO   Merged: 'The impact of a deterministic reliability index on deregulat' (10.1109/iciteed.2019.8929971) <- 'The impact of a deterministic reliability index on deregulat' (10.1109/iciteed.2019.8929971)
2026-07-10 00:39:06,662 INFO   Merged: 'A Critical Review of Generation Expansion Planning based on ' (10.1109/ict-pep50916.2020.9249830) <- 'A Critical Review of Generation Expansion Planning based on ' (10.1109/ict-pep50916.2020.9249830)
2026-07-10 00:39:06,662 INFO   Merged: 'Majority–Dominant–Mixed Strategy Game Theory Model for Dereg' (10.15676/ijeei.2021.13.1.6) <- 'Majority–Dominant–Mixed Strategy Game Theory Model for Dereg' (10.15676/ijeei.2021.13.1.6)
2026-07-10 00:39:06,662 INFO   Merged: 'DAMPAK PEMASANGAN PERALATAN FACTS TERHADAP STABLITAS TEGANGA' (10.12777/transmisi.16.3.147-153) <- 'DAMPAK PEMASANGAN PERALATAN FACTS TERHADAP STABLITAS TEGANGA' (10.12777/transmisi.16.3.147-153)
2026-07-10 00:39:06,662 INFO   Merged: 'Thermal unit commitment with fuel constraint using genetic a' (10.1109/inaes.2016.7821950) <- 'Thermal unit commitment with fuel constraint using genetic a' (10.1109/inaes.2016.7821950)
2026-07-10 00:39:06,662 INFO   Merged: 'Integrated Gas – Electricity Network - Combined Heat and Pow' (10.18517/ijaseit.8.6.6519) <- 'Integrated Gas – Electricity Network - Combined Heat and Pow' (10.18517/ijaseit.8.6.6519)
2026-07-10 00:39:06,662 INFO   Merged: 'Combined heat and power - optimal power flow based on thermo' (10.11591/ijece.v9i1.pp42-54) <- 'Combined heat and power - optimal power flow based on thermo' (10.11591/ijece.v9i1.pp42-54)
2026-07-10 00:39:06,662 INFO   Merged: 'Analisis Jatuh Tegangan Saat Pengasutan Motor di PT. Kaltim ' (None) <- 'Analisis Jatuh Tegangan Saat Pengasutan Motor di PT. Kaltim ' (None)
2026-07-10 00:39:06,662 INFO   Merged: 'Composite liquid insulators characteristics of palm and dial' (10.1109/icoiact46704.2019.8938453) <- 'Composite liquid insulators characteristics of palm and dial' (10.1109/icoiact46704.2019.8938453)
2026-07-10 00:39:06,662 INFO   Merged: 'Impact Analysis of Location and Penetration Level of DFIG on' (10.1109/icitisee48480.2019.9003809) <- 'Impact Analysis of Location and Penetration Level of DFIG on' (10.1109/icitisee48480.2019.9003809)
2026-07-10 00:39:06,662 INFO   Merged: 'Regional Clustering for Developing Electricity Systems in Ar' (10.1109/ict-pep53949.2021.9601113) <- 'Regional Clustering for Developing Electricity Systems in Ar' (10.1109/ict-pep53949.2021.9601113)
2026-07-10 00:39:06,662 INFO   Merged: 'Pengaruh Interkoneksi Distributed Generation Dalam Sistem Te' (None) <- 'Pengaruh Interkoneksi Distributed Generation Dalam Sistem Te' (None)
2026-07-10 00:39:06,662 INFO   Merged: 'Audit Energi dan Analisis Peluang Konservasi Energi Listrik ' (None) <- 'Audit Energi dan Analisis Peluang Konservasi Energi Listrik ' (None)
2026-07-10 00:39:06,662 INFO   Merged: 'Optimasi Perancangan Kendali Unified Power Flow Control pada' (None) <- 'Optimasi Perancangan Kendali Unified Power Flow Control pada' (None)
2026-07-10 00:39:06,662 INFO   Merged: 'PENGARUH PENAMBAHAN KARET SILIKON TERHADAP SUDUT KONTAK HIDR' (None) <- 'PENGARUH PENAMBAHAN KARET SILIKON TERHADAP SUDUT KONTAK HIDR' (None)
2026-07-10 00:39:06,662 INFO   Merged: 'Studi Stabilitas Pemasangan PSS dengan Memanfaatkan Sinyal G' (10.25077/jnte.v5n2.285.2016) <- 'Studi Stabilitas Pemasangan PSS dengan Memanfaatkan Sinyal G' (10.25077/jnte.v5n2.285.2016)
2026-07-10 00:39:06,662 INFO   Merged: '風力エネルギー変換システムのための粒子群最適化を用いた最大電力点追跡の動的応答【Powered by NICT】' (None) <- '風力エネルギー変換システムのための粒子群最適化を用いた最大電力点追跡の動的応答【Powered by NICT】' (None)
2026-07-10 00:39:06,662 INFO   Merged: 'Indicator-based multi-objective chemical reaction optimizati' (10.1109/iciteed.2017.8250437) <- 'Indicator-based multi-objective chemical reaction optimizati' (10.1109/iciteed.2017.8250437)
2026-07-10 00:39:06,662 INFO   Merged: 'Role Analysis of Distributed Generation Towards Transmission' (10.22146/ijitee.42551) <- 'Role Analysis of Distributed Generation Towards Transmission' (10.22146/ijitee.42551)
2026-07-10 00:39:06,662 INFO   Merged: 'Optimal Power Flow Analysis by Considering System Stability ' (10.1109/icitisee.2018.8720978) <- 'Optimal Power Flow Analysis by Considering System Stability ' (10.1109/icitisee.2018.8720978)
2026-07-10 00:39:06,662 INFO   Merged: 'Delay Risk Mitigation of Generation Expansion Planning Imple' (10.1109/iciteed.2019.8929956) <- 'Delay Risk Mitigation of Generation Expansion Planning Imple' (10.1109/iciteed.2019.8929956)
2026-07-10 00:39:06,662 INFO   Merged: 'OPTIMASI TRANSMISSION EXPANSION PLANNINGBERBASIS ALGORITMA G' (None) <- 'OPTIMASI TRANSMISSION EXPANSION PLANNINGBERBASIS ALGORITMA G' (None)
2026-07-10 00:39:06,662 INFO   Merged: 'Reserve Cost Allocation on Wheeling Using Tracing Method' (10.1109/icitee49829.2020.9271724) <- 'Reserve Cost Allocation on Wheeling Using Tracing Method' (10.1109/icitee49829.2020.9271724)
2026-07-10 00:39:06,662 INFO   Merged: 'Impact of Increased Penetration DFIG on Power Oscillation Da' (10.1109/icitee49829.2020.9271677) <- 'Impact of Increased Penetration DFIG on Power Oscillation Da' (10.1109/icitee49829.2020.9271677)
2026-07-10 00:39:06,662 INFO   Merged: 'Small signal stability analysis due to the development of re' (10.1088/1742-6596/1402/3/033101) <- 'Small signal stability analysis due to the development of re' (10.1088/1742-6596/1402/3/033101)
2026-07-10 00:39:06,662 INFO   Merged: 'Audit Energi dan Analisis Peluang Konservasi Energi Listrik ' (None) <- 'AUDIT ENERGI DAN ANALISIS PELUANG KONSERVASI ENERGI LISTRIK ' (None)
2026-07-10 00:39:06,663 INFO   Merged: 'Generation Expansion Planning by Considering Climate-Land Us' (10.1109/ict-pep53949.2021.9600910) <- 'Generation Expansion Planning by Considering Climate-Land Us' (10.1109/ict-pep53949.2021.9600910)
2026-07-10 00:39:06,663 INFO   Merged: 'Pengembangan Sistem Kelistrikan Tanah Merah Mempertimbangkan' (10.22146/jnteti.v12i3.5254) <- 'Pengembangan Sistem Kelistrikan Tanah Merah Mempertimbangkan' (10.22146/jnteti.v12i3.5254)
2026-07-10 00:39:06,663 INFO   Merged: 'Network Reconfiguration Strategies for Reducing Network Loss' (10.1109/icitee62483.2024.10808894) <- 'Network Reconfiguration Strategies for Reducing Network Loss' (10.1109/icitee62483.2024.10808894)
2026-07-10 00:39:06,663 INFO   Merged: 'Correction to: Energy Informatics' (10.1007/978-3-031-74741-0_25) <- 'Correction to: Energy Informatics' (10.1007/978-3-031-74741-0_25)
2026-07-10 00:39:06,663 INFO   Merged: 'Pathway Towards Net Zero Emission Target: A Case Study of Su' (10.1109/icpere63447.2024.10845567) <- 'Pathway Towards Net Zero Emission Target: A Case Study of Su' (10.1109/icpere63447.2024.10845567)
2026-07-10 00:39:06,663 INFO   Merged: 'Pengendalian Stabilitas Generator Sinkron pada Sistem Tenaga' (None) <- 'Pengendalian Stabilitas Generator Sinkron pada Sistem Tenaga' (None)
2026-07-10 00:39:06,663 INFO   Merged: 'Performance comparison of intrusion detection system based a' (10.1063/1.4958506) <- 'Performance comparison of intrusion detection system based a' (10.1063/1.4958506)
2026-07-10 00:39:06,663 INFO   Merged: 'Page Load Time Speed Increase on Disease Outbreak Investigat' (10.22146/ijitee.46599) <- 'Page Load Time Speed Increase on Disease Outbreak Investigat' (10.22146/ijitee.46599)
2026-07-10 00:39:06,663 INFO   Merged: 'A Process Checkpoint Evaluation at User Space of Docker Fram' (10.1109/icitee49829.2020.9271718) <- 'A Process Checkpoint Evaluation at User Space of Docker Fram' (10.1109/icitee49829.2020.9271718)
2026-07-10 00:39:06,663 INFO   Merged: 'Design and Evaluation of a Secure Coding Approach Based on S' (10.1109/icast68191.2025.11300153) <- 'Design and Evaluation of a Secure Coding Approach Based on S' (10.1109/icast68191.2025.11300153)
2026-07-10 00:39:06,663 INFO   Merged: 'Web Application Security Vulnerability Score Conversion Eval' (10.1109/icitee66631.2025.11338224) <- 'Web Application Security Vulnerability Score Conversion Eval' (10.1109/icitee66631.2025.11338224)
2026-07-10 00:39:06,663 INFO   Merged: 'Segmentation and Classification of Cervical Cells Using Deep' (10.1109/access.2019.2936017) <- 'Segmentation and Classification of Cervical Cells Using Deep' (10.1109/access.2019.2936017)
2026-07-10 00:39:06,663 INFO   Merged: 'Smartphone-based Pedestrian Dead Reckoning as an indoor posi' (10.1109/icsengt.2012.6339316) <- 'Smartphone-based Pedestrian Dead Reckoning as an indoor posi' (10.1109/icsengt.2012.6339316)
2026-07-10 00:39:06,663 INFO   Merged: 'Deep learning multilayer perceptron (MLP) for flood predicti' (10.1109/innocit.2017.8319150) <- 'Deep learning multilayer perceptron (MLP) for flood predicti' (10.1109/innocit.2017.8319150)
2026-07-10 00:39:06,663 INFO   Merged: 'Survey on Trust Calculation Methods in Internet of Things' (10.1016/j.procs.2019.11.245) <- 'Survey on Trust Calculation Methods in Internet of Things' (10.1016/j.procs.2019.11.245)
2026-07-10 00:39:06,663 INFO   Merged: 'Hybrid Android Malware Detection: A Review of Heuristic-Base' (10.1109/access.2024.3377658) <- 'Hybrid Android Malware Detection: A Review of Heuristic-Base' (10.1109/access.2024.3377658)
2026-07-10 00:39:06,663 INFO   Merged: 'Smart City for Development: Towards a Conceptual Framework' (10.1109/icstc.2018.8528677) <- 'Smart City for Development: Towards a Conceptual Framework' (10.1109/icstc.2018.8528677)
2026-07-10 00:39:06,663 INFO   Merged: 'Fall detection system using accelerometer and gyroscope base' (10.1109/icitacee.2014.7065722) <- 'Fall detection system using accelerometer and gyroscope base' (10.1109/icitacee.2014.7065722)
2026-07-10 00:39:06,663 INFO   Merged: 'Performance analysis of objective function MRHOF and OF0 in ' (10.1109/iciteed.2016.7863270) <- 'Performance analysis of objective function MRHOF and OF0 in ' (10.1109/iciteed.2016.7863270)
2026-07-10 00:39:06,663 INFO   Merged: 'Indoor human tracking application using multiple depth-camer' (None) <- 'Indoor human tracking application using multiple depth-camer' (None)
2026-07-10 00:39:06,663 INFO   Merged: 'Adaptive motion detection algorithm using frame differences ' (10.1109/urai.2012.6462984) <- 'Adaptive motion detection algorithm using frame differences ' (10.1109/urai.2012.6462984)
2026-07-10 00:39:06,663 INFO   Merged: 'Word Embedding Comparison for Indonesian Language Sentiment ' (10.1109/icaiit.2019.8834536) <- 'Word Embedding Comparison for Indonesian Language Sentiment ' (10.1109/icaiit.2019.8834536)
2026-07-10 00:39:06,663 INFO   Merged: 'Tinjauan Ancaman dan Solusi Keamanan pada Teknologi Internet' (10.22146/jnteti.v9i4.539) <- 'Tinjauan Ancaman dan Solusi Keamanan pada Teknologi Internet' (10.22146/jnteti.v9i4.539)
2026-07-10 00:39:06,663 INFO   Merged: 'Security and Privacy Issue in Internet of Things, Smart Buil' (10.1109/isitdi55734.2022.9944515) <- 'Security and Privacy Issue in Internet of Things, Smart Buil' (10.1109/isitdi55734.2022.9944515)
2026-07-10 00:39:06,663 INFO   Merged: 'Comparative analysis of rule-based heuristic algorithms for ' (10.1016/j.rineng.2025.104299) <- 'Comparative analysis of rule-based heuristic algorithms for ' (10.1016/j.rineng.2025.104299)
2026-07-10 00:39:06,663 INFO   Merged: 'Obstacle Avoidance for Visually Impaired Using Auto-Adaptive' (10.1109/uic-atc-scalcom.2014.108) <- 'Obstacle Avoidance for Visually Impaired Using Auto-Adaptive' (10.1109/uic-atc-scalcom.2014.108)
2026-07-10 00:39:06,663 INFO   Merged: 'An evaluation of Twitter river and Logstash performances as ' (10.1109/icts.2015.7379895) <- 'An evaluation of Twitter river and Logstash performances as ' (10.1109/icts.2015.7379895)
2026-07-10 00:39:06,663 INFO   Merged: 'Tourism contextual information for recommender system' (10.1109/inaes.2017.8068555) <- 'Tourism contextual information for recommender system' (10.1109/inaes.2017.8068555)
2026-07-10 00:39:06,663 INFO   Merged: 'Detection of Anomalous Vital Sign of Elderly Using Hybrid K-' (10.1109/tencon.2018.8650457) <- 'Detection of Anomalous Vital Sign of Elderly Using Hybrid K-' (10.1109/tencon.2018.8650457)
2026-07-10 00:39:06,663 INFO   Merged: 'Rancang Bangun Identity and Access Management IoT Berbasis K' (10.22146/jnteti.v7i4.455) <- 'Rancang Bangun Identity and Access Management IoT Berbasis K' (10.22146/jnteti.v7i4.455)
2026-07-10 00:39:06,663 INFO   Merged: 'Smart City Model: a Literature Review' (10.1109/iciteed.2018.8534865) <- 'Smart City Model: a Literature Review' (10.1109/iciteed.2018.8534865)
2026-07-10 00:39:06,663 INFO   Merged: 'Cooling Load Estimation in the Building Based On Heat Source' (10.1088/1755-1315/63/1/012052) <- 'Cooling Load Estimation in the Building Based On Heat Source' (10.1088/1755-1315/63/1/012052)
2026-07-10 00:39:06,663 INFO   Merged: 'Deep learning Indonesian chatbot using PyTorch for customer ' (10.1063/5.0115529) <- 'Deep learning Indonesian chatbot using PyTorch for customer ' (10.1063/5.0115529)
2026-07-10 00:39:06,663 INFO   Merged: 'QS-Trust: An IoT ecosystem security model incorporating qual' (10.21924/cst.9.1.2024.1419) <- 'QS-Trust: An IoT ecosystem security model incorporating qual' (10.21924/cst.9.1.2024.1419)
2026-07-10 00:39:06,663 INFO   Merged: 'A survey of group activity recognition in smart building' (10.1109/icsigsys.2018.8372651) <- 'A survey of group activity recognition in smart building' (10.1109/icsigsys.2018.8372651)
2026-07-10 00:39:06,663 INFO   Merged: 'Big data analytic for estimation of origin-destination matri' (10.1109/icstc.2017.8011872) <- 'Big data analytic for estimation of origin-destination matri' (10.1109/icstc.2017.8011872)
2026-07-10 00:39:06,663 INFO   Merged: 'Membangun kota dan kabupaten cerdas: sebuah panduan bagi pem' (None) <- 'Membangun kota dan kabupaten cerdas: sebuah panduan bagi pem' (None)
2026-07-10 00:39:06,663 INFO   Merged: 'u-FASt: Ubiquitous fall detection and alert system for elder' (10.1109/miceei.2014.7067326) <- 'u-FASt: Ubiquitous fall detection and alert system for elder' (10.1109/miceei.2014.7067326)
2026-07-10 00:39:06,663 INFO   Merged: 'Planning and Scheduling Jobs on Grid Computing' (10.1109/sain.2018.8673372) <- 'Planning and Scheduling Jobs on Grid Computing' (10.1109/sain.2018.8673372)
2026-07-10 00:39:06,663 INFO   Merged: 'Perspectives of human centered design and interoperability i' (10.1109/miceei.2014.7067323) <- 'Perspectives of human centered design and interoperability i' (10.1109/miceei.2014.7067323)
2026-07-10 00:39:06,663 INFO   Merged: 'Cross-layer design of wireless multimedia sensor network bas' (10.1109/icsitech.2015.7407779) <- 'Cross-layer design of wireless multimedia sensor network bas' (10.1109/icsitech.2015.7407779)
2026-07-10 00:39:06,663 INFO   Merged: 'Effect of variation in active route timeout and my route tim' (10.1088/1757-899x/333/1/012107) <- 'Effect of variation in active route timeout and my route tim' (10.1088/1757-899x/333/1/012107)
2026-07-10 00:39:06,663 INFO   Merged: 'Performance Comparison of Modified AODV-ETX with AODV and AO' (10.1088/1757-899x/578/1/012082) <- 'Performance Comparison of Modified AODV-ETX with AODV and AO' (10.1088/1757-899x/578/1/012082)
2026-07-10 00:39:06,663 INFO   Merged: 'WSAN-based energy efficient system in building: A monitoring' (10.1109/miceei.2014.7067311) <- 'WSAN-based energy efficient system in building: A monitoring' (10.1109/miceei.2014.7067311)
2026-07-10 00:39:06,663 INFO   Merged: 'Contempo: A home care model to enhance the wellbeing of elde' (10.1109/bhi.2014.6864405) <- 'Contempo: A home care model to enhance the wellbeing of elde' (10.1109/bhi.2014.6864405)
2026-07-10 00:39:06,663 INFO   Merged: 'Advance Reservation for Parametric Job on Grid Computing' (10.1109/icic47613.2019.8985978) <- 'Advance Reservation for Parametric Job on Grid Computing' (10.1109/icic47613.2019.8985978)
2026-07-10 00:39:06,663 INFO   Merged: 'Context modeling for intelligent building energy aware' (10.1109/icsgteis.2016.7885784) <- 'Context modeling for intelligent building energy aware' (10.1109/icsgteis.2016.7885784)
2026-07-10 00:39:06,663 INFO   Merged: 'Trust Based Security Model in IoT Ecosystem' (10.1109/icitisee57756.2022.10057930) <- 'Trust Based Security Model in IoT Ecosystem' (10.1109/icitisee57756.2022.10057930)
2026-07-10 00:39:06,663 INFO   Merged: 'Linking multidimensional context to support tourism recommen' (10.1109/icstc.2017.8011856) <- 'Linking multidimensional context to support tourism recommen' (10.1109/icstc.2017.8011856)
2026-07-10 00:39:06,663 INFO   Merged: 'The Seamlessness of Outdoor and Indoor Localization Approach' (10.1145/3322645.3322690) <- 'The Seamlessness of Outdoor and Indoor Localization Approach' (10.1145/3322645.3322690)
2026-07-10 00:39:06,663 INFO   Merged: 'Ontology-based context aware for ubiquitous home care for el' (10.1109/icitacee.2015.7437849) <- 'Ontology-based context aware for ubiquitous home care for el' (10.1109/icitacee.2015.7437849)
2026-07-10 00:39:06,663 INFO   Merged: 'Emergency alert prediction for elderly based on supervised l' (10.1109/ibiomed.2016.7869816) <- 'Emergency alert prediction for elderly based on supervised l' (10.1109/ibiomed.2016.7869816)
2026-07-10 00:39:06,663 INFO   Merged: 'The Detection of On-Off Attacks for the Internet of Things O' (10.1109/iccerec.2018.8712098) <- 'The Detection of On-Off Attacks for the Internet of Things O' (10.1109/iccerec.2018.8712098)
2026-07-10 00:39:06,663 INFO   Merged: 'A game-theoretic approach for dynamic spectrum sharing in co' (10.1109/iciteed.2013.6676248) <- 'A game-theoretic approach for dynamic spectrum sharing in co' (10.1109/iciteed.2013.6676248)
2026-07-10 00:39:06,663 INFO   Merged: 'Big Data Analytics: Estimation of Destination for Users of B' (10.1109/icaiit.2019.8834591) <- 'Big Data Analytics: Estimation of Destination for Users of B' (10.1109/icaiit.2019.8834591)
2026-07-10 00:39:06,663 INFO   Merged: 'Distributed Classifier for SDGs Topics in Online News using ' (10.1088/1742-6596/1577/1/012026) <- 'Distributed Classifier for SDGs Topics in Online News using ' (10.1088/1742-6596/1577/1/012026)
2026-07-10 00:39:06,663 INFO   Merged: 'A predictive positioning system using supervised learning fo' (10.1109/cyberneticscom.2016.7892559) <- 'A predictive positioning system using supervised learning fo' (10.1109/cyberneticscom.2016.7892559)
2026-07-10 00:39:06,663 INFO   Merged: 'Design of agent framework using aspect oriented approach' (10.1109/isitia.2015.7219995) <- 'Design of agent framework using aspect oriented approach' (10.1109/isitia.2015.7219995)
2026-07-10 00:39:06,663 INFO   Merged: 'The Effect of Embedding Dimension Reduction on Increasing LS' (10.1109/isriti.2018.8864345) <- 'The Effect of Embedding Dimension Reduction on Increasing LS' (10.1109/isriti.2018.8864345)
2026-07-10 00:39:06,663 INFO   Merged: 'Group Activity Recognition Method based on Camera in The Bui' (10.1016/j.procs.2019.11.212) <- 'Group Activity Recognition Method based on Camera in The Bui' (10.1016/j.procs.2019.11.212)
2026-07-10 00:39:06,663 INFO   Merged: 'Socio-user Context Aware-Based Recommender System: Context S' (10.21108/ijoict.v9i2.858) <- 'Socio-user Context Aware-Based Recommender System: Context S' (10.21108/ijoict.v9i2.858)
2026-07-10 00:39:06,663 INFO   Merged: 'Context Based- Tourism Recommender System: Towards Tourists'' (10.1109/icstc.2018.8528676) <- 'Context Based- Tourism Recommender System: Towards Tourists'' (10.1109/icstc.2018.8528676)
2026-07-10 00:39:06,663 INFO   Merged: 'Activity monitoring system in supine position for preventing' (10.1109/inaes.2017.8068541) <- 'Activity monitoring system in supine position for preventing' (10.1109/inaes.2017.8068541)
2026-07-10 00:39:06,663 INFO   Merged: 'Pre-processing Task for Classifying Satire in Indonesian New' (10.1109/icoiact50329.2020.9332032) <- 'Pre-processing Task for Classifying Satire in Indonesian New' (10.1109/icoiact50329.2020.9332032)
2026-07-10 00:39:06,663 INFO   Merged: 'Cross-layer design for video transmission in wireless multim' (10.1109/iciteed.2016.7863235) <- 'Cross-layer design for video transmission in wireless multim' (10.1109/iciteed.2016.7863235)
2026-07-10 00:39:06,663 INFO   Merged: 'Performance Comparison of Attention Mechanism and Multihead ' (10.1109/icoiact59844.2023.10455924) <- 'Performance Comparison of Attention Mechanism and Multihead ' (10.1109/icoiact59844.2023.10455924)
2026-07-10 00:39:06,663 INFO   Merged: 'Pragmatic Web as a service provider for the Internet of Thin' (10.1109/icoict.2014.6914084) <- 'Pragmatic Web as a service provider for the Internet of Thin' (10.1109/icoict.2014.6914084)
2026-07-10 00:39:06,664 INFO   Merged: 'Classification of Radicalism Content from Twitter Written in' (10.1109/icicos48119.2019.8982498) <- 'Classification of Radicalism Content from Twitter Written in' (10.1109/icicos48119.2019.8982498)
2026-07-10 00:39:06,664 INFO   Merged: 'Context-aware-based Location Recommendation for Elderly Care' (10.18517/ijaseit.7.5.3382) <- 'Context-aware-based Location Recommendation for Elderly Care' (10.18517/ijaseit.7.5.3382)
2026-07-10 00:39:06,664 INFO   Merged: 'A Routing Optimization Based on Cross-Layer Design for Wirel' (10.3844/jcssp.2017.572.580) <- 'A Routing Optimization Based on Cross-Layer Design for Wirel' (10.3844/jcssp.2017.572.580)
2026-07-10 00:39:06,664 INFO   Merged: 'Comparison of Feature Weighting in SVM Performance for Senti' (10.1088/1742-6596/1196/1/012066) <- 'Comparison of Feature Weighting in SVM Performance for Senti' (10.1088/1742-6596/1196/1/012066)
2026-07-10 00:39:06,664 INFO   Merged: 'Crosscutting concerns refactoring in agent framework' (10.1109/icitacee.2015.7437770) <- 'Crosscutting concerns refactoring in agent framework' (10.1109/icitacee.2015.7437770)
2026-07-10 00:39:06,664 INFO   Merged: 'Performance testing of PDR using common sensors on a smartph' (10.1109/icacsis.2013.6761564) <- 'Performance testing of PDR using common sensors on a smartph' (10.1109/icacsis.2013.6761564)
2026-07-10 00:39:06,664 INFO   Merged: 'A refugee tracking system in dCoST-ER: Disaster command and ' (10.1109/iciteed.2015.7408929) <- 'A refugee tracking system in dCoST-ER: Disaster command and ' (10.1109/iciteed.2015.7408929)
2026-07-10 00:39:06,664 INFO   Merged: 'The Model of HVAC's Control Technique Based on Occupancy in ' (10.1109/icstc.2018.8528708) <- 'The Model of HVAC's Control Technique Based on Occupancy in ' (10.1109/icstc.2018.8528708)
2026-07-10 00:39:06,664 INFO   Merged: 'Data Benchmark pada Google BigQuery dan Elasticsearch' (10.22146/jnteti.v10i3.1745) <- 'Data Benchmark pada Google BigQuery dan Elasticsearch' (10.22146/jnteti.v10i3.1745)
2026-07-10 00:39:06,664 INFO   Merged: 'Deep Learning for Sentiment Analysis in Indonesian Novel Rev' (10.1109/icst50505.2020.9732785) <- 'Deep Learning for Sentiment Analysis in Indonesian Novel Rev' (10.1109/icst50505.2020.9732785)
2026-07-10 00:39:06,664 INFO   Merged: 'Radiographic Weld Defect Identification using Statistical Te' (None) <- 'Radiographic Weld Defect Identification using Statistical Te' (None)
2026-07-10 00:39:06,664 INFO   Merged: 'A declarative query language based on speech act theory for ' (10.1109/icodse.2015.7436962) <- 'A declarative query language based on speech act theory for ' (10.1109/icodse.2015.7436962)
2026-07-10 00:39:06,664 INFO   Merged: 'STRATEGI EFEKTIVITAS PELETAKAN SENSOR INTRUSION DETECTION SY' (None) <- 'STRATEGI EFEKTIVITAS PELETAKAN SENSOR INTRUSION DETECTION SY' (None)
2026-07-10 00:39:06,664 INFO   Merged: 'Analisis Mobile Honeypot pada Android terhadap Ancaman Keama' (None) <- 'Analisis Mobile Honeypot pada Android terhadap Ancaman Keama' (None)
2026-07-10 00:39:06,664 INFO   Merged: 'Developing agent application using aspect oriented Aglets fr' (10.1109/icitacee.2015.7437771) <- 'Developing agent application using aspect oriented Aglets fr' (10.1109/icitacee.2015.7437771)
2026-07-10 00:39:06,664 INFO   Merged: 'Smartway: A predictive model for traffic management decision' (10.1109/iciteed.2016.7863266) <- 'Smartway: A predictive model for traffic management decision' (10.1109/iciteed.2016.7863266)
2026-07-10 00:39:06,664 INFO   Merged: 'Implementasi Komputer Cluster Untuk Melakukan DNA Sequencing' (None) <- 'Implementasi Komputer Cluster Untuk Melakukan DNA Sequencing' (None)
2026-07-10 00:39:06,664 INFO   Merged: 'A Context Aware Based Flood Detection and Monitoring System ' (10.1166/asl.2017.8716) <- 'A Context Aware Based Flood Detection and Monitoring System ' (10.1166/asl.2017.8716)
2026-07-10 00:39:06,664 INFO   Merged: '低電力無線パーソナルエリアネットワーク(6LoWPAN)上のルーティングプロトコルRPL IPv6における目的関数MRH' (None) <- '低電力無線パーソナルエリアネットワーク(6LoWPAN)上のルーティングプロトコルRPL IPv6における目的関数MRH' (None)
2026-07-10 00:39:06,664 INFO   Merged: 'Integration of multilayered context-aware control system for' (10.1088/1742-6596/1195/1/012021) <- 'Integration of multilayered context-aware control system for' (10.1088/1742-6596/1195/1/012021)
2026-07-10 00:39:06,664 INFO   Merged: 'Jurnal Teknik Elektro & Komputer, Volume 1 Nomor 1, April 20' (None) <- 'Jurnal Teknik Elektro & Komputer, Volume 1 Nomor 1, April 20' (None)
2026-07-10 00:39:06,664 INFO   Merged: 'PERBANDINGAN METODE IDENTIFIKASI LAYANAN BISNIS PADA ENTERPR' (None) <- 'PERBANDINGAN METODE IDENTIFIKASI LAYANAN BISNIS PADA ENTERPR' (None)
2026-07-10 00:39:06,664 INFO   Merged: 'Peningkatan Ketermanfaatan Sumber Daya dan Reduksi Waktu Tun' (None) <- 'Peningkatan Ketermanfaatan Sumber Daya dan Reduksi Waktu Tun' (None)
2026-07-10 00:39:06,664 INFO   Merged: 'INVys: Indoor Navigation System for Persons with Visual Impa' (10.22146/jnteti.v12i4.6372) <- 'INVys: Indoor Navigation System for Persons with Visual Impa' (10.22146/jnteti.v12i4.6372)
2026-07-10 00:39:06,664 INFO   Merged: 'Docker Swarm Orchestration for High Performance Computing Cl' (10.1109/isriti60336.2023.10467287) <- 'Docker Swarm Orchestration for High Performance Computing Cl' (10.1109/isriti60336.2023.10467287)
2026-07-10 00:39:06,664 INFO   Merged: 'Survey on evaluation environment selection for fog computing' (10.1063/5.0210175) <- 'Survey on evaluation environment selection for fog computing' (10.1063/5.0210175)
2026-07-10 00:39:06,664 INFO   Merged: 'A Simple Strategy of Controlling a Balanced Voltage Capacito' (10.11591/ijpeds.v6.i1.pp160-167) <- 'A Simple Strategy of Controlling a Balanced Voltage Capacito' (10.11591/ijpeds.v6.i1.pp160-167)
2026-07-10 00:39:06,664 INFO   Merged: 'Study of rooftop PV hosting capacity in 20 kV systems in fac' (10.1016/j.rineng.2024.102517) <- 'Study of rooftop PV hosting capacity in 20 kV systems in fac' (10.1016/j.rineng.2024.102517)
2026-07-10 00:39:06,664 INFO   Merged: 'Analyze and optimization of genetic algorithm implemented on' (10.1109/isemantic.2017.8251847) <- 'Analyze and optimization of genetic algorithm implemented on' (10.1109/isemantic.2017.8251847)
2026-07-10 00:39:06,664 INFO   Merged: 'Review on Control Strategy for Improving The Interleaved Con' (10.1109/isriti54043.2021.9702804) <- 'Review on Control Strategy for Improving The Interleaved Con' (10.1109/isriti54043.2021.9702804)
2026-07-10 00:39:06,664 INFO   Merged: 'Model-Free Approach to DC Microgrid Optimal Operation under ' (10.3390/en16145369) <- 'Model-Free Approach to DC Microgrid Optimal Operation under ' (10.3390/en16145369)
2026-07-10 00:39:06,664 INFO   Merged: 'Preliminary design of biomass fuel storage on a thermoelectr' (10.1109/inaes.2017.8068572) <- 'Preliminary design of biomass fuel storage on a thermoelectr' (10.1109/inaes.2017.8068572)
2026-07-10 00:39:06,664 INFO   Merged: 'Implementation of interval type-2 fuzzy PID controller on el' (10.1063/5.0205824) <- 'Implementation of interval type-2 fuzzy PID controller on el' (10.1063/5.0205824)
2026-07-10 00:39:06,664 INFO   Merged: 'Six-step commutation with round robin state machine to allev' (10.1109/iceecs.2014.7045256) <- 'Six-step commutation with round robin state machine to allev' (10.1109/iceecs.2014.7045256)
2026-07-10 00:39:06,664 INFO   Merged: 'Impedance Matching Method in Two-Stage Converters for Single' (10.11591/ijece.v5i4.pp626-635) <- 'Impedance Matching Method in Two-Stage Converters for Single' (10.11591/ijece.v5i4.pp626-635)
2026-07-10 00:39:06,664 INFO   Merged: 'Grid connected-induction generator start-up sequence observa' (10.1109/isgt-asia.2015.7387139) <- 'Grid connected-induction generator start-up sequence observa' (10.1109/isgt-asia.2015.7387139)
2026-07-10 00:39:06,664 INFO   Merged: 'Islanded Wind Farm Microgrid Stability Control Using Synchro' (10.23919/ipec-himeji2022-ecce53331.2022.9807211) <- 'Islanded Wind Farm Microgrid Stability Control Using Synchro' (10.23919/ipec-himeji2022-ecce53331.2022.9807211)
2026-07-10 00:39:06,664 INFO   Merged: 'An Experimental Study of Conducted EMI Mitigation on the LED' (10.1515/eletel-2016-0041) <- 'An Experimental Study of Conducted EMI Mitigation on the LED' (10.1515/eletel-2016-0041)
2026-07-10 00:39:06,664 INFO   Merged: 'Design of solar water pumping system in urban residential bu' (10.1109/iccerec.2017.8226696) <- 'Design of solar water pumping system in urban residential bu' (10.1109/iccerec.2017.8226696)
2026-07-10 00:39:06,664 INFO   Merged: 'Capacitor Bank Voltage Equilibrium for MPPT in Single-Phase ' (10.11591/telkomnika.v14i1.7646) <- 'Capacitor Bank Voltage Equilibrium for MPPT in Single-Phase ' (10.11591/telkomnika.v14i1.7646)
2026-07-10 00:39:06,664 INFO   Merged: 'Sinusoidal Pulse Width Modulation Berbasis Lookup Table untu' (10.22146/jnteti.v2i2.55) <- 'Sinusoidal Pulse Width Modulation Berbasis Lookup Table untu' (10.22146/jnteti.v2i2.55)
2026-07-10 00:39:06,664 INFO   Merged: 'DC-DC converter as power supply of battery charger 100 V 300' (10.1109/iceecs.2014.7045267) <- 'DC-DC converter as power supply of battery charger 100 V 300' (10.1109/iceecs.2014.7045267)
2026-07-10 00:39:06,664 INFO   Merged: 'Metode Six Step Comutation pada Perancangan Rangkian Kendali' (None) <- 'Metode Six Step Comutation pada Perancangan Rangkian Kendali' (None)
2026-07-10 00:39:06,664 INFO   Merged: 'Review on Virtual Synchronous Generator Model and Control fo' (10.1109/icees51510.2021.9383646) <- 'Review on Virtual Synchronous Generator Model and Control fo' (10.1109/icees51510.2021.9383646)
2026-07-10 00:39:06,664 INFO   Merged: 'Modeling of Temperature Effect on SoC of Lithium Ion Battery' (10.1109/ismee54273.2021.9774044) <- 'Modeling of Temperature Effect on SoC of Lithium Ion Battery' (10.1109/ismee54273.2021.9774044)
2026-07-10 00:39:06,664 INFO   Merged: 'Experiment Result of High Frequency Switching SiC Mosfet Gat' (10.1109/icitee56407.2022.9954115) <- 'Experiment Result of High Frequency Switching SiC Mosfet Gat' (10.1109/icitee56407.2022.9954115)
2026-07-10 00:39:06,664 INFO   Merged: 'Full-bridge inverter phase-shifted PWM (FBPS-PWM) zero volta' (10.1109/iceecs.2014.7045266) <- 'Full-bridge inverter phase-shifted PWM (FBPS-PWM) zero volta' (10.1109/iceecs.2014.7045266)
2026-07-10 00:39:06,664 INFO   Merged: 'The Effects of Spread-Spectrum Techniques in Mitigating Cond' (10.11591/ijece.v6i3.9528) <- 'The Effects of Spread-Spectrum Techniques in Mitigating Cond' (10.11591/ijece.v6i3.9528)
2026-07-10 00:39:06,664 INFO   Merged: 'Detection and Identification of Detonation Sounds in an Inte' (10.11591/eecsi.1.392) <- 'Detection and Identification of Detonation Sounds in an Inte' (10.11591/eecsi.1.392)
2026-07-10 00:39:06,664 INFO   Merged: 'Optimization of PLL Loop Filter Control to Reduce Time Delay' (10.1109/icst47872.2019.9166164) <- 'Optimization of PLL Loop Filter Control to Reduce Time Delay' (10.1109/icst47872.2019.9166164)
2026-07-10 00:39:06,664 INFO   Merged: 'Enhanced Satellite Power Distribution Reliability with Conti' (10.1109/icares64249.2024.10767968) <- 'Enhanced Satellite Power Distribution Reliability with Conti' (10.1109/icares64249.2024.10767968)
2026-07-10 00:39:06,664 INFO   Merged: 'Analysis of Fuel and Energy Consumption Using the Torque Ass' (10.1109/icitee62483.2024.10808409) <- 'Analysis of Fuel and Energy Consumption Using the Torque Ass' (10.1109/icitee62483.2024.10808409)
2026-07-10 00:39:06,664 INFO   Merged: 'The Effects of Spread-Spectrum Techniques in Mitigating Cond' (10.11591/ijece.v6i3.pp1332-1343) <- 'The Effects of Spread-Spectrum Techniques in Mitigating Cond' (10.11591/ijece.v6i3.pp1332-1343)
2026-07-10 00:39:06,664 INFO   Merged: 'Design of a Low Cost High Efficiency Multiple Output Self Os' (10.22146/ijitee.29769) <- 'Design of a Low Cost High Efficiency Multiple Output Self Os' (10.22146/ijitee.29769)
2026-07-10 00:39:06,664 INFO   Merged: 'Design of Full-bridge DC-DC Converter 311/100 V 1kW with PSP' (10.11591/ijpeds.v8.i1.pp59-68) <- 'Design of Full-bridge DC-DC Converter 311/100 V 1kW with PSP' (10.11591/ijpeds.v8.i1.pp59-68)
2026-07-10 00:39:06,664 INFO   Merged: 'Detection and Identification of Detonation Sounds in an Inte' (10.11591/eecsi.v1.392) <- 'Detection and Identification of Detonation Sounds in an Inte' (10.11591/eecsi.v1.392)
2026-07-10 00:39:06,664 INFO   Merged: 'The performance of three-phase four-wire grid-connected inve' (10.1109/iciteed.2014.7007956) <- 'The performance of three-phase four-wire grid-connected inve' (10.1109/iciteed.2014.7007956)
2026-07-10 00:39:06,664 INFO   Merged: 'Monitoring and Control System for Building Application Using' (10.5121/ijitca.2016.6201) <- 'Monitoring and Control System for Building Application Using' (10.5121/ijitca.2016.6201)
2026-07-10 00:39:06,664 INFO   Merged: 'Effect of characteristic signal disturbance to mitigate cond' (10.1109/iciteed.2016.7863289) <- 'Effect of characteristic signal disturbance to mitigate cond' (10.1109/iciteed.2016.7863289)
2026-07-10 00:39:06,664 INFO   Merged: 'Comparison of two high frequency transformer designs to achi' (10.1109/iciteed.2016.7863280) <- 'Comparison of two high frequency transformer designs to achi' (10.1109/iciteed.2016.7863280)
2026-07-10 00:39:06,664 INFO   Merged: 'Power Optimization of Spark Ignition Engine by Fuzzy Logic I' (10.11591/telkomnika.v14i2.7597) <- 'Power Optimization of Spark Ignition Engine by Fuzzy Logic I' (10.11591/telkomnika.v14i2.7597)
2026-07-10 00:39:06,664 INFO   Merged: 'Perancangan Transformator Frekuensi Tinggi untuk Konverter D' (None) <- 'Perancangan Transformator Frekuensi Tinggi untuk Konverter D' (None)
2026-07-10 00:39:06,664 INFO   Merged: 'Switch Control Scheme to Mitigate Conducted Electromagnetic ' (10.1166/asl.2015.6440) <- 'Switch Control Scheme to Mitigate Conducted Electromagnetic ' (10.1166/asl.2015.6440)
2026-07-10 00:39:06,664 INFO   Merged: 'Perancangan dan Implementasi Cyclic Redundancy Check – 16 se' (10.25077/jnte.v5n1.189.2016) <- 'Perancangan dan Implementasi Cyclic Redundancy Check – 16 se' (10.25077/jnte.v5n1.189.2016)
2026-07-10 00:39:06,664 INFO   Merged: 'Performance of microgrid with photovoltaic, synchronous gene' (10.1109/iciteed.2016.7863278) <- 'Performance of microgrid with photovoltaic, synchronous gene' (10.1109/iciteed.2016.7863278)
2026-07-10 00:39:06,665 INFO   Merged: 'Sistem Kendali Daya Aktif untuk Inverter Satu Fase yang Teri' (None) <- 'Sistem Kendali Daya Aktif untuk Inverter Satu Fase yang Teri' (None)
2026-07-10 00:39:06,665 INFO   Merged: 'The Effect of Excitation Capacitors on Induction Generators ' (10.1109/icitacee.2018.8576944) <- 'The Effect of Excitation Capacitors on Induction Generators ' (10.1109/icitacee.2018.8576944)
2026-07-10 00:39:06,665 INFO   Merged: 'PWM Rectifier Impedance Modeling for the UGM-INKA Hybrid Tra' (10.1109/icitee59582.2023.10317765) <- 'PWM Rectifier Impedance Modeling for the UGM-INKA Hybrid Tra' (10.1109/icitee59582.2023.10317765)
2026-07-10 00:39:06,665 INFO   Merged: 'Aplikasi DS80C400 sebagai Network Bridge dalam Jaringan PLC ' (None) <- 'Aplikasi DS80C400 sebagai Network Bridge dalam Jaringan PLC ' (None)
2026-07-10 00:39:06,665 INFO   Merged: 'PENGEMBANGAN SENSOR KOMPAS DIGITAL DAN SENSOR AKSELERASI UNT' (None) <- 'PENGEMBANGAN SENSOR KOMPAS DIGITAL DAN SENSOR AKSELERASI UNT' (None)
2026-07-10 00:39:06,665 INFO   Merged: 'ANALISIS INVERTER SATU FASA PADA KONFIGURASI MASTER-SLAVE' (10.36499/psnst.v1i1.1562) <- 'ANALISIS INVERTER SATU FASA PADA KONFIGURASI MASTER-SLAVE' (10.36499/psnst.v1i1.1562)
2026-07-10 00:39:06,665 INFO   Merged: 'Pengaruh Penutupan-Balik Tak-Sinkron terhadap Generator Indu' (10.22146/jnteti.v6i4.360) <- 'Pengaruh Penutupan-Balik Tak-Sinkron terhadap Generator Indu' (10.22146/jnteti.v6i4.360)
2026-07-10 00:39:06,665 INFO   Merged: 'Aplikasi Magnetic Energy Recovery Switch sebagai Dynamic Vol' (10.22146/jnteti.v7i2.428) <- 'Aplikasi Magnetic Energy Recovery Switch sebagai Dynamic Vol' (10.22146/jnteti.v7i2.428)
2026-07-10 00:39:06,665 INFO   Merged: 'Investigation of Loss-of-Mains Detection on Induction Genera' (10.18517/ijaseit.8.4.6499) <- 'Investigation of Loss-of-Mains Detection on Induction Genera' (10.18517/ijaseit.8.4.6499)
2026-07-10 00:39:06,665 INFO   Merged: 'Economic Study of Hybrid Pv-Battery-Diesel System for Hotel ' (None) <- 'Economic Study of Hybrid Pv-Battery-Diesel System for Hotel ' (None)
2026-07-10 00:39:06,665 INFO   Merged: 'DESAIN INVERTER SATU FASE UNTUK PERBAIKAN KUALITAS TEGANGAN ' (None) <- 'DESAIN INVERTER SATU FASE UNTUK PERBAIKAN KUALITAS TEGANGAN ' (None)
2026-07-10 00:39:06,665 INFO   Merged: 'Klem Aktif Tunggal Interleaved flyback dengan Kombinasi N-MO' (10.35671/telematika.v11i1.599) <- 'Klem Aktif Tunggal Interleaved flyback dengan Kombinasi N-MO' (10.35671/telematika.v11i1.599)
2026-07-10 00:39:06,665 INFO   Merged: 'Performance of Digital Phase Locked Loop Based on Notch Filt' (10.1109/iciteed.2019.8929965) <- 'Performance of Digital Phase Locked Loop Based on Notch Filt' (10.1109/iciteed.2019.8929965)
2026-07-10 00:39:06,665 INFO   Merged: 'Bidirectional Battery Interface in Standalone Solar PV Syste' (10.22146/ijitee.63471) <- 'Bidirectional Battery Interface in Standalone Solar PV Syste' (10.22146/ijitee.63471)
2026-07-10 00:39:06,665 INFO   Merged: 'Modeling of Split Ring Resonator for Harvesting Electromagne' (10.12928/mf.v4i1.5870) <- 'Modeling of Split Ring Resonator for Harvesting Electromagne' (10.12928/mf.v4i1.5870)
2026-07-10 00:39:06,665 INFO   Merged: 'Perancangan dan Implementasi Cyclic Redundancy Check – 16 se' (10.20449/jnte.v5i1.189) <- 'Perancangan dan Implementasi Cyclic Redundancy Check – 16 se' (10.20449/jnte.v5i1.189)
2026-07-10 00:39:06,665 INFO   Merged: 'Monitoring and Control System for Building Application Using' (10.5281/zenodo.3274825) <- 'Monitoring and Control System for Building Application Using' (10.5281/zenodo.3274825)
2026-07-10 00:39:06,665 INFO   Merged: 'Design of Controller Area Network (CAN) Communication for PW' (10.1109/icsgteis60500.2023.10424115) <- 'Design of Controller Area Network (CAN) Communication for PW' (10.1109/icsgteis60500.2023.10424115)
2026-07-10 00:39:06,665 INFO   Merged: 'Jitter Clock Effect Analysis on Modular Dual Active Bridge (' (10.1109/icamimia60881.2023.10427750) <- 'Jitter Clock Effect Analysis on Modular Dual Active Bridge (' (10.1109/icamimia60881.2023.10427750)
2026-07-10 00:39:06,665 INFO   Merged: 'IGBT Losses Analysis of a Three-Phase Rectifier Converter on' (10.1109/isriti60336.2023.10467279) <- 'IGBT Losses Analysis of a Three-Phase Rectifier Converter on' (10.1109/isriti60336.2023.10467279)
2026-07-10 00:39:06,665 INFO   Merged: 'Sliding Mode Current Control for Robust Current Sharing in S' (10.1109/icares64249.2024.10767908) <- 'Sliding Mode Current Control for Robust Current Sharing in S' (10.1109/icares64249.2024.10767908)
2026-07-10 00:39:06,665 INFO   Merged: 'Determining The Droop Coefficient of PWM Rectifier in Hybrid' (10.1109/icitee62483.2024.10808616) <- 'Determining The Droop Coefficient of PWM Rectifier in Hybrid' (10.1109/icitee62483.2024.10808616)
2026-07-10 00:39:06,665 INFO   Merged: 'BLDC Motor Sizing Analysis on P1 Topology Hybridization of S' (10.1109/fortei-icee64706.2024.10824512) <- 'BLDC Motor Sizing Analysis on P1 Topology Hybridization of S' (10.1109/fortei-icee64706.2024.10824512)
2026-07-10 00:39:06,665 INFO   Merged: 'Generation Expansion Planning Considering BESS for Optimizin' (10.1109/ict-pep67281.2025.11232393) <- 'Generation Expansion Planning Considering BESS for Optimizin' (10.1109/ict-pep67281.2025.11232393)
2026-07-10 00:39:06,665 INFO   Merged: 'Virtual Inertia Control Topology Addressing Indonesia’s Low-' (10.22146/jnteti.v14i4.25234) <- 'Virtual Inertia Control Topology Addressing Indonesia’s Low-' (10.22146/jnteti.v14i4.25234)
2026-07-10 00:39:06,665 INFO   Merged: 'Multiple layer data hiding scheme based on difference expans' (10.1016/j.sigpro.2017.02.001) <- 'Multiple layer data hiding scheme based on difference expans' (10.1016/j.sigpro.2017.02.001)
2026-07-10 00:39:06,665 INFO   Merged: 'Muscle fatigue compensation of the electromyography signal f' (10.1016/j.compeleceng.2018.07.026) <- 'Muscle fatigue compensation of the electromyography signal f' (10.1016/j.compeleceng.2018.07.026)
2026-07-10 00:39:06,665 INFO   Merged: 'An image preprocessing method for kidney stone segmentation ' (10.1109/cenim.2018.8710933) <- 'An image preprocessing method for kidney stone segmentation ' (10.1109/cenim.2018.8710933)
2026-07-10 00:39:06,665 INFO   Merged: 'An Investigation Into Time Domain Features of Surface Electr' (10.15598/aeee.v15i3.2177) <- 'An Investigation Into Time Domain Features of Surface Electr' (10.15598/aeee.v15i3.2177)
2026-07-10 00:39:06,665 INFO   Merged: 'Evaluating the performance of Kalman filter on elbow joint a' (10.1007/s12541-017-0202-5) <- 'Evaluating the performance of Kalman filter on elbow joint a' (10.1007/s12541-017-0202-5)
2026-07-10 00:39:06,665 INFO   Merged: 'Seizure Type Detection in Epileptic EEG Signal using Empiric' (10.1109/isitia.2019.8937205) <- 'Seizure Type Detection in Epileptic EEG Signal using Empiric' (10.1109/isitia.2019.8937205)
2026-07-10 00:39:06,665 INFO   Merged: 'Increasing the security of mp3 steganography using AES Encry' (10.1109/icstc.2016.7877361) <- 'Increasing the security of mp3 steganography using AES Encry' (10.1109/icstc.2016.7877361)
2026-07-10 00:39:06,665 INFO   Merged: 'Determining lung sound characterization using Hjorth descrip' (10.1109/iccerec.2015.7337053) <- 'Determining lung sound characterization using Hjorth descrip' (10.1109/iccerec.2015.7337053)
2026-07-10 00:39:06,665 INFO   Merged: 'Pulmonary crackle feature extraction using tsallis entropy f' (10.1109/ibiomed.2016.7869823) <- 'Pulmonary crackle feature extraction using tsallis entropy f' (10.1109/ibiomed.2016.7869823)
2026-07-10 00:39:06,665 INFO   Merged: 'Multi-distance fluctuation based dispersion fractal for epil' (10.1016/j.bspc.2021.102938) <- 'Multi-distance fluctuation based dispersion fractal for epil' (10.1016/j.bspc.2021.102938)
2026-07-10 00:39:06,665 INFO   Merged: 'Entropy measurement as features extraction in automatic lung' (10.1109/iccerec.2017.8226668) <- 'Entropy measurement as features extraction in automatic lung' (10.1109/iccerec.2017.8226668)
2026-07-10 00:39:06,665 INFO   Merged: 'Signal Domain in Respiratory Sound Analysis: Methods, Applic' (10.3844/jcssp.2015.1005.1016) <- 'Signal Domain in Respiratory Sound Analysis: Methods, Applic' (10.3844/jcssp.2015.1005.1016)
2026-07-10 00:39:06,665 INFO   Merged: 'Lung Sound Classification Using Empirical Mode Decomposition' (10.3844/ajassp.2017.166.173) <- 'Lung Sound Classification Using Empirical Mode Decomposition' (10.3844/ajassp.2017.166.173)
2026-07-10 00:39:06,665 INFO   Merged: 'Quantitative relationship between feature extraction of sEMG' (10.1109/isemantic.2016.7873808) <- 'Quantitative relationship between feature extraction of sEMG' (10.1109/isemantic.2016.7873808)
2026-07-10 00:39:06,665 INFO   Merged: 'Comparison of empirical mode decomposition and coarse-graine' (10.1016/j.imu.2020.100325) <- 'Comparison of empirical mode decomposition and coarse-graine' (10.1016/j.imu.2020.100325)
2026-07-10 00:39:06,665 INFO   Merged: 'Comparative Performance Study on Ordinary and Chaos Image En' (10.1109/acomp.2017.25) <- 'Comparative Performance Study on Ordinary and Chaos Image En' (10.1109/acomp.2017.25)
2026-07-10 00:39:06,665 INFO   Merged: 'Higuchi and Katz Fractal Dimension for Detecting Interictal ' (10.1109/iciteed.2019.8929940) <- 'Higuchi and Katz Fractal Dimension for Detecting Interictal ' (10.1109/iciteed.2019.8929940)
2026-07-10 00:39:06,665 INFO   Merged: 'Effect of window length on performance of the elbow-joint an' (10.1088/1742-6596/853/1/012014) <- 'Effect of window length on performance of the elbow-joint an' (10.1088/1742-6596/853/1/012014)
2026-07-10 00:39:06,665 INFO   Merged: 'Optic Disc Segmentation Based on Red Channel Retinal Fundus ' (10.1007/978-3-662-46742-8_32) <- 'Optic Disc Segmentation Based on Red Channel Retinal Fundus ' (10.1007/978-3-662-46742-8_32)
2026-07-10 00:39:06,665 INFO   Merged: 'Fractal Dimension for Lung Sound Classification in Multiscal' (10.3844/jcssp.2018.1081.1096) <- 'Fractal Dimension for Lung Sound Classification in Multiscal' (10.3844/jcssp.2018.1081.1096)
2026-07-10 00:39:06,665 INFO   Merged: 'Multiscale Hjorth descriptor for lung sound classification' (10.1063/1.4958601) <- 'Multiscale Hjorth descriptor for lung sound classification' (10.1063/1.4958601)
2026-07-10 00:39:06,665 INFO   Merged: 'DWT analysis of sEMG for muscle fatigue assessment of dynami' (10.1109/iciteed.2016.7863300) <- 'DWT analysis of sEMG for muscle fatigue assessment of dynami' (10.1109/iciteed.2016.7863300)
2026-07-10 00:39:06,665 INFO   Merged: 'Lung Sound Classification Using Hjorth Descriptor Measuremen' (10.3745/jips.02.0116) <- 'Lung Sound Classification Using Hjorth Descriptor Measuremen' (10.3745/jips.02.0116)
2026-07-10 00:39:06,665 INFO   Merged: 'Nipple detection to identify negative content on digital ima' (10.1109/isitia.2016.7828631) <- 'Nipple detection to identify negative content on digital ima' (10.1109/isitia.2016.7828631)
2026-07-10 00:39:06,665 INFO   Merged: 'Continuous Wavelet Transform Analysis of Surface Electromyog' (10.15598/aeee.v15i3.2173) <- 'Continuous Wavelet Transform Analysis of Surface Electromyog' (10.15598/aeee.v15i3.2173)
2026-07-10 00:39:06,665 INFO   Merged: 'A comparison of three preprocessing techniques for kidney st' (10.1109/bmeicon.2018.8609996) <- 'A comparison of three preprocessing techniques for kidney st' (10.1109/bmeicon.2018.8609996)
2026-07-10 00:39:06,665 INFO   Merged: 'System of negative Indonesian website detection using TF-IDF' (10.1109/iceecs.2014.7045240) <- 'System of negative Indonesian website detection using TF-IDF' (10.1109/iceecs.2014.7045240)
2026-07-10 00:39:06,665 INFO   Merged: 'Multiresolution Modified Grey Level Difference for Respirato' (10.1166/asl.2017.8228) <- 'Multiresolution Modified Grey Level Difference for Respirato' (10.1166/asl.2017.8228)
2026-07-10 00:39:06,665 INFO   Merged: 'Ultrasound object detection using morphological region-based' (10.1504/ijil.2021.115497) <- 'Ultrasound object detection using morphological region-based' (10.1504/ijil.2021.115497)
2026-07-10 00:39:06,665 INFO   Merged: 'A Study on Signal Complexity Measurement for Epileptic Seizu' (10.1109/icsengt.2019.8906319) <- 'A Study on Signal Complexity Measurement for Epileptic Seizu' (10.1109/icsengt.2019.8906319)
2026-07-10 00:39:06,665 INFO   Merged: 'A microclimate closed house control design for broiler strai' (10.1109/inaes.2017.8068539) <- 'A microclimate closed house control design for broiler strai' (10.1109/inaes.2017.8068539)
2026-07-10 00:39:06,665 INFO   Merged: 'Mitigation methods of sawtooth modulations effect on FMCW ra' (10.1109/icramet.2017.8253142) <- 'Mitigation methods of sawtooth modulations effect on FMCW ra' (10.1109/icramet.2017.8253142)
2026-07-10 00:39:06,665 INFO   Merged: 'Lung sounds classification using spectrogram's first order s' (10.1109/inaes.2016.7821914) <- 'Lung sounds classification using spectrogram's first order s' (10.1109/inaes.2016.7821914)
2026-07-10 00:39:06,665 INFO   Merged: 'String actuated upper limb exoskeleton based on surface elec' (10.1109/inaes.2016.7821929) <- 'String actuated upper limb exoskeleton based on surface elec' (10.1109/inaes.2016.7821929)
2026-07-10 00:39:06,665 INFO   Merged: 'Detection of Exudates on Color Fundus Images using Texture B' (10.14716/ijtech.v6i2.958) <- 'Detection of Exudates on Color Fundus Images using Texture B' (10.14716/ijtech.v6i2.958)
2026-07-10 00:39:06,665 INFO   Merged: 'A Combination of multiple imputation and principal component' (10.1109/inaes.2017.8068537) <- 'A Combination of multiple imputation and principal component' (10.1109/inaes.2017.8068537)
2026-07-10 00:39:06,665 INFO   Merged: 'Multilevel wavelet packet entropy: A new strategy for lung s' (10.1109/icoras.2017.8308048) <- 'Multilevel wavelet packet entropy: A new strategy for lung s' (10.1109/icoras.2017.8308048)
2026-07-10 00:39:06,665 INFO   Merged: 'Adaptive threshold to compensate the effect of muscle fatigu' (10.15282/jmes.12.3.2018.3.0334) <- 'Adaptive threshold to compensate the effect of muscle fatigu' (10.15282/jmes.12.3.2018.3.0334)
2026-07-10 00:39:06,665 INFO   Merged: 'COMPARISON OF DISCRETE WAVELET TRANSFORM AND WAVELET PACKET ' (10.17654/ec017051065) <- 'COMPARISON OF DISCRETE WAVELET TRANSFORM AND WAVELET PACKET ' (10.17654/ec017051065)
2026-07-10 00:39:06,665 INFO   Merged: 'Segmentation of exudates based on high pass filtering in ret' (10.1109/iciteed.2015.7408986) <- 'Segmentation of exudates based on high pass filtering in ret' (10.1109/iciteed.2015.7408986)
2026-07-10 00:39:06,665 INFO   Merged: 'Automated False Positive Reduction and Feature Extraction of' (10.22266/ijies2019.0430.07) <- 'Automated False Positive Reduction and Feature Extraction of' (10.22266/ijies2019.0430.07)
2026-07-10 00:39:06,666 INFO   Merged: 'Negative content filtering based on skin texture, homomorphi' (10.1109/iceecs.2014.7045242) <- 'Negative content filtering based on skin texture, homomorphi' (10.1109/iceecs.2014.7045242)
2026-07-10 00:39:06,666 INFO   Merged: 'Negative content filtering for video application' (10.1109/iciteed.2015.7408912) <- 'Negative content filtering for video application' (10.1109/iciteed.2015.7408912)
2026-07-10 00:39:06,666 INFO   Merged: 'Combinatorial active contour bilateral filter for ultrasound' (10.1117/1.jmi.7.5.057003) <- 'Combinatorial active contour bilateral filter for ultrasound' (10.1117/1.jmi.7.5.057003)
2026-07-10 00:39:06,666 INFO   Merged: 'The impact of different fold for cross validation of missing' (10.1109/qir.2015.7374894) <- 'The impact of different fold for cross validation of missing' (10.1109/qir.2015.7374894)
2026-07-10 00:39:06,666 INFO   Merged: 'Artifact removal in radiological ultrasound images using sel' (10.1145/3309074.3309119) <- 'Artifact removal in radiological ultrasound images using sel' (10.1145/3309074.3309119)
2026-07-10 00:39:06,666 INFO   Merged: 'A Systematic Review on Automatic Detection of Plasmodium Par' (10.46604/ijeti.2021.6094) <- 'A Systematic Review on Automatic Detection of Plasmodium Par' (10.46604/ijeti.2021.6094)
2026-07-10 00:39:06,666 INFO   Merged: 'Evaluating the linear regression of Kalman filter model on e' (10.1063/1.5054408) <- 'Evaluating the linear regression of Kalman filter model on e' (10.1063/1.5054408)
2026-07-10 00:39:06,666 INFO   Merged: 'Performance Analysis of Enhancement Methods on Fetal Ultraso' (10.1109/iaict59002.2023.10205792) <- 'Performance Analysis of Enhancement Methods on Fetal Ultraso' (10.1109/iaict59002.2023.10205792)
2026-07-10 00:39:06,666 INFO   Merged: 'Multiscale tsallis entropy for pulmonary crackle detection' (10.26555/ijain.v4i3.273) <- 'Multiscale tsallis entropy for pulmonary crackle detection' (10.26555/ijain.v4i3.273)
2026-07-10 00:39:06,666 INFO   Merged: 'An evaluation of MP3 steganography based on modified LSB met' (10.1109/icitsi.2017.8267953) <- 'An evaluation of MP3 steganography based on modified LSB met' (10.1109/icitsi.2017.8267953)
2026-07-10 00:39:06,666 INFO   Merged: 'Comparison of multi-distance signal level difference Hjorth ' (10.11591/ijeei.v7i2.771) <- 'Comparison of multi-distance signal level difference Hjorth ' (10.11591/ijeei.v7i2.771)
2026-07-10 00:39:06,666 INFO   Merged: 'A new approach for sensitivity improvement of retinal blood ' (10.26555/ijain.v8i3.914) <- 'A new approach for sensitivity improvement of retinal blood ' (10.26555/ijain.v8i3.914)
2026-07-10 00:39:06,666 INFO   Merged: 'Impact of Different Degree of Smoothing on Non-Local Means b' (10.1109/icsitech46713.2019.8987555) <- 'Impact of Different Degree of Smoothing on Non-Local Means b' (10.1109/icsitech46713.2019.8987555)
2026-07-10 00:39:06,666 INFO   Merged: 'Multi-scale Grey-Level Difference for Lung Sound Classificat' (None) <- 'Multi-scale Grey-Level Difference for Lung Sound Classificat' (None)
2026-07-10 00:39:06,666 INFO   Merged: 'Speckle Noise Reduction in Ultrasound Images Using Various D' (10.1109/isitia63062.2024.10667756) <- 'Speckle Noise Reduction in Ultrasound Images Using Various D' (10.1109/isitia63062.2024.10667756)
2026-07-10 00:39:06,666 INFO   Merged: 'Feature extraction for classifying lesion's shape of breast ' (10.1109/icitacee.2015.7437779) <- 'Feature extraction for classifying lesion's shape of breast ' (10.1109/icitacee.2015.7437779)
2026-07-10 00:39:06,666 INFO   Merged: 'Combination schemes Reversible Data Hiding for medical image' (10.1109/icstc.2016.7877345) <- 'Combination schemes Reversible Data Hiding for medical image' (10.1109/icstc.2016.7877345)
2026-07-10 00:39:06,666 INFO   Merged: 'Analysis of emotional condition based on electrocardiogram s' (10.1109/iceecs.2014.7045236) <- 'Analysis of emotional condition based on electrocardiogram s' (10.1109/iceecs.2014.7045236)
2026-07-10 00:39:06,666 INFO   Merged: 'Modification of Grey Level Difference Matrix (GLDM) for Lung' (10.1109/icstc.2018.8528650) <- 'Modification of Grey Level Difference Matrix (GLDM) for Lung' (10.1109/icstc.2018.8528650)
2026-07-10 00:39:06,666 INFO   Merged: 'Upper Limb Elbow Joint Angle Estimation Based on Electromyog' (10.1109/seatuc.2018.8788877) <- 'Upper Limb Elbow Joint Angle Estimation Based on Electromyog' (10.1109/seatuc.2018.8788877)
2026-07-10 00:39:06,666 INFO   Merged: 'Cancerous object detection using morphological region-based ' (10.1088/1742-6596/1444/1/012011) <- 'Cancerous object detection using morphological region-based ' (10.1088/1742-6596/1444/1/012011)
2026-07-10 00:39:06,666 INFO   Merged: 'Study of Power Transformer Noise Prediction' (10.1109/icitacee50144.2020.9239219) <- 'Study of Power Transformer Noise Prediction' (10.1109/icitacee50144.2020.9239219)
2026-07-10 00:39:06,666 INFO   Merged: 'The stand meter extraction of kWh-meter' (10.1109/icsitech.2015.7407804) <- 'The stand meter extraction of kWh-meter' (10.1109/icsitech.2015.7407804)
2026-07-10 00:39:06,666 INFO   Merged: 'Pengaruh Load Balancing Pada Pemrosesan Paralel untuk Kompre' (10.28989/senatik.v2i0.85) <- 'Pengaruh Load Balancing Pada Pemrosesan Paralel untuk Kompre' (10.28989/senatik.v2i0.85)
2026-07-10 00:39:06,666 INFO   Merged: 'Automated ship detection with image enhancement and feature ' (10.1109/icramet.2017.8253145) <- 'Automated ship detection with image enhancement and feature ' (10.1109/icramet.2017.8253145)
2026-07-10 00:39:06,666 INFO   Merged: 'Performance Analysis of the Windowing Technique on Elbow Joi' (10.1088/1742-6596/1108/1/012004) <- 'Performance Analysis of the Windowing Technique on Elbow Joi' (10.1088/1742-6596/1108/1/012004)
2026-07-10 00:39:06,666 INFO   Merged: 'Thyroid Ultrasound Image Segmentation: A Review' (10.1109/icst47872.2019.9166443) <- 'Thyroid Ultrasound Image Segmentation: A Review' (10.1109/icst47872.2019.9166443)
2026-07-10 00:39:06,666 INFO   Merged: 'Comparison of Multiscale Entropy for Lung Sound Classificati' (10.11591/ijeecs.v12.i3.pp984-994) <- 'Comparison of Multiscale Entropy for Lung Sound Classificati' (10.11591/ijeecs.v12.i3.pp984-994)
2026-07-10 00:39:06,666 INFO   Merged: 'Estimation of Elbow Joint Angle Based on Electromyography Us' (10.1088/1757-899x/384/1/012014) <- 'Estimation of Elbow Joint Angle Based on Electromyography Us' (10.1088/1757-899x/384/1/012014)
2026-07-10 00:39:06,666 INFO   Merged: 'Comparative Study on Mammogram Image Enhancement Methods Acc' (10.1007/978-981-287-988-2_6) <- 'Comparative Study on Mammogram Image Enhancement Methods Acc' (10.1007/978-981-287-988-2_6)
2026-07-10 00:39:06,666 INFO   Merged: 'Robust Features for Elbow Joint Angle Estimation Based on El' (10.18517/ijaseit.8.5.6495) <- 'Robust Features for Elbow Joint Angle Estimation Based on El' (10.18517/ijaseit.8.5.6495)
2026-07-10 00:39:06,666 INFO   Merged: 'Comparison of multi-distance signal level difference Hjorth ' (10.52549/ijeei.v7i2.771) <- 'Comparison of multi-distance signal level difference Hjorth ' (10.52549/ijeei.v7i2.771)
2026-07-10 00:39:06,666 INFO   Merged: 'The Use of Multiple MP3 Audio Files for Additional Steganogr' (10.1088/1742-6596/1230/1/012006) <- 'The Use of Multiple MP3 Audio Files for Additional Steganogr' (10.1088/1742-6596/1230/1/012006)
2026-07-10 00:39:06,666 INFO   Merged: 'Wrapper Subset Feature Selection for Optimal Feature Selecti' (10.1007/978-981-33-6926-9_50) <- 'Wrapper Subset Feature Selection for Optimal Feature Selecti' (10.1007/978-981-33-6926-9_50)
2026-07-10 00:39:06,666 INFO   Merged: 'Face Mask Detection using Gabor Filter and Gamma Transform w' (10.1109/siml61815.2024.10578117) <- 'Face Mask Detection using Gabor Filter and Gamma Transform w' (10.1109/siml61815.2024.10578117)
2026-07-10 00:39:06,666 INFO   Merged: 'Modeling of the 3D-view geometry based motion detection syst' (10.2495/intelsys130171) <- 'Modeling of the 3D-view geometry based motion detection syst' (10.2495/intelsys130171)
2026-07-10 00:39:06,666 INFO   Merged: 'Zemike moment feature extraction for classifying lesion's sh' (10.1109/iciteed.2015.7408990) <- 'Zemike moment feature extraction for classifying lesion's sh' (10.1109/iciteed.2015.7408990)
2026-07-10 00:39:06,666 INFO   Merged: 'Time Delay Neural Network to Estimate the Elbow Joint Angle ' (10.1109/ibiomed.2018.8534939) <- 'Time Delay Neural Network to Estimate the Elbow Joint Angle ' (10.1109/ibiomed.2018.8534939)
2026-07-10 00:39:06,666 INFO   Merged: 'Complexity Based Multilevel Signal Analysis for Epileptic Se' (10.1109/icoiact50329.2020.9331975) <- 'Complexity Based Multilevel Signal Analysis for Epileptic Se' (10.1109/icoiact50329.2020.9331975)
2026-07-10 00:39:06,666 INFO   Merged: 'IDENTIFIKASI CRITICAL SUCCESS FACTORS LAYANAN E-LEARNING BER' (None) <- 'IDENTIFIKASI CRITICAL SUCCESS FACTORS LAYANAN E-LEARNING BER' (None)
2026-07-10 00:39:06,666 INFO   Merged: 'ADVANCED CALCULATION FOR DETERMINING POSITION AND ANGLE OF U' (None) <- 'ADVANCED CALCULATION FOR DETERMINING POSITION AND ANGLE OF U' (None)
2026-07-10 00:39:06,666 INFO   Merged: 'A comparative study on signature recognition' (10.1109/icitacee.2014.7065735) <- 'A comparative study on signature recognition' (10.1109/icitacee.2014.7065735)
2026-07-10 00:39:06,666 INFO   Merged: 'A Study on Recent Developments for Detection of Neovasculari' (10.1109/iciteed.2019.8929941) <- 'A Study on Recent Developments for Detection of Neovasculari' (10.1109/iciteed.2019.8929941)
2026-07-10 00:39:06,666 INFO   Merged: 'Relevant Features for Classification of Digital Mammogram Im' (10.1007/978-981-287-988-2_12) <- 'Relevant Features for Classification of Digital Mammogram Im' (10.1007/978-981-287-988-2_12)
2026-07-10 00:39:06,666 INFO   Merged: 'ANALISIS LOYALITAS PADA LAYANAN E-GOV: STUDI KASUS PELAYANAN' (None) <- 'ANALISIS LOYALITAS PADA LAYANAN E-GOV: STUDI KASUS PELAYANAN' (None)
2026-07-10 00:39:06,666 INFO   Merged: 'Texture Analysis for Skin Classification in Pornography Cont' (10.5614/j.eng.technol.sci.2016.48.5.6) <- 'Texture Analysis for Skin Classification in Pornography Cont' (10.5614/j.eng.technol.sci.2016.48.5.6)
2026-07-10 00:39:06,666 INFO   Merged: 'Ground glass opacity lesion morphology extraction in primary' (10.1504/ijmei.2017.10005939) <- 'Ground glass opacity lesion morphology extraction in primary' (10.1504/ijmei.2017.10005939)
2026-07-10 00:39:06,666 INFO   Merged: 'Fractality evaluation for pulmonary crackle sound using the ' (10.1051/matecconf/201815401038) <- 'Fractality evaluation for pulmonary crackle sound using the ' (10.1051/matecconf/201815401038)
2026-07-10 00:39:06,666 INFO   Merged: 'Shape analysis for classification of breast nodules on digit' (10.11591/ijeecs.v13.i2.pp837-844) <- 'Shape analysis for classification of breast nodules on digit' (10.11591/ijeecs.v13.i2.pp837-844)
2026-07-10 00:39:06,666 INFO   Merged: 'Distance Matrix Based Keypoint Selection for Bag-of-Visual W' (10.22266/ijies2020.0630.31) <- 'Distance Matrix Based Keypoint Selection for Bag-of-Visual W' (10.22266/ijies2020.0630.31)
2026-07-10 00:39:06,666 INFO   Merged: 'Ultrasound object detection using morphological region-based' (10.1504/ijil.2021.10037261) <- 'Ultrasound object detection using morphological region-based' (10.1504/ijil.2021.10037261)
2026-07-10 00:39:06,666 INFO   Merged: 'Ground glass opacity lesion morphology extraction in primary' (10.1504/ijmei.2017.086899) <- 'Ground glass opacity lesion morphology extraction in primary' (10.1504/ijmei.2017.086899)
2026-07-10 00:39:06,666 INFO   Merged: 'Similarity measurement on digital mammogram classification' (10.12928/telkomnika.v20i4.10698) <- 'Similarity measurement on digital mammogram classification' (10.12928/telkomnika.v20i4.10698)
2026-07-10 00:39:06,666 INFO   Merged: 'Evaluasi Penerimaan Masyarakat Terhadap Program Mobil Pusat ' (10.21776/jeeccis.v9i1.276) <- 'Evaluasi Penerimaan Masyarakat Terhadap Program Mobil Pusat ' (10.21776/jeeccis.v9i1.276)
2026-07-10 00:39:06,666 INFO   Merged: 'Peranan Kontur dan Slope dalam Pengenalan Keaslian Tanda Tan' (10.21460/inf.2016.122.495) <- 'Peranan Kontur dan Slope dalam Pengenalan Keaslian Tanda Tan' (10.21460/inf.2016.122.495)
2026-07-10 00:39:06,666 INFO   Merged: 'Analysis of Texture-based Features for Image Classification ' (10.1145/3132300.3132333) <- 'Analysis of Texture-based Features for Image Classification ' (10.1145/3132300.3132333)
2026-07-10 00:39:06,666 INFO   Merged: 'A robust automated system for detecting and recognising the ' (10.21924/cst.2.2.2017.61) <- 'A robust automated system for detecting and recognising the ' (10.21924/cst.2.2.2017.61)
2026-07-10 00:39:06,666 INFO   Merged: 'Analysis of the Indonesian vowel /e/ for lip synchronization' (10.1109/eecsi.2017.8239114) <- 'Analysis of the Indonesian vowel /e/ for lip synchronization' (10.1109/eecsi.2017.8239114)
2026-07-10 00:39:06,666 INFO   Merged: 'Modified image segmentation using sectional thresholding for' (10.1109/bmeicon.2017.8229117) <- 'Modified image segmentation using sectional thresholding for' (10.1109/bmeicon.2017.8229117)
2026-07-10 00:39:06,666 INFO   Merged: 'Pembandingan Tiga Nada Vokal /e/ untuk Animasi Gerak Bibir' (10.26418/jp.v5i2.32667) <- 'Pembandingan Tiga Nada Vokal /e/ untuk Animasi Gerak Bibir' (10.26418/jp.v5i2.32667)
2026-07-10 00:39:06,666 INFO   Merged: 'Similarity measurement on digital mammogram classification' (10.12928/telkomnika.v17i6.10698) <- 'Similarity measurement on digital mammogram classification' (10.12928/telkomnika.v17i6.10698)
2026-07-10 00:39:06,666 INFO   Merged: 'Improving Phoneme to Viseme Mapping for Indonesian Language' (10.22146/ijitee.47577) <- 'Improving Phoneme to Viseme Mapping for Indonesian Language' (10.22146/ijitee.47577)
2026-07-10 00:39:06,666 INFO   Merged: 'MODEL SISTEM PENDETEKSI DAN PENAPIS HALAMAN WEBSITE KONTEN N' (None) <- 'MODEL SISTEM PENDETEKSI DAN PENAPIS HALAMAN WEBSITE KONTEN N' (None)
2026-07-10 00:39:06,666 INFO   Merged: 'Global Threshold Using Otsu and Active Contour for Detection' (10.1051/bioconf/20214104002) <- 'Global Threshold Using Otsu and Active Contour for Detection' (10.1051/bioconf/20214104002)
2026-07-10 00:39:06,666 INFO   Merged: 'Analysis of the Indonesian Vowel /e/ For Lip Synchronization' (10.11591/eecsi.v4.1035) <- 'Analysis of the Indonesian Vowel /e/ For Lip Synchronization' (10.11591/eecsi.v4.1035)
2026-07-10 00:39:06,666 INFO   Merged: 'Reversible Medical Image Watermarking for ROI-Based Tamper D' (10.21203/rs.3.rs-3050888/v1) <- 'Reversible Medical Image Watermarking for ROI-Based Tamper D' (10.21203/rs.3.rs-3050888/v1)
2026-07-10 00:39:06,666 INFO   Merged: 'Lung sound classification using multiresolution Higuchi frac' (10.11591/ijece.v13i5.pp5091-5100) <- 'Lung sound classification using multiresolution Higuchi frac' (10.11591/ijece.v13i5.pp5091-5100)
2026-07-10 00:39:06,667 INFO   Merged: 'Detection of Exudates on Color Fundus Images using Texture B' (10.14716/ijtech.v6i2.1338) <- 'Detection of Exudates on Color Fundus Images using Texture B' (10.14716/ijtech.v6i2.1338)
2026-07-10 00:39:06,667 INFO   Merged: 'An Ultrasound Image Quality Improvement Approach Based on No' (10.1109/ibiomed62485.2024.10875811) <- 'An Ultrasound Image Quality Improvement Approach Based on No' (10.1109/ibiomed62485.2024.10875811)
2026-07-10 00:39:06,667 INFO   Merged: 'Global mean–centered correlation: A variance-reduced and the' (10.1016/j.ins.2026.123502) <- 'Global mean–centered correlation: A variance-reduced and the' (10.1016/j.ins.2026.123502)
2026-07-10 00:39:06,667 INFO   Merged: 'Ordinal-Cardinal Copeland Aggregation for Preference Differe' (10.2139/ssrn.7029524) <- 'Ordinal-Cardinal Copeland Aggregation for Preference Differe' (10.2139/ssrn.7029524)
2026-07-10 00:39:06,667 INFO   Merged: 'User profile correlation-based similarity (UPCSim) algorithm' (10.1186/s40537-021-00425-x) <- 'User profile correlation-based similarity (UPCSim) algorithm' (10.1186/s40537-021-00425-x)
2026-07-10 00:39:06,667 INFO   Merged: 'Improving Money Laundering Detection Using Optimized Support' (10.1109/isriti48646.2019.9034655) <- 'Improving Money Laundering Detection Using Optimized Support' (10.1109/isriti48646.2019.9034655)
2026-07-10 00:39:06,667 INFO   Merged: 'Improving Data Quality and Data Governance Using Master Data' (10.22146/ijitee.66307) <- 'Improving Data Quality and Data Governance Using Master Data' (10.22146/ijitee.66307)
2026-07-10 00:39:06,667 INFO   Merged: 'Recommendation Algorithm Using Clustering-Based UPCSim (CB-U' (10.3390/computers10100123) <- 'Recommendation Algorithm Using Clustering-Based UPCSim (CB-U' (10.3390/computers10100123)
2026-07-10 00:39:06,667 INFO   Merged: 'Design adaptive learning system using metacognitive strategy' (10.1063/1.4958507) <- 'Design adaptive learning system using metacognitive strategy' (10.1063/1.4958507)
2026-07-10 00:39:06,667 INFO   Merged: 'Semi-supervised learning approach for Indonesian Named Entit' (10.1109/isitia.2016.7828624) <- 'Semi-supervised learning approach for Indonesian Named Entit' (10.1109/isitia.2016.7828624)
2026-07-10 00:39:06,667 INFO   Merged: 'Stemming Influence on Similarity Detection of Abstract Writt' (10.12928/telkomnika.v14i1.1926) <- 'Stemming Influence on Similarity Detection of Abstract Writt' (10.12928/telkomnika.v14i1.1926)
2026-07-10 00:39:06,667 INFO   Merged: 'Dropout Prediction Optimization through SMOTE and Ensemble L' (10.1109/isriti48646.2019.9034673) <- 'Dropout Prediction Optimization through SMOTE and Ensemble L' (10.1109/isriti48646.2019.9034673)
2026-07-10 00:39:06,667 INFO   Merged: 'Automated Item Generation: Model and Development Technique' (10.1109/icitacee50144.2020.9239243) <- 'Automated Item Generation: Model and Development Technique' (10.1109/icitacee50144.2020.9239243)
2026-07-10 00:39:06,667 INFO   Merged: 'Development and evaluation of adaptive metacognitive scaffol' (10.1049/iet-sen.2018.5072) <- 'Development and evaluation of adaptive metacognitive scaffol' (10.1049/iet-sen.2018.5072)
2026-07-10 00:39:06,667 INFO   Merged: 'Tinjauan Pustaka Sistematis: Implementasi Metode Deep Learni' (10.22146/jnteti.v10i2.1417) <- 'Tinjauan Pustaka Sistematis: Implementasi Metode Deep Learni' (10.22146/jnteti.v10i2.1417)
2026-07-10 00:39:06,667 INFO   Merged: 'Pengukuran Kepuasan Pengguna E-Learning Menggunakan Metode E' (10.25126/jtiik.2022924631) <- 'Pengukuran Kepuasan Pengguna E-Learning Menggunakan Metode E' (10.25126/jtiik.2022924631)
2026-07-10 00:39:06,667 INFO   Merged: 'Automatic Item Generation with Reading Passages: A Systemati' (10.1109/icet56879.2022.9990738) <- 'Automatic Item Generation with Reading Passages: A Systemati' (10.1109/icet56879.2022.9990738)
2026-07-10 00:39:06,667 INFO   Merged: 'Inverse Trigonometric Fuzzy Preference Programming to Genera' (10.3390/computers13030068) <- 'Inverse Trigonometric Fuzzy Preference Programming to Genera' (10.3390/computers13030068)
2026-07-10 00:39:06,667 INFO   Merged: 'The Comparation of Distance-Based Similarity Measure to Dete' (10.1007/978-3-662-46742-8_14) <- 'The Comparation of Distance-Based Similarity Measure to Dete' (10.1007/978-3-662-46742-8_14)
2026-07-10 00:39:06,667 INFO   Merged: 'Comparison analysis of data mining methodology and student p' (10.1109/icsitech.2015.7407798) <- 'Comparison analysis of data mining methodology and student p' (10.1109/icsitech.2015.7407798)
2026-07-10 00:39:06,667 INFO   Merged: 'A Literature Review of Knowledge Tracing for Student Modelin' (10.25126/jitecs.202162344) <- 'A Literature Review of Knowledge Tracing for Student Modelin' (10.25126/jitecs.202162344)
2026-07-10 00:39:06,667 INFO   Merged: 'A Framework for Improving Recommendation in Adaptive Metacog' (10.1109/icstc.2018.8528664) <- 'A Framework for Improving Recommendation in Adaptive Metacog' (10.1109/icstc.2018.8528664)
2026-07-10 00:39:06,667 INFO   Merged: 'Comparing User Rating-Based Similarity to User Behavior-Base' (10.1109/ieit56384.2022.9967884) <- 'Comparing User Rating-Based Similarity to User Behavior-Base' (10.1109/ieit56384.2022.9967884)
2026-07-10 00:39:06,667 INFO   Merged: 'Automatic Question Generator System Conceptual Model for Mat' (10.1088/1742-6596/1577/1/012023) <- 'Automatic Question Generator System Conceptual Model for Mat' (10.1088/1742-6596/1577/1/012023)
2026-07-10 00:39:06,667 INFO   Merged: 'A Review of Ontology Development in the e-Learning Domain: M' (10.1109/ic3ina60834.2023.10285789) <- 'A Review of Ontology Development in the e-Learning Domain: M' (10.1109/ic3ina60834.2023.10285789)
2026-07-10 00:39:06,667 INFO   Merged: 'Multiple Intelligence Learning Style Detection in E-learning' (10.1109/icicos62600.2024.10636915) <- 'Multiple Intelligence Learning Style Detection in E-learning' (10.1109/icicos62600.2024.10636915)
2026-07-10 00:39:06,667 INFO   Merged: 'A Minimum Error-Based PCA for Improving Classifier Performan' (10.15294/jte.v14i1.35787) <- 'A Minimum Error-Based PCA for Improving Classifier Performan' (10.15294/jte.v14i1.35787)
2026-07-10 00:39:06,667 INFO   Merged: 'Improvement of GAN-LCS Performance with Synonym Recognition' (10.1109/icitisee57756.2022.10057648) <- 'Improvement of GAN-LCS Performance with Synonym Recognition' (10.1109/icitisee57756.2022.10057648)
2026-07-10 00:39:06,667 INFO   Merged: 'Enhancing Missing Data of Water Level with Artificial Intell' (10.1109/icadeis65852.2025.10933384) <- 'Enhancing Missing Data of Water Level with Artificial Intell' (10.1109/icadeis65852.2025.10933384)
2026-07-10 00:39:06,667 INFO   Merged: 'Automated microaneurysms (MAs) detection in digital colour f' (10.1109/ic3ina.2015.7377755) <- 'Automated microaneurysms (MAs) detection in digital colour f' (10.1109/ic3ina.2015.7377755)
2026-07-10 00:39:06,667 INFO   Merged: 'Tahani model of fuzzy database for an adaptive metacognitive' (10.1109/siet.2017.8304164) <- 'Tahani model of fuzzy database for an adaptive metacognitive' (10.1109/siet.2017.8304164)
2026-07-10 00:39:06,667 INFO   Merged: 'Usability Testing of MOOC Prototype Using SUS (System Usabil' (10.1109/ieit56384.2022.9967901) <- 'Usability Testing of MOOC Prototype Using SUS (System Usabil' (10.1109/ieit56384.2022.9967901)
2026-07-10 00:39:06,667 INFO   Merged: 'E-Learning Evaluation of Del Superior High School Based on B' (10.1109/icst56971.2022.10136292) <- 'E-Learning Evaluation of Del Superior High School Based on B' (10.1109/icst56971.2022.10136292)
2026-07-10 00:39:06,667 INFO   Merged: 'Measuring Google Classroom's Usability Level from an Expert ' (10.1109/icca56443.2022.10039561) <- 'Measuring Google Classroom's Usability Level from an Expert ' (10.1109/icca56443.2022.10039561)
2026-07-10 00:39:06,667 INFO   Merged: 'Syntagmatic Distractor Generation for Vocabulary Multiple Ch' (10.1109/icet59790.2023.10453362) <- 'Syntagmatic Distractor Generation for Vocabulary Multiple Ch' (10.1109/icet59790.2023.10453362)
2026-07-10 00:39:06,667 INFO   Merged: 'Collaborative and Content-Based Filtering Hybrid Method on T' (10.5281/zenodo.7404490) <- 'Collaborative and Content-Based Filtering Hybrid Method on T' (10.5281/zenodo.7404490)
2026-07-10 00:39:06,667 INFO   Merged: 'Transformer Model Fine-Tuning for Indonesian Automated Essay' (10.1109/isriti56927.2022.10052865) <- 'Transformer Model Fine-Tuning for Indonesian Automated Essay' (10.1109/isriti56927.2022.10052865)
2026-07-10 00:39:06,667 INFO   Merged: 'Boosting Performance Classification of Multiple Intelligence' (10.1109/iciss62896.2024.10751454) <- 'Boosting Performance Classification of Multiple Intelligence' (10.1109/iciss62896.2024.10751454)
2026-07-10 00:39:06,667 INFO   Merged: 'User-Centered Design on Metacognitive Training System: A Cas' (10.1109/iciteed.2018.8534811) <- 'User-Centered Design on Metacognitive Training System: A Cas' (10.1109/iciteed.2018.8534811)
2026-07-10 00:39:06,667 INFO   Merged: 'Performance of User Behavior-Based Similarity on Top-N Recom' (10.1109/iceeie52663.2021.9616734) <- 'Performance of User Behavior-Based Similarity on Top-N Recom' (10.1109/iceeie52663.2021.9616734)
2026-07-10 00:39:06,667 INFO   Merged: 'Metode Imputasi pada Data Debit Daerah Aliran Sungai Opak, P' (10.22146/jnteti.v10i4.2430) <- 'Metode Imputasi pada Data Debit Daerah Aliran Sungai Opak, P' (10.22146/jnteti.v10i4.2430)
2026-07-10 00:39:06,667 INFO   Merged: 'Recommendation Algorithm using Weighted User Behavior Score-' (10.1109/icite54466.2022.9759851) <- 'Recommendation Algorithm using Weighted User Behavior Score-' (10.1109/icite54466.2022.9759851)
2026-07-10 00:39:06,667 INFO   Merged: 'Penerapan Metode Certainty Factor Dalam Diagnosis Gangguan D' (10.47065/josyc.v3i2.643) <- 'Penerapan Metode Certainty Factor Dalam Diagnosis Gangguan D' (10.47065/josyc.v3i2.643)
2026-07-10 00:39:06,667 INFO   Merged: 'Development of Mobile Butterfly Application-Based Augmented ' (10.1109/ice3is56585.2022.10010151) <- 'Development of Mobile Butterfly Application-Based Augmented ' (10.1109/ice3is56585.2022.10010151)
2026-07-10 00:39:06,667 INFO   Merged: 'Desain Gamifikasi sebagai Pelengkap Aplikasi Pembelajaran Si' (10.22146/jnteti.v13i3.10460) <- 'Desain Gamifikasi sebagai Pelengkap Aplikasi Pembelajaran Si' (10.22146/jnteti.v13i3.10460)
2026-07-10 00:39:06,667 INFO   Merged: 'Evaluating Performance of Transformer Models for Dialogue Su' (10.1109/comnetsat63286.2024.10862384) <- 'Evaluating Performance of Transformer Models for Dialogue Su' (10.1109/comnetsat63286.2024.10862384)
2026-07-10 00:39:06,667 INFO   Merged: 'Comparison of Cosine Similarity and BM25 in Book Procurement' (10.1109/icocseti63724.2025.11019421) <- 'Comparison of Cosine Similarity and BM25 in Book Procurement' (10.1109/icocseti63724.2025.11019421)
2026-07-10 00:39:06,667 INFO   Merged: 'Work in progress: Application of unsupervised learning metho' (10.1109/educon.2016.7474704) <- 'Work in progress: Application of unsupervised learning metho' (10.1109/educon.2016.7474704)
2026-07-10 00:39:06,667 INFO   Merged: 'Enhancing student clustering to generate adaptive metacognit' (10.1504/ijil.2018.095367) <- 'Enhancing student clustering to generate adaptive metacognit' (10.1504/ijil.2018.095367)
2026-07-10 00:39:06,667 INFO   Merged: 'Process model and software process improvement for small sof' (10.1109/iccisci.2012.6297145) <- 'Process model and software process improvement for small sof' (10.1109/iccisci.2012.6297145)
2026-07-10 00:39:06,667 INFO   Merged: 'Forecasting Avian Influenza incidence in Java and Madura are' (10.1109/iccerec.2015.7337047) <- 'Forecasting Avian Influenza incidence in Java and Madura are' (10.1109/iccerec.2015.7337047)
2026-07-10 00:39:06,667 INFO   Merged: 'The Social Engagement to Agricultural Issues using Social Ne' (10.14421/ijid.2021.2185) <- 'The Social Engagement to Agricultural Issues using Social Ne' (10.14421/ijid.2021.2185)
2026-07-10 00:39:06,667 INFO   Merged: 'Sistem Pakar Berbasis Aturan untuk Otomatisasi Penyusunan An' (10.30818/jpkm.2014.1170202) <- 'Sistem Pakar Berbasis Aturan untuk Otomatisasi Penyusunan An' (10.30818/jpkm.2014.1170202)
2026-07-10 00:39:06,667 INFO   Merged: 'SISTEM REKOMENDASI MINAT ANAK MENGGUNAKAN ALAT TES ROTHWELL ' (10.47324/ilkominfo.v4i1.116) <- 'SISTEM REKOMENDASI MINAT ANAK MENGGUNAKAN ALAT TES ROTHWELL ' (10.47324/ilkominfo.v4i1.116)
2026-07-10 00:39:06,667 INFO   Merged: 'Regresi Linear untuk Mengurangi Bias Sistem Penilaian Uraian' (10.22146/jnteti.v10i3.1983) <- 'Regresi Linear untuk Mengurangi Bias Sistem Penilaian Uraian' (10.22146/jnteti.v10i3.1983)
2026-07-10 00:39:06,667 INFO   Merged: 'Determining Priority of Ten Usability Heuristic Using Consis' (10.1109/citsm52892.2021.9588910) <- 'Determining Priority of Ten Usability Heuristic Using Consis' (10.1109/citsm52892.2021.9588910)
2026-07-10 00:39:06,667 INFO   Merged: 'ANALISIS PENGARUH SELEKSI FITUR PADA KLASIFIKASI KONSENTRASI' (None) <- 'ANALISIS PENGARUH SELEKSI FITUR PADA KLASIFIKASI KONSENTRASI' (None)
2026-07-10 00:39:06,667 INFO   Merged: 'Smart automation for credit point compilation of instructor' (10.1109/icoict.2014.6914069) <- 'Smart automation for credit point compilation of instructor' (10.1109/icoict.2014.6914069)
2026-07-10 00:39:06,667 INFO   Merged: 'ANALISIS CRITICAL SUCCESS FACTORS IMPLEMENTAS E-PROCUREMENT ' (None) <- 'ANALISIS CRITICAL SUCCESS FACTORS IMPLEMENTAS E-PROCUREMENT ' (None)
2026-07-10 00:39:06,667 INFO   Merged: 'SIMULATION OF UAVs AUTONOMOUSLY APPROACHING CERTAIN TARGET U' (None) <- 'SIMULATION OF UAVs AUTONOMOUSLY APPROACHING CERTAIN TARGET U' (None)
2026-07-10 00:39:06,667 INFO   Merged: 'SISTEM PAKAR DENGAN PENDEKATAN RULE BASED UNTUK OTOMASI PENG' (None) <- 'SISTEM PAKAR DENGAN PENDEKATAN RULE BASED UNTUK OTOMASI PENG' (None)
2026-07-10 00:39:06,667 INFO   Merged: 'Rekomendasi Berdasarkan Nilai Pretest Mahasiswa Menggunakan ' (10.15294/edukomputika.v5i1.23077) <- 'Rekomendasi Berdasarkan Nilai Pretest Mahasiswa Menggunakan ' (10.15294/edukomputika.v5i1.23077)
2026-07-10 00:39:06,667 INFO   Merged: 'Sistem Pakar Deteksi Minat Untuk Pemilihan Jenjang Karir Men' (None) <- 'Sistem Pakar Deteksi Minat Untuk Pemilihan Jenjang Karir Men' (None)
2026-07-10 00:39:06,667 INFO   Merged: 'Critical Success Factor on E-Learning: Case Study Ruangguru ' (10.1109/ic2ie53219.2021.9649139) <- 'Critical Success Factor on E-Learning: Case Study Ruangguru ' (10.1109/ic2ie53219.2021.9649139)
2026-07-10 00:39:06,667 INFO   Merged: 'Enhancing student clustering to generate adaptive metacognit' (10.1504/ijil.2018.10015918) <- 'Enhancing student clustering to generate adaptive metacognit' (10.1504/ijil.2018.10015918)
2026-07-10 00:39:06,667 INFO   Merged: 'User Profile Correlation-Based Similarity Algorithm in Movie' (10.21203/rs.3.rs-107401/v1) <- 'User Profile Correlation-Based Similarity Algorithm in Movie' (10.21203/rs.3.rs-107401/v1)
2026-07-10 00:39:06,668 INFO   Merged: 'Deep Learning in Paraphrase Generation: A Systematic Literat' (10.1109/icitisee58992.2023.10405123) <- 'Deep Learning in Paraphrase Generation: A Systematic Literat' (10.1109/icitisee58992.2023.10405123)
2026-07-10 00:39:06,668 INFO   Merged: 'Prototype Evaluation and User Experience Analysis of Automat' (10.1109/icitcom60176.2023.10442848) <- 'Prototype Evaluation and User Experience Analysis of Automat' (10.1109/icitcom60176.2023.10442848)
2026-07-10 00:39:06,668 INFO   Merged: 'A virtual tour development of butterfly park as a promotiona' (10.1063/5.0200992) <- 'A virtual tour development of butterfly park as a promotiona' (10.1063/5.0200992)
2026-07-10 00:39:06,668 INFO   Merged: 'Analyzing Sentiment's Impact on Stock Price Prediction: A Co' (10.1109/icitcom62788.2024.10762263) <- 'Analyzing Sentiment's Impact on Stock Price Prediction: A Co' (10.1109/icitcom62788.2024.10762263)
2026-07-10 00:39:06,668 INFO   Merged: 'Advancing Automatic Distractor Generation for English Vocabu' (10.1109/siml65326.2025.11081103) <- 'Advancing Automatic Distractor Generation for English Vocabu' (10.1109/siml65326.2025.11081103)
2026-07-10 00:39:06,668 INFO   Merged: 'Automatic Distractor Generation with Paradigmatic Relation f' (10.1109/siml65326.2025.11081171) <- 'Automatic Distractor Generation with Paradigmatic Relation f' (10.1109/siml65326.2025.11081171)
2026-07-10 00:39:06,668 INFO   Merged: 'Reranking Serendipity Technique in Recommendation System' (10.1109/aims66189.2025.11229656) <- 'Reranking Serendipity Technique in Recommendation System' (10.1109/aims66189.2025.11229656)
2026-07-10 00:39:06,668 INFO   Merged: 'Automatic Distractor Generation with Syntagmatic Relation fo' (10.1109/icitcom66635.2025.11265136) <- 'Automatic Distractor Generation with Syntagmatic Relation fo' (10.1109/icitcom66635.2025.11265136)
2026-07-10 00:39:06,668 INFO   Merged: 'Guiding Self-Regulated Learning with an LLM-Based Pedagogica' (10.1109/isemantic67418.2025.11292531) <- 'Guiding Self-Regulated Learning with an LLM-Based Pedagogica' (10.1109/isemantic67418.2025.11292531)
2026-07-10 00:39:06,668 INFO   Merged: 'Comparative Analysis of Sequence-Based Neural Networks for H' (10.1109/eecsi67060.2025.11290141) <- 'Comparative Analysis of Sequence-Based Neural Networks for H' (10.1109/eecsi67060.2025.11290141)
2026-07-10 00:39:06,668 INFO   Merged: 'Clustering Multiple Intelligence Learning Styles Using Gauss' (10.1109/icic68054.2025.11309597) <- 'Clustering Multiple Intelligence Learning Styles Using Gauss' (10.1109/icic68054.2025.11309597)
2026-07-10 00:39:06,668 INFO   Merged: 'Heuristics Evaluation of Moodle E-Learning Using Specialized' (10.1109/icitisee68184.2025.11355064) <- 'Heuristics Evaluation of Moodle E-Learning Using Specialized' (10.1109/icitisee68184.2025.11355064)
2026-07-10 00:39:06,668 INFO   Merged: 'Improving Multiple Intelligence Learning Style Classificatio' (10.1109/waie67422.2025.11381167) <- 'Improving Multiple Intelligence Learning Style Classificatio' (10.1109/waie67422.2025.11381167)
2026-07-10 00:39:06,668 INFO   Merged: 'Developing a Service-driven Process Tool for Telecommunicati' (None) <- 'Developing a Service-driven Process Tool for Telecommunicati' (None)
2026-07-10 00:39:06,668 INFO   Merged: 'Meta-Review of Augmented Reality in Education' (10.1109/iciteed.2018.8534888) <- 'Meta-Review of Augmented Reality in Education' (10.1109/iciteed.2018.8534888)
2026-07-10 00:39:06,668 INFO   Merged: 'PENERAPAN ANALISIS SENTIMEN PADA TWITTER BERBAHASA INDONESIA' (None) <- 'PENERAPAN ANALISIS SENTIMEN PADA TWITTER BERBAHASA INDONESIA' (None)
2026-07-10 00:39:06,668 INFO   Merged: 'Mental Stress Detection via Heart Rate Variability using Mac' (10.15676/ijeei.2020.12.3.3) <- 'Mental Stress Detection via Heart Rate Variability using Mac' (10.15676/ijeei.2020.12.3.3)
2026-07-10 00:39:06,668 INFO   Merged: 'Review of augmented reality agent in education' (10.1109/inaes.2016.7821924) <- 'Review of augmented reality agent in education' (10.1109/inaes.2016.7821924)
2026-07-10 00:39:06,668 INFO   Merged: 'Evaluasi Kemampuan Sistem Pendeteksian Objek Augmented Reali' (None) <- 'Evaluasi Kemampuan Sistem Pendeteksian Objek Augmented Reali' (None)
2026-07-10 00:39:06,668 INFO   Merged: 'Word Segmentation Task for Southeast Asian Abugida Scripts: ' (10.1109/ictiia61827.2024.10761854) <- 'Word Segmentation Task for Southeast Asian Abugida Scripts: ' (10.1109/ictiia61827.2024.10761854)
2026-07-10 00:39:06,668 INFO   Merged: 'OLS' (10.1145/1592606.1592630) <- 'OLS' (10.1145/1592606.1592630)
2026-07-10 00:39:06,668 INFO   Merged: 'Using Artificial Intelligence Technology for Decision Suppor' (10.1109/icitisee53823.2021.9655975) <- 'Using Artificial Intelligence Technology for Decision Suppor' (10.1109/icitisee53823.2021.9655975)
2026-07-10 00:39:06,668 INFO   Merged: 'GIS-Based Disaster Preparedness and Mitigation Applications:' (10.1109/ictiia61827.2024.10761927) <- 'GIS-Based Disaster Preparedness and Mitigation Applications:' (10.1109/ictiia61827.2024.10761927)
2026-07-10 00:39:06,668 INFO   Merged: 'Comparison of Various Windowing Methods on Filter Bank for S' (10.1109/icitee62483.2024.10808476) <- 'Comparison of Various Windowing Methods on Filter Bank for S' (10.1109/icitee62483.2024.10808476)
2026-07-10 00:39:06,668 INFO   Merged: 'Exploring Models Approach for Real-Time Hand Gesture Recogni' (10.1109/icadeis65852.2025.10933403) <- 'Exploring Models Approach for Real-Time Hand Gesture Recogni' (10.1109/icadeis65852.2025.10933403)
2026-07-10 00:39:06,668 INFO   Merged: 'EVALUASI METODE PELACAKAN TANPA MARKER PADA METAIO SDK UNTUK' (None) <- 'EVALUASI METODE PELACAKAN TANPA MARKER PADA METAIO SDK UNTUK' (None)
2026-07-10 00:39:06,668 INFO   Merged: 'SISTEM PENENTUAN POSISI DI DALAM RUANGAN DENGAN METODE FINGE' (None) <- 'SISTEM PENENTUAN POSISI DI DALAM RUANGAN DENGAN METODE FINGE' (None)
2026-07-10 00:39:06,668 INFO   Merged: 'Pemilihan Komponen Arsitektur Untuk Penentuan Posisi Pengunj' (10.23887/janapati.v3i3.9819) <- 'Pemilihan Komponen Arsitektur Untuk Penentuan Posisi Pengunj' (10.23887/janapati.v3i3.9819)
2026-07-10 00:39:06,668 INFO   Merged: 'PENGEMBANGAN APLIKASI MOBILE WEB UNTUK WISATA & KULINER YOGY' (None) <- 'PENGEMBANGAN APLIKASI MOBILE WEB UNTUK WISATA & KULINER YOGY' (None)
2026-07-10 00:39:06,668 INFO   Merged: 'Indoor electrical device control based on activity context a' (10.1109/inaes.2016.7821913) <- 'Indoor electrical device control based on activity context a' (10.1109/inaes.2016.7821913)
2026-07-10 00:39:06,668 INFO   Merged: 'Estimasi Fungsi Spasial Pada Identifikasi Fitur Wajah' (None) <- 'Estimasi Fungsi Spasial Pada Identifikasi Fitur Wajah' (None)
2026-07-10 00:39:06,668 INFO   Merged: 'KNN-Based Visitor Positioning For Museum Guide System' (10.1109/eiconcit.2018.8878526) <- 'KNN-Based Visitor Positioning For Museum Guide System' (10.1109/eiconcit.2018.8878526)
2026-07-10 00:39:06,668 INFO   Merged: 'Estimating Cognitive Performance Changes Based on Psychophys' (10.1109/iciteed.2019.8929946) <- 'Estimating Cognitive Performance Changes Based on Psychophys' (10.1109/iciteed.2019.8929946)
2026-07-10 00:39:06,668 INFO   Merged: 'A Conceptual Framework of Adaptive Mobile POI Recommendation' (10.1109/icoiact46704.2019.8938542) <- 'A Conceptual Framework of Adaptive Mobile POI Recommendation' (10.1109/icoiact46704.2019.8938542)
2026-07-10 00:39:06,668 INFO   Merged: 'A Meta-Review of the Smartphone as the Measurement Device' (10.1088/1742-6596/1566/1/012099) <- 'A Meta-Review of the Smartphone as the Measurement Device' (10.1088/1742-6596/1566/1/012099)
2026-07-10 00:39:06,668 INFO   Merged: 'Identifying Smartphone Based Features for Automatic Learning' (10.1109/icst47872.2019.9166165) <- 'Identifying Smartphone Based Features for Automatic Learning' (10.1109/icst47872.2019.9166165)
2026-07-10 00:39:06,668 INFO   Merged: 'Design and Assessment of a Kanban Learning Board for Enhanci' (10.1109/incit66780.2025.11276005) <- 'Design and Assessment of a Kanban Learning Board for Enhanci' (10.1109/incit66780.2025.11276005)
2026-07-10 00:39:06,668 INFO   Merged: 'Perancangan dan Pembuatan Aplikasi Peta Wisata dan Kuliner Y' (None) <- 'Perancangan dan Pembuatan Aplikasi Peta Wisata dan Kuliner Y' (None)
2026-07-10 00:39:06,668 INFO   Merged: 'Isolation Forest Based Anomaly Detection: A Systematic Liter' (10.1109/icitacee53184.2021.9617498) <- 'Isolation Forest Based Anomaly Detection: A Systematic Liter' (10.1109/icitacee53184.2021.9617498)
2026-07-10 00:39:06,668 INFO   Merged: 'Manajemen Risiko Teknologi Informasi pada e-Government: Ulas' (10.33164/iptekkom.22.2.2020.207-222) <- 'Manajemen Risiko Teknologi Informasi pada e-Government: Ulas' (10.33164/iptekkom.22.2.2020.207-222)
2026-07-10 00:39:06,668 INFO   Merged: 'Systematic Literature Review on Assessment of Technology Rea' (10.1109/icoseit60086.2024.10497489) <- 'Systematic Literature Review on Assessment of Technology Rea' (10.1109/icoseit60086.2024.10497489)
2026-07-10 00:39:06,668 INFO   Merged: 'Analysis of Tourists Preferences on Smart Tourism in Yogyaka' (10.1088/1742-6596/1007/1/012040) <- 'Analysis of Tourists Preferences on Smart Tourism in Yogyaka' (10.1088/1742-6596/1007/1/012040)
2026-07-10 00:39:06,668 INFO   Merged: 'Smart City: The main assist factor for smart cities Analysis' (10.25124/ijies.v5i01.109) <- 'Smart City: The main assist factor for smart cities Analysis' (10.25124/ijies.v5i01.109)
2026-07-10 00:39:06,668 INFO   Merged: 'Data Transmission in Machine to Machine Communication Protoc' (10.1109/icoiact46704.2019.8938420) <- 'Data Transmission in Machine to Machine Communication Protoc' (10.1109/icoiact46704.2019.8938420)
2026-07-10 00:39:06,668 INFO   Merged: 'Understanding the Continuance Behavior towards E-Learning: A' (10.1109/icet56879.2022.9990773) <- 'Understanding the Continuance Behavior towards E-Learning: A' (10.1109/icet56879.2022.9990773)
2026-07-10 00:39:06,668 INFO   Merged: 'A Systematic Literature Review of Machine Learning to Predic' (10.1109/icitisee57756.2022.10057871) <- 'A Systematic Literature Review of Machine Learning to Predic' (10.1109/icitisee57756.2022.10057871)
2026-07-10 00:39:06,668 INFO   Merged: 'Quality of Service of Protocols Performance Evaluation for I' (10.1145/3322645.3322694) <- 'Quality of Service of Protocols Performance Evaluation for I' (10.1145/3322645.3322694)
2026-07-10 00:39:06,668 INFO   Merged: 'Blockchain Concept in Educational Movement: A Study Case fro' (10.5220/0009866601720179) <- 'Blockchain Concept in Educational Movement: A Study Case fro' (10.5220/0009866601720179)
2026-07-10 00:39:06,668 INFO   Merged: 'Topic Modeling on Teachers’ Use of Online Loans Using Latent' (10.1109/icatei67676.2025.11404996) <- 'Topic Modeling on Teachers’ Use of Online Loans Using Latent' (10.1109/icatei67676.2025.11404996)
2026-07-10 00:39:06,668 INFO   Merged: 'SIMULASI LAMPU LALU LINTAS DENGAN SENSOR DI SIMPANG EMPAT ME' (None) <- 'SIMULASI LAMPU LALU LINTAS DENGAN SENSOR DI SIMPANG EMPAT ME' (None)
2026-07-10 00:39:06,668 INFO   Merged: 'Evaluasi Keandalan Perencanaan Pembangkit Wilayah Jawa-Bali ' (10.22146/jnteti.v6i2.320) <- 'Evaluasi Keandalan Perencanaan Pembangkit Wilayah Jawa-Bali ' (10.22146/jnteti.v6i2.320)
2026-07-10 00:39:06,668 INFO   Merged: 'Roadmap energy in special region of Yogyakarta to empower re' (10.1109/istmet.2014.6936520) <- 'Roadmap energy in special region of Yogyakarta to empower re' (10.1109/istmet.2014.6936520)
2026-07-10 00:39:06,668 INFO   Merged: 'PERANCANGAN DAN PENGUJIAN GENERATOR MAGNET PERMANEN 1 FASE B' (None) <- 'PERANCANGAN DAN PENGUJIAN GENERATOR MAGNET PERMANEN 1 FASE B' (None)
2026-07-10 00:39:06,668 INFO   Merged: 'Impact Analysis of Location and Penetration Level of DFIG on' (10.1109/icitisee48480.2019.9003809) <- 'Impact Analysis of Location and Penetration Level of DFIG on' (10.1109/icitisee48480.2019.9003809)
2026-07-10 00:39:06,668 INFO   Merged: 'Optimisasi PID pada Sistem Mesin Tunggal Terpasang STATCOM d' (10.22146/jnteti.v5i1.185) <- 'Optimisasi PID pada Sistem Mesin Tunggal Terpasang STATCOM d' (10.22146/jnteti.v5i1.185)
2026-07-10 00:39:06,668 INFO   Merged: 'PENGUJIAN KARAKTERISTIK GENERATOR PUT ARAN RENDAH AXIAL FLUX' (None) <- 'PENGUJIAN KARAKTERISTIK GENERATOR PUT ARAN RENDAH AXIAL FLUX' (None)
2026-07-10 00:39:06,668 INFO   Merged: 'Studi Alokasi Biaya Berbasis Kurva Beban Pelanggan PT PLN (p' (None) <- 'Studi Alokasi Biaya Berbasis Kurva Beban Pelanggan PT PLN (p' (None)
2026-07-10 00:39:06,668 INFO   Merged: 'Analisis Jatuh Tegangan Saat Pengasutan Motor di PT. Kaltim ' (None) <- 'Analisis Jatuh Tegangan Saat Pengasutan Motor di PT. Kaltim ' (None)
2026-07-10 00:39:06,668 INFO   Merged: 'Perencanaan Operasi Jangka Pendek pada Sistem Jawa Bali Berd' (None) <- 'Perencanaan Operasi Jangka Pendek pada Sistem Jawa Bali Berd' (None)
2026-07-10 00:39:06,668 INFO   Merged: 'ANALISIS KEMAMPUAN BAYAR MASYARAKAT INDONESIA TERHADAP ENERG' (None) <- 'ANALISIS KEMAMPUAN BAYAR MASYARAKAT INDONESIA TERHADAP ENERG' (None)
2026-07-10 00:39:06,668 INFO   Merged: 'Optimizing the Preventive and Corrective Control Scheme in I' (10.18517/ijaseit.8.5.6518) <- 'Optimizing the Preventive and Corrective Control Scheme in I' (10.18517/ijaseit.8.5.6518)
2026-07-10 00:39:06,668 INFO   Merged: 'Impact of Increased Penetration DFIG on Power Oscillation Da' (10.1109/icitee49829.2020.9271677) <- 'Impact of Increased Penetration DFIG on Power Oscillation Da' (10.1109/icitee49829.2020.9271677)
2026-07-10 00:39:06,668 INFO   Merged: 'Performance and Techno Economic Analysis of The Cirata Float' (10.1109/ict-pep67281.2025.11232151) <- 'Performance and Techno Economic Analysis of The Cirata Float' (10.1109/ict-pep67281.2025.11232151)
2026-07-10 00:39:06,668 INFO   Merged: 'Impact of Network Reinforcement on Transient Stability in th' (10.1109/eecsi67060.2025.11290405) <- 'Impact of Network Reinforcement on Transient Stability in th' (10.1109/eecsi67060.2025.11290405)
2026-07-10 00:39:06,668 INFO   Merged: 'Convolutional Neural Network for Brain Tumor Detection' (10.1088/1757-899x/771/1/012031) <- 'Convolutional Neural Network for Brain Tumor Detection' (10.1088/1757-899x/771/1/012031)
2026-07-10 00:39:06,668 INFO   Merged: 'Image Analysis for MRI-Based Brain Tumor Classification Usin' (10.22146/ijitee.62663) <- 'Image Analysis for MRI-Based Brain Tumor Classification Usin' (10.22146/ijitee.62663)
2026-07-10 00:39:06,668 INFO   Merged: 'Deep Neural Network with Hyperparameter Tuning for Detection' (10.1109/apwimob51111.2021.9435250) <- 'Deep Neural Network with Hyperparameter Tuning for Detection' (10.1109/apwimob51111.2021.9435250)
2026-07-10 00:39:06,669 INFO   Merged: 'Classification of breast ultrasound images based on texture ' (10.1109/ibiomed.2016.7869825) <- 'Classification of breast ultrasound images based on texture ' (10.1109/ibiomed.2016.7869825)
2026-07-10 00:39:06,669 INFO   Merged: 'A Review of Feature Selection and Classification Approaches ' (10.22146/ijitee.59193) <- 'A Review of Feature Selection and Classification Approaches ' (10.22146/ijitee.59193)
2026-07-10 00:39:06,669 INFO   Merged: 'A Study on Facial Expression Recognition in Assessing Teachi' (10.1016/j.procs.2019.11.154) <- 'A Study on Facial Expression Recognition in Assessing Teachi' (10.1016/j.procs.2019.11.154)
2026-07-10 00:39:06,669 INFO   Merged: 'Herbal leaf classification using images in natural backgroun' (10.1109/icoiact.2018.8350775) <- 'Herbal leaf classification using images in natural backgroun' (10.1109/icoiact.2018.8350775)
2026-07-10 00:39:06,669 INFO   Merged: 'Batik Nitik 960 Dataset for Classification, Retrieval, and G' (10.3390/data8040063) <- 'Batik Nitik 960 Dataset for Classification, Retrieval, and G' (10.3390/data8040063)
2026-07-10 00:39:06,669 INFO   Merged: 'The EfficientNet Performance for Facial Expressions Recognit' (10.1109/isriti56927.2022.10053007) <- 'The EfficientNet Performance for Facial Expressions Recognit' (10.1109/isriti56927.2022.10053007)
2026-07-10 00:39:06,669 INFO   Merged: 'Dataset of Batik Nitik Sarimbit 120' (10.1016/j.dib.2024.110671) <- 'Dataset of Batik Nitik Sarimbit 120' (10.1016/j.dib.2024.110671)
2026-07-10 00:39:06,669 INFO   Merged: 'Performance analysis of edge and detailed preserved speckle ' (10.1109/icitacee.2015.7437774) <- 'Performance analysis of edge and detailed preserved speckle ' (10.1109/icitacee.2015.7437774)
2026-07-10 00:39:06,669 INFO   Merged: 'Heart sound feature extraction and classification using auto' (10.1063/1.4958525) <- 'Heart sound feature extraction and classification using auto' (10.1063/1.4958525)
2026-07-10 00:39:06,669 INFO   Merged: 'Classification of Batik Image using Grey Level Co-occurrence' (10.1109/isriti.2018.8864237) <- 'Classification of Batik Image using Grey Level Co-occurrence' (10.1109/isriti.2018.8864237)
2026-07-10 00:39:06,669 INFO   Merged: 'Identification of malignant masses on digital mammogram imag' (10.1109/iciteed.2014.7007907) <- 'Identification of malignant masses on digital mammogram imag' (10.1109/iciteed.2014.7007907)
2026-07-10 00:39:06,669 INFO   Merged: 'ECG Signal Classification Review' (10.22146/ijitee.60295) <- 'ECG Signal Classification Review' (10.22146/ijitee.60295)
2026-07-10 00:39:06,669 INFO   Merged: 'Klasifikasi Citra X-Ray Diagnosis Tuberkulosis Berbasis Fitu' (10.29207/resti.v2i3.523) <- 'Klasifikasi Citra X-Ray Diagnosis Tuberkulosis Berbasis Fitu' (10.29207/resti.v2i3.523)
2026-07-10 00:39:06,669 INFO   Merged: 'A Systematic Literature Review on Batik Image Retrieval' (10.1109/iscaie57739.2023.10165121) <- 'A Systematic Literature Review on Batik Image Retrieval' (10.1109/iscaie57739.2023.10165121)
2026-07-10 00:39:06,669 INFO   Merged: 'Batik Classification using Microstructure Co-occurrence Hist' (10.62527/joiv.8.1.2152) <- 'Batik Classification using Microstructure Co-occurrence Hist' (10.62527/joiv.8.1.2152)
2026-07-10 00:39:06,669 INFO   Merged: 'Facial Image Detection for Severity Level Prediction of Auti' (10.1109/aims61812.2024.10512928) <- 'Facial Image Detection for Severity Level Prediction of Auti' (10.1109/aims61812.2024.10512928)
2026-07-10 00:39:06,669 INFO   Merged: 'Deep Learning Techniques for Lung Cancer Detection: A System' (10.1109/icoiact59844.2023.10455848) <- 'Deep Learning Techniques for Lung Cancer Detection: A System' (10.1109/icoiact59844.2023.10455848)
2026-07-10 00:39:06,669 INFO   Merged: 'Model compression using post-training dynamic range quantiza' (10.1049/icp.2025.0268) <- 'Model compression using post-training dynamic range quantiza' (10.1049/icp.2025.0268)
2026-07-10 00:39:06,669 INFO   Merged: 'EEG Classification Using Elliptic Filter and Multilayer Perc' (10.1109/icstc.2018.8528568) <- 'EEG Classification Using Elliptic Filter and Multilayer Perc' (10.1109/icstc.2018.8528568)
2026-07-10 00:39:06,669 INFO   Merged: 'Analysis of digital mammograms for detection of breast cance' (10.1109/ic3ina.2014.7042595) <- 'Analysis of digital mammograms for detection of breast cance' (10.1109/ic3ina.2014.7042595)
2026-07-10 00:39:06,669 INFO   Merged: 'A Review on Question Analysis, Document Retrieval and Answer' (10.1109/icosta48221.2020.1570614175) <- 'A Review on Question Analysis, Document Retrieval and Answer' (10.1109/icosta48221.2020.1570614175)
2026-07-10 00:39:06,669 INFO   Merged: 'Feature Extraction and Feature Selection Methods in Classifi' (10.1109/ibitec46597.2019.9091724) <- 'Feature Extraction and Feature Selection Methods in Classifi' (10.1109/ibitec46597.2019.9091724)
2026-07-10 00:39:06,669 INFO   Merged: 'KAJIAN PUSTAKA METODE SEGMENTASI CITRA PADA MRI TUMOR OTAK' (None) <- 'KAJIAN PUSTAKA METODE SEGMENTASI CITRA PADA MRI TUMOR OTAK' (None)
2026-07-10 00:39:06,669 INFO   Merged: 'EKSTRAKSI CIRI BERBASIS WAVELET DAN GLCM UNTUK DETEKSI DINI ' (None) <- 'EKSTRAKSI CIRI BERBASIS WAVELET DAN GLCM UNTUK DETEKSI DINI ' (None)
2026-07-10 00:39:06,669 INFO   Merged: 'Toward Detection of Small Objects Using Deep Learning Method' (10.1109/icitee56407.2022.9954101) <- 'Toward Detection of Small Objects Using Deep Learning Method' (10.1109/icitee56407.2022.9954101)
2026-07-10 00:39:06,669 INFO   Merged: 'Optimizing Hyperparameters of YOLO to Improve Performance of' (10.1109/icoiact59844.2023.10455813) <- 'Optimizing Hyperparameters of YOLO to Improve Performance of' (10.1109/icoiact59844.2023.10455813)
2026-07-10 00:39:06,669 INFO   Merged: 'Batik Image Representation using Multi Texton Co-occurrence ' (10.62527/joiv.8.3-2.3095) <- 'Batik Image Representation using Multi Texton Co-occurrence ' (10.62527/joiv.8.3-2.3095)
2026-07-10 00:39:06,669 INFO   Merged: 'EKSTRAKSI CIRI TEKSTUR CITRA KULIT SAPI BERBASIS CO-OCCURREN' (None) <- 'EKSTRAKSI CIRI TEKSTUR CITRA KULIT SAPI BERBASIS CO-OCCURREN' (None)
2026-07-10 00:39:06,669 INFO   Merged: 'Feature extraction and classification of the Indonesian syll' (10.1109/icstc.2016.7877353) <- 'Feature extraction and classification of the Indonesian syll' (10.1109/icstc.2016.7877353)
2026-07-10 00:39:06,669 INFO   Merged: 'Classification of the syllables sound using wavelet, Renyi e' (10.1109/cspa.2017.8064931) <- 'Classification of the syllables sound using wavelet, Renyi e' (10.1109/cspa.2017.8064931)
2026-07-10 00:39:06,669 INFO   Merged: 'Segmentation of Foveal Avascular Zone in Colour Fundus Image' (None) <- 'Segmentation of Foveal Avascular Zone in Colour Fundus Image' (None)
2026-07-10 00:39:06,669 INFO   Merged: 'Evaluation on EMG Electrode Reduction in Recognizing the Pat' (10.1088/1742-6596/1577/1/012044) <- 'Evaluation on EMG Electrode Reduction in Recognizing the Pat' (10.1088/1742-6596/1577/1/012044)
2026-07-10 00:39:06,669 INFO   Merged: 'Recent Trends of Left and Right Ventricle Segmentation in Ca' (10.1109/icitee49829.2020.9271750) <- 'Recent Trends of Left and Right Ventricle Segmentation in Ca' (10.1109/icitee49829.2020.9271750)
2026-07-10 00:39:06,669 INFO   Merged: 'A Brief Study of The Use of Pattern Recognition in Online Le' (10.21831/elinvo.v7i1.51354) <- 'A Brief Study of The Use of Pattern Recognition in Online Le' (10.21831/elinvo.v7i1.51354)
2026-07-10 00:39:06,669 INFO   Merged: 'Interference effect during word-task and colour-task in inco' (10.21924/cst.2.2.2017.59) <- 'Interference effect during word-task and colour-task in inco' (10.21924/cst.2.2.2017.59)
2026-07-10 00:39:06,669 INFO   Merged: 'Review on Food Recommender System for Diabetes Mellitus' (10.1109/isriti.2018.8864385) <- 'Review on Food Recommender System for Diabetes Mellitus' (10.1109/isriti.2018.8864385)
2026-07-10 00:39:06,669 INFO   Merged: 'A Systematic Literature Review of Text Classification: Datas' (10.1109/icitisee53823.2021.9655788) <- 'A Systematic Literature Review of Text Classification: Datas' (10.1109/icitisee53823.2021.9655788)
2026-07-10 00:39:06,669 INFO   Merged: 'Performance Review of Ensemble Learning Method Use in COVID-' (10.1109/icosnikom56551.2022.10034928) <- 'Performance Review of Ensemble Learning Method Use in COVID-' (10.1109/icosnikom56551.2022.10034928)
2026-07-10 00:39:06,669 INFO   Merged: 'Detection of foveal avascular zone in colour retinal fundus ' (10.1109/icsitech.2015.7407808) <- 'Detection of foveal avascular zone in colour retinal fundus ' (10.1109/icsitech.2015.7407808)
2026-07-10 00:39:06,669 INFO   Merged: 'Optimization of BatikGAN with Gradient Loss for Enhanced Bat' (10.1109/isci62787.2024.10668317) <- 'Optimization of BatikGAN with Gradient Loss for Enhanced Bat' (10.1109/isci62787.2024.10668317)
2026-07-10 00:39:06,669 INFO   Merged: 'Syllables sound signal classification using multi-layer perc' (10.1051/matecconf/201815403015) <- 'Syllables sound signal classification using multi-layer perc' (10.1051/matecconf/201815403015)
2026-07-10 00:39:06,669 INFO   Merged: 'Feature Selection using Singular Value Decomposition for Sto' (10.1109/iciev.2018.8641015) <- 'Feature Selection using Singular Value Decomposition for Sto' (10.1109/iciev.2018.8641015)
2026-07-10 00:39:06,669 INFO   Merged: 'Improving Autism Detection Using GridSearchCV for Severity L' (10.1109/icicos62600.2024.10636869) <- 'Improving Autism Detection Using GridSearchCV for Severity L' (10.1109/icicos62600.2024.10636869)
2026-07-10 00:39:06,669 INFO   Merged: 'Brain Tumor Classification Based on Deep Learning Algorithms' (10.1109/ice3is62977.2024.10775314) <- 'Brain Tumor Classification Based on Deep Learning Algorithms' (10.1109/ice3is62977.2024.10775314)
2026-07-10 00:39:06,669 INFO   Merged: 'Batik GAN for Generating Motif Synthesis using Multi-Discrim' (10.1109/aiit63112.2025.11082971) <- 'Batik GAN for Generating Motif Synthesis using Multi-Discrim' (10.1109/aiit63112.2025.11082971)
2026-07-10 00:39:06,669 INFO   Merged: 'Analysis of shape features for lesion classification in brea' (10.1063/1.4958602) <- 'Analysis of shape features for lesion classification in brea' (10.1063/1.4958602)
2026-07-10 00:39:06,669 INFO   Merged: 'Deteksi Iris Berdasarkan Metode Black Hole dan Circle Curve ' (10.20895/infotel.v5i2.3) <- 'Deteksi Iris Berdasarkan Metode Black Hole dan Circle Curve ' (10.20895/infotel.v5i2.3)
2026-07-10 00:39:06,669 INFO   Merged: 'Klasifikasi Suara Jantung Menggunakan Neural Network Backpro' (None) <- 'Klasifikasi Suara Jantung Menggunakan Neural Network Backpro' (None)
2026-07-10 00:39:06,669 INFO   Merged: 'Wavelet Based Feature Extraction for The Indonesian CV Sylla' (10.12928/telkomnika.v16i3.5014) <- 'Wavelet Based Feature Extraction for The Indonesian CV Sylla' (10.12928/telkomnika.v16i3.5014)
2026-07-10 00:39:06,669 INFO   Merged: 'Deteksi Iris Berdasarkan Metode Black Hole dan Circle Curve ' (10.20895/infotel.v5i2.58) <- 'Deteksi Iris Berdasarkan Metode Black Hole dan Circle Curve ' (10.20895/infotel.v5i2.58)
2026-07-10 00:39:06,669 INFO   Merged: 'PENERAPAN ALGORITME KOMPRESI JPEG DAN METODE FUZZY C-MEANS P' (None) <- 'PENERAPAN ALGORITME KOMPRESI JPEG DAN METODE FUZZY C-MEANS P' (None)
2026-07-10 00:39:06,669 INFO   Merged: 'Wavelet Based Feature Extraction for The Indonesian CV Sylla' (10.12928/telkomnika.v16i0.5014) <- 'Wavelet Based Feature Extraction for The Indonesian CV Sylla' (10.12928/telkomnika.v16i0.5014)
2026-07-10 00:39:06,669 INFO   Merged: 'Improved VGG-16 for Classifying Thyroid Nodule on Thyroid Ul' (10.1109/iccosite57641.2023.10127750) <- 'Improved VGG-16 for Classifying Thyroid Nodule on Thyroid Ul' (10.1109/iccosite57641.2023.10127750)
2026-07-10 00:39:06,669 INFO   Merged: 'Brain Tumor Classification Based on Deep Learning Algorithms' (10.1109/icitda60835.2023.10427361) <- 'Brain Tumor Classification Based on Deep Learning Algorithms' (10.1109/icitda60835.2023.10427361)
2026-07-10 00:39:06,669 INFO   Merged: 'Dataset of Batik Nitik Sarimbit 120' (10.2139/ssrn.4775119) <- 'Dataset of Batik Nitik Sarimbit 120' (10.2139/ssrn.4775119)
2026-07-10 00:39:06,669 INFO   Merged: 'Simulasi OFDM pada Wireless LAN 802.11a/g' (None) <- 'Simulasi OFDM pada Wireless LAN 802.11a/g' (None)
2026-07-10 00:39:06,669 INFO   Merged: 'EKSTRAKSI CIRI FOVEA AVASCULAR ZONE (FAZ) BERBASIS WAVELET P' (None) <- 'EKSTRAKSI CIRI FOVEA AVASCULAR ZONE (FAZ) BERBASIS WAVELET P' (None)
2026-07-10 00:39:06,669 INFO   Merged: 'REKONSTRUKSI TIGA DIMENSI (3D) RELIEF CANDI MENGGUNAKAN GAMB' (None) <- 'REKONSTRUKSI TIGA DIMENSI (3D) RELIEF CANDI MENGGUNAKAN GAMB' (None)
2026-07-10 00:39:06,669 INFO   Merged: 'EKSTRAKSI CIRI CITRA DIGITAL X-RAY PARU DIAGNOSIS TUBERKULOS' (None) <- 'EKSTRAKSI CIRI CITRA DIGITAL X-RAY PARU DIAGNOSIS TUBERKULOS' (None)
2026-07-10 00:39:06,669 INFO   Merged: 'REKONSTRUKSI TIGA DIMENSI (3D) RELIEF CANDI MENGGUNAKAN SEGM' (None) <- 'REKONSTRUKSI TIGA DIMENSI (3D) RELIEF CANDI MENGGUNAKAN SEGM' (None)
2026-07-10 00:39:06,669 INFO   Merged: 'Pengaruh Parameter Learning Rate dan Fungsi Ketetanggaan pad' (None) <- 'Pengaruh Parameter Learning Rate dan Fungsi Ketetanggaan pad' (None)
2026-07-10 00:39:06,669 INFO   Merged: 'Analisis Integrasi Elastic Net pada Self-Organizing Map untu' (None) <- 'Analisis Integrasi Elastic Net pada Self-Organizing Map untu' (None)
2026-07-10 00:39:06,669 INFO   Merged: 'Analysis of texture for classification of breast cancer on m' (10.1504/ijmei.2018.10014086) <- 'Analysis of texture for classification of breast cancer on m' (10.1504/ijmei.2018.10014086)
2026-07-10 00:39:06,669 INFO   Merged: 'PENERAPAN ALGORITME VIOLA-JONES DAN EIGENFACE PADA SISTEM PE' (None) <- 'PENERAPAN ALGORITME VIOLA-JONES DAN EIGENFACE PADA SISTEM PE' (None)
2026-07-10 00:39:06,669 INFO   Merged: 'Classification of Palm Gesture Pattern by Using Statistical ' (10.1109/icoiact46704.2019.8938590) <- 'Classification of Palm Gesture Pattern by Using Statistical ' (10.1109/icoiact46704.2019.8938590)
2026-07-10 00:39:06,669 INFO   Merged: 'Implementing Term Frequency-Inverse Term Frequency at Tweets' (10.1109/icoiact50329.2020.9331996) <- 'Implementing Term Frequency-Inverse Term Frequency at Tweets' (10.1109/icoiact50329.2020.9331996)
2026-07-10 00:39:06,669 INFO   Merged: 'Analisis Nilai VCR (Volume,Capacity, Ratio) untuk Bobot Dina' (10.32409/jikstik.17.1.2346) <- 'Analisis Nilai VCR (Volume,Capacity, Ratio) untuk Bobot Dina' (10.32409/jikstik.17.1.2346)
2026-07-10 00:39:06,670 INFO   Merged: 'Hasil similarity check - Artikel Jurnal : COMPARISON OF FIVE' (None) <- 'Hasil similarity check - Artikel Jurnal : COMPARISON OF FIVE' (None)
2026-07-10 00:39:06,670 INFO   Merged: 'Hasil similarity check - Artikel : Feature Selection using S' (None) <- 'Hasil similarity check - Artikel : Feature Selection using S' (None)
2026-07-10 00:39:06,670 INFO   Merged: 'Analysis of texture for classification of breast cancer on m' (10.1504/ijmei.2018.095088) <- 'Analysis of texture for classification of breast cancer on m' (10.1504/ijmei.2018.095088)
2026-07-10 00:39:06,670 INFO   Merged: 'Image Enhancement Techniques on Chest X-Ray Images to Improv' (10.1109/ibiomed56408.2022.9987990) <- 'Image Enhancement Techniques on Chest X-Ray Images to Improv' (10.1109/ibiomed56408.2022.9987990)
2026-07-10 00:39:06,670 INFO   Merged: 'Comparing of CNN Algorithms for Feature Extraction and Class' (10.1109/ice3is56585.2022.10010273) <- 'Comparing of CNN Algorithms for Feature Extraction and Class' (10.1109/ice3is56585.2022.10010273)
2026-07-10 00:39:06,670 INFO   Merged: 'Indonesian question classification using feature extraction ' (10.1063/5.0114188) <- 'Indonesian question classification using feature extraction ' (10.1063/5.0114188)
2026-07-10 00:39:06,670 INFO   Merged: 'COMPARISON OF FIVE CLASSIFIERS FOR CLASSIFICATION OF SYLLABL' (None) <- 'COMPARISON OF FIVE CLASSIFIERS FOR CLASSIFICATION OF SYLLABL' (None)
2026-07-10 00:39:06,670 INFO   Merged: '2D Cardiac MRI Classification with 10-Fold Cross Validation ' (10.1109/icitisee58992.2023.10405227) <- '2D Cardiac MRI Classification with 10-Fold Cross Validation ' (10.1109/icitisee58992.2023.10405227)
2026-07-10 00:39:06,670 INFO   Merged: 'A Systematic Literature Review of Convolutional Neural Netwo' (10.1109/icoiact59844.2023.10455864) <- 'A Systematic Literature Review of Convolutional Neural Netwo' (10.1109/icoiact59844.2023.10455864)
2026-07-10 00:39:06,670 INFO   Merged: 'Implementation of Plant Disease Recognition Using Deep Learn' (10.1109/iconnic59854.2023.10467771) <- 'Implementation of Plant Disease Recognition Using Deep Learn' (10.1109/iconnic59854.2023.10467771)
2026-07-10 00:39:06,670 INFO   Merged: 'A Convolutional Neural Network Model for Batik Image Retriev' (10.1109/iscaie61308.2024.10576422) <- 'A Convolutional Neural Network Model for Batik Image Retriev' (10.1109/iscaie61308.2024.10576422)
2026-07-10 00:39:06,670 INFO   Merged: 'Batik Image Retrieval using Convolutional Autoencoder' (10.1109/iscaie61308.2024.10576476) <- 'Batik Image Retrieval using Convolutional Autoencoder' (10.1109/iscaie61308.2024.10576476)
2026-07-10 00:39:06,670 INFO   Merged: 'Comparison of Different Wavelet Sub-Band Features in the Cla' (10.14419/ijet.v7i4.40.24076) <- 'Comparison of Different Wavelet Sub-Band Features in the Cla' (10.14419/ijet.v7i4.40.24076)
2026-07-10 00:39:06,670 INFO   Merged: 'Integrating Local, Mid, and Long-Range Connections in Cascad' (10.2139/ssrn.5431210) <- 'Integrating Local, Mid, and Long-Range Connections in Cascad' (10.2139/ssrn.5431210)
2026-07-10 00:39:06,670 INFO   Merged: 'Rancang Bangun Robot Dengan Electronic Nose Untuk Mengidenti' (None) <- 'Rancang Bangun Robot Dengan Electronic Nose Untuk Mengidenti' (None)
2026-07-10 00:39:06,670 INFO   Merged: 'Enhancement Techniques in CT Scan Image for Lung Disease Det' (10.1109/icitee66631.2025.11338141) <- 'Enhancement Techniques in CT Scan Image for Lung Disease Det' (10.1109/icitee66631.2025.11338141)
2026-07-10 00:39:06,670 INFO   Merged: 'Unsupervised Anomaly Detection Using K-Means, Local Outlier ' (10.1109/icst47872.2019.9166366) <- 'Unsupervised Anomaly Detection Using K-Means, Local Outlier ' (10.1109/icst47872.2019.9166366)
2026-07-10 00:39:06,670 INFO   Merged: 'The emerging landscape of halal tourism in the digital era: ' (10.1108/jima-04-2023-0130) <- 'The emerging landscape of halal tourism in the digital era: ' (10.1108/jima-04-2023-0130)
2026-07-10 00:39:06,670 INFO   Merged: 'SARIMA (Seasonal ARIMA) implementation on time series to for' (10.1109/iciteed.2013.6676239) <- 'SARIMA (Seasonal ARIMA) implementation on time series to for' (10.1109/iciteed.2013.6676239)
2026-07-10 00:39:06,670 INFO   Merged: 'Persuasive technology for enhanced learning behavior in high' (10.1186/s41239-019-0142-5) <- 'Persuasive technology for enhanced learning behavior in high' (10.1186/s41239-019-0142-5)
2026-07-10 00:39:06,670 INFO   Merged: 'Developing augmented reality-based learning media and users’' (10.1007/s10639-021-10531-1) <- 'Developing augmented reality-based learning media and users’' (10.1007/s10639-021-10531-1)
2026-07-10 00:39:06,670 INFO   Merged: 'ANALISIS SEGMENTASI PELANGGAN MENGGUNAKAN KOMBINASI RFM MODE' (10.21460/jutei.2018.21.76) <- 'ANALISIS SEGMENTASI PELANGGAN MENGGUNAKAN KOMBINASI RFM MODE' (10.21460/jutei.2018.21.76)
2026-07-10 00:39:06,670 INFO   Merged: 'Student classification for academic performance prediction u' (10.1109/iciteed.2013.6676242) <- 'Student classification for academic performance prediction u' (10.1109/iciteed.2013.6676242)
2026-07-10 00:39:06,670 INFO   Merged: 'Adaptive Synthetic-Nominal (ADASYN-N) and Adaptive Synthetic' (10.1109/icstc.2018.8528679) <- 'Adaptive Synthetic-Nominal (ADASYN-N) and Adaptive Synthetic' (10.1109/icstc.2018.8528679)
2026-07-10 00:39:06,670 INFO   Merged: 'Comparative study on data mining classification methods for ' (10.1109/ibiomed.2016.7869827) <- 'Comparative study on data mining classification methods for ' (10.1109/ibiomed.2016.7869827)
2026-07-10 00:39:06,670 INFO   Merged: 'ANALISIS SENTIMEN DATA PRESIDEN JOKOWI DENGAN PREPROCESSING ' (None) <- 'ANALISIS SENTIMEN DATA PRESIDEN JOKOWI DENGAN PREPROCESSING ' (None)
2026-07-10 00:39:06,670 INFO   Merged: 'Caching strategy for Web application – a systematic literatu' (10.1108/ijwis-06-2020-0032) <- 'Caching strategy for Web application – a systematic literatu' (10.1108/ijwis-06-2020-0032)
2026-07-10 00:39:06,670 INFO   Merged: 'A scoring rubric for automatic short answer grading system' (10.12928/telkomnika.v17i2.11785) <- 'A scoring rubric for automatic short answer grading system' (10.12928/telkomnika.v17i2.11785)
2026-07-10 00:39:06,670 INFO   Merged: 'Corrigendum: Sentiment Analysis in the Sales Review of Indon' (10.20473/jisebi.4.2.169) <- 'Corrigendum: Sentiment Analysis in the Sales Review of Indon' (10.20473/jisebi.4.2.169)
2026-07-10 00:39:06,670 INFO   Merged: 'Consumer Behaviour and Acceptance in Fintech Adoption: A Sys' (10.18267/j.aip.222) <- 'Consumer Behaviour and Acceptance in Fintech Adoption: A Sys' (10.18267/j.aip.222)
2026-07-10 00:39:06,670 INFO   Merged: 'Designing a tourism recommendation system using a hybrid met' (10.1109/comnetsat53002.2021.9530823) <- 'Designing a tourism recommendation system using a hybrid met' (10.1109/comnetsat53002.2021.9530823)
2026-07-10 00:39:06,670 INFO   Merged: 'Technostress Effects on Indonesian e-Wallet Users: A Case St' (10.1109/incit60207.2023.10413062) <- 'Technostress Effects on Indonesian e-Wallet Users: A Case St' (10.1109/incit60207.2023.10413062)
2026-07-10 00:39:06,670 INFO   Merged: 'Evaluation of the Multinomial Algorithm in Predicting Techno' (10.1109/incit63192.2024.10810558) <- 'Evaluation of the Multinomial Algorithm in Predicting Techno' (10.1109/incit63192.2024.10810558)
2026-07-10 00:39:06,670 INFO   Merged: 'Sentiment Analysis in the Sales Review of Indonesian Marketp' (10.20473/jisebi.4.1.57-64) <- 'Sentiment Analysis in the Sales Review of Indonesian Marketp' (10.20473/jisebi.4.1.57-64)
2026-07-10 00:39:06,670 INFO   Merged: 'Performance Comparison of Rank Aggregation Using Borda and C' (10.1109/iwbis.2018.8471722) <- 'Performance Comparison of Rank Aggregation Using Borda and C' (10.1109/iwbis.2018.8471722)
2026-07-10 00:39:06,670 INFO   Merged: 'Design adaptive learning system using metacognitive strategy' (10.1063/1.4958507) <- 'Design adaptive learning system using metacognitive strategy' (10.1063/1.4958507)
2026-07-10 00:39:06,670 INFO   Merged: 'Automatic short answer scoring using words overlapping metho' (10.1063/1.4976906) <- 'Automatic short answer scoring using words overlapping metho' (10.1063/1.4976906)
2026-07-10 00:39:06,670 INFO   Merged: 'Comparison Clustering Performance Based on Moodle Log Mining' (10.1088/1757-899x/722/1/012012) <- 'Comparison Clustering Performance Based on Moodle Log Mining' (10.1088/1757-899x/722/1/012012)
2026-07-10 00:39:06,670 INFO   Merged: 'Utilization of Neural Network for Disease Forecasting' (None) <- 'Utilization of Neural Network for Disease Forecasting' (None)
2026-07-10 00:39:06,670 INFO   Merged: 'Short answer scoring system using automatic reference answer' (10.1007/s10639-018-9745-z) <- 'Short answer scoring system using automatic reference answer' (10.1007/s10639-018-9745-z)
2026-07-10 00:39:06,670 INFO   Merged: 'Study of Undersampling Method: Instance Hardness Threshold w' (10.22146/ijitee.42152) <- 'Study of Undersampling Method: Instance Hardness Threshold w' (10.22146/ijitee.42152)
2026-07-10 00:39:06,670 INFO   Merged: 'The Effect of The COVID-19 Pandemic and Google Trends on the' (10.1109/tensymp52854.2021.9550838) <- 'The Effect of The COVID-19 Pandemic and Google Trends on the' (10.1109/tensymp52854.2021.9550838)
2026-07-10 00:39:06,670 INFO   Merged: 'KOMPARASI METODE OVERSAMPLING UNTUK KLASIFIKASI TEKS UJARAN ' (None) <- 'KOMPARASI METODE OVERSAMPLING UNTUK KLASIFIKASI TEKS UJARAN ' (None)
2026-07-10 00:39:06,670 INFO   Merged: 'Automated Short Answer Scoring using Weighted Cosine Coeffic' (10.1109/ic3e.2016.8009042) <- 'Automated Short Answer Scoring using Weighted Cosine Coeffic' (10.1109/ic3e.2016.8009042)
2026-07-10 00:39:06,670 INFO   Merged: 'Augmented Reality Implementation for Human Anatomy Learning ' (10.1109/icet56879.2022.9990829) <- 'Augmented Reality Implementation for Human Anatomy Learning ' (10.1109/icet56879.2022.9990829)
2026-07-10 00:39:06,670 INFO   Merged: 'Improving Cached Data Offloading Optimization Based on Enhan' (10.1109/access.2022.3197205) <- 'Improving Cached Data Offloading Optimization Based on Enhan' (10.1109/access.2022.3197205)
2026-07-10 00:39:06,670 INFO   Merged: 'LRU-GENACO: A Hybrid Cached Data Optimization Based on the L' (10.3390/electronics11192978) <- 'LRU-GENACO: A Hybrid Cached Data Optimization Based on the L' (10.3390/electronics11192978)
2026-07-10 00:39:06,670 INFO   Merged: 'Gamification Methods of Game-Based Learning Applications in ' (10.1109/isitdi55734.2022.9944535) <- 'Gamification Methods of Game-Based Learning Applications in ' (10.1109/isitdi55734.2022.9944535)
2026-07-10 00:39:06,670 INFO   Merged: 'Exploring the Future Research Agenda for Health Applications' (10.14569/ijacsa.2025.0160810) <- 'Exploring the Future Research Agenda for Health Applications' (10.14569/ijacsa.2025.0160810)
2026-07-10 00:39:06,670 INFO   Merged: 'A review of an information extraction technique approach for' (10.1109/icitisee.2016.7803072) <- 'A review of an information extraction technique approach for' (10.1109/icitisee.2016.7803072)
2026-07-10 00:39:06,670 INFO   Merged: 'Social-Child-Case Document Clustering based on Topic Modelin' (10.22146/ijccs.54507) <- 'Social-Child-Case Document Clustering based on Topic Modelin' (10.22146/ijccs.54507)
2026-07-10 00:39:06,670 INFO   Merged: 'ARIMA implementation to predict the amount of antiseptic med' (10.1109/ibiomed.2016.7869815) <- 'ARIMA implementation to predict the amount of antiseptic med' (10.1109/ibiomed.2016.7869815)
2026-07-10 00:39:06,670 INFO   Merged: 'Automated determination of Plasmodium region of interest on ' (10.1109/isitia.2017.8124108) <- 'Automated determination of Plasmodium region of interest on ' (10.1109/isitia.2017.8124108)
2026-07-10 00:39:06,670 INFO   Merged: 'Research Methodology for Analysis of E-Commerce User Activit' (10.5614/itbj.ict.res.appl.2018.12.1.4) <- 'Research Methodology for Analysis of E-Commerce User Activit' (10.5614/itbj.ict.res.appl.2018.12.1.4)
2026-07-10 00:39:06,670 INFO   Merged: 'WP-Rank: Rank Aggregation based Collaborative Filtering Meth' (10.14419/ijet.v7i4.40.24431) <- 'WP-Rank: Rank Aggregation based Collaborative Filtering Meth' (10.14419/ijet.v7i4.40.24431)
2026-07-10 00:39:06,670 INFO   Merged: 'The performance of GM (1,1) and ARIMA for forecasting of for' (10.1109/isitia.2015.7219949) <- 'The performance of GM (1,1) and ARIMA for forecasting of for' (10.1109/isitia.2015.7219949)
2026-07-10 00:39:06,670 INFO   Merged: 'Combat aircraft effectiveness assessment using hybrid multi-' (10.1109/icstc.2016.7877358) <- 'Combat aircraft effectiveness assessment using hybrid multi-' (10.1109/icstc.2016.7877358)
2026-07-10 00:39:06,670 INFO   Merged: 'I forex trend prediction technique using multiple indicators' (10.1109/iciteed.2016.7863248) <- 'I forex trend prediction technique using multiple indicators' (10.1109/iciteed.2016.7863248)
2026-07-10 00:39:06,670 INFO   Merged: 'Conceptual Model for Human Anatomy Learning Based Augmented ' (10.1109/icicos48119.2019.8982471) <- 'Conceptual Model for Human Anatomy Learning Based Augmented ' (10.1109/icicos48119.2019.8982471)
2026-07-10 00:39:06,670 INFO   Merged: 'The use of decision table for reducing complex rules in soft' (10.1088/1757-899x/732/1/012086) <- 'The use of decision table for reducing complex rules in soft' (10.1088/1757-899x/732/1/012086)
2026-07-10 00:39:06,670 INFO   Merged: 'A Review of Expert System for Identification Various Risk in' (10.1109/icoiact50329.2020.9332003) <- 'A Review of Expert System for Identification Various Risk in' (10.1109/icoiact50329.2020.9332003)
2026-07-10 00:39:06,670 INFO   Merged: 'The Evaluation of AR Mobile App as a Learning Media for Chil' (10.22146/ijitee.68757) <- 'The Evaluation of AR Mobile App as a Learning Media for Chil' (10.22146/ijitee.68757)
2026-07-10 00:39:06,670 INFO   Merged: 'Enhancing Knowledge Graph Construction with Automated Source' (10.3897/jucs.137103) <- 'Enhancing Knowledge Graph Construction with Automated Source' (10.3897/jucs.137103)
2026-07-10 00:39:06,670 INFO   Merged: 'Management information systems development for veterinary ho' (10.1109/ibiomed.2016.7869829) <- 'Management information systems development for veterinary ho' (10.1109/ibiomed.2016.7869829)
2026-07-10 00:39:06,670 INFO   Merged: 'Toward development of automated plasmodium detection for Mal' (10.1109/icitsi.2016.7858228) <- 'Toward development of automated plasmodium detection for Mal' (10.1109/icitsi.2016.7858228)
2026-07-10 00:39:06,670 INFO   Merged: 'Tahani model of fuzzy database for an adaptive metacognitive' (10.1109/siet.2017.8304164) <- 'Tahani model of fuzzy database for an adaptive metacognitive' (10.1109/siet.2017.8304164)
2026-07-10 00:39:06,670 INFO   Merged: 'Predicting the Amount of Digestive Enzymes Medicine Usage wi' (10.18517/ijaseit.8.5.6511) <- 'Predicting the Amount of Digestive Enzymes Medicine Usage wi' (10.18517/ijaseit.8.5.6511)
2026-07-10 00:39:06,671 INFO   Merged: 'Pengembangan Basis Data Sistem Informasi Manajemen Rumah Sak' (10.22146/jnteti.v8i2.498) <- 'Pengembangan Basis Data Sistem Informasi Manajemen Rumah Sak' (10.22146/jnteti.v8i2.498)
2026-07-10 00:39:06,671 INFO   Merged: 'Comparing method equivalence class partitioning and boundary' (10.1088/1757-899x/732/1/012072) <- 'Comparing method equivalence class partitioning and boundary' (10.1088/1757-899x/732/1/012072)
2026-07-10 00:39:06,671 INFO   Merged: 'An Augmented Reality Application for Animal Learning Media a' (10.1109/icst50505.2020.9732881) <- 'An Augmented Reality Application for Animal Learning Media a' (10.1109/icst50505.2020.9732881)
2026-07-10 00:39:06,671 INFO   Merged: 'Automated Test Suite for Regression Testing Based on Serenit' (10.1109/icaiit.2019.8834609) <- 'Automated Test Suite for Regression Testing Based on Serenit' (10.1109/icaiit.2019.8834609)
2026-07-10 00:39:06,671 INFO   Merged: 'Tourism Demand Time Series Forecasting: A Systematic Literat' (10.1109/icitee49829.2020.9271732) <- 'Tourism Demand Time Series Forecasting: A Systematic Literat' (10.1109/icitee49829.2020.9271732)
2026-07-10 00:39:06,671 INFO   Merged: 'GenACO a multi-objective cached data offloading optimization' (10.7717/peerj-cs.729) <- 'GenACO a multi-objective cached data offloading optimization' (10.7717/peerj-cs.729)
2026-07-10 00:39:06,671 INFO   Merged: 'The Interface Development of Hospital Information System Man' (10.1109/iceei47359.2019.8988860) <- 'The Interface Development of Hospital Information System Man' (10.1109/iceei47359.2019.8988860)
2026-07-10 00:39:06,671 INFO   Merged: 'Pattern of accesibility level of health facilities in yogyak' (10.1109/ibiomed.2016.7869830) <- 'Pattern of accesibility level of health facilities in yogyak' (10.1109/ibiomed.2016.7869830)
2026-07-10 00:39:06,671 INFO   Merged: 'Combination of Fuzzy C-Means, Xie-Beni Index, and Backpropag' (10.5220/0009858200720077) <- 'Combination of Fuzzy C-Means, Xie-Beni Index, and Backpropag' (10.5220/0009858200720077)
2026-07-10 00:39:06,671 INFO   Merged: 'Enhancing GAN-LCS Performance Using an Abbreviations Checker' (10.3390/computers11070108) <- 'Enhancing GAN-LCS Performance Using an Abbreviations Checker' (10.3390/computers11070108)
2026-07-10 00:39:06,671 INFO   Merged: 'Classification of Tsunami Warning Level using Artificial Neu' (10.1109/isriti56927.2022.10052907) <- 'Classification of Tsunami Warning Level using Artificial Neu' (10.1109/isriti56927.2022.10052907)
2026-07-10 00:39:06,671 INFO   Merged: 'A Framework of Educational Feedback System with Statistical ' (10.2991/iceri-18.2019.9) <- 'A Framework of Educational Feedback System with Statistical ' (10.2991/iceri-18.2019.9)
2026-07-10 00:39:06,671 INFO   Merged: 'Performance Comparison of Swarm Intelligence Algorithms for ' (10.1109/comnetsat53002.2021.9530778) <- 'Performance Comparison of Swarm Intelligence Algorithms for ' (10.1109/comnetsat53002.2021.9530778)
2026-07-10 00:39:06,671 INFO   Merged: 'Utilization of Whittaker-Henderson Smoothing Method for Impr' (10.22146/jnteti.v11i1.3489) <- 'Utilization of Whittaker-Henderson Smoothing Method for Impr' (10.22146/jnteti.v11i1.3489)
2026-07-10 00:39:06,671 INFO   Merged: 'Collaborative and Content-Based Filtering Hybrid Method on T' (10.5281/zenodo.7404490) <- 'Collaborative and Content-Based Filtering Hybrid Method on T' (10.5281/zenodo.7404490)
2026-07-10 00:39:06,671 INFO   Merged: 'Analysis of Google Play Store's Sentiment Review on Waqf Dig' (10.1109/iccosite57641.2023.10127810) <- 'Analysis of Google Play Store's Sentiment Review on Waqf Dig' (10.1109/iccosite57641.2023.10127810)
2026-07-10 00:39:06,671 INFO   Merged: 'Judging Knowledge by its Cover: Leveraging Large Language Mo' (10.1109/icitda60835.2023.10427395) <- 'Judging Knowledge by its Cover: Leveraging Large Language Mo' (10.1109/icitda60835.2023.10427395)
2026-07-10 00:39:06,671 INFO   Merged: 'Exploring User Satisfaction for Health Application Among Pre' (10.1109/incit63192.2024.10810583) <- 'Exploring User Satisfaction for Health Application Among Pre' (10.1109/incit63192.2024.10810583)
2026-07-10 00:39:06,671 INFO   Merged: 'Sentiment Analysis on Product Review using Support Vector Ma' (10.1109/icst47872.2019.9166189) <- 'Sentiment Analysis on Product Review using Support Vector Ma' (10.1109/icst47872.2019.9166189)
2026-07-10 00:39:06,671 INFO   Merged: 'The Advantage of Augmented Reality Technology for Supporting' (10.1109/icet53279.2021.9575114) <- 'The Advantage of Augmented Reality Technology for Supporting' (10.1109/icet53279.2021.9575114)
2026-07-10 00:39:06,671 INFO   Merged: 'Performance analysis of Na&amp;#x00EF;ve Bayes, PART and SMO' (10.1109/isitia.2015.7219950) <- 'Performance analysis of Na&amp;#x00EF;ve Bayes, PART and SMO' (10.1109/isitia.2015.7219950)
2026-07-10 00:39:06,671 INFO   Merged: 'Students’ Self-Monitoring Skill Classification in Learning A' (10.2991/assehr.k.200521.014) <- 'Students’ Self-Monitoring Skill Classification in Learning A' (10.2991/assehr.k.200521.014)
2026-07-10 00:39:06,671 INFO   Merged: 'A Review of Automated Testing Approach for Software Regressi' (10.1088/1757-899x/846/1/012042) <- 'A Review of Automated Testing Approach for Software Regressi' (10.1088/1757-899x/846/1/012042)
2026-07-10 00:39:06,671 INFO   Merged: 'Web Caching Strategy Optimization Based on Ant Colony Optimi' (10.1109/isitia52817.2021.9502260) <- 'Web Caching Strategy Optimization Based on Ant Colony Optimi' (10.1109/isitia52817.2021.9502260)
2026-07-10 00:39:06,671 INFO   Merged: 'Detecting Pregnancy Risk Type Using LSTM Algorithm' (10.1109/ibiomed56408.2022.9987932) <- 'Detecting Pregnancy Risk Type Using LSTM Algorithm' (10.1109/ibiomed56408.2022.9987932)
2026-07-10 00:39:06,671 INFO   Merged: 'Development of Mobile Butterfly Application-Based Augmented ' (10.1109/ice3is56585.2022.10010151) <- 'Development of Mobile Butterfly Application-Based Augmented ' (10.1109/ice3is56585.2022.10010151)
2026-07-10 00:39:06,671 INFO   Merged: 'Implementation of the K-Means Cluster Analysis Algorithm to ' (10.1109/icitisee58992.2023.10404223) <- 'Implementation of the K-Means Cluster Analysis Algorithm to ' (10.1109/icitisee58992.2023.10404223)
2026-07-10 00:39:06,671 INFO   Merged: 'Desain Gamifikasi sebagai Pelengkap Aplikasi Pembelajaran Si' (10.22146/jnteti.v13i3.10460) <- 'Desain Gamifikasi sebagai Pelengkap Aplikasi Pembelajaran Si' (10.22146/jnteti.v13i3.10460)
2026-07-10 00:39:06,671 INFO   Merged: 'Comparative Evaluation of Resampling Techniques on Machine L' (10.1109/incit63192.2024.10810628) <- 'Comparative Evaluation of Resampling Techniques on Machine L' (10.1109/incit63192.2024.10810628)
2026-07-10 00:39:06,671 INFO   Merged: 'Deep Learning on Automatic ICD Coding for Clinical Decision ' (10.1109/ibiomed62485.2024.10875824) <- 'Deep Learning on Automatic ICD Coding for Clinical Decision ' (10.1109/ibiomed62485.2024.10875824)
2026-07-10 00:39:06,671 INFO   Merged: 'A Student Modeling Based on Bayesian Network Framework for C' (10.1166/asl.2014.5702) <- 'A Student Modeling Based on Bayesian Network Framework for C' (10.1166/asl.2014.5702)
2026-07-10 00:39:06,671 INFO   Merged: 'Forecasting Model for Hotspot Bandwidth Management at Depart' (None) <- 'Forecasting Model for Hotspot Bandwidth Management at Depart' (None)
2026-07-10 00:39:06,671 INFO   Merged: 'A Web-Based Decision Support System of Patient Time Predicti' (10.1109/iciteed.2019.8929969) <- 'A Web-Based Decision Support System of Patient Time Predicti' (10.1109/iciteed.2019.8929969)
2026-07-10 00:39:06,671 INFO   Merged: 'PEMANFAATAN TEKNIK DATA MINING UNTUK DIAGNOSIS PENYAKIT TUBE' (None) <- 'PEMANFAATAN TEKNIK DATA MINING UNTUK DIAGNOSIS PENYAKIT TUBE' (None)
2026-07-10 00:39:06,671 INFO   Merged: 'Prototype development for an android-based medical record sy' (10.1109/isyg.2017.8280666) <- 'Prototype development for an android-based medical record sy' (10.1109/isyg.2017.8280666)
2026-07-10 00:39:06,671 INFO   Merged: 'Technology Web 2.0 as Intervention Media: Technology Organiz' (10.1109/iciteed.2018.8534744) <- 'Technology Web 2.0 as Intervention Media: Technology Organiz' (10.1109/iciteed.2018.8534744)
2026-07-10 00:39:06,671 INFO   Merged: 'Performance Comparison of Genetic Algorithm Operator Combina' (10.1109/isriti.2018.8864469) <- 'Performance Comparison of Genetic Algorithm Operator Combina' (10.1109/isriti.2018.8864469)
2026-07-10 00:39:06,671 INFO   Merged: 'Management Information System of the Billing Subsystem: A Pr' (10.22146/ijitee.49424) <- 'Management Information System of the Billing Subsystem: A Pr' (10.22146/ijitee.49424)
2026-07-10 00:39:06,671 INFO   Merged: 'Combination of Fuzzy C-Means and Simple Additive Weighting U' (10.1109/icvee50212.2020.9243282) <- 'Combination of Fuzzy C-Means and Simple Additive Weighting U' (10.1109/icvee50212.2020.9243282)
2026-07-10 00:39:06,671 INFO   Merged: 'Penentuan Karakteristik Pengguna sebagai Pendukung Keputusan' (None) <- 'Penentuan Karakteristik Pengguna sebagai Pendukung Keputusan' (None)
2026-07-10 00:39:06,671 INFO   Merged: 'Infolab 3-link as a proposed Decision Support System for ass' (10.1109/iccisci.2012.6297234) <- 'Infolab 3-link as a proposed Decision Support System for ass' (10.1109/iccisci.2012.6297234)
2026-07-10 00:39:06,671 INFO   Merged: 'Forecasting Avian Influenza incidence in Java and Madura are' (10.1109/iccerec.2015.7337047) <- 'Forecasting Avian Influenza incidence in Java and Madura are' (10.1109/iccerec.2015.7337047)
2026-07-10 00:39:06,671 INFO   Merged: 'Kesesuaian Minat Mahasiswa dengan Judul Tesis Mahasiswa Meng' (10.23960/elc.v10n1.188) <- 'Kesesuaian Minat Mahasiswa dengan Judul Tesis Mahasiswa Meng' (10.23960/elc.v10n1.188)
2026-07-10 00:39:06,671 INFO   Merged: 'PENERAPAN METODE PROFILE MATCHING UNTUK APLIKASI MULTI CRITE' (None) <- 'PENERAPAN METODE PROFILE MATCHING UNTUK APLIKASI MULTI CRITE' (None)
2026-07-10 00:39:06,671 INFO   Merged: 'The benefit of the Web 2.0 technologies in higher education:' (10.1109/icitacee.2016.7892455) <- 'The benefit of the Web 2.0 technologies in higher education:' (10.1109/icitacee.2016.7892455)
2026-07-10 00:39:06,671 INFO   Merged: 'Persuasiveness web 2.0 in behavioral intention: A conceptual' (10.1109/siet.2017.8304120) <- 'Persuasiveness web 2.0 in behavioral intention: A conceptual' (10.1109/siet.2017.8304120)
2026-07-10 00:39:06,671 INFO   Merged: 'Pengembangan Hypermedia Learning Environment (HLE) untuk Men' (10.22146/jnteti.v11i2.3480) <- 'Pengembangan Hypermedia Learning Environment (HLE) untuk Men' (10.22146/jnteti.v11i2.3480)
2026-07-10 00:39:06,671 INFO   Merged: 'Evaluasi Ontologi Penyakit Saraf Menggunakan Schema Metric O' (None) <- 'Evaluasi Ontologi Penyakit Saraf Menggunakan Schema Metric O' (None)
2026-07-10 00:39:06,671 INFO   Merged: 'Analysis of Data Quality Maturity in a Higher Education Inst' (10.1166/asl.2015.6433) <- 'Analysis of Data Quality Maturity in a Higher Education Inst' (10.1166/asl.2015.6433)
2026-07-10 00:39:06,671 INFO   Merged: 'PERANCANGAN BLENDED E-LEARNING BERBASIS PROBLEM-BASED LEARNI' (None) <- 'PERANCANGAN BLENDED E-LEARNING BERBASIS PROBLEM-BASED LEARNI' (None)
2026-07-10 00:39:06,671 INFO   Merged: 'DIAGNOSA DINI PENYAKIT GANGGUAN JIWA MENGGUNAKAN METODE FUZZ' (None) <- 'DIAGNOSA DINI PENYAKIT GANGGUAN JIWA MENGGUNAKAN METODE FUZZ' (None)
2026-07-10 00:39:06,671 INFO   Merged: 'KOMPARASI KERNEL PADA ALGORITMA SUPPORT VECTORMACHINE STUDI ' (None) <- 'KOMPARASI KERNEL PADA ALGORITMA SUPPORT VECTORMACHINE STUDI ' (None)
2026-07-10 00:39:06,671 INFO   Merged: 'SISTEM PENDUKUNG KEPUTUSAN PEMILIHAN MARKETING OFFICER BERPR' (None) <- 'SISTEM PENDUKUNG KEPUTUSAN PEMILIHAN MARKETING OFFICER BERPR' (None)
2026-07-10 00:39:06,671 INFO   Merged: 'MEMULAI PENELITIAN DENGAN MODEL KESUKSESAN SISTEM INFORMASI ' (None) <- 'MEMULAI PENELITIAN DENGAN MODEL KESUKSESAN SISTEM INFORMASI ' (None)
2026-07-10 00:39:06,671 INFO   Merged: 'Data service orchestration for law enforcement and open crim' (10.1109/icstc.2017.8011845) <- 'Data service orchestration for law enforcement and open crim' (10.1109/icstc.2017.8011845)
2026-07-10 00:39:06,671 INFO   Merged: 'Classification of Metacognitive into Two Catagories to Suppo' (10.17977/jps.v5i1.9069) <- 'Classification of Metacognitive into Two Catagories to Suppo' (10.17977/jps.v5i1.9069)
2026-07-10 00:39:06,671 INFO   Merged: 'Persuasiveness of Web 2.0 Technologies in an Educational Con' (None) <- 'Persuasiveness of Web 2.0 Technologies in an Educational Con' (None)
2026-07-10 00:39:06,671 INFO   Merged: 'The Architecture of Tourism Recommendation System Based on C' (10.1109/icoiact46704.2019.8938551) <- 'The Architecture of Tourism Recommendation System Based on C' (10.1109/icoiact46704.2019.8938551)
2026-07-10 00:39:06,671 INFO   Merged: 'A Multi Criteria Decision Making to Support Major Selection ' (10.22146/ijitee.54427) <- 'A Multi Criteria Decision Making to Support Major Selection ' (10.22146/ijitee.54427)
2026-07-10 00:39:06,671 INFO   Merged: 'Design of Web-Based Cashier and Spare Part Warehouse Applica' (10.22146/ijitee.53512) <- 'Design of Web-Based Cashier and Spare Part Warehouse Applica' (10.22146/ijitee.53512)
2026-07-10 00:39:06,671 INFO   Merged: 'Regresi Linear untuk Mengurangi Bias Sistem Penilaian Uraian' (10.22146/jnteti.v10i3.1983) <- 'Regresi Linear untuk Mengurangi Bias Sistem Penilaian Uraian' (10.22146/jnteti.v10i3.1983)
2026-07-10 00:39:06,671 INFO   Merged: 'Development of VR and AR Learning Media for Enterprise Busin' (10.1109/icitsi56531.2022.9970892) <- 'Development of VR and AR Learning Media for Enterprise Busin' (10.1109/icitsi56531.2022.9970892)
2026-07-10 00:39:06,671 INFO   Merged: 'The e-Learning Models Adopts Metacognitive Strategies to Sup' (10.1109/icitacee58587.2023.10276393) <- 'The e-Learning Models Adopts Metacognitive Strategies to Sup' (10.1109/icitacee58587.2023.10276393)
2026-07-10 00:39:06,671 INFO   Merged: 'Acceptance Model of Web 2.0 Technology in self-learning: the' (10.14419/ijet.v7i4.40.24026) <- 'Acceptance Model of Web 2.0 Technology in self-learning: the' (10.14419/ijet.v7i4.40.24026)
2026-07-10 00:39:06,671 INFO   Merged: 'Refining Predictive Models for Sea Surface Currents: A Focus' (10.5194/egusphere-2024-3142) <- 'Refining Predictive Models for Sea Surface Currents: A Focus' (10.5194/egusphere-2024-3142)
2026-07-10 00:39:06,671 INFO   Merged: 'Student Modeling using Case-Based Reasoning in Conventional ' (10.48550/arxiv.1211.0749) <- 'Student Modeling using Case-Based Reasoning in Conventional ' (10.48550/arxiv.1211.0749)
2026-07-10 00:39:06,672 INFO   Merged: 'OpenMRS FRAMEWORK : HEALTH INFORMATION SYSTEM SOLUTION TO DE' (10.35842/jtir.v9i27.78) <- 'OpenMRS FRAMEWORK : HEALTH INFORMATION SYSTEM SOLUTION TO DE' (10.35842/jtir.v9i27.78)
2026-07-10 00:39:06,672 INFO   Merged: 'Aplikasi Fuzzy Metode Mamdani untuk Rekomendasi Pemilihan Mi' (None) <- 'Aplikasi Fuzzy Metode Mamdani untuk Rekomendasi Pemilihan Mi' (None)
2026-07-10 00:39:06,672 INFO   Merged: 'PENENTUAN KRITERIA KOMPETENSI GURU BERDASARKAN NILAI AKHIR S' (None) <- 'PENENTUAN KRITERIA KOMPETENSI GURU BERDASARKAN NILAI AKHIR S' (None)
2026-07-10 00:39:06,672 INFO   Merged: 'ANALISIS DATA TIME SERIES KORBAN DBD DI KOTA PALEMBANG UNTUK' (None) <- 'ANALISIS DATA TIME SERIES KORBAN DBD DI KOTA PALEMBANG UNTUK' (None)
2026-07-10 00:39:06,672 INFO   Merged: 'DESAIN SISTEM PENGONTROLAN PEMBELIAN BAHAN BAKAR MINYAK BERS' (None) <- 'DESAIN SISTEM PENGONTROLAN PEMBELIAN BAHAN BAKAR MINYAK BERS' (None)
2026-07-10 00:39:06,672 INFO   Merged: 'EVALUASI PENERAPAN E-LEARNING SEBAGAI SARANA PENYEDIA MATERI' (None) <- 'EVALUASI PENERAPAN E-LEARNING SEBAGAI SARANA PENYEDIA MATERI' (None)
2026-07-10 00:39:06,672 INFO   Merged: 'TEACHER MODELING UNTUK MENDUKUNG ADAPTIVE LEARNING DALAM PRO' (None) <- 'TEACHER MODELING UNTUK MENDUKUNG ADAPTIVE LEARNING DALAM PRO' (None)
2026-07-10 00:39:06,672 INFO   Merged: 'Short answer scoring using W-Bleu for regular assessment in ' (10.1504/ijil.2018.10015939) <- 'Short answer scoring using W-Bleu for regular assessment in ' (10.1504/ijil.2018.10015939)
2026-07-10 00:39:06,672 INFO   Merged: 'Information System Platform for Outbreak Investigation: A Ca' (10.1109/iciteed.2018.8534885) <- 'Information System Platform for Outbreak Investigation: A Ca' (10.1109/iciteed.2018.8534885)
2026-07-10 00:39:06,672 INFO   Merged: 'Development of a Web-Based Convergent Hospital Billing Syste' (10.1051/matecconf/201824802001) <- 'Development of a Web-Based Convergent Hospital Billing Syste' (10.1051/matecconf/201824802001)
2026-07-10 00:39:06,672 INFO   Merged: 'Analysis Distribution of Traders and Population Density usin' (10.1109/isriti.2018.8864319) <- 'Analysis Distribution of Traders and Population Density usin' (10.1109/isriti.2018.8864319)
2026-07-10 00:39:06,672 INFO   Merged: 'Parallelized Execution of Serenity Framework Based Automated' (10.1109/iciteed.2019.8929968) <- 'Parallelized Execution of Serenity Framework Based Automated' (10.1109/iciteed.2019.8929968)
2026-07-10 00:39:06,672 INFO   Merged: 'The User Experience effect of Applying Floating Action Butto' (10.1109/isriti51436.2020.9315459) <- 'The User Experience effect of Applying Floating Action Butto' (10.1109/isriti51436.2020.9315459)
2026-07-10 00:39:06,672 INFO   Merged: 'Temu Balik Informasi Kasus Sosial Anak Menggunakan Pendekata' (None) <- 'Temu Balik Informasi Kasus Sosial Anak Menggunakan Pendekata' (None)
2026-07-10 00:39:06,672 INFO   Merged: 'The Experiment Design to Investigate The Effect of Selective' (10.1109/ice3is54102.2021.9649738) <- 'The Experiment Design to Investigate The Effect of Selective' (10.1109/ice3is54102.2021.9649738)
2026-07-10 00:39:06,672 INFO   Merged: 'Short answer scoring using W-Bleu for regular assessment in ' (10.1504/ijil.2018.095368) <- 'Short answer scoring using W-Bleu for regular assessment in ' (10.1504/ijil.2018.095368)
2026-07-10 00:39:06,672 INFO   Merged: 'Personalized Recommendation of Study Materials Based on Auto' (10.1109/icet56879.2022.9990778) <- 'Personalized Recommendation of Study Materials Based on Auto' (10.1109/icet56879.2022.9990778)
2026-07-10 00:39:06,672 INFO   Merged: 'Literature review: Virtual reality anatomy learning using se' (10.1063/5.0114807) <- 'Literature review: Virtual reality anatomy learning using se' (10.1063/5.0114807)
2026-07-10 00:39:06,672 INFO   Merged: 'Augmented Reality Technology in Education: Kindergarten Educ' (10.1109/ice3is59323.2023.10335444) <- 'Augmented Reality Technology in Education: Kindergarten Educ' (10.1109/ice3is59323.2023.10335444)
2026-07-10 00:39:06,672 INFO   Merged: 'Evaluation of User Acceptance of the Information System in E' (10.1109/icitisee58992.2023.10405284) <- 'Evaluation of User Acceptance of the Information System in E' (10.1109/icitisee58992.2023.10405284)
2026-07-10 00:39:06,672 INFO   Merged: 'A virtual tour development of butterfly park as a promotiona' (10.1063/5.0200992) <- 'A virtual tour development of butterfly park as a promotiona' (10.1063/5.0200992)
2026-07-10 00:39:06,672 INFO   Merged: 'Implementing Crowdsourcing in Smart Government: An IT Perspe' (10.1109/ies63037.2024.10665848) <- 'Implementing Crowdsourcing in Smart Government: An IT Perspe' (10.1109/ies63037.2024.10665848)
2026-07-10 00:39:06,672 INFO   Merged: 'Optimizing High-Frequency Radar Data: A Study on Effective I' (10.1109/icitacee62763.2024.10762820) <- 'Optimizing High-Frequency Radar Data: A Study on Effective I' (10.1109/icitacee62763.2024.10762820)
2026-07-10 00:39:06,672 INFO   Merged: 'An Innovative Approach to Filling Gaps in Wind Speed Data: A' (10.1109/isitdi62380.2024.10796672) <- 'An Innovative Approach to Filling Gaps in Wind Speed Data: A' (10.1109/isitdi62380.2024.10796672)
2026-07-10 00:39:06,672 INFO   Merged: 'Exploring the Landscape of Tourism Knowledge Graphs: A Syste' (10.1109/icitda64560.2024.10809644) <- 'Exploring the Landscape of Tourism Knowledge Graphs: A Syste' (10.1109/icitda64560.2024.10809644)
2026-07-10 00:39:06,672 INFO   Merged: 'Smart Features, Smarter Insights: The Role of Feature Engine' (10.1109/amlds63918.2025.11159401) <- 'Smart Features, Smarter Insights: The Role of Feature Engine' (10.1109/amlds63918.2025.11159401)
2026-07-10 00:39:06,672 INFO   Merged: 'Evaluating the Effectiveness of Open-Source LLMs for Automat' (10.1109/aims66189.2025.11229661) <- 'Evaluating the Effectiveness of Open-Source LLMs for Automat' (10.1109/aims66189.2025.11229661)
2026-07-10 00:39:06,672 INFO   Merged: 'Rubric-based Automated Essay Scoring and Providing Insightfu' (10.1109/icitcom66635.2025.11264872) <- 'Rubric-based Automated Essay Scoring and Providing Insightfu' (10.1109/icitcom66635.2025.11264872)
2026-07-10 00:39:06,672 INFO   Merged: 'Exploring User Sentiments on Artificial Intelligence for Edu' (10.1109/incit66780.2025.11276085) <- 'Exploring User Sentiments on Artificial Intelligence for Edu' (10.1109/incit66780.2025.11276085)
2026-07-10 00:39:06,672 INFO   Merged: 'Cosine similarity to determine similarity measure: Study cas' (10.1109/citsm.2016.7577578) <- 'Cosine similarity to determine similarity measure: Study cas' (10.1109/citsm.2016.7577578)
2026-07-10 00:39:06,672 INFO   Merged: 'A systematic literature review of emotion recognition using ' (10.1016/j.cogsys.2023.101152) <- 'A systematic literature review of emotion recognition using ' (10.1016/j.cogsys.2023.101152)
2026-07-10 00:39:06,672 INFO   Merged: 'Comparison of machine learning algorithms for soil type clas' (10.1109/icstc.2017.8011843) <- 'Comparison of machine learning algorithms for soil type clas' (10.1109/icstc.2017.8011843)
2026-07-10 00:39:06,672 INFO   Merged: 'Recurrent neural network language model for English-Indonesi' (10.1109/icsitech.2015.7407791) <- 'Recurrent neural network language model for English-Indonesi' (10.1109/icsitech.2015.7407791)
2026-07-10 00:39:06,672 INFO   Merged: 'A comparison of classification methods on diagnosis of thyro' (10.1109/isitia.2015.7219959) <- 'A comparison of classification methods on diagnosis of thyro' (10.1109/isitia.2015.7219959)
2026-07-10 00:39:06,672 INFO   Merged: 'Forecasting Oil Production Flowrate Based on an Improved Bac' (10.3390/pr10061137) <- 'Forecasting Oil Production Flowrate Based on an Improved Bac' (10.3390/pr10061137)
2026-07-10 00:39:06,672 INFO   Merged: 'Cardiac Sound Classification Using Mel-Frequency Cepstral Co' (10.1109/icitisee.2018.8721007) <- 'Cardiac Sound Classification Using Mel-Frequency Cepstral Co' (10.1109/icitisee.2018.8721007)
2026-07-10 00:39:06,672 INFO   Merged: 'Performance evaluation of combined feature selection and cla' (10.1109/icsitech.2015.7407790) <- 'Performance evaluation of combined feature selection and cla' (10.1109/icsitech.2015.7407790)
2026-07-10 00:39:06,672 INFO   Merged: 'Random Forest Weighting based Feature Selection for C4.5 Alg' (10.18517/ijaseit.8.5.6504) <- 'Random Forest Weighting based Feature Selection for C4.5 Alg' (10.18517/ijaseit.8.5.6504)
2026-07-10 00:39:06,672 INFO   Merged: 'Question Classification on Question-Answer System using Bidi' (10.1109/icst47872.2019.9166190) <- 'Question Classification on Question-Answer System using Bidi' (10.1109/icst47872.2019.9166190)
2026-07-10 00:39:06,672 INFO   Merged: 'Analytical Incremental Learning for Power Transformer Incipi' (10.1109/icst47872.2019.9166441) <- 'Analytical Incremental Learning for Power Transformer Incipi' (10.1109/icst47872.2019.9166441)
2026-07-10 00:39:06,672 INFO   Merged: 'A Improving Feature Selection on Heart Disease Dataset With ' (10.46962/forteijeeri.v1i1.6) <- 'A Improving Feature Selection on Heart Disease Dataset With ' (10.46962/forteijeeri.v1i1.6)
2026-07-10 00:39:06,672 INFO   Merged: 'Butterfly Image Classification Using Convolutional Neural Ne' (10.1109/icera53111.2021.9538686) <- 'Butterfly Image Classification Using Convolutional Neural Ne' (10.1109/icera53111.2021.9538686)
2026-07-10 00:39:06,672 INFO   Merged: 'Benchmarking of feature selection techniques for coronary ar' (10.1109/iciteed.2014.7007898) <- 'Benchmarking of feature selection techniques for coronary ar' (10.1109/iciteed.2014.7007898)
2026-07-10 00:39:06,672 INFO   Merged: 'Generation of Synthetic Continuous Numerical Data Using Gene' (10.1088/1742-6596/1577/1/012027) <- 'Generation of Synthetic Continuous Numerical Data Using Gene' (10.1088/1742-6596/1577/1/012027)
2026-07-10 00:39:06,672 INFO   Merged: 'Best Performance Comparative Analysis of Architecture Deep L' (10.1109/icitisee53823.2021.9655872) <- 'Best Performance Comparative Analysis of Architecture Deep L' (10.1109/icitisee53823.2021.9655872)
2026-07-10 00:39:06,672 INFO   Merged: 'Improved Ranking Based Collaborative Filtering Using SVD and' (10.1109/icaiit.2019.8834597) <- 'Improved Ranking Based Collaborative Filtering Using SVD and' (10.1109/icaiit.2019.8834597)
2026-07-10 00:39:06,672 INFO   Merged: '3D Dynamic UAV Path Planning for Interception of Moving Targ' (None) <- '3D Dynamic UAV Path Planning for Interception of Moving Targ' (None)
2026-07-10 00:39:06,672 INFO   Merged: 'DGA-Based Early Transformer Fault Detection using GA-Optimiz' (10.1109/ict-pep53949.2021.9601111) <- 'DGA-Based Early Transformer Fault Detection using GA-Optimiz' (10.1109/ict-pep53949.2021.9601111)
2026-07-10 00:39:06,672 INFO   Merged: 'DCGAN-based Medical Image Augmentation to Improve ELM Classi' (10.1109/comnetsat56033.2022.9994559) <- 'DCGAN-based Medical Image Augmentation to Improve ELM Classi' (10.1109/comnetsat56033.2022.9994559)
2026-07-10 00:39:06,672 INFO   Merged: 'Leaves image synthesis using generative adversarial networks' (10.1109/icoiact.2018.8350780) <- 'Leaves image synthesis using generative adversarial networks' (10.1109/icoiact.2018.8350780)
2026-07-10 00:39:06,672 INFO   Merged: 'Development and evaluation of adaptive metacognitive scaffol' (10.1049/iet-sen.2018.5072) <- 'Development and evaluation of adaptive metacognitive scaffol' (10.1049/iet-sen.2018.5072)
2026-07-10 00:39:06,672 INFO   Merged: 'A Study on Signal Complexity Measurement for Epileptic Seizu' (10.1109/icsengt.2019.8906319) <- 'A Study on Signal Complexity Measurement for Epileptic Seizu' (10.1109/icsengt.2019.8906319)
2026-07-10 00:39:06,672 INFO   Merged: 'A review of convolutional neural network-based computer-aide' (10.11591/ijai.v12.i3.pp1044-1061) <- 'A review of convolutional neural network-based computer-aide' (10.11591/ijai.v12.i3.pp1044-1061)
2026-07-10 00:39:06,672 INFO   Merged: 'Enhancing EEG-Based Emotion Recognition Using Asymmetric Win' (10.1109/access.2024.3409384) <- 'Enhancing EEG-Based Emotion Recognition Using Asymmetric Win' (10.1109/access.2024.3409384)
2026-07-10 00:39:06,672 INFO   Merged: 'Data Mining Algorithms for Operating Pressure Forecasting of' (10.3390/make4030033) <- 'Data Mining Algorithms for Operating Pressure Forecasting of' (10.3390/make4030033)
2026-07-10 00:39:06,672 INFO   Merged: 'Feature selection methods in improving accuracy of classifyi' (10.1109/icitisee.2017.8285509) <- 'Feature selection methods in improving accuracy of classifyi' (10.1109/icitisee.2017.8285509)
2026-07-10 00:39:06,672 INFO   Merged: 'Power transformer incipient faults diagnosis using Dissolved' (10.1109/cmd.2012.6416311) <- 'Power transformer incipient faults diagnosis using Dissolved' (10.1109/cmd.2012.6416311)
2026-07-10 00:39:06,672 INFO   Merged: 'A hybrid feature selection method using multiclass SVM for d' (10.1063/1.4994451) <- 'A hybrid feature selection method using multiclass SVM for d' (10.1063/1.4994451)
2026-07-10 00:39:06,672 INFO   Merged: 'Automated segmentation of optic disc area using mathematical' (10.1109/ic3ina.2015.7377739) <- 'Automated segmentation of optic disc area using mathematical' (10.1109/ic3ina.2015.7377739)
2026-07-10 00:39:06,672 INFO   Merged: 'Evaluation function effectiveness in Wireless Sensor Network' (10.1109/citsm.2016.7577519) <- 'Evaluation function effectiveness in Wireless Sensor Network' (10.1109/citsm.2016.7577519)
2026-07-10 00:39:06,672 INFO   Merged: 'Cascade generalization for breast cancer detection' (10.1109/iciteed.2013.6676211) <- 'Cascade generalization for breast cancer detection' (10.1109/iciteed.2013.6676211)
2026-07-10 00:39:06,672 INFO   Merged: 'Contrast measurement for no-reference retinal image quality ' (10.1109/iciteed.2014.7007902) <- 'Contrast measurement for no-reference retinal image quality ' (10.1109/iciteed.2014.7007902)
2026-07-10 00:39:06,672 INFO   Merged: 'Comparison analysis of data mining methodology and student p' (10.1109/icsitech.2015.7407798) <- 'Comparison analysis of data mining methodology and student p' (10.1109/icsitech.2015.7407798)
2026-07-10 00:39:06,672 INFO   Merged: 'Internal content classification of ultrasound thyroid nodule' (10.21924/cst.1.2.2016.25) <- 'Internal content classification of ultrasound thyroid nodule' (10.21924/cst.1.2.2016.25)
2026-07-10 00:39:06,672 INFO   Merged: 'ANALISIS PERBANDINGAN TINGKAT AKURASI ALGORITMA NAÏVE BAYES ' (None) <- 'ANALISIS PERBANDINGAN TINGKAT AKURASI ALGORITMA NAÏVE BAYES ' (None)
2026-07-10 00:39:06,673 INFO   Merged: 'Segmentation of Plasmodium vivax phase on digital microscopi' (10.1063/1.4958595) <- 'Segmentation of Plasmodium vivax phase on digital microscopi' (10.1063/1.4958595)
2026-07-10 00:39:06,673 INFO   Merged: 'METODE KLASIFIKASI DATA MINING DAN TEKNIK SAMPLING SMOTE MEN' (10.36499/psnst.v1i1.1528) <- 'METODE KLASIFIKASI DATA MINING DAN TEKNIK SAMPLING SMOTE MEN' (10.36499/psnst.v1i1.1528)
2026-07-10 00:39:06,673 INFO   Merged: 'Machine learning algorithm for improving performance on 3 AQ' (10.21924/cst.4.2.2019.118) <- 'Machine learning algorithm for improving performance on 3 AQ' (10.21924/cst.4.2.2019.118)
2026-07-10 00:39:06,673 INFO   Merged: 'Improving normalization method of higher-order neural networ' (10.1051/e3sconf/202020002016) <- 'Improving normalization method of higher-order neural networ' (10.1051/e3sconf/202020002016)
2026-07-10 00:39:06,673 INFO   Merged: 'Rough-Set-Theory-Based Classification with Optimized k-Means' (10.3390/technologies10020051) <- 'Rough-Set-Theory-Based Classification with Optimized k-Means' (10.3390/technologies10020051)
2026-07-10 00:39:06,673 INFO   Merged: 'PEMBOBOTAN KORELASI PADA NAÏVE BAYES CLASSIFIER' (None) <- 'PEMBOBOTAN KORELASI PADA NAÏVE BAYES CLASSIFIER' (None)
2026-07-10 00:39:06,673 INFO   Merged: 'A Framework for Improving Recommendation in Adaptive Metacog' (10.1109/icstc.2018.8528664) <- 'A Framework for Improving Recommendation in Adaptive Metacog' (10.1109/icstc.2018.8528664)
2026-07-10 00:39:06,673 INFO   Merged: 'A review on smartphone usage data for user identification an' (10.21924/cst.6.1.2021.363) <- 'A review on smartphone usage data for user identification an' (10.21924/cst.6.1.2021.363)
2026-07-10 00:39:06,673 INFO   Merged: 'Intent Detection on Indonesian Text Using Convolutional Neur' (10.1109/cyberneticscom55287.2022.9865291) <- 'Intent Detection on Indonesian Text Using Convolutional Neur' (10.1109/cyberneticscom55287.2022.9865291)
2026-07-10 00:39:06,673 INFO   Merged: 'Penghitungan k-NN pada Adaptive Synthetic-Nominal (ADASYN-N)' (10.5614/joki.2017.9.2.5) <- 'Penghitungan k-NN pada Adaptive Synthetic-Nominal (ADASYN-N)' (10.5614/joki.2017.9.2.5)
2026-07-10 00:39:06,673 INFO   Merged: 'Audiosonic Acoustic Detection of Air Corona Discharge based ' (10.1109/ichveps47643.2019.9011029) <- 'Audiosonic Acoustic Detection of Air Corona Discharge based ' (10.1109/ichveps47643.2019.9011029)
2026-07-10 00:39:06,673 INFO   Merged: 'Perancangan Ontologi sebagai Teknologi Penyimpanan Informasi' (10.23887/janapati.v3i3.9818) <- 'Perancangan Ontologi sebagai Teknologi Penyimpanan Informasi' (10.23887/janapati.v3i3.9818)
2026-07-10 00:39:06,673 INFO   Merged: 'Improved Credit Document Blockchain System Using EduCTX Plat' (10.1109/icitcom60176.2023.10442513) <- 'Improved Credit Document Blockchain System Using EduCTX Plat' (10.1109/icitcom60176.2023.10442513)
2026-07-10 00:39:06,673 INFO   Merged: 'Improving Multi-Class Motor Imagery EEG Signals Classificati' (10.1109/icoict52021.2021.9527426) <- 'Improving Multi-Class Motor Imagery EEG Signals Classificati' (10.1109/icoict52021.2021.9527426)
2026-07-10 00:39:06,673 INFO   Merged: 'No reference image quality assessment of retinal image for d' (10.1063/5.0103286) <- 'No reference image quality assessment of retinal image for d' (10.1063/5.0103286)
2026-07-10 00:39:06,673 INFO   Merged: 'Competency Framework in Higher Education: A Bibliometric Ana' (10.1145/3678726.3678736) <- 'Competency Framework in Higher Education: A Bibliometric Ana' (10.1145/3678726.3678736)
2026-07-10 00:39:06,673 INFO   Merged: 'Dynamic uav path planning for moving target intercept in 3D' (10.1109/ica.2011.6130148) <- 'Dynamic uav path planning for moving target intercept in 3D' (10.1109/ica.2011.6130148)
2026-07-10 00:39:06,673 INFO   Merged: 'Adaptive Dynamic Path Planning Algorithm for Interception of' (10.4018/jmcmc.2013070102) <- 'Adaptive Dynamic Path Planning Algorithm for Interception of' (10.4018/jmcmc.2013070102)
2026-07-10 00:39:06,673 INFO   Merged: 'Logistic Regression based Feature Selection and Two-Stage De' (10.22266/ijies2021.0228.14) <- 'Logistic Regression based Feature Selection and Two-Stage De' (10.22266/ijies2021.0228.14)
2026-07-10 00:39:06,673 INFO   Merged: 'Comparative study of attribute reduction on arrhythmia class' (10.1109/iciteed.2013.6676213) <- 'Comparative study of attribute reduction on arrhythmia class' (10.1109/iciteed.2013.6676213)
2026-07-10 00:39:06,673 INFO   Merged: 'OPTIMALISASI ALGORITMA DIJKSTRA DALAM MENGHADAPI PERBEDAAN B' (None) <- 'OPTIMALISASI ALGORITMA DIJKSTRA DALAM MENGHADAPI PERBEDAAN B' (None)
2026-07-10 00:39:06,673 INFO   Merged: 'Implementation of scalable K-Means++ clustering for passenge' (10.1109/inaes.2016.7821911) <- 'Implementation of scalable K-Means++ clustering for passenge' (10.1109/inaes.2016.7821911)
2026-07-10 00:39:06,673 INFO   Merged: 'Analisis Perbandingan Komputasi GPU dengan CUDA dan Komputas' (None) <- 'Analisis Perbandingan Komputasi GPU dengan CUDA dan Komputas' (None)
2026-07-10 00:39:06,673 INFO   Merged: 'Multiclass Classification of Brain-Computer Interface Motor ' (10.1109/aims52415.2021.9466056) <- 'Multiclass Classification of Brain-Computer Interface Motor ' (10.1109/aims52415.2021.9466056)
2026-07-10 00:39:06,673 INFO   Merged: 'Analytical Incremental Learning: Fast Constructive Learning ' (10.1007/978-3-319-46672-9_30) <- 'Analytical Incremental Learning: Fast Constructive Learning ' (10.1007/978-3-319-46672-9_30)
2026-07-10 00:39:06,673 INFO   Merged: 'Finding The Most Important Actor in Online Crowd by Social N' (10.1088/1742-6596/812/1/012095) <- 'Finding The Most Important Actor in Online Crowd by Social N' (10.1088/1742-6596/812/1/012095)
2026-07-10 00:39:06,673 INFO   Merged: 'Performance Improvement of C4.5 Algorithm using Difference V' (10.1109/citsm.2018.8674250) <- 'Performance Improvement of C4.5 Algorithm using Difference V' (10.1109/citsm.2018.8674250)
2026-07-10 00:39:06,673 INFO   Merged: 'A Comparative Analysis of Tree-based Machine Learning Algori' (10.1109/icts.2019.8850975) <- 'A Comparative Analysis of Tree-based Machine Learning Algori' (10.1109/icts.2019.8850975)
2026-07-10 00:39:06,673 INFO   Merged: 'Interval type-2 fuzzy logic system for diagnosis coronary ar' (10.21924/cst.1.2.2016.26) <- 'Interval type-2 fuzzy logic system for diagnosis coronary ar' (10.21924/cst.1.2.2016.26)
2026-07-10 00:39:06,673 INFO   Merged: 'Enhanced Graph Transforming Algorithm to solve transitive de' (10.1109/icsigsys.2017.7967051) <- 'Enhanced Graph Transforming Algorithm to solve transitive de' (10.1109/icsigsys.2017.7967051)
2026-07-10 00:39:06,673 INFO   Merged: 'Enhanced Graph Transforming V2 Algorithm for Non-Simple Grap' (10.1109/tkde.2018.2880971) <- 'Enhanced Graph Transforming V2 Algorithm for Non-Simple Grap' (10.1109/tkde.2018.2880971)
2026-07-10 00:39:06,673 INFO   Merged: 'Feature analysis for stage identification of Plasmodium viva' (10.11591/ijeecs.v13.i2.pp721-728) <- 'Feature analysis for stage identification of Plasmodium viva' (10.11591/ijeecs.v13.i2.pp721-728)
2026-07-10 00:39:06,673 INFO   Merged: 'Identification of plasmodium falciparum and plasmodium vivax' (10.11591/ijeecs.v13.i3.pp933-944) <- 'Identification of plasmodium falciparum and plasmodium vivax' (10.11591/ijeecs.v13.i3.pp933-944)
2026-07-10 00:39:06,673 INFO   Merged: 'Improving multi-class EEG-motor imagery classification using' (10.21924/cst.5.2.2020.216) <- 'Improving multi-class EEG-motor imagery classification using' (10.21924/cst.5.2.2020.216)
2026-07-10 00:39:06,673 INFO   Merged: 'Lexicon-Based Sentiment Analysis Using Inset Dictionary: A S' (10.4108/eai.5-10-2022.2327474) <- 'Lexicon-Based Sentiment Analysis Using Inset Dictionary: A S' (10.4108/eai.5-10-2022.2327474)
2026-07-10 00:39:06,673 INFO   Merged: 'Dislocated time sequences – deep neural network for broken b' (10.1515/eng-2022-0402) <- 'Dislocated time sequences – deep neural network for broken b' (10.1515/eng-2022-0402)
2026-07-10 00:39:06,673 INFO   Merged: 'An Advanced Data Augmentation Scheme on Limited EEG Signals ' (10.1007/978-981-99-0248-4_27) <- 'An Advanced Data Augmentation Scheme on Limited EEG Signals ' (10.1007/978-981-99-0248-4_27)
2026-07-10 00:39:06,673 INFO   Merged: 'User-Centered Design on Metacognitive Training System: A Cas' (10.1109/iciteed.2018.8534811) <- 'User-Centered Design on Metacognitive Training System: A Cas' (10.1109/iciteed.2018.8534811)
2026-07-10 00:39:06,673 INFO   Merged: 'Classification of arrhythmia’s ECG signal using cascade tran' (10.3233/jifs-189768) <- 'Classification of arrhythmia’s ECG signal using cascade tran' (10.3233/jifs-189768)
2026-07-10 00:39:06,673 INFO   Merged: 'Comparison of data mining algorithms for pressure prediction' (10.1051/e3sconf/202132502002) <- 'Comparison of data mining algorithms for pressure prediction' (10.1051/e3sconf/202132502002)
2026-07-10 00:39:06,673 INFO   Merged: 'Hybrid SVD-ARIMA Method for Sales Forecasting with Sparse Da' (10.1109/cyberneticscom55287.2022.9865590) <- 'Hybrid SVD-ARIMA Method for Sales Forecasting with Sparse Da' (10.1109/cyberneticscom55287.2022.9865590)
2026-07-10 00:39:06,673 INFO   Merged: 'Phase Lag Index of Visual-Memory Processing EEG for Computer' (10.1145/3605423.3605452) <- 'Phase Lag Index of Visual-Memory Processing EEG for Computer' (10.1145/3605423.3605452)
2026-07-10 00:39:06,673 INFO   Merged: 'Blockchain Technology to Maintain Data Integrity: A Systemat' (10.1109/siml61815.2024.10578276) <- 'Blockchain Technology to Maintain Data Integrity: A Systemat' (10.1109/siml61815.2024.10578276)
2026-07-10 00:39:06,673 INFO   Merged: 'Narrow Window Feature Extraction for EEG-Motor Imagery Class' (10.11591/eecsi.v5i5.1665) <- 'Narrow Window Feature Extraction for EEG-Motor Imagery Class' (10.11591/eecsi.v5i5.1665)
2026-07-10 00:39:06,673 INFO   Merged: 'Analisis Jejaring Media Sosial Untuk Pemetaan Pada Komunitas' (None) <- 'Analisis Jejaring Media Sosial Untuk Pemetaan Pada Komunitas' (None)
2026-07-10 00:39:06,673 INFO   Merged: 'Work in progress: Application of unsupervised learning metho' (10.1109/educon.2016.7474704) <- 'Work in progress: Application of unsupervised learning metho' (10.1109/educon.2016.7474704)
2026-07-10 00:39:06,673 INFO   Merged: 'Enhancing student clustering to generate adaptive metacognit' (10.1504/ijil.2018.095367) <- 'Enhancing student clustering to generate adaptive metacognit' (10.1504/ijil.2018.095367)
2026-07-10 00:39:06,673 INFO   Merged: 'Peningkatan Nilai Recall dan Precision pada Penelusuran Info' (None) <- 'Peningkatan Nilai Recall dan Precision pada Penelusuran Info' (None)
2026-07-10 00:39:06,673 INFO   Merged: 'Appropriate Data mining Technique and Algorithm for Using in' (None) <- 'Appropriate Data mining Technique and Algorithm for Using in' (None)
2026-07-10 00:39:06,673 INFO   Merged: 'UAV Dynamic Path Planning for Intercepting of a Moving Targe' (10.1007/978-3-642-40409-2_18) <- 'UAV Dynamic Path Planning for Intercepting of a Moving Targe' (10.1007/978-3-642-40409-2_18)
2026-07-10 00:39:06,673 INFO   Merged: 'The classification of fetus gender on ultrasound images usin' (10.1109/miceei.2014.7067329) <- 'The classification of fetus gender on ultrasound images usin' (10.1109/miceei.2014.7067329)
2026-07-10 00:39:06,673 INFO   Merged: 'Optimization of neural network using genetic algorithm in fo' (10.1109/miceei.2014.7067336) <- 'Optimization of neural network using genetic algorithm in fo' (10.1109/miceei.2014.7067336)
2026-07-10 00:39:06,673 INFO   Merged: 'Rule-Based Data Mining for Diagnosis of Coronary Heart Disea' (None) <- 'Rule-Based Data Mining for Diagnosis of Coronary Heart Disea' (None)
2026-07-10 00:39:06,673 INFO   Merged: 'Leak detection optimisation on retina fluorescein angiograph' (10.21924/cst.3.2.2018.82) <- 'Leak detection optimisation on retina fluorescein angiograph' (10.21924/cst.3.2.2018.82)
2026-07-10 00:39:06,673 INFO   Merged: 'Narrow Window Feature Extraction for EEG-Motor Imagery Class' (10.1109/eecsi.2018.8752894) <- 'Narrow Window Feature Extraction for EEG-Motor Imagery Class' (10.1109/eecsi.2018.8752894)
2026-07-10 00:39:06,673 INFO   Merged: 'An Effective Quantum Inspired Genetic Algorithm for Continuo' (10.1109/icsitech46713.2019.8987578) <- 'An Effective Quantum Inspired Genetic Algorithm for Continuo' (10.1109/icsitech46713.2019.8987578)
2026-07-10 00:39:06,673 INFO   Merged: 'Confirmation of Personality Types Using Visual Evoked Potent' (10.3844/jcssp.2021.1138.1146) <- 'Confirmation of Personality Types Using Visual Evoked Potent' (10.3844/jcssp.2021.1138.1146)
2026-07-10 00:39:06,673 INFO   Merged: 'Comparison on Classification of the Holy Quran Verses using ' (10.1145/3489088.3489102) <- 'Comparison on Classification of the Holy Quran Verses using ' (10.1145/3489088.3489102)
2026-07-10 00:39:06,673 INFO   Merged: 'Cascade neural network for predicting epitope on P24 HIV-1' (10.1063/1.4958500) <- 'Cascade neural network for predicting epitope on P24 HIV-1' (10.1063/1.4958500)
2026-07-10 00:39:06,673 INFO   Merged: 'Modified relevance frequency feature weighting for email spa' (10.1063/1.4958497) <- 'Modified relevance frequency feature weighting for email spa' (10.1063/1.4958497)
2026-07-10 00:39:06,673 INFO   Merged: 'Effective method for circle detection based on transformatio' (10.1063/1.4958499) <- 'Effective method for circle detection based on transformatio' (10.1063/1.4958499)
2026-07-10 00:39:06,673 INFO   Merged: 'Applying rough set theory for filtering large number of coro' (10.1109/icitisee.2017.8285531) <- 'Applying rough set theory for filtering large number of coro' (10.1109/icitisee.2017.8285531)
2026-07-10 00:39:06,673 INFO   Merged: 'Relational into Non-Relational Database Migration with Multi' (10.22146/ijitee.46503) <- 'Relational into Non-Relational Database Migration with Multi' (10.22146/ijitee.46503)
2026-07-10 00:39:06,674 INFO   Merged: 'Confirmation of Personality Types Using Visual Evoked Potent' (None) <- 'Confirmation of Personality Types Using Visual Evoked Potent' (None)
2026-07-10 00:39:06,674 INFO   Merged: 'Effects of Data Preprocessing on the Prediction Accuracy of ' (10.1109/ismode53584.2022.9743101) <- 'Effects of Data Preprocessing on the Prediction Accuracy of ' (10.1109/ismode53584.2022.9743101)
2026-07-10 00:39:06,674 INFO   Merged: 'Linear Dislocated Time Series - Deep Neural Network for Bear' (10.1109/icst50505.2020.9732816) <- 'Linear Dislocated Time Series - Deep Neural Network for Bear' (10.1109/icst50505.2020.9732816)
2026-07-10 00:39:06,674 INFO   Merged: 'DGA-Based Early Transformer Fault Detection using Rough Set ' (10.1109/icamimia54022.2021.9807816) <- 'DGA-Based Early Transformer Fault Detection using Rough Set ' (10.1109/icamimia54022.2021.9807816)
2026-07-10 00:39:06,674 INFO   Merged: 'Clustering Based Oil Production Rate Forecasting Using Dynam' (10.1109/icamimia54022.2021.9807809) <- 'Clustering Based Oil Production Rate Forecasting Using Dynam' (10.1109/icamimia54022.2021.9807809)
2026-07-10 00:39:06,674 INFO   Merged: 'User identification using smartphone activity data' (10.1063/5.0117512) <- 'User identification using smartphone activity data' (10.1063/5.0117512)
2026-07-10 00:39:06,674 INFO   Merged: 'Combining Support Vector Machine – Fast Fourier Transform (S' (10.1109/isriti56927.2022.10052801) <- 'Combining Support Vector Machine – Fast Fourier Transform (S' (10.1109/isriti56927.2022.10052801)
2026-07-10 00:39:06,674 INFO   Merged: 'Penggunaan Metode Analisa Komponen Utama (PCA) untuk Mereduk' (None) <- 'Penggunaan Metode Analisa Komponen Utama (PCA) untuk Mereduk' (None)
2026-07-10 00:39:06,674 INFO   Merged: 'Coronary Heart Disease Diagnosis Based on Improved Ensemble ' (10.48550/arxiv.2007.02895) <- 'Coronary Heart Disease Diagnosis Based on Improved Ensemble ' (10.48550/arxiv.2007.02895)
2026-07-10 00:39:06,674 INFO   Merged: 'Turning Strategy based on Modified Dubins Algorithm for Unma' (None) <- 'Turning Strategy based on Modified Dubins Algorithm for Unma' (None)
2026-07-10 00:39:06,674 INFO   Merged: 'MENGGUNAKAN DATA MINING UNTUK SEGMENTASI CUSTOMER PADA BANK ' (None) <- 'MENGGUNAKAN DATA MINING UNTUK SEGMENTASI CUSTOMER PADA BANK ' (None)
2026-07-10 00:39:06,674 INFO   Merged: 'Performance analysis of combined algorithms for hybridizatio' (10.1109/iccisci.2012.6297256) <- 'Performance analysis of combined algorithms for hybridizatio' (10.1109/iccisci.2012.6297256)
2026-07-10 00:39:06,674 INFO   Merged: 'The development of 3D curve dynamic path planning simulation' (10.1109/comnetsat.2012.6380776) <- 'The development of 3D curve dynamic path planning simulation' (10.1109/comnetsat.2012.6380776)
2026-07-10 00:39:06,674 INFO   Merged: 'Konversi Data ke Format DNA dan Perbandingan Hasil Kompresin' (None) <- 'Konversi Data ke Format DNA dan Perbandingan Hasil Kompresin' (None)
2026-07-10 00:39:06,674 INFO   Merged: 'Breast cancer diagnosis improvement using feature selection' (10.2495/intelsys130211) <- 'Breast cancer diagnosis improvement using feature selection' (10.2495/intelsys130211)
2026-07-10 00:39:06,674 INFO   Merged: 'SISTEM PENDETEKSI INTRUSI BERBASIS MOBILE AGENT PADA KOMPUTA' (None) <- 'SISTEM PENDETEKSI INTRUSI BERBASIS MOBILE AGENT PADA KOMPUTA' (None)
2026-07-10 00:39:06,674 INFO   Merged: 'KLASIFIKASI GELOMBANG OTAK UNTUK KEAMANAN MENGGUNAKAN METODE' (None) <- 'KLASIFIKASI GELOMBANG OTAK UNTUK KEAMANAN MENGGUNAKAN METODE' (None)
2026-07-10 00:39:06,674 INFO   Merged: 'Developing Academic Executive Information System Uses Kimbal' (10.1007/978-981-287-661-4_36) <- 'Developing Academic Executive Information System Uses Kimbal' (10.1007/978-981-287-661-4_36)
2026-07-10 00:39:06,674 INFO   Merged: 'Developing Multiple Nested Schema to Reduce Data Redundancy ' (10.1109/icaiti.2018.8686736) <- 'Developing Multiple Nested Schema to Reduce Data Redundancy ' (10.1109/icaiti.2018.8686736)
2026-07-10 00:39:06,674 INFO   Merged: 'Analytical incremental learning: Fast constructive learning ' (None) <- 'Analytical incremental learning: Fast constructive learning ' (None)
2026-07-10 00:39:06,674 INFO   Merged: 'Certainty Factor Based Pruning for C4.5 Algorithm' (10.1109/icst47872.2019.9166394) <- 'Certainty Factor Based Pruning for C4.5 Algorithm' (10.1109/icst47872.2019.9166394)
2026-07-10 00:39:06,674 INFO   Merged: 'The Design of E-TOEFL Based Learning Management System in Un' (10.4108/eai.11-9-2019.2298652) <- 'The Design of E-TOEFL Based Learning Management System in Un' (10.4108/eai.11-9-2019.2298652)
2026-07-10 00:39:06,674 INFO   Merged: 'Detection of Partial Discharge in Oil Filled-Tank using Acou' (10.12962/jaree.v5i1.105) <- 'Detection of Partial Discharge in Oil Filled-Tank using Acou' (10.12962/jaree.v5i1.105)
2026-07-10 00:39:06,674 INFO   Merged: 'Serendipity Identification Using Distance-Based Approach' (10.22146/ijitee.62344) <- 'Serendipity Identification Using Distance-Based Approach' (10.22146/ijitee.62344)
2026-07-10 00:39:06,674 INFO   Merged: 'Development of CAD System for Automatic Lung Nodule Detectio' (10.1051/bioconf/20214104001) <- 'Development of CAD System for Automatic Lung Nodule Detectio' (10.1051/bioconf/20214104001)
2026-07-10 00:39:06,674 INFO   Merged: 'A Proposed User Interface Design as a Stimulus for Personali' (10.4028/p-l7si7j) <- 'A Proposed User Interface Design as a Stimulus for Personali' (10.4028/p-l7si7j)
2026-07-10 00:39:06,674 INFO   Merged: 'Enhancing student clustering to generate adaptive metacognit' (10.1504/ijil.2018.10015918) <- 'Enhancing student clustering to generate adaptive metacognit' (10.1504/ijil.2018.10015918)
2026-07-10 00:39:06,674 INFO   Merged: 'Turning decision strategy of dynamic path planning based on ' (10.2495/intelsys130151) <- 'Turning decision strategy of dynamic path planning based on ' (10.2495/intelsys130151)
2026-07-10 00:39:06,674 INFO   Merged: 'Applying fuzzy logic to improve the accuracy of Duval Triang' (10.1109/icst50505.2020.9732786) <- 'Applying fuzzy logic to improve the accuracy of Duval Triang' (10.1109/icst50505.2020.9732786)
2026-07-10 00:39:06,674 INFO   Merged: 'Narrow Window Feature Extraction for EEG-Motor Imagery Class' (10.11591/eecsi.v5.1665) <- 'Narrow Window Feature Extraction for EEG-Motor Imagery Class' (10.11591/eecsi.v5.1665)
2026-07-10 00:39:06,674 INFO   Merged: 'Implementation of Online Monitoring System of Crude Oil Pipe' (10.1109/icamimia54022.2021.9807791) <- 'Implementation of Online Monitoring System of Crude Oil Pipe' (10.1109/icamimia54022.2021.9807791)
2026-07-10 00:39:06,674 INFO   Merged: 'Hybrid Filtering Algorithm in Event Manager Partner Recommen' (10.1145/3568231.3568248) <- 'Hybrid Filtering Algorithm in Event Manager Partner Recommen' (10.1145/3568231.3568248)
2026-07-10 00:39:06,674 INFO   Merged: 'Understanding The Factors and Perspectives Influencing Safet' (10.1109/ic3ina60834.2023.10285787) <- 'Understanding The Factors and Perspectives Influencing Safet' (10.1109/ic3ina60834.2023.10285787)
2026-07-10 00:39:06,674 INFO   Merged: 'Asymmetric Windowing Recurrence Plots on Input Formulation f' (10.36227/techrxiv.24605445.v1) <- 'Asymmetric Windowing Recurrence Plots on Input Formulation f' (10.36227/techrxiv.24605445.v1)
2026-07-10 00:39:06,674 INFO   Merged: 'Asymmetric Windowing Recurrence Plots on Input Formulation f' (10.36227/techrxiv.24605445) <- 'Asymmetric Windowing Recurrence Plots on Input Formulation f' (10.36227/techrxiv.24605445)
2026-07-10 00:39:06,674 INFO   Merged: 'Multi-Representation Convolutional Neural Network to Recogni' (10.1109/icitda60835.2023.10427131) <- 'Multi-Representation Convolutional Neural Network to Recogni' (10.1109/icitda60835.2023.10427131)
2026-07-10 00:39:06,674 INFO   Merged: 'Facial Skin Analysis to Determine the Efficacy of Treatment' (10.1109/iwaiip58158.2023.10462877) <- 'Facial Skin Analysis to Determine the Efficacy of Treatment' (10.1109/iwaiip58158.2023.10462877)
2026-07-10 00:39:06,674 INFO   Merged: 'Memory and Visual Processing EEG for Alcohol Use Disorder Di' (10.1007/978-3-031-62520-6_31) <- 'Memory and Visual Processing EEG for Alcohol Use Disorder Di' (10.1007/978-3-031-62520-6_31)
2026-07-10 00:39:06,674 INFO   Merged: 'Systematic Review on Interpretability in Computer-Aided Alco' (10.1109/icwt62080.2024.10674675) <- 'Systematic Review on Interpretability in Computer-Aided Alco' (10.1109/icwt62080.2024.10674675)
2026-07-10 00:39:06,674 INFO   Merged: 'Al-Quran Recitation or Sound Processing Analysis : A Systema' (10.1109/icecos63900.2024.10791189) <- 'Al-Quran Recitation or Sound Processing Analysis : A Systema' (10.1109/icecos63900.2024.10791189)
2026-07-10 00:39:06,674 INFO   Merged: 'Characteristic Analysis of Partial Discharge Parameters in A' (10.1109/icitee62483.2024.10808443) <- 'Characteristic Analysis of Partial Discharge Parameters in A' (10.1109/icitee62483.2024.10808443)
2026-07-10 00:39:06,674 INFO   Merged: 'Sequence Recommendation Using Best Match 25 and Markov Chain' (10.1109/aims66189.2025.11229642) <- 'Sequence Recommendation Using Best Match 25 and Markov Chain' (10.1109/aims66189.2025.11229642)
2026-07-10 00:39:06,674 INFO   Merged: 'A Knowledge Graph Approach with Graph Data Science and Hybri' (10.1109/isriti68345.2025.11393319) <- 'A Knowledge Graph Approach with Graph Data Science and Hybri' (10.1109/isriti68345.2025.11393319)
2026-07-10 00:39:06,674 INFO   Merged: 'A Survey on Knowledge Graph for Enhancing the Performance of' (10.1109/kst67832.2026.11432099) <- 'A Survey on Knowledge Graph for Enhancing the Performance of' (10.1109/kst67832.2026.11432099)
2026-07-10 00:39:06,674 INFO   Merged: 'Analysis of Visible-Light Image and Flashover Voltage on the' (10.1109/access.2026.3683618) <- 'Analysis of Visible-Light Image and Flashover Voltage on the' (10.1109/access.2026.3683618)
2026-07-10 00:39:06,674 INFO   Merged: 'A systematic review of ontology use in E-Learning recommende' (10.1016/j.caeai.2022.100047) <- 'A systematic review of ontology use in E-Learning recommende' (10.1016/j.caeai.2022.100047)
2026-07-10 00:39:06,674 INFO   Merged: 'Review on Customer Segmentation Technique on Ecommerce' (10.1166/asl.2016.7985) <- 'Review on Customer Segmentation Technique on Ecommerce' (10.1166/asl.2016.7985)
2026-07-10 00:39:06,674 INFO   Merged: 'A Systematic Literature Review of Intrusion Detection System' (10.1109/icicos51170.2020.9299068) <- 'A Systematic Literature Review of Intrusion Detection System' (10.1109/icicos51170.2020.9299068)
2026-07-10 00:39:06,674 INFO   Merged: 'Identifying and prioritizing barriers to digital transformat' (10.1108/ijis-11-2020-0262) <- 'Identifying and prioritizing barriers to digital transformat' (10.1108/ijis-11-2020-0262)
2026-07-10 00:39:06,674 INFO   Merged: 'ANALISIS FAKTOR KEBERHASILAN STARTUP DIGITAL DI YOGYAKARTA' (None) <- 'ANALISIS FAKTOR KEBERHASILAN STARTUP DIGITAL DI YOGYAKARTA' (None)
2026-07-10 00:39:06,674 INFO   Merged: 'Categories for Barriers to Digital Transformation in Higher ' (10.18178/ijiet.2021.11.12.1578) <- 'Categories for Barriers to Digital Transformation in Higher ' (10.18178/ijiet.2021.11.12.1578)
2026-07-10 00:39:06,674 INFO   Merged: 'A systematic review of learning path recommender systems' (10.1007/s10639-022-11460-3) <- 'A systematic review of learning path recommender systems' (10.1007/s10639-022-11460-3)
2026-07-10 00:39:06,674 INFO   Merged: 'Motivation and Engagement of Final-Year Students When Using ' (10.3390/su14148906) <- 'Motivation and Engagement of Final-Year Students When Using ' (10.3390/su14148906)
2026-07-10 00:39:06,674 INFO   Merged: 'IoT-DH dataset for classification, identification, and detec' (10.1016/j.dib.2024.110496) <- 'IoT-DH dataset for classification, identification, and detec' (10.1016/j.dib.2024.110496)
2026-07-10 00:39:06,674 INFO   Merged: 'The Role of Information Technology Usage on Startup Financia' (10.1016/j.procs.2019.11.246) <- 'The Role of Information Technology Usage on Startup Financia' (10.1016/j.procs.2019.11.246)
2026-07-10 00:39:06,674 INFO   Merged: 'Tech review: Game platform for upgrading counting ability on' (10.1109/iciteed.2013.6676243) <- 'Tech review: Game platform for upgrading counting ability on' (10.1109/iciteed.2013.6676243)
2026-07-10 00:39:06,674 INFO   Merged: 'Barriers to Digital Transformation in Higher Education: An I' (10.1142/s0219877021500243) <- 'Barriers to Digital Transformation in Higher Education: An I' (10.1142/s0219877021500243)
2026-07-10 00:39:06,674 INFO   Merged: 'MUCPSO: A Modified Chaotic Particle Swarm Optimization with ' (10.3390/app12031081) <- 'MUCPSO: A Modified Chaotic Particle Swarm Optimization with ' (10.3390/app12031081)
2026-07-10 00:39:06,674 INFO   Merged: 'A barrier diagnostic framework in process of digital transfo' (10.1108/jarhe-12-2020-0454) <- 'A barrier diagnostic framework in process of digital transfo' (10.1108/jarhe-12-2020-0454)
2026-07-10 00:39:06,674 INFO   Merged: 'Current Trend and Literature on Electronic CRM Adoption Revi' (10.1088/1742-6596/1201/1/012058) <- 'Current Trend and Literature on Electronic CRM Adoption Revi' (10.1088/1742-6596/1201/1/012058)
2026-07-10 00:39:06,674 INFO   Merged: 'The Effect of Anthropomorphic Design Cues on Increasing Chat' (10.1109/icisit54091.2022.9873008) <- 'The Effect of Anthropomorphic Design Cues on Increasing Chat' (10.1109/icisit54091.2022.9873008)
2026-07-10 00:39:06,674 INFO   Merged: 'Research Trend on the Use of IT in Digital Addiction: An Inv' (10.3390/fi12100174) <- 'Research Trend on the Use of IT in Digital Addiction: An Inv' (10.3390/fi12100174)
2026-07-10 00:39:06,674 INFO   Merged: 'Harnessing Deep Learning and Technical Indicators for Enhanc' (10.48084/etasr.9850) <- 'Harnessing Deep Learning and Technical Indicators for Enhanc' (10.48084/etasr.9850)
2026-07-10 00:39:06,674 INFO   Merged: 'Evaluation and measurement of Learning Management System bas' (10.1109/inaes.2016.7821910) <- 'Evaluation and measurement of Learning Management System bas' (10.1109/inaes.2016.7821910)
2026-07-10 00:39:06,674 INFO   Merged: 'Indonesian Automatic Speech Recognition system using CMUSphi' (10.1109/isesd.2016.7886734) <- 'Indonesian Automatic Speech Recognition system using CMUSphi' (10.1109/isesd.2016.7886734)
2026-07-10 00:39:06,675 INFO   Merged: 'High-resolution automated Fugl-Meyer Assessment using sensor' (10.1109/icstc.2017.8011847) <- 'High-resolution automated Fugl-Meyer Assessment using sensor' (10.1109/icstc.2017.8011847)
2026-07-10 00:39:06,675 INFO   Merged: 'The Measurement of Consumer Interest and Prediction of Produ' (10.22266/ijies2018.0228.04) <- 'The Measurement of Consumer Interest and Prediction of Produ' (10.22266/ijies2018.0228.04)
2026-07-10 00:39:06,675 INFO   Merged: 'Unsupervised software defect prediction using median absolut' (10.1186/s40537-019-0250-z) <- 'Unsupervised software defect prediction using median absolut' (10.1186/s40537-019-0250-z)
2026-07-10 00:39:06,675 INFO   Merged: 'Accessibility evaluation using WCAG 2.0 guidelines webometri' (10.1109/ictss.2014.7013192) <- 'Accessibility evaluation using WCAG 2.0 guidelines webometri' (10.1109/ictss.2014.7013192)
2026-07-10 00:39:06,675 INFO   Merged: 'SEJARAH, TANTANGAN, DAN FAKTOR KEBERHASILAN DALAM PENGEMBANG' (None) <- 'SEJARAH, TANTANGAN, DAN FAKTOR KEBERHASILAN DALAM PENGEMBANG' (None)
2026-07-10 00:39:06,675 INFO   Merged: 'Development of monitoring system for smart farming using Pro' (10.1109/iciteed.2017.8250513) <- 'Development of monitoring system for smart farming using Pro' (10.1109/iciteed.2017.8250513)
2026-07-10 00:39:06,675 INFO   Merged: 'Empathetic Chatbot Enhancement and Development: A Literature' (10.1109/aims52415.2021.9466027) <- 'Empathetic Chatbot Enhancement and Development: A Literature' (10.1109/aims52415.2021.9466027)
2026-07-10 00:39:06,675 INFO   Merged: 'Student performance prediction in higher education: A compre' (10.1063/5.0080187) <- 'Student performance prediction in higher education: A compre' (10.1063/5.0080187)
2026-07-10 00:39:06,675 INFO   Merged: 'An Analysis of the New Employee Onboarding Process in Startu' (10.1109/iciteed.2018.8534884) <- 'An Analysis of the New Employee Onboarding Process in Startu' (10.1109/iciteed.2018.8534884)
2026-07-10 00:39:06,675 INFO   Merged: 'Digital Transformation in Higher Education: A Barrier Framew' (10.1145/3468978.3468995) <- 'Digital Transformation in Higher Education: A Barrier Framew' (10.1145/3468978.3468995)
2026-07-10 00:39:06,675 INFO   Merged: 'Requirement Elicitation Framework for Child Learning Applica' (10.1145/3305160.3305195) <- 'Requirement Elicitation Framework for Child Learning Applica' (10.1145/3305160.3305195)
2026-07-10 00:39:06,675 INFO   Merged: 'Evaluating User Experience on E-learning using the User Expe' (10.5220/0009339900180024) <- 'Evaluating User Experience on E-learning using the User Expe' (10.5220/0009339900180024)
2026-07-10 00:39:06,675 INFO   Merged: 'Test Case Understandability Model' (10.1109/access.2020.3022876) <- 'Test Case Understandability Model' (10.1109/access.2020.3022876)
2026-07-10 00:39:06,675 INFO   Merged: 'The Study of the Barriers to Digital Transformation in Highe' (10.1109/icst50505.2020.9732809) <- 'The Study of the Barriers to Digital Transformation in Highe' (10.1109/icst50505.2020.9732809)
2026-07-10 00:39:06,675 INFO   Merged: 'New Approach of Ensemble Method to Improve Performance of ID' (10.1109/comnetsat56033.2022.9994302) <- 'New Approach of Ensemble Method to Improve Performance of ID' (10.1109/comnetsat56033.2022.9994302)
2026-07-10 00:39:06,675 INFO   Merged: 'Model of Nonlinear Learning Path using Heutagogy' (10.1109/tale52509.2021.9678642) <- 'Model of Nonlinear Learning Path using Heutagogy' (10.1109/tale52509.2021.9678642)
2026-07-10 00:39:06,675 INFO   Merged: 'OBE-Based Course Outcomes Prediction Using Machine Learning ' (10.1109/icicyta64807.2024.10913307) <- 'OBE-Based Course Outcomes Prediction Using Machine Learning ' (10.1109/icicyta64807.2024.10913307)
2026-07-10 00:39:06,675 INFO   Merged: 'Identification of Children Learning Styles Using Elicitation' (10.3844/jcssp.2020.856.862) <- 'Identification of Children Learning Styles Using Elicitation' (10.3844/jcssp.2020.856.862)
2026-07-10 00:39:06,675 INFO   Merged: 'Complexity Weights Parameter Optimization of Use Case Points' (10.1109/icoiact55506.2022.9971970) <- 'Complexity Weights Parameter Optimization of Use Case Points' (10.1109/icoiact55506.2022.9971970)
2026-07-10 00:39:06,675 INFO   Merged: 'NONLINEAR LEARNING PATH: A SYSTEMATIC REVIEW' (10.17718/tojde.1349356) <- 'NONLINEAR LEARNING PATH: A SYSTEMATIC REVIEW' (10.17718/tojde.1349356)
2026-07-10 00:39:06,675 INFO   Merged: 'Predicting Multiclass Java Code Readability: A Comparative S' (10.14569/ijacsa.2025.01604102) <- 'Predicting Multiclass Java Code Readability: A Comparative S' (10.14569/ijacsa.2025.01604102)
2026-07-10 00:39:06,675 INFO   Merged: 'A study on algorithms of pupil diameter measurement' (10.1109/icstc.2016.7877372) <- 'A study on algorithms of pupil diameter measurement' (10.1109/icstc.2016.7877372)
2026-07-10 00:39:06,675 INFO   Merged: 'Literature Review on Test Case Generation Approach' (10.1145/3305160.3305186) <- 'Literature Review on Test Case Generation Approach' (10.1145/3305160.3305186)
2026-07-10 00:39:06,675 INFO   Merged: 'Performance comparison of caching strategy on wordpress mult' (10.1109/icstc.2017.8011874) <- 'Performance comparison of caching strategy on wordpress mult' (10.1109/icstc.2017.8011874)
2026-07-10 00:39:06,675 INFO   Merged: 'Evaluation of Fixation Duration Accuracy in Determining Sele' (10.1109/iciteed.2018.8534828) <- 'Evaluation of Fixation Duration Accuracy in Determining Sele' (10.1109/iciteed.2018.8534828)
2026-07-10 00:39:06,675 INFO   Merged: 'Unsupervised software defect prediction using signed Laplaci' (10.1007/s00500-019-03907-6) <- 'Unsupervised software defect prediction using signed Laplaci' (10.1007/s00500-019-03907-6)
2026-07-10 00:39:06,675 INFO   Merged: 'Toward Modern IT Audit- Current Issues and Literature Review' (10.1109/icstc.2018.8528627) <- 'Toward Modern IT Audit- Current Issues and Literature Review' (10.1109/icstc.2018.8528627)
2026-07-10 00:39:06,675 INFO   Merged: 'A Novel User Experience Study of Parallax Scrolling using Ey' (10.18517/ijaseit.8.4.6500) <- 'A Novel User Experience Study of Parallax Scrolling using Ey' (10.18517/ijaseit.8.4.6500)
2026-07-10 00:39:06,675 INFO   Merged: 'Mobile tourism services model: A contextual tourism experien' (10.1109/iciteed.2014.7007909) <- 'Mobile tourism services model: A contextual tourism experien' (10.1109/iciteed.2014.7007909)
2026-07-10 00:39:06,675 INFO   Merged: 'Perspectives of human centered design and interoperability i' (10.1109/miceei.2014.7067323) <- 'Perspectives of human centered design and interoperability i' (10.1109/miceei.2014.7067323)
2026-07-10 00:39:06,675 INFO   Merged: 'Optimizing Scrum's Effectiveness in Distributed Software Dev' (10.1109/icite54466.2022.9759870) <- 'Optimizing Scrum's Effectiveness in Distributed Software Dev' (10.1109/icite54466.2022.9759870)
2026-07-10 00:39:06,675 INFO   Merged: 'Performance of Intrusion Detection System Using Bagging Ense' (10.1109/icitda55840.2022.9971334) <- 'Performance of Intrusion Detection System Using Bagging Ense' (10.1109/icitda55840.2022.9971334)
2026-07-10 00:39:06,675 INFO   Merged: 'Contempo: A home care model to enhance the wellbeing of elde' (10.1109/bhi.2014.6864405) <- 'Contempo: A home care model to enhance the wellbeing of elde' (10.1109/bhi.2014.6864405)
2026-07-10 00:39:06,675 INFO   Merged: 'Does System Based on Artificial Intelligence Need Software E' (10.1109/icic50835.2020.9288582) <- 'Does System Based on Artificial Intelligence Need Software E' (10.1109/icic50835.2020.9288582)
2026-07-10 00:39:06,675 INFO   Merged: 'Identify High-Priority Barriers to Effective Digital Transfo' (10.1109/iccsai53272.2021.9609793) <- 'Identify High-Priority Barriers to Effective Digital Transfo' (10.1109/iccsai53272.2021.9609793)
2026-07-10 00:39:06,675 INFO   Merged: 'Recommendation of cloud computing use for the academic data ' (10.1109/inaes.2017.8068552) <- 'Recommendation of cloud computing use for the academic data ' (10.1109/inaes.2017.8068552)
2026-07-10 00:39:06,675 INFO   Merged: 'Designing gamification framework to support social media app' (10.1109/icecos.2017.8167118) <- 'Designing gamification framework to support social media app' (10.1109/icecos.2017.8167118)
2026-07-10 00:39:06,675 INFO   Merged: 'The Requirements Analysis of Elisa Business Architecture wit' (10.1109/icstc.2018.8528701) <- 'The Requirements Analysis of Elisa Business Architecture wit' (10.1109/icstc.2018.8528701)
2026-07-10 00:39:06,675 INFO   Merged: 'Product Recommendation Based on Eye Tracking Data Using Fixa' (10.22146/ijitee.58693) <- 'Product Recommendation Based on Eye Tracking Data Using Fixa' (10.22146/ijitee.58693)
2026-07-10 00:39:06,675 INFO   Merged: 'Gaming Behaviors and Its Correlation with Internet Gaming Di' (10.1109/isitia59021.2023.10221095) <- 'Gaming Behaviors and Its Correlation with Internet Gaming Di' (10.1109/isitia59021.2023.10221095)
2026-07-10 00:39:06,675 INFO   Merged: 'Pengembangan Sistem Informasi Sumberdaya Sekolah Kota Ternat' (None) <- 'Pengembangan Sistem Informasi Sumberdaya Sekolah Kota Ternat' (None)
2026-07-10 00:39:06,675 INFO   Merged: 'Research Trends in Software Development Effort Estimation' (10.1109/eecsi59885.2023.10295716) <- 'Research Trends in Software Development Effort Estimation' (10.1109/eecsi59885.2023.10295716)
2026-07-10 00:39:06,675 INFO   Merged: 'Performance of Traditional and Dense Vector Information Retr' (10.1109/icoseit60086.2024.10497512) <- 'Performance of Traditional and Dense Vector Information Retr' (10.1109/icoseit60086.2024.10497512)
2026-07-10 00:39:06,675 INFO   Merged: 'EEG Signal Analysis In Detecting Pornography Addiction' (10.1109/iccsp60870.2024.10544352) <- 'EEG Signal Analysis In Detecting Pornography Addiction' (10.1109/iccsp60870.2024.10544352)
2026-07-10 00:39:06,675 INFO   Merged: 'Competency Framework in Higher Education: A Bibliometric Ana' (10.1145/3678726.3678736) <- 'Competency Framework in Higher Education: A Bibliometric Ana' (10.1145/3678726.3678736)
2026-07-10 00:39:06,675 INFO   Merged: 'Geospatial Processing Technology and Future Information Tech' (10.1109/icitisee58992.2023.10404370) <- 'Geospatial Processing Technology and Future Information Tech' (10.1109/icitisee58992.2023.10404370)
2026-07-10 00:39:06,675 INFO   Merged: 'An enhanced domain ontology model of database course in comp' (10.11591/ijai.v13.i2.pp1339-1347) <- 'An enhanced domain ontology model of database course in comp' (10.11591/ijai.v13.i2.pp1339-1347)
2026-07-10 00:39:06,675 INFO   Merged: 'Research Trends in Intrusion Detection System for Web Detect' (10.1109/icitisee63424.2024.10730158) <- 'Research Trends in Intrusion Detection System for Web Detect' (10.1109/icitisee63424.2024.10730158)
2026-07-10 00:39:06,675 INFO   Merged: 'Optimizing Retrieval-Augmented Generation Chatbot with Hyper' (10.1109/icera66156.2025.11087302) <- 'Optimizing Retrieval-Augmented Generation Chatbot with Hyper' (10.1109/icera66156.2025.11087302)
2026-07-10 00:39:06,675 INFO   Merged: 'An eye tracking study' (10.1145/2742032.2742578) <- 'An eye tracking study' (10.1145/2742032.2742578)
2026-07-10 00:39:06,675 INFO   Merged: 'PENGUJIAN DAN EVALUASI BUKU INTERAKTIF AUGMENTED REALITY ARc' (None) <- 'PENGUJIAN DAN EVALUASI BUKU INTERAKTIF AUGMENTED REALITY ARc' (None)
2026-07-10 00:39:06,675 INFO   Merged: 'Analisis Faktor Keberhasilan SDM Startup yang Ada di YOGYAKA' (None) <- 'Analisis Faktor Keberhasilan SDM Startup yang Ada di YOGYAKA' (None)
2026-07-10 00:39:06,675 INFO   Merged: 'Startup Learning Path (SLP): A Learning Model for Startup Em' (10.1088/1742-6596/1339/1/012095) <- 'Startup Learning Path (SLP): A Learning Model for Startup Em' (10.1088/1742-6596/1339/1/012095)
2026-07-10 00:39:06,675 INFO   Merged: 'USER STORY SOFTWARE ESTIMATION:A SIMPLIFICATION OF SOFTWARE ' (10.12962/j24068535.v9i1.a67) <- 'USER STORY SOFTWARE ESTIMATION:A SIMPLIFICATION OF SOFTWARE ' (10.12962/j24068535.v9i1.a67)
2026-07-10 00:39:06,675 INFO   Merged: 'The Design of Two-Way Relationship Tourism Planning System w' (10.1109/icoiact46704.2019.8938433) <- 'The Design of Two-Way Relationship Tourism Planning System w' (10.1109/icoiact46704.2019.8938433)
2026-07-10 00:39:06,675 INFO   Merged: 'Developer’s Perspectives on Unit Test Cases Understandabilit' (10.1109/icsess52187.2021.9522166) <- 'Developer’s Perspectives on Unit Test Cases Understandabilit' (10.1109/icsess52187.2021.9522166)
2026-07-10 00:39:06,675 INFO   Merged: 'A Model for Understanding Mandatory System Implementation: A' (10.35957/jatisi.v9i2.1874) <- 'A Model for Understanding Mandatory System Implementation: A' (10.35957/jatisi.v9i2.1874)
2026-07-10 00:39:06,675 INFO   Merged: 'E-Learning Gamification Model using Video Game Elements that' (10.1109/isitia56226.2022.9855202) <- 'E-Learning Gamification Model using Video Game Elements that' (10.1109/isitia56226.2022.9855202)
2026-07-10 00:39:06,675 INFO   Merged: 'Review: Musik dan Denyut Jantung Pada Era Digital' (10.21456/vol4iss3pp149-155) <- 'Review: Musik dan Denyut Jantung Pada Era Digital' (10.21456/vol4iss3pp149-155)
2026-07-10 00:39:06,675 INFO   Merged: 'Review: Interoperability model of e-Government services' (10.1109/icitacee.2015.7437794) <- 'Review: Interoperability model of e-Government services' (10.1109/icitacee.2015.7437794)
2026-07-10 00:39:06,675 INFO   Merged: 'Implikasi Game Edukasi 2D dan 3D : Mengenal Huruf dan Angka ' (10.22146/jnteti.v3i1.34) <- 'Implikasi Game Edukasi 2D dan 3D : Mengenal Huruf dan Angka ' (10.22146/jnteti.v3i1.34)
2026-07-10 00:39:06,675 INFO   Merged: 'Social Media Mapping for Business Communication' (10.1109/icoiact46704.2019.8938537) <- 'Social Media Mapping for Business Communication' (10.1109/icoiact46704.2019.8938537)
2026-07-10 00:39:06,675 INFO   Merged: 'Software Practices For Agile Developers: A Systematic Litera' (10.1109/icisit54091.2022.9872874) <- 'Software Practices For Agile Developers: A Systematic Litera' (10.1109/icisit54091.2022.9872874)
2026-07-10 00:39:06,675 INFO   Merged: 'B-DT Model: A Derivative Ensemble Method to Improve Performa' (10.12720/jait.15.1.87-103) <- 'B-DT Model: A Derivative Ensemble Method to Improve Performa' (10.12720/jait.15.1.87-103)
2026-07-10 00:39:06,675 INFO   Merged: 'Optimization of Stock Predictions on Indonesia Stock Exchang' (10.48084/etasr.9363) <- 'Optimization of Stock Predictions on Indonesia Stock Exchang' (10.48084/etasr.9363)
2026-07-10 00:39:06,676 INFO   Merged: 'PERANCANGAN APLIKASI PENDUKUNG TOURING BERBASIS CONTEXTUAL A' (None) <- 'PERANCANGAN APLIKASI PENDUKUNG TOURING BERBASIS CONTEXTUAL A' (None)
2026-07-10 00:39:06,676 INFO   Merged: 'PERANCANGAN SISTEM GROUP TRACKING PADA AKTIVITAS TOURING BER' (None) <- 'PERANCANGAN SISTEM GROUP TRACKING PADA AKTIVITAS TOURING BER' (None)
2026-07-10 00:39:06,676 INFO   Merged: 'Modeling of Consumer Interest on E-commerce Products Using E' (10.1007/978-3-319-72550-5_15) <- 'Modeling of Consumer Interest on E-commerce Products Using E' (10.1007/978-3-319-72550-5_15)
2026-07-10 00:39:06,676 INFO   Merged: 'Requirement and Potential for Modernizing IT Risk Universe i' (10.1109/icicos.2018.8621808) <- 'Requirement and Potential for Modernizing IT Risk Universe i' (10.1109/icicos.2018.8621808)
2026-07-10 00:39:06,676 INFO   Merged: 'Impact of Matrix Factorization and Regularization Hyperparam' (10.1109/eecsi.2018.8752852) <- 'Impact of Matrix Factorization and Regularization Hyperparam' (10.1109/eecsi.2018.8752852)
2026-07-10 00:39:06,676 INFO   Merged: 'Competencies Measurement Framework Using Course Scoring Shee' (10.1109/icitee53064.2021.9611961) <- 'Competencies Measurement Framework Using Course Scoring Shee' (10.1109/icitee53064.2021.9611961)
2026-07-10 00:39:06,676 INFO   Merged: 'Implementasi Laboratorium Komputer Virtual Berbasis Cloud – ' (10.22146/jnteti.v11i1.3475) <- 'Implementasi Laboratorium Komputer Virtual Berbasis Cloud – ' (10.22146/jnteti.v11i1.3475)
2026-07-10 00:39:06,676 INFO   Merged: 'Impact of Matrix Factorization and Regularization Hyperparam' (10.11591/eecsi.v5i5.1685) <- 'Impact of Matrix Factorization and Regularization Hyperparam' (10.11591/eecsi.v5i5.1685)
2026-07-10 00:39:06,676 INFO   Merged: 'Optimizing complexity weight parameter of use case points es' (10.26555/ijain.v8i2.811) <- 'Optimizing complexity weight parameter of use case points es' (10.26555/ijain.v8i2.811)
2026-07-10 00:39:06,676 INFO   Merged: 'A Review Text-based Recommendation System in Text Mining' (10.1109/icosnikom56551.2022.10034884) <- 'A Review Text-based Recommendation System in Text Mining' (10.1109/icosnikom56551.2022.10034884)
2026-07-10 00:39:06,676 INFO   Merged: 'Applying Metamorphic Testing to E-commerce Website Search En' (10.1109/isriti48646.2019.9034629) <- 'Applying Metamorphic Testing to E-commerce Website Search En' (10.1109/isriti48646.2019.9034629)
2026-07-10 00:39:06,676 INFO   Merged: 'Exploring Innovative Approaches for Software Development Ris' (10.1109/icitisee63424.2024.10730152) <- 'Exploring Innovative Approaches for Software Development Ris' (10.1109/icitisee63424.2024.10730152)
2026-07-10 00:39:06,676 INFO   Merged: 'A Review on Improving the Accuracy of Effort Estimation in S' (10.1109/icitacee62763.2024.10761956) <- 'A Review on Improving the Accuracy of Effort Estimation in S' (10.1109/icitacee62763.2024.10761956)
2026-07-10 00:39:06,676 INFO   Merged: 'Towards Two-Step Fine-Tuned Abstractive Summarization for Lo' (10.14569/ijacsa.2025.01602120) <- 'Towards Two-Step Fine-Tuned Abstractive Summarization for Lo' (10.14569/ijacsa.2025.01602120)
2026-07-10 00:39:06,676 INFO   Merged: 'The influence of video game structural characteristics and g' (10.1063/5.0124797) <- 'The influence of video game structural characteristics and g' (10.1063/5.0124797)
2026-07-10 00:39:06,676 INFO   Merged: 'Parental Control Model for High School E-Learning' (None) <- 'Parental Control Model for High School E-Learning' (None)
2026-07-10 00:39:06,676 INFO   Merged: 'Interoperability model for eGoverment service based on adapt' (10.1109/icodse.2015.7436986) <- 'Interoperability model for eGoverment service based on adapt' (10.1109/icodse.2015.7436986)
2026-07-10 00:39:06,676 INFO   Merged: 'Development and evaluation of a low cost music based exergam' (10.1109/iciteed.2016.7863261) <- 'Development and evaluation of a low cost music based exergam' (10.1109/iciteed.2016.7863261)
2026-07-10 00:39:06,676 INFO   Merged: 'Use Case Points based software effort prediction using regre' (10.1109/icacsis47736.2019.8979851) <- 'Use Case Points based software effort prediction using regre' (10.1109/icacsis47736.2019.8979851)
2026-07-10 00:39:06,676 INFO   Merged: 'API Design and Development for Developer Payroll in Startups' (10.1109/icst47872.2019.9166252) <- 'API Design and Development for Developer Payroll in Startups' (10.1109/icst47872.2019.9166252)
2026-07-10 00:39:06,676 INFO   Merged: 'Mapping of Instructional Design of MOOC’s Elements' (10.35957/jatisi.v9i3.2195) <- 'Mapping of Instructional Design of MOOC’s Elements' (10.35957/jatisi.v9i3.2195)
2026-07-10 00:39:06,676 INFO   Merged: 'Augmented Reality Application for Book Promotion' (None) <- 'Augmented Reality Application for Book Promotion' (None)
2026-07-10 00:39:06,676 INFO   Merged: 'Learning from the Case Studies, How Global Software Developm' (10.24002/jbi.v1i2.297) <- 'Learning from the Case Studies, How Global Software Developm' (10.24002/jbi.v1i2.297)
2026-07-10 00:39:06,676 INFO   Merged: 'ANALISIS METODE KUSTOMISASI PADA ENTERPRISE RESOURCE PLANNIN' (10.13140/rg.2.2.12061.92645) <- 'ANALISIS METODE KUSTOMISASI PADA ENTERPRISE RESOURCE PLANNIN' (10.13140/rg.2.2.12061.92645)
2026-07-10 00:39:06,676 INFO   Merged: 'Global eXtreme Programming, a Software Engineering Framework' (None) <- 'Global eXtreme Programming, a Software Engineering Framework' (None)
2026-07-10 00:39:06,676 INFO   Merged: 'Stimulasi Denyut Jantung dengan Pemutar Musik pada Android' (10.21456/vol4iss3pp205-210) <- 'Stimulasi Denyut Jantung dengan Pemutar Musik pada Android' (10.21456/vol4iss3pp205-210)
2026-07-10 00:39:06,676 INFO   Merged: 'Analysis of Data Quality Maturity in a Higher Education Inst' (10.1166/asl.2015.6433) <- 'Analysis of Data Quality Maturity in a Higher Education Inst' (10.1166/asl.2015.6433)
2026-07-10 00:39:06,676 INFO   Merged: 'ANALISIS UNSUR BUDAYA PADA HIDANGAN MENGGUNAKAN INGREDIENT N' (None) <- 'ANALISIS UNSUR BUDAYA PADA HIDANGAN MENGGUNAKAN INGREDIENT N' (None)
2026-07-10 00:39:06,676 INFO   Merged: 'Comparative analysis of document management systems for docu' (10.1109/inaes.2017.8068544) <- 'Comparative analysis of document management systems for docu' (10.1109/inaes.2017.8068544)
2026-07-10 00:39:06,676 INFO   Merged: 'Improvement of fusion algorithm using cascade method and imp' (10.3233/web-180391) <- 'Improvement of fusion algorithm using cascade method and imp' (10.3233/web-180391)
2026-07-10 00:39:06,676 INFO   Merged: 'Selecting elicitation technique on requirements elicitation ' (10.1088/1757-899x/434/1/012056) <- 'Selecting elicitation technique on requirements elicitation ' (10.1088/1757-899x/434/1/012056)
2026-07-10 00:39:06,676 INFO   Merged: 'ANALISIS RESPON AFEKTIF TERHADAP USER INTERFACE B2C MCOMMERC' (None) <- 'ANALISIS RESPON AFEKTIF TERHADAP USER INTERFACE B2C MCOMMERC' (None)
2026-07-10 00:39:06,676 INFO   Merged: 'Developer Payroll Approaches for Startup Environment Based o' (10.1016/j.procs.2019.11.100) <- 'Developer Payroll Approaches for Startup Environment Based o' (10.1016/j.procs.2019.11.100)
2026-07-10 00:39:06,676 INFO   Merged: 'The Comparison of Cloud Migration Effort on Platform as a Se' (10.1088/1742-6596/1577/1/012056) <- 'The Comparison of Cloud Migration Effort on Platform as a Se' (10.1088/1742-6596/1577/1/012056)
2026-07-10 00:39:06,676 INFO   Merged: 'Development of Taxation Application for Start-up based on Cl' (10.5220/0010354602120222) <- 'Development of Taxation Application for Start-up based on Cl' (10.5220/0010354602120222)
2026-07-10 00:39:06,676 INFO   Merged: 'Optimizing SVM Hyperparameters using Predatory Swarms Algori' (10.23919/eecsi56542.2022.9946456) <- 'Optimizing SVM Hyperparameters using Predatory Swarms Algori' (10.23919/eecsi56542.2022.9946456)
2026-07-10 00:39:06,676 INFO   Merged: 'Optimizing Sisnaker Training Services: A Holistic Approach w' (10.1109/icitisee58992.2023.10404497) <- 'Optimizing Sisnaker Training Services: A Holistic Approach w' (10.1109/icitisee58992.2023.10404497)
2026-07-10 00:39:06,676 INFO   Merged: 'A Review Transformation Customer Service with Customer Relat' (10.1109/iwaiip58158.2023.10462818) <- 'A Review Transformation Customer Service with Customer Relat' (10.1109/iwaiip58158.2023.10462818)
2026-07-10 00:39:06,676 INFO   Merged: 'Pemodelan Lingkungan Virtual untuk Interaksi Avatar Berbasis' (10.24002/jbi.v3i2.321) <- 'Pemodelan Lingkungan Virtual untuk Interaksi Avatar Berbasis' (10.24002/jbi.v3i2.321)
2026-07-10 00:39:06,676 INFO   Merged: 'Context-Aware Mobile Learning Model for Traveler' (10.1166/asl.2015.6441) <- 'Context-Aware Mobile Learning Model for Traveler' (10.1166/asl.2015.6441)
2026-07-10 00:39:06,676 INFO   Merged: 'IMPLEMENTASI PERCEPTUAL USER INTERFACE PADA VIRTUAL MUSIC IN' (None) <- 'IMPLEMENTASI PERCEPTUAL USER INTERFACE PADA VIRTUAL MUSIC IN' (None)
2026-07-10 00:39:06,676 INFO   Merged: 'PEMODELAN PENGENALAN PENANDA AUGMENTED REALITY DENGAN METAIO' (None) <- 'PEMODELAN PENGENALAN PENANDA AUGMENTED REALITY DENGAN METAIO' (None)
2026-07-10 00:39:06,676 INFO   Merged: 'RANCANG BANGUN INTEGRASI DOMAIN CONTROLLER ACTIVE DIRECTORY ' (None) <- 'RANCANG BANGUN INTEGRASI DOMAIN CONTROLLER ACTIVE DIRECTORY ' (None)
2026-07-10 00:39:06,676 INFO   Merged: 'Algoritma Sinkronisasi Data pada Teknologi Basisdata MySQL d' (None) <- 'Algoritma Sinkronisasi Data pada Teknologi Basisdata MySQL d' (None)
2026-07-10 00:39:06,676 INFO   Merged: 'APLIKASI CHATTING YANG BERORIENTASI EDUKATIF PADA PLATFORM W' (None) <- 'APLIKASI CHATTING YANG BERORIENTASI EDUKATIF PADA PLATFORM W' (None)
2026-07-10 00:39:06,676 INFO   Merged: 'Transformasi XML dengan Skema Relax-NG menjadi Komponen GUI ' (10.13140/rg.2.2.11223.06560) <- 'Transformasi XML dengan Skema Relax-NG menjadi Komponen GUI ' (10.13140/rg.2.2.11223.06560)
2026-07-10 00:39:06,676 INFO   Merged: 'Microsoft kinectを用いた低コスト音楽基づくexergameの開発と評価【Powered by NICT】' (None) <- 'Microsoft kinectを用いた低コスト音楽基づくexergameの開発と評価【Powered by NICT】' (None)
2026-07-10 00:39:06,676 INFO   Merged: 'PENGEMBANGAN WEB BASED EXPERT SYSTEM DALAM IDENTIFIKASIMIKRO' (None) <- 'PENGEMBANGAN WEB BASED EXPERT SYSTEM DALAM IDENTIFIKASIMIKRO' (None)
2026-07-10 00:39:06,676 INFO   Merged: 'Integrated Cloud Storage on Paperless Thesis Examination' (10.1109/icstc.2018.8528573) <- 'Integrated Cloud Storage on Paperless Thesis Examination' (10.1109/icstc.2018.8528573)
2026-07-10 00:39:06,676 INFO   Merged: 'HANDLING MODEL MESIN TIGA DIMENSI DENGAN MICROSOFT KINECT UN' (10.22219/sentra.v0i2.1858) <- 'HANDLING MODEL MESIN TIGA DIMENSI DENGAN MICROSOFT KINECT UN' (10.22219/sentra.v0i2.1858)
2026-07-10 00:39:06,676 INFO   Merged: 'PERANCANGAN SARANA INFORMASI PARIWISATA BERBASISLOKASI DENGA' (10.22219/sentra.v0i1.1981) <- 'PERANCANGAN SARANA INFORMASI PARIWISATA BERBASISLOKASI DENGA' (10.22219/sentra.v0i1.1981)
2026-07-10 00:39:06,676 INFO   Merged: 'Reverse Engineering Website Navigation Using an Information ' (10.1088/1742-6596/1577/1/012054) <- 'Reverse Engineering Website Navigation Using an Information ' (10.1088/1742-6596/1577/1/012054)
2026-07-10 00:39:06,676 INFO   Merged: 'Measuring User Experience on Massive Open Online Course with' (10.52162/2.201996) <- 'Measuring User Experience on Massive Open Online Course with' (10.52162/2.201996)
2026-07-10 00:39:06,676 INFO   Merged: 'Implementasi Komunikasi Bisnis pada Startup dengan Model BMC' (None) <- 'Implementasi Komunikasi Bisnis pada Startup dengan Model BMC' (None)
2026-07-10 00:39:06,676 INFO   Merged: 'Impact of Matrix Factorization and Regularization Hyperparam' (10.11591/eecsi.v5.1685) <- 'Impact of Matrix Factorization and Regularization Hyperparam' (10.11591/eecsi.v5.1685)
2026-07-10 00:39:06,676 INFO   Merged: 'Measuring User Experience on Massive Open Online Course with' (10.47028/096) <- 'Measuring User Experience on Massive Open Online Course with' (10.47028/096)
2026-07-10 00:39:06,676 INFO   Merged: 'An Ontology Model for Formative Assessments' (10.1109/icitee56407.2022.9954082) <- 'An Ontology Model for Formative Assessments' (10.1109/icitee56407.2022.9954082)
2026-07-10 00:39:06,676 INFO   Merged: 'Measuring Trust Perception during Information Evaluation' (10.1109/icitee56407.2022.9954094) <- 'Measuring Trust Perception during Information Evaluation' (10.1109/icitee56407.2022.9954094)
2026-07-10 00:39:06,676 INFO   Merged: 'Auto-response Email based on User Habits with Privacy Model ' (10.32996/jcsts.2022.4.2.15) <- 'Auto-response Email based on User Habits with Privacy Model ' (10.32996/jcsts.2022.4.2.15)
2026-07-10 00:39:06,676 INFO   Merged: 'Research Methods to Build a Reference Model for Designing Ad' (10.1007/978-3-031-30769-0_11) <- 'Research Methods to Build a Reference Model for Designing Ad' (10.1007/978-3-031-30769-0_11)
2026-07-10 00:39:06,676 INFO   Merged: 'Pengenalan Dokumen Perjalanan Menggunakan Image Capture Came' (10.15294/edukomputika.v5i2.27498) <- 'Pengenalan Dokumen Perjalanan Menggunakan Image Capture Came' (10.15294/edukomputika.v5i2.27498)
2026-07-10 00:39:06,677 INFO   Merged: 'Computer Vision for Determining Trajectory and Impact Positi' (10.1109/ice3is59323.2023.10335201) <- 'Computer Vision for Determining Trajectory and Impact Positi' (10.1109/ice3is59323.2023.10335201)
2026-07-10 00:39:06,677 INFO   Merged: 'Area target calibration in weapon scoring system using compu' (10.1063/5.0193738) <- 'Area target calibration in weapon scoring system using compu' (10.1063/5.0193738)
2026-07-10 00:39:06,677 INFO   Merged: 'Strategic implementation of outcome-based education' (10.18844/cerj.v14i2.9444) <- 'Strategic implementation of outcome-based education' (10.18844/cerj.v14i2.9444)
2026-07-10 00:39:06,677 INFO   Merged: 'Evaluation of Narrative in Serious Games as an Educational S' (10.1109/icitcom62788.2024.10762326) <- 'Evaluation of Narrative in Serious Games as an Educational S' (10.1109/icitcom62788.2024.10762326)
2026-07-10 00:39:06,677 INFO   Merged: 'Design Mechanics and Gameplay using LM-GM of a Serious Game ' (10.1109/icitcom62788.2024.10762370) <- 'Design Mechanics and Gameplay using LM-GM of a Serious Game ' (10.1109/icitcom62788.2024.10762370)
2026-07-10 00:39:06,677 INFO   Merged: 'Verbalization Categories during Information Evaluation' (10.1109/icitee62483.2024.10808361) <- 'Verbalization Categories during Information Evaluation' (10.1109/icitee62483.2024.10808361)
2026-07-10 00:39:06,677 INFO   Merged: 'Load Testing Method For Measure The Capability Of MOOC Platf' (10.1109/icted62334.2024.10844671) <- 'Load Testing Method For Measure The Capability Of MOOC Platf' (10.1109/icted62334.2024.10844671)
2026-07-10 00:39:06,677 INFO   Merged: 'Target Area Georeference Algorithm for Evaluating the Impact' (10.14716/ijtech.v16i2.5886) <- 'Target Area Georeference Algorithm for Evaluating the Impact' (10.14716/ijtech.v16i2.5886)
2026-07-10 00:39:06,677 INFO   Merged: 'House of Risk Phase 1: A Tool for Identifying and Prioritizi' (10.1109/icadeis65852.2025.10933042) <- 'House of Risk Phase 1: A Tool for Identifying and Prioritizi' (10.1109/icadeis65852.2025.10933042)
2026-07-10 00:39:06,677 INFO   Merged: 'Trust Perception and Information Use for Informational Websi' (10.22146/jnteti.v14i1.16326) <- 'Trust Perception and Information Use for Informational Websi' (10.22146/jnteti.v14i1.16326)
2026-07-10 00:39:06,677 INFO   Merged: 'Comparative Study of Digital Sibling Video AI Platform' (10.1109/metacom65502.2025.00012) <- 'Comparative Study of Digital Sibling Video AI Platform' (10.1109/metacom65502.2025.00012)
2026-07-10 00:39:06,677 INFO   Merged: 'Future Trends Business Process Model Automation – Systematic' (10.4028/p-rsl0y2) <- 'Future Trends Business Process Model Automation – Systematic' (10.4028/p-rsl0y2)
2026-07-10 00:39:06,677 INFO   Merged: 'Multi-Agent System for Querying and Visualization Using Larg' (10.1109/ccet66260.2025.11199504) <- 'Multi-Agent System for Querying and Visualization Using Larg' (10.1109/ccet66260.2025.11199504)
2026-07-10 00:39:06,677 INFO   Merged: 'Task-Oriented Context Engineering for Pedagogic Agent Powere' (10.1109/incit66780.2025.11276004) <- 'Task-Oriented Context Engineering for Pedagogic Agent Powere' (10.1109/incit66780.2025.11276004)
2026-07-10 00:39:06,677 INFO   Merged: 'Automating High Performance Computing Account Provisioning U' (10.1109/ice3is66769.2025.11280834) <- 'Automating High Performance Computing Account Provisioning U' (10.1109/ice3is66769.2025.11280834)
2026-07-10 00:39:06,677 INFO   Merged: 'Future Direction of HPC System: Challenges, Solutions, and E' (10.1109/southeastcon63549.2026.11476135) <- 'Future Direction of HPC System: Challenges, Solutions, and E' (10.1109/southeastcon63549.2026.11476135)
2026-07-10 00:39:06,677 INFO   Merged: 'Out-of-Fold Stacking for Reliable Transformer Ensembles in I' (10.1109/iccraids67816.2026.11519635) <- 'Out-of-Fold Stacking for Reliable Transformer Ensembles in I' (10.1109/iccraids67816.2026.11519635)
2026-07-10 00:39:06,677 INFO   Merged: 'IMPLEMENTASI DATA FORWARDING SERVER DALAM PENGELOLAAN DATA U' (10.55686/ristek.v8i2.170) <- 'IMPLEMENTASI DATA FORWARDING SERVER DALAM PENGELOLAAN DATA U' (10.55686/ristek.v8i2.170)
2026-07-10 00:39:06,677 INFO   Merged: 'Perbandingan Performa OpenPLC dengan PLC Komersial' (10.30871/jaee.v8i2.8710) <- 'Perbandingan Performa OpenPLC dengan PLC Komersial' (10.30871/jaee.v8i2.8710)
2026-07-10 00:39:06,677 INFO   Merged: 'Comparing LACP Implementation between Ryu and Opendaylight S' (10.1109/iciteed.2019.8929986) <- 'Comparing LACP Implementation between Ryu and Opendaylight S' (10.1109/iciteed.2019.8929986)
2026-07-10 00:39:06,677 INFO   Merged: 'Spectrum Sensing Using SVM Based Energy Detection in Cogniti' (10.1109/isriti60336.2023.10467607) <- 'Spectrum Sensing Using SVM Based Energy Detection in Cogniti' (10.1109/isriti60336.2023.10467607)
2026-07-10 00:39:06,677 INFO   Merged: 'Development of embedded gateway for Wireless Sensor Network ' (10.1109/iciteed.2014.7007920) <- 'Development of embedded gateway for Wireless Sensor Network ' (10.1109/iciteed.2014.7007920)
2026-07-10 00:39:06,677 INFO   Merged: 'LACP Experiment using Multiple Flow Table in Ryu SDN Control' (10.1109/icaiti48442.2019.8982149) <- 'LACP Experiment using Multiple Flow Table in Ryu SDN Control' (10.1109/icaiti48442.2019.8982149)
2026-07-10 00:39:06,677 INFO   Merged: 'Spectrum Sensing Using Adaptive Threshold Based Energy Detec' (10.1109/isriti54043.2021.9702818) <- 'Spectrum Sensing Using Adaptive Threshold Based Energy Detec' (10.1109/isriti54043.2021.9702818)
2026-07-10 00:39:06,677 INFO   Merged: 'Simulation of Signal Processing for Ship Detection on Two Ov' (10.1109/icitee49829.2020.9271698) <- 'Simulation of Signal Processing for Ship Detection on Two Ov' (10.1109/icitee49829.2020.9271698)
2026-07-10 00:39:06,677 INFO   Merged: 'Applying Machine Learning for Improving Performance Classifi' (10.22146/ijitee.56919) <- 'Applying Machine Learning for Improving Performance Classifi' (10.22146/ijitee.56919)
2026-07-10 00:39:06,677 INFO   Merged: 'OLS' (10.1145/1592606.1592630) <- 'OLS' (10.1145/1592606.1592630)
2026-07-10 00:39:06,677 INFO   Merged: 'MapUme: Scalable middleware for location aware computing app' (10.1109/ipin.2011.6071950) <- 'MapUme: Scalable middleware for location aware computing app' (10.1109/ipin.2011.6071950)
2026-07-10 00:39:06,677 INFO   Merged: 'Applying Machine Learning for Improving Performance Classifi' (10.22146/ijitee.55599) <- 'Applying Machine Learning for Improving Performance Classifi' (10.22146/ijitee.55599)
2026-07-10 00:39:06,677 INFO   Merged: 'Performance of Energy Detection Spectrum Sensing for Cogniti' (10.22146/jnteti.v11i3.3757) <- 'Performance of Energy Detection Spectrum Sensing for Cogniti' (10.22146/jnteti.v11i3.3757)
2026-07-10 00:39:06,677 INFO   Merged: 'Bragg Peak Detection Using Compatible Mother Wavelet on Ocea' (10.1109/icitee59582.2023.10317710) <- 'Bragg Peak Detection Using Compatible Mother Wavelet on Ocea' (10.1109/icitee59582.2023.10317710)
2026-07-10 00:39:06,677 INFO   Merged: 'Wireless Sensor Network Quality of Service Improvement on Fl' (10.1088/1757-899x/333/1/012108) <- 'Wireless Sensor Network Quality of Service Improvement on Fl' (10.1088/1757-899x/333/1/012108)
2026-07-10 00:39:06,677 INFO   Merged: 'Cooperative Sensing Method to Improve Energy Detection Perfo' (10.1109/apwimob56856.2022.10014267) <- 'Cooperative Sensing Method to Improve Energy Detection Perfo' (10.1109/apwimob56856.2022.10014267)
2026-07-10 00:39:06,677 INFO   Merged: 'Comparison of Ship Tracking Algorithms on Dual Overlapping H' (10.1109/icitee62483.2024.10808939) <- 'Comparison of Ship Tracking Algorithms on Dual Overlapping H' (10.1109/icitee62483.2024.10808939)
2026-07-10 00:39:06,677 INFO   Merged: 'Evaluation of PV Solar Panels Based on Specific Energy with ' (10.1109/ict-pep67281.2025.11231842) <- 'Evaluation of PV Solar Panels Based on Specific Energy with ' (10.1109/ict-pep67281.2025.11231842)
2026-07-10 00:39:06,677 INFO   Merged: 'State of Charge (SOC) and State of Health (SOH) estimation o' (10.1109/icstc.2016.7877354) <- 'State of Charge (SOC) and State of Health (SOH) estimation o' (10.1109/icstc.2016.7877354)
2026-07-10 00:39:06,677 INFO   Merged: 'Energy Management in Hybrid Electric and Hybrid Energy Stora' (10.1109/access.2024.3390436) <- 'Energy Management in Hybrid Electric and Hybrid Energy Stora' (10.1109/access.2024.3390436)
2026-07-10 00:39:06,677 INFO   Merged: 'Design of Simple ECU for LPG Fuel Injection on Conventional ' (10.1109/icstc.2018.8528620) <- 'Design of Simple ECU for LPG Fuel Injection on Conventional ' (10.1109/icstc.2018.8528620)
2026-07-10 00:39:06,677 INFO   Merged: 'Enhanced early prediction of Li-ion battery degradation usin' (10.1016/j.rineng.2025.104235) <- 'Enhanced early prediction of Li-ion battery degradation usin' (10.1016/j.rineng.2025.104235)
2026-07-10 00:39:06,677 INFO   Merged: 'UAV obstacle avoidance using potential field under dynamic e' (10.1109/iccerec.2015.7337041) <- 'UAV obstacle avoidance using potential field under dynamic e' (10.1109/iccerec.2015.7337041)
2026-07-10 00:39:06,677 INFO   Merged: 'Comparison of State-of-Charge (SOC) estimation performance b' (10.1109/icacomit.2017.8253389) <- 'Comparison of State-of-Charge (SOC) estimation performance b' (10.1109/icacomit.2017.8253389)
2026-07-10 00:39:06,677 INFO   Merged: 'Quadrotor Path Planning Based on Modified Fuzzy Cell Decompo' (10.12928/telkomnika.v14i2.2989) <- 'Quadrotor Path Planning Based on Modified Fuzzy Cell Decompo' (10.12928/telkomnika.v14i2.2989)
2026-07-10 00:39:06,677 INFO   Merged: 'Smoothed A-star Algorithm for Nonholonomic Mobile Robot Path' (10.1109/icoiact46704.2019.8938467) <- 'Smoothed A-star Algorithm for Nonholonomic Mobile Robot Path' (10.1109/icoiact46704.2019.8938467)
2026-07-10 00:39:06,677 INFO   Merged: 'Path planning and formation control via potential function f' (10.1109/aris.2014.6871517) <- 'Path planning and formation control via potential function f' (10.1109/aris.2014.6871517)
2026-07-10 00:39:06,677 INFO   Merged: 'Low Pass Filter as Energy Management for Hybrid Energy Stora' (10.31603/ae.9398) <- 'Low Pass Filter as Energy Management for Hybrid Energy Stora' (10.31603/ae.9398)
2026-07-10 00:39:06,677 INFO   Merged: 'Optimal Sizing and Improved Low-Pass Filter Energy Managemen' (10.1109/access.2024.3509481) <- 'Optimal Sizing and Improved Low-Pass Filter Energy Managemen' (10.1109/access.2024.3509481)
2026-07-10 00:39:06,677 INFO   Merged: 'Real-time Energy Management Strategy of Hybrid Electric Vehi' (10.5829/ije.2025.38.12c.07) <- 'Real-time Energy Management Strategy of Hybrid Electric Vehi' (10.5829/ije.2025.38.12c.07)
2026-07-10 00:39:06,677 INFO   Merged: 'Inertial Navigation for Quadrotor Using Kalman Filter with D' (10.11591/ijece.v7i5.pp2596-2604) <- 'Inertial Navigation for Quadrotor Using Kalman Filter with D' (10.11591/ijece.v7i5.pp2596-2604)
2026-07-10 00:39:06,677 INFO   Merged: 'Optimal energy control of DC Motor speed control: Comparativ' (10.1109/ic3ina.2013.6819154) <- 'Optimal energy control of DC Motor speed control: Comparativ' (10.1109/ic3ina.2013.6819154)
2026-07-10 00:39:06,677 INFO   Merged: 'An Integrated Artificial Potential Field Path Planning with ' (10.18517/ijaseit.6.4.832) <- 'An Integrated Artificial Potential Field Path Planning with ' (10.18517/ijaseit.6.4.832)
2026-07-10 00:39:06,677 INFO   Merged: 'Control of a magnetic levitation system using feedback linea' (10.1109/ic3ina.2013.6819156) <- 'Control of a magnetic levitation system using feedback linea' (10.1109/ic3ina.2013.6819156)
2026-07-10 00:39:06,677 INFO   Merged: 'Current estimation using Thevenin battery model' (10.1109/icevtimece.2015.7496638) <- 'Current estimation using Thevenin battery model' (10.1109/icevtimece.2015.7496638)
2026-07-10 00:39:06,677 INFO   Merged: 'Comparative Study Between Internal Ohmic Resistance and Capa' (10.14203/j.mev.2015.v6.113-122) <- 'Comparative Study Between Internal Ohmic Resistance and Capa' (10.14203/j.mev.2015.v6.113-122)
2026-07-10 00:39:06,677 INFO   Merged: 'Altitude control for quadrotor with mamdani fuzzy model' (10.1109/icsitech.2015.7407823) <- 'Altitude control for quadrotor with mamdani fuzzy model' (10.1109/icsitech.2015.7407823)
2026-07-10 00:39:06,677 INFO   Merged: 'Tracking Control of High Order Input Reference Using Integra' (10.1109/access.2020.3029115) <- 'Tracking Control of High Order Input Reference Using Integra' (10.1109/access.2020.3029115)
2026-07-10 00:39:06,677 INFO   Merged: 'Battery management system via bus network for multi battery ' (10.1109/iceecs.2014.7045241) <- 'Battery management system via bus network for multi battery ' (10.1109/iceecs.2014.7045241)
2026-07-10 00:39:06,677 INFO   Merged: 'Passive balancing of battery lithium polymer using shunt res' (10.1063/1.4958529) <- 'Passive balancing of battery lithium polymer using shunt res' (10.1063/1.4958529)
2026-07-10 00:39:06,677 INFO   Merged: 'Path Planning Based on Fuzzy Decision Trees and Potential Fi' (10.11591/ijece.v6i1.pp212-222) <- 'Path Planning Based on Fuzzy Decision Trees and Potential Fi' (10.11591/ijece.v6i1.pp212-222)
2026-07-10 00:39:06,677 INFO   Merged: '3D object modeling using data fusion from laser sensor on qu' (10.1063/1.4958603) <- '3D object modeling using data fusion from laser sensor on qu' (10.1063/1.4958603)
2026-07-10 00:39:06,677 INFO   Merged: 'PID-hybrid tuning to improve control performance in speed co' (10.1109/ica.2013.6734078) <- 'PID-hybrid tuning to improve control performance in speed co' (10.1109/ica.2013.6734078)
2026-07-10 00:39:06,677 INFO   Merged: 'Reinforcement Learning for Cart Pole Inverted Pendulum Syste' (10.1109/ieacon51066.2021.9654440) <- 'Reinforcement Learning for Cart Pole Inverted Pendulum Syste' (10.1109/ieacon51066.2021.9654440)
2026-07-10 00:39:06,677 INFO   Merged: 'Optimizing Low Pass Filter Cut-off Frequency for Energy Mana' (10.18280/mmep.100539) <- 'Optimizing Low Pass Filter Cut-off Frequency for Energy Mana' (10.18280/mmep.100539)
2026-07-10 00:39:06,677 INFO   Merged: 'Novel iterative Ragone plot-based optimization of low pass f' (10.1016/j.prime.2023.100389) <- 'Novel iterative Ragone plot-based optimization of low pass f' (10.1016/j.prime.2023.100389)
2026-07-10 00:39:06,678 INFO   Merged: 'Speed control simulation of DC servomotor using hybrid PID-f' (10.1109/ic3ina.2017.8251747) <- 'Speed control simulation of DC servomotor using hybrid PID-f' (10.1109/ic3ina.2017.8251747)
2026-07-10 00:39:06,678 INFO   Merged: 'Enhanced Equation Discovery of 3-DoF Robotic Manipulator Dyn' (10.1109/access.2024.3354374) <- 'Enhanced Equation Discovery of 3-DoF Robotic Manipulator Dyn' (10.1109/access.2024.3354374)
2026-07-10 00:39:06,678 INFO   Merged: 'Energy Management of Dual-Sources Electric Vehicles Using Ad' (10.1109/ict-pep60152.2023.10351165) <- 'Energy Management of Dual-Sources Electric Vehicles Using Ad' (10.1109/ict-pep60152.2023.10351165)
2026-07-10 00:39:06,678 INFO   Merged: 'Attitude control of UAV bicopter using adaptive LQG' (10.1016/j.rico.2024.100484) <- 'Attitude control of UAV bicopter using adaptive LQG' (10.1016/j.rico.2024.100484)
2026-07-10 00:39:06,678 INFO   Merged: 'Self-learning low-pass filter for energy management of hybri' (10.1016/j.enss.2025.09.003) <- 'Self-learning low-pass filter for energy management of hybri' (10.1016/j.enss.2025.09.003)
2026-07-10 00:39:06,678 INFO   Merged: 'Path Planning Based on Fuzzy Decision Trees and Potential Fi' (10.11591/ijece.v6i1.8606) <- 'Path Planning Based on Fuzzy Decision Trees and Potential Fi' (10.11591/ijece.v6i1.8606)
2026-07-10 00:39:06,678 INFO   Merged: 'CDM Based Servo State Feedback Controller with Feedback Line' (10.18517/ijaseit.8.3.1218) <- 'CDM Based Servo State Feedback Controller with Feedback Line' (10.18517/ijaseit.8.3.1218)
2026-07-10 00:39:06,678 INFO   Merged: 'The state of health of Li-Po batteries based on the battery'' (10.1109/rict-icevt.2013.6741508) <- 'The state of health of Li-Po batteries based on the battery'' (10.1109/rict-icevt.2013.6741508)
2026-07-10 00:39:06,678 INFO   Merged: 'A Novel of Repulsive Function on Artificial Potential Field ' (10.11591/ijece.v6i6.pp3262-3275) <- 'A Novel of Repulsive Function on Artificial Potential Field ' (10.11591/ijece.v6i6.pp3262-3275)
2026-07-10 00:39:06,678 INFO   Merged: 'Path planning of decentralized multi-quadrotor based on fuzz' (10.1063/1.4981201) <- 'Path planning of decentralized multi-quadrotor based on fuzz' (10.1063/1.4981201)
2026-07-10 00:39:06,678 INFO   Merged: 'Application of Artificial Potential Field for Coverage Contr' (10.1007/s40313-020-00571-2) <- 'Application of Artificial Potential Field for Coverage Contr' (10.1007/s40313-020-00571-2)
2026-07-10 00:39:06,678 INFO   Merged: 'Hover Position of Quadrotor Based on PD-like Fuzzy Linear Pr' (10.11591/ijece.v6i5.9188) <- 'Hover Position of Quadrotor Based on PD-like Fuzzy Linear Pr' (10.11591/ijece.v6i5.9188)
2026-07-10 00:39:06,678 INFO   Merged: 'Servo state feedback based on Coefficient Diagram Method in ' (10.1109/icstc.2017.8011846) <- 'Servo state feedback based on Coefficient Diagram Method in ' (10.1109/icstc.2017.8011846)
2026-07-10 00:39:06,678 INFO   Merged: 'Formation Pattern Based on Modified Cell Decomposition Algor' (10.18517/ijaseit.7.3.932) <- 'Formation Pattern Based on Modified Cell Decomposition Algor' (10.18517/ijaseit.7.3.932)
2026-07-10 00:39:06,678 INFO   Merged: 'LSTM for State of Charge Estimation of Lithium Polymer Batte' (10.1109/icitee53064.2021.9611940) <- 'LSTM for State of Charge Estimation of Lithium Polymer Batte' (10.1109/icitee53064.2021.9611940)
2026-07-10 00:39:06,678 INFO   Merged: 'Implementation of Improved Artificial Potential Field Path P' (10.1109/icitee56407.2022.9954079) <- 'Implementation of Improved Artificial Potential Field Path P' (10.1109/icitee56407.2022.9954079)
2026-07-10 00:39:06,678 INFO   Merged: 'Online Battery Parameter And Open Circuit Voltage (OCV) Esti' (10.31358/techne.v15i01.141) <- 'Online Battery Parameter And Open Circuit Voltage (OCV) Esti' (10.31358/techne.v15i01.141)
2026-07-10 00:39:06,678 INFO   Merged: 'A Review of Adaptive Filter Algorithm-Based Battery State of' (10.1109/ismode53584.2022.9743104) <- 'A Review of Adaptive Filter Algorithm-Based Battery State of' (10.1109/ismode53584.2022.9743104)
2026-07-10 00:39:06,678 INFO   Merged: 'Fault Detection Algorithm on Lithium-Polymer (Li-Po) Battery' (10.1109/ismode53584.2022.9743048) <- 'Fault Detection Algorithm on Lithium-Polymer (Li-Po) Battery' (10.1109/ismode53584.2022.9743048)
2026-07-10 00:39:06,678 INFO   Merged: 'Single-Axis Solar Tracker for Solar Panel with Power and Cos' (10.1109/icamimia54022.2021.9807779) <- 'Single-Axis Solar Tracker for Solar Panel with Power and Cos' (10.1109/icamimia54022.2021.9807779)
2026-07-10 00:39:06,678 INFO   Merged: 'Enhancing Low-Pass Filter Energy Management with Adaptive St' (10.5829/ije.2024.37.08b.03) <- 'Enhancing Low-Pass Filter Energy Management with Adaptive St' (10.5829/ije.2024.37.08b.03)
2026-07-10 00:39:06,678 INFO   Merged: 'Backpropagation neural network models for LiFePO4 battery' (10.1063/1.4958527) <- 'Backpropagation neural network models for LiFePO4 battery' (10.1063/1.4958527)
2026-07-10 00:39:06,678 INFO   Merged: 'Trajectory and altitude controls for autonomous hover of a q' (10.1109/iciteed.2016.7863226) <- 'Trajectory and altitude controls for autonomous hover of a q' (10.1109/iciteed.2016.7863226)
2026-07-10 00:39:06,678 INFO   Merged: 'Hovering Control of Quadrotor Based on Fuzzy Logic' (10.11591/ijpeds.v8.i1.pp492-504) <- 'Hovering Control of Quadrotor Based on Fuzzy Logic' (10.11591/ijpeds.v8.i1.pp492-504)
2026-07-10 00:39:06,678 INFO   Merged: 'Attitude Control of Quadrotor Using PD Plus Feedforward cont' (10.11591/ijece.v8i1.pp566-575) <- 'Attitude Control of Quadrotor Using PD Plus Feedforward cont' (10.11591/ijece.v8i1.pp566-575)
2026-07-10 00:39:06,678 INFO   Merged: 'Modified sliding mode control with uncertainties behavior of' (10.1109/robionetics.2013.6743603) <- 'Modified sliding mode control with uncertainties behavior of' (10.1109/robionetics.2013.6743603)
2026-07-10 00:39:06,678 INFO   Merged: 'Pengolahan Isyarat Load Cell Menggunakan Metode Simple Movin' (None) <- 'Pengolahan Isyarat Load Cell Menggunakan Metode Simple Movin' (None)
2026-07-10 00:39:06,678 INFO   Merged: 'State of Charge Estimation for Lithium Polymer Battery using' (10.1109/icoiact46704.2019.8938490) <- 'State of Charge Estimation for Lithium Polymer Battery using' (10.1109/icoiact46704.2019.8938490)
2026-07-10 00:39:06,678 INFO   Merged: 'The comparison of RBF NN and BPNN for SOC estimation of LiFe' (10.1063/1.4958528) <- 'The comparison of RBF NN and BPNN for SOC estimation of LiFe' (10.1063/1.4958528)
2026-07-10 00:39:06,678 INFO   Merged: 'Effect of different core materials in very low voltage induc' (10.14203/j.mev.2021.v12.95-103) <- 'Effect of different core materials in very low voltage induc' (10.14203/j.mev.2021.v12.95-103)
2026-07-10 00:39:06,678 INFO   Merged: 'Disturbance Rejection for Quadrotor Attitude Control Based o' (10.15866/ireaco.v9i6.9930) <- 'Disturbance Rejection for Quadrotor Attitude Control Based o' (10.15866/ireaco.v9i6.9930)
2026-07-10 00:39:06,678 INFO   Merged: 'State of health estimation in lithium polymer battery' (10.1063/1.4958523) <- 'State of health estimation in lithium polymer battery' (10.1063/1.4958523)
2026-07-10 00:39:06,678 INFO   Merged: 'Fault detection design and simulation based on battery model' (10.1063/1.4958526) <- 'Fault detection design and simulation based on battery model' (10.1063/1.4958526)
2026-07-10 00:39:06,678 INFO   Merged: 'Designed Observer of Dual-Polar Battery Model for Fault Dete' (10.1109/icitee53064.2021.9611949) <- 'Designed Observer of Dual-Polar Battery Model for Fault Dete' (10.1109/icitee53064.2021.9611949)
2026-07-10 00:39:06,678 INFO   Merged: 'Speed Control of a Single Taipei Mass Rapid Transit System T' (10.11591/ijece.v6i2.8123) <- 'Speed Control of a Single Taipei Mass Rapid Transit System T' (10.11591/ijece.v6i2.8123)
2026-07-10 00:39:06,678 INFO   Merged: 'Equation Discovery of KUKA 6-DoF Industrial Robotic Manipula' (10.1109/icitee62483.2024.10808945) <- 'Equation Discovery of KUKA 6-DoF Industrial Robotic Manipula' (10.1109/icitee62483.2024.10808945)
2026-07-10 00:39:06,678 INFO   Merged: 'Electric vehicle battery dynamics modelling using support ve' (10.1109/rict-icevt.2013.6741500) <- 'Electric vehicle battery dynamics modelling using support ve' (10.1109/rict-icevt.2013.6741500)
2026-07-10 00:39:06,678 INFO   Merged: 'Hover Position of Quadrotor Based on PD-like Fuzzy Linear Pr' (10.11591/ijece.v6i5.pp2251-2261) <- 'Hover Position of Quadrotor Based on PD-like Fuzzy Linear Pr' (10.11591/ijece.v6i5.pp2251-2261)
2026-07-10 00:39:06,678 INFO   Merged: 'Battery State of Charge Estimation Based on Coulomb Counting' (10.1109/icoiact46704.2019.8938577) <- 'Battery State of Charge Estimation Based on Coulomb Counting' (10.1109/icoiact46704.2019.8938577)
2026-07-10 00:39:06,678 INFO   Merged: 'Omnidirectional Sensing for Escaping Local Minimum on Potent' (10.1109/issimm.2018.8727639) <- 'Omnidirectional Sensing for Escaping Local Minimum on Potent' (10.1109/issimm.2018.8727639)
2026-07-10 00:39:06,678 INFO   Merged: 'Evaluation of State of Charge Estimation of Lithium-ion Batt' (10.1109/isriti56927.2022.10053022) <- 'Evaluation of State of Charge Estimation of Lithium-ion Batt' (10.1109/isriti56927.2022.10053022)
2026-07-10 00:39:06,678 INFO   Merged: 'Enhancing Electric Vehicle Battery Life with Hybrid Energy S' (10.1109/ict-pep63827.2024.10733380) <- 'Enhancing Electric Vehicle Battery Life with Hybrid Energy S' (10.1109/ict-pep63827.2024.10733380)
2026-07-10 00:39:06,678 INFO   Merged: 'Path planning as multi-objective optimization using the NSGA' (10.1063/5.0261570) <- 'Path planning as multi-objective optimization using the NSGA' (10.1063/5.0261570)
2026-07-10 00:39:06,678 INFO   Merged: 'Lithium polymer battery modelling and fault detection design' (10.1109/icevtimece.2015.7496639) <- 'Lithium polymer battery modelling and fault detection design' (10.1109/icevtimece.2015.7496639)
2026-07-10 00:39:06,678 INFO   Merged: 'PENGOLAHAN ISYARAT LOAD CELL SEN128A3B MENGGUNAKAN METODE MO' (None) <- 'PENGOLAHAN ISYARAT LOAD CELL SEN128A3B MENGGUNAKAN METODE MO' (None)
2026-07-10 00:39:06,678 INFO   Merged: 'Optimal path planning of a mini USV using sharp cornering al' (10.1109/icitsi.2016.7858230) <- 'Optimal path planning of a mini USV using sharp cornering al' (10.1109/icitsi.2016.7858230)
2026-07-10 00:39:06,678 INFO   Merged: 'Framework transformation for local information on artificial' (10.1109/iciteed.2016.7863252) <- 'Framework transformation for local information on artificial' (10.1109/iciteed.2016.7863252)
2026-07-10 00:39:06,678 INFO   Merged: 'State of charge estimation of Lithium Polymer battery using ' (10.1109/icstc.2016.7877346) <- 'State of charge estimation of Lithium Polymer battery using ' (10.1109/icstc.2016.7877346)
2026-07-10 00:39:06,678 INFO   Merged: 'Design of LPG Injection Mechanism with PID Control for 1 kVA' (10.1109/iciteed.2018.8534750) <- 'Design of LPG Injection Mechanism with PID Control for 1 kVA' (10.1109/iciteed.2018.8534750)
2026-07-10 00:39:06,678 INFO   Merged: 'Design and Simulation Permanent Magnet Synchronous Generator' (10.1109/cencon47160.2019.8974673) <- 'Design and Simulation Permanent Magnet Synchronous Generator' (10.1109/cencon47160.2019.8974673)
2026-07-10 00:39:06,678 INFO   Merged: 'Speed Control of a Single Taipei Mass Rapid Transit System T' (10.11591/ijece.v6i2.pp621-629) <- 'Speed Control of a Single Taipei Mass Rapid Transit System T' (10.11591/ijece.v6i2.pp621-629)
2026-07-10 00:39:06,678 INFO   Merged: 'A novel Q-scanning for convex hull algorithm' (10.1109/icevtimece.2015.7496705) <- 'A novel Q-scanning for convex hull algorithm' (10.1109/icevtimece.2015.7496705)
2026-07-10 00:39:06,678 INFO   Merged: 'ESTIMASI POSISI DENGAN MENGGUNAKAN KAMERA MONOKULAR' (10.14710/transmisi.21.1.1-9) <- 'ESTIMASI POSISI DENGAN MENGGUNAKAN KAMERA MONOKULAR' (10.14710/transmisi.21.1.1-9)
2026-07-10 00:39:06,678 INFO   Merged: 'Local Arrival Time Field based Path Planning using Guided Wa' (10.1109/icitisee.2018.8720974) <- 'Local Arrival Time Field based Path Planning using Guided Wa' (10.1109/icitisee.2018.8720974)
2026-07-10 00:39:06,678 INFO   Merged: 'Dynamic Modeling of Prime Mover on Microgrid Testbed Using I' (10.1109/time-e47986.2019.9353304) <- 'Dynamic Modeling of Prime Mover on Microgrid Testbed Using I' (10.1109/time-e47986.2019.9353304)
2026-07-10 00:39:06,678 INFO   Merged: 'Tuning LQR Parameters using Neuro Evolution of Augmenting To' (10.1109/eeccis54468.2022.9902888) <- 'Tuning LQR Parameters using Neuro Evolution of Augmenting To' (10.1109/eeccis54468.2022.9902888)
2026-07-10 00:39:06,678 INFO   Merged: 'A Trajectory Control for Bipedal Walking Robot Using Stochas' (10.5109/7151701) <- 'A Trajectory Control for Bipedal Walking Robot Using Stochas' (10.5109/7151701)
2026-07-10 00:39:06,678 INFO   Merged: 'Droop Control Strategy of Controlled Three-Phase PWM Rectifi' (10.1109/icitee59582.2023.10317653) <- 'Droop Control Strategy of Controlled Three-Phase PWM Rectifi' (10.1109/icitee59582.2023.10317653)
2026-07-10 00:39:06,678 INFO   Merged: 'Safe Robot Path Planning and Obstacle Avoidance using Effici' (10.15676/ijeei.2023.15.3.2) <- 'Safe Robot Path Planning and Obstacle Avoidance using Effici' (10.15676/ijeei.2023.15.3.2)
2026-07-10 00:39:06,678 INFO   Merged: 'Reward Shaping for Mobile Robot Navigation Based on Deep Rei' (10.2478/9788367405713-004) <- 'Reward Shaping for Mobile Robot Navigation Based on Deep Rei' (10.2478/9788367405713-004)
2026-07-10 00:39:06,678 INFO   Merged: 'Trajectory Tracking Control of UAV Bicopter using Linear Qua' (10.48550/arxiv.2309.08226) <- 'Trajectory Tracking Control of UAV Bicopter using Linear Qua' (10.48550/arxiv.2309.08226)
2026-07-10 00:39:06,678 INFO   Merged: 'Real-Time Kinodynamic Motion Planning for Omnidirectional Mo' (10.48550/arxiv.1905.04762) <- 'Real-Time Kinodynamic Motion Planning for Omnidirectional Mo' (10.48550/arxiv.1905.04762)
2026-07-10 00:39:06,678 INFO   Merged: 'Attitude Control and Low Cost Design of Uav Bicopter' (10.2139/ssrn.4674646) <- 'Attitude Control and Low Cost Design of Uav Bicopter' (10.2139/ssrn.4674646)
2026-07-10 00:39:06,678 INFO   Merged: 'Attitude Control of Uav Bicopter Using Adaptive Lqg' (10.2139/ssrn.4685593) <- 'Attitude Control of Uav Bicopter Using Adaptive Lqg' (10.2139/ssrn.4685593)
2026-07-10 00:39:06,679 INFO   Merged: 'Enhanced Early Prediction of Li-Ion Battery Degradation Usin' (10.2139/ssrn.5016954) <- 'Enhanced Early Prediction of Li-Ion Battery Degradation Usin' (10.2139/ssrn.5016954)
2026-07-10 00:39:06,679 INFO   Merged: 'Data Fusion and Switching Function For UAV Quadrotor Navigat' (None) <- 'Data Fusion and Switching Function For UAV Quadrotor Navigat' (None)
2026-07-10 00:39:06,679 INFO   Merged: 'Current estimation of lithium polymer battery using recursiv' (10.1063/1.4958524) <- 'Current estimation of lithium polymer battery using recursiv' (10.1063/1.4958524)
2026-07-10 00:39:06,679 INFO   Merged: 'Data fusion and switching function for MAV navigation system' (10.1109/iceecs.2014.7045230) <- 'Data fusion and switching function for MAV navigation system' (10.1109/iceecs.2014.7045230)
2026-07-10 00:39:06,679 INFO   Merged: 'Parameter Identification of Nonlinear System on Combustion E' (10.22146/ijitee.35026) <- 'Parameter Identification of Nonlinear System on Combustion E' (10.22146/ijitee.35026)
2026-07-10 00:39:06,679 INFO   Merged: 'DC Motor Speed Control Using Hybrid PID-Fuzzy with ITAE Poly' (10.22146/ijitee.46590) <- 'DC Motor Speed Control Using Hybrid PID-Fuzzy with ITAE Poly' (10.22146/ijitee.46590)
2026-07-10 00:39:06,679 INFO   Merged: 'Stabilization Of Quadrotor on SO(3) With Robust Proportional' (10.1109/iciteed.2019.8929961) <- 'Stabilization Of Quadrotor on SO(3) With Robust Proportional' (10.1109/iciteed.2019.8929961)
2026-07-10 00:39:06,679 INFO   Merged: 'Twin Rotor MIMO System Control using Linear Quadratic Regula' (10.1109/iceeie52663.2021.9616893) <- 'Twin Rotor MIMO System Control using Linear Quadratic Regula' (10.1109/iceeie52663.2021.9616893)
2026-07-10 00:39:06,679 INFO   Merged: 'Smooth and Efficient Scanning Algorithm for Mobile Robot usi' (10.1109/icitacee53184.2021.9617533) <- 'Smooth and Efficient Scanning Algorithm for Mobile Robot usi' (10.1109/icitacee53184.2021.9617533)
2026-07-10 00:39:06,679 INFO   Merged: 'Current Sensorless Microcontroller-Based Battery Management ' (10.46336/ijqrm.v2i1.125) <- 'Current Sensorless Microcontroller-Based Battery Management ' (10.46336/ijqrm.v2i1.125)
2026-07-10 00:39:06,679 INFO   Merged: 'Humanoid Robot Pitch Axis Stabilization using Linear Quadrat' (10.48550/arxiv.2012.10867) <- 'Humanoid Robot Pitch Axis Stabilization using Linear Quadrat' (10.48550/arxiv.2012.10867)
2026-07-10 00:39:06,679 INFO   Merged: 'Noise Parameterization of Continuous Deep Reinforcement Lear' (10.1109/icitee56407.2022.9954121) <- 'Noise Parameterization of Continuous Deep Reinforcement Lear' (10.1109/icitee56407.2022.9954121)
2026-07-10 00:39:06,679 INFO   Merged: 'Vertical Take-Off and Landing (VTOL) System Based On Noise P' (10.1109/icoict55009.2022.9914857) <- 'Vertical Take-Off and Landing (VTOL) System Based On Noise P' (10.1109/icoict55009.2022.9914857)
2026-07-10 00:39:06,679 INFO   Merged: 'Implementation of Adaptive-PID Based Temperature Trajectory ' (10.1109/iaict59002.2023.10205885) <- 'Implementation of Adaptive-PID Based Temperature Trajectory ' (10.1109/iaict59002.2023.10205885)
2026-07-10 00:39:06,679 INFO   Merged: 'Attitude Control and Low Cost Design of UAV Bicopter' (10.48550/arxiv.2309.08209) <- 'Attitude Control and Low Cost Design of UAV Bicopter' (10.48550/arxiv.2309.08209)
2026-07-10 00:39:06,679 INFO   Merged: 'Trajectory Tracking Control of Quadrotor using LQ-Servo Cont' (10.5109/7160931) <- 'Trajectory Tracking Control of Quadrotor using LQ-Servo Cont' (10.5109/7160931)
2026-07-10 00:39:06,679 INFO   Merged: 'A Detailed Mathematical Modeling and Simulation of Synchrono' (10.2478/9788367405720-009) <- 'A Detailed Mathematical Modeling and Simulation of Synchrono' (10.2478/9788367405720-009)
2026-07-10 00:39:06,679 INFO   Merged: 'Evaluasi Kinerja PLTS On-Grid 600 kWp pada Jaringan Distribu' (10.22146/jnteti.v13i2.6495) <- 'Evaluasi Kinerja PLTS On-Grid 600 kWp pada Jaringan Distribu' (10.22146/jnteti.v13i2.6495)
2026-07-10 00:39:06,679 INFO   Merged: 'Inverse kinematic solution and singularity avoidance using a' (10.11591/ijai.v13.i3.pp2999-3009) <- 'Inverse kinematic solution and singularity avoidance using a' (10.11591/ijai.v13.i3.pp2999-3009)
2026-07-10 00:39:06,679 INFO   Merged: 'Improving Battery Model Accuracy Through Parameter Identific' (10.1109/icscc62041.2024.10690426) <- 'Improving Battery Model Accuracy Through Parameter Identific' (10.1109/icscc62041.2024.10690426)
2026-07-10 00:39:06,679 INFO   Merged: 'Recursive Sparse Identification of Nonlinear Dynamics for On' (10.1109/access.2024.3498957) <- 'Recursive Sparse Identification of Nonlinear Dynamics for On' (10.1109/access.2024.3498957)
2026-07-10 00:39:06,679 INFO   Merged: 'Robust Energy and Powertrain Losses Management of a Dual-Sou' (10.1109/vppc63154.2024.10755376) <- 'Robust Energy and Powertrain Losses Management of a Dual-Sou' (10.1109/vppc63154.2024.10755376)
2026-07-10 00:39:06,679 INFO   Merged: 'Speed Control of Coconut Grater Machine using PID based ANFI' (10.1109/icitee62483.2024.10808334) <- 'Speed Control of Coconut Grater Machine using PID based ANFI' (10.1109/icitee62483.2024.10808334)
2026-07-10 00:39:06,679 INFO   Merged: 'Current-Based Adaptive Low-Pass Filter for Energy Management' (10.1109/pset62496.2024.10808309) <- 'Current-Based Adaptive Low-Pass Filter for Energy Management' (10.1109/pset62496.2024.10808309)
2026-07-10 00:39:06,679 INFO   Merged: 'Online Identification of Robot Manipulator Dynamics Using Re' (10.1109/iccr64365.2024.10927593) <- 'Online Identification of Robot Manipulator Dynamics Using Re' (10.1109/iccr64365.2024.10927593)
2026-07-10 00:39:06,679 INFO   Merged: 'Discount Factor Parametrization for Deep Reinforcement Learn' (10.12928/biste.v7i1.10268) <- 'Discount Factor Parametrization for Deep Reinforcement Learn' (10.12928/biste.v7i1.10268)
2026-07-10 00:39:06,679 INFO   Merged: 'Comparative Analysis of Rule-Based Energy Management Strateg' (10.1109/robothia63806.2025.10986476) <- 'Comparative Analysis of Rule-Based Energy Management Strateg' (10.1109/robothia63806.2025.10986476)
2026-07-10 00:39:06,679 INFO   Merged: 'Heterogeneous Multi-Agent Coverage Control through Adaptive ' (10.21203/rs.3.rs-7532772/v1) <- 'Heterogeneous Multi-Agent Coverage Control through Adaptive ' (10.21203/rs.3.rs-7532772/v1)
2026-07-10 00:39:06,679 INFO   Merged: 'Robust attitude stabilization on exponential coordinates of ' (10.1016/j.fraope.2026.100536) <- 'Robust attitude stabilization on exponential coordinates of ' (10.1016/j.fraope.2026.100536)
2026-07-10 00:39:06,679 INFO   Merged: 'Performance Evaluation of Neural Network Control for Ćuk Con' (10.1109/iccraids67816.2026.11519659) <- 'Performance Evaluation of Neural Network Control for Ćuk Con' (10.1109/iccraids67816.2026.11519659)
2026-07-10 00:39:06,679 INFO   Merged: 'Super-twisting sliding mode control of magnetic levitation s' (10.1016/j.asej.2026.104227) <- 'Super-twisting sliding mode control of magnetic levitation s' (10.1016/j.asej.2026.104227)
2026-07-10 00:39:06,679 INFO   Merged: 'Control of a Magnetic Levitation System Using Modified Super' (10.48084/etasr.16773) <- 'Control of a Magnetic Levitation System Using Modified Super' (10.48084/etasr.16773)
2026-07-10 00:39:06,679 INFO   Merged: 'RSSI based analysis of Bluetooth implementation for intra-ca' (10.1109/iciteed.2014.7007930) <- 'RSSI based analysis of Bluetooth implementation for intra-ca' (10.1109/iciteed.2014.7007930)
2026-07-10 00:39:06,679 INFO   Merged: 'Simulation of Signal Processing for Ship Detection on Two Ov' (10.1109/icitee49829.2020.9271698) <- 'Simulation of Signal Processing for Ship Detection on Two Ov' (10.1109/icitee49829.2020.9271698)
2026-07-10 00:39:06,679 INFO   Merged: 'Study on Detection Mechanism of HF Radar for Early Tsunami D' (10.1109/iciteed.2019.8929984) <- 'Study on Detection Mechanism of HF Radar for Early Tsunami D' (10.1109/iciteed.2019.8929984)
2026-07-10 00:39:06,679 INFO   Merged: 'Sequential-Compressive-Range Azimuth Estimation in Radar Sig' (10.1109/icitee53064.2021.9611822) <- 'Sequential-Compressive-Range Azimuth Estimation in Radar Sig' (10.1109/icitee53064.2021.9611822)
2026-07-10 00:39:06,679 INFO   Merged: 'Development of Spectrum Sensing System with GNU Radio and US' (None) <- 'Development of spectrum sensing system with GNU Radio and US' (None)
2026-07-10 00:39:06,679 INFO   Merged: 'Simulation of High Frequency Surface Wave Radar Signal and I' (10.1109/icst47872.2019.9166257) <- 'Simulation of High Frequency Surface Wave Radar Signal and I' (10.1109/icst47872.2019.9166257)
2026-07-10 00:39:06,679 INFO   Merged: 'A High-Frequency Surface Wave Radar Simulation Using FMCW Te' (10.22146/ijitee.56344) <- 'A High-Frequency Surface Wave Radar Simulation Using FMCW Te' (10.22146/ijitee.56344)
2026-07-10 00:39:06,679 INFO   Merged: 'An Evaluation Method of Ship-Tracking Algorithms for High-Fr' (10.1155/2023/1481943) <- 'An Evaluation Method of Ship-Tracking Algorithms for High-Fr' (10.1155/2023/1481943)
2026-07-10 00:39:06,679 INFO   Merged: 'Bragg Peak Detection Using Compatible Mother Wavelet on Ocea' (10.1109/icitee59582.2023.10317710) <- 'Bragg Peak Detection Using Compatible Mother Wavelet on Ocea' (10.1109/icitee59582.2023.10317710)
2026-07-10 00:39:06,679 INFO   Merged: 'Design and Implementation of Emergency Radio Information Sys' (None) <- 'Design and implementation of emergency radio information sys' (None)
2026-07-10 00:39:06,679 INFO   Merged: 'Design and Implementation of Budikdamber with Solar-Powered ' (10.21467/proceedings.151.23) <- 'Design and Implementation of Budikdamber with Solar-Powered ' (10.21467/proceedings.151.23)
2026-07-10 00:39:06,679 INFO   Merged: 'Comparison of Ship Tracking Algorithms on Dual Overlapping H' (10.1109/icitee62483.2024.10808939) <- 'Comparison of Ship Tracking Algorithms on Dual Overlapping H' (10.1109/icitee62483.2024.10808939)
2026-07-10 00:39:06,679 INFO   Merged: 'Battery state of charge estimation by using a combination of' (10.1109/icseea.2015.7380745) <- 'Battery state of charge estimation by using a combination of' (10.1109/icseea.2015.7380745)
2026-07-10 00:39:06,679 INFO   Merged: 'Hybrid Design of Passive Mobile Robot Teleoperation System' (10.37936/ecti-eec.201082.172109) <- 'Hybrid Design of Passive Mobile Robot Teleoperation System' (10.37936/ecti-eec.201082.172109)
2026-07-10 00:39:06,679 INFO   Merged: 'Wrist Hand Vein Recognition Using Local Line Binary Pattern ' (10.1109/icst47872.2019.9166339) <- 'Wrist Hand Vein Recognition Using Local Line Binary Pattern ' (10.1109/icst47872.2019.9166339)
2026-07-10 00:39:06,679 INFO   Merged: 'Prototype of Automatic Braking System on Car Model Using Fuz' (10.1109/icsecc.2019.8907011) <- 'Prototype of Automatic Braking System on Car Model Using Fuz' (10.1109/icsecc.2019.8907011)
2026-07-10 00:39:06,679 INFO   Merged: 'Designing QPSK Modulator Using LTspice-Based Discrete Compon' (10.1109/comnetsat56033.2022.9994317) <- 'Designing QPSK Modulator Using LTspice-Based Discrete Compon' (10.1109/comnetsat56033.2022.9994317)
2026-07-10 00:39:06,679 INFO   Merged: 'Design of A Biopotential Amplifier for ECG' (10.1109/ibiomed62485.2024.10875753) <- 'Design of A Biopotential Amplifier for ECG' (10.1109/ibiomed62485.2024.10875753)
2026-07-10 00:39:06,679 INFO   Merged: 'Design of a Low Cost High Efficiency Multiple Output Self Os' (10.22146/ijitee.29769) <- 'Design of a Low Cost High Efficiency Multiple Output Self Os' (10.22146/ijitee.29769)
2026-07-10 00:39:06,679 INFO   Merged: 'Sistem Kendali Kecepatan Motor BLDC Menggunakan Algoritma Hy' (None) <- 'Sistem Kendali Kecepatan Motor BLDC Menggunakan Algoritma Hy' (None)
2026-07-10 00:39:06,679 INFO   Merged: 'Design of Automatic Braking System Using Interval Type-2 Fuz' (10.1088/1742-6596/1373/1/012044) <- 'Design of Automatic Braking System Using Interval Type-2 Fuz' (10.1088/1742-6596/1373/1/012044)
2026-07-10 00:39:06,679 INFO   Merged: 'Design of Automatic Braking System Using Interval Type-2 Fuz' (10.6025/jes/2019/9/2/35-43) <- 'Design of Automatic Braking System Using Interval Type-2 Fuz' (10.6025/jes/2019/9/2/35-43)
2026-07-10 00:39:06,679 INFO   Merged: 'Broad-Band Noise Reduction using Least Mean Square (LMS)-Ada' (10.26760/elkomika.v10i1.189) <- 'Broad-Band Noise Reduction using Least Mean Square (LMS)-Ada' (10.26760/elkomika.v10i1.189)
2026-07-10 00:39:06,679 INFO   Merged: 'IMPLEMENTASI MICROKONTROLLER UNTUK SISTEM KENDALI KECEPATAN ' (None) <- 'IMPLEMENTASI MICROKONTROLLER UNTUK SISTEM KENDALI KECEPATAN ' (None)
2026-07-10 00:39:06,679 INFO   Merged: 'Simulasi ADCRC (Active Disturbance Rejection Controller) dan' (None) <- 'Simulasi ADCRC (Active Disturbance Rejection Controller) dan' (None)
2026-07-10 00:39:06,679 INFO   Merged: 'Simulasi Modulator Quadrature Phase Shift Keying (QPSK) Meng' (None) <- 'Simulasi Modulator Quadrature Phase Shift Keying (QPSK) Meng' (None)
2026-07-10 00:39:06,679 INFO   Merged: 'Kajian Injection locking Untuk Pengurangan Pengaruh Derau Fa' (10.5614/sniko.2015.13) <- 'Kajian Injection locking Untuk Pengurangan Pengaruh Derau Fa' (10.5614/sniko.2015.13)
2026-07-10 00:39:06,679 INFO   Merged: 'CMOS Osilator Cincin dengan Keluaran Quadratur dengan Pengen' (10.5614/sniko.2015.8) <- 'CMOS Osilator Cincin dengan Keluaran Quadratur dengan Pengen' (10.5614/sniko.2015.8)
2026-07-10 00:39:06,679 INFO   Merged: 'Analysis and Design Implementation of Modulator π/4 – Differ' (10.1109/icosta48221.2020.1570615215) <- 'Analysis and Design Implementation of Modulator π/4 – Differ' (10.1109/icosta48221.2020.1570615215)
2026-07-10 00:39:06,679 INFO   Merged: 'LNA Prototype at 54 MHz to 88 MHz Using Discrete Components' (10.22146/ijitee.56153) <- 'LNA Prototype at 54 MHz to 88 MHz Using Discrete Components' (10.22146/ijitee.56153)
2026-07-10 00:39:06,679 INFO   Merged: 'CMOS Osilator Cincin dengan Keluaran Quadratur dengan Pengen' (None) <- 'CMOS Osilator Cincin dengan Keluaran Quadratur dengan Pengen' (None)
2026-07-10 00:39:06,679 INFO   Merged: 'Burg power spectral density-based characterization of Dopple' (10.11591/eei.v11i3.3309) <- 'Burg power spectral density-based characterization of Dopple' (10.11591/eei.v11i3.3309)
2026-07-10 00:39:06,679 INFO   Merged: 'Optimize BER Offset QPSK Baseband Modulation-Demodulation fe' (10.20961/jeeict.4.2.65820) <- 'Optimize BER Offset QPSK Baseband Modulation-Demodulation fe' (10.20961/jeeict.4.2.65820)
2026-07-10 00:39:06,680 INFO   Merged: 'Coverage Control of Mobile Wireless Sensor Network with Dist' (10.14313/jamris/2-2022/18) <- 'Coverage Control of Mobile Wireless Sensor Network with Dist' (10.14313/jamris/2-2022/18)
2026-07-10 00:39:06,680 INFO   Merged: 'Design and Implementation of Budikdamber with Solar-Powered ' (10.21467/proceedings.151.23) <- 'Design and Implementation of Budikdamber with Solar-Powered ' (10.21467/proceedings.151.23)
2026-07-10 00:39:06,680 INFO   Merged: 'Heterogeneous Multi-Agent Coverage Control through Adaptive ' (10.21203/rs.3.rs-7532772/v1) <- 'Heterogeneous Multi-Agent Coverage Control through Adaptive ' (10.21203/rs.3.rs-7532772/v1)
2026-07-10 00:39:06,680 INFO   Merged: 'Development of IoT Devices for Drinking Water Quality Monito' (10.4028/p-n8hm2k) <- 'Development of IoT Devices for Drinking Water Quality Monito' (10.4028/p-n8hm2k)
2026-07-10 00:39:06,680 INFO   Merged: 'RETRACTED ARTICLE: Heterogeneous Multi-agent Coverage Contro' (10.1007/s40313-026-01268-8) <- 'RETRACTED ARTICLE: Heterogeneous Multi-agent Coverage Contro' (10.1007/s40313-026-01268-8)
2026-07-10 00:39:06,680 INFO   Merged: 'Improved Time Series Prediction Using LSTM Neural Network fo' (10.1109/icst47872.2019.9166401) <- 'Improved Time Series Prediction Using LSTM Neural Network fo' (10.1109/icst47872.2019.9166401)
2026-07-10 00:39:06,680 INFO   Merged: 'Optimized Back-propagation Artificial Neural Network Algorit' (10.1109/icstc.2018.8528655) <- 'Optimized Back-propagation Artificial Neural Network Algorit' (10.1109/icstc.2018.8528655)
2026-07-10 00:39:06,680 INFO   Merged: 'Inverse distance weighting and kriging spatial interpolation' (10.1109/icitisee.2016.7803050) <- 'Inverse distance weighting and kriging spatial interpolation' (10.1109/icitisee.2016.7803050)
2026-07-10 00:39:06,680 INFO   Merged: 'Comparative Performance Study on Ordinary and Chaos Image En' (10.1109/acomp.2017.25) <- 'Comparative Performance Study on Ordinary and Chaos Image En' (10.1109/acomp.2017.25)
2026-07-10 00:39:06,680 INFO   Merged: 'Resource Allocation in Cognitive Radio Networks Based on Mod' (10.1109/icstc.2018.8528642) <- 'Resource Allocation in Cognitive Radio Networks Based on Mod' (10.1109/icstc.2018.8528642)
2026-07-10 00:39:06,680 INFO   Merged: 'Development of monitoring system for smart farming using Pro' (10.1109/iciteed.2017.8250513) <- 'Development of monitoring system for smart farming using Pro' (10.1109/iciteed.2017.8250513)
2026-07-10 00:39:06,680 INFO   Merged: 'Utility-Based Horizontal Handover Decision Method for Vehicl' (10.22266/ijies2020.0430.01) <- 'Utility-Based Horizontal Handover Decision Method for Vehicl' (10.22266/ijies2020.0430.01)
2026-07-10 00:39:06,680 INFO   Merged: 'A Controllable RSU and Vampire Moth to Support the Cluster S' (10.5121/ijcnc.2021.13305) <- 'A Controllable RSU and Vampire Moth to Support the Cluster S' (10.5121/ijcnc.2021.13305)
2026-07-10 00:39:06,680 INFO   Merged: 'Cost-based power distribution optimization scheduling in mic' (10.1109/icstc.2017.8011858) <- 'Cost-based power distribution optimization scheduling in mic' (10.1109/icstc.2017.8011858)
2026-07-10 00:39:06,680 INFO   Merged: 'Interference Mitigation in Cognitive Radio Network Based on ' (10.1109/isriti51436.2020.9315517) <- 'Interference Mitigation in Cognitive Radio Network Based on ' (10.1109/isriti51436.2020.9315517)
2026-07-10 00:39:06,680 INFO   Merged: 'Tree Boosting Methods Comparison for Landslide Susceptibilit' (10.1109/iaict59002.2023.10205882) <- 'Tree Boosting Methods Comparison for Landslide Susceptibilit' (10.1109/iaict59002.2023.10205882)
2026-07-10 00:39:06,680 INFO   Merged: 'Computation Offloading and Resource Allocation for Energy-Ha' (10.3390/s25061722) <- 'Computation Offloading and Resource Allocation for Energy-Ha' (10.3390/s25061722)
2026-07-10 00:39:06,680 INFO   Merged: 'Evaluation of XBee-Pro transmission range for Wireless Senso' (10.1109/icstc.2016.7877347) <- 'Evaluation of XBee-Pro transmission range for Wireless Senso' (10.1109/icstc.2016.7877347)
2026-07-10 00:39:06,680 INFO   Merged: 'Review of Potential Methods for Handover Decision in V2V VAN' (10.1109/icomitee.2019.8921117) <- 'Review of Potential Methods for Handover Decision in V2V VAN' (10.1109/icomitee.2019.8921117)
2026-07-10 00:39:06,680 INFO   Merged: 'A Study on Communication System in VANET' (10.1109/icstc.2018.8528640) <- 'A Study on Communication System in VANET' (10.1109/icstc.2018.8528640)
2026-07-10 00:39:06,680 INFO   Merged: 'Handover Decision for V2V Communication in VANET Based on Mo' (10.12720/jcm.16.7.284-293) <- 'Handover Decision for V2V Communication in VANET Based on Mo' (10.12720/jcm.16.7.284-293)
2026-07-10 00:39:06,680 INFO   Merged: 'A comparison of different part-of-speech tagging technique f' (10.1109/inaes.2017.8068538) <- 'A comparison of different part-of-speech tagging technique f' (10.1109/inaes.2017.8068538)
2026-07-10 00:39:06,680 INFO   Merged: 'Road density prediction: Updated methods of turning probabil' (10.1109/iceecs.2014.7045239) <- 'Road density prediction: Updated methods of turning probabil' (10.1109/iceecs.2014.7045239)
2026-07-10 00:39:06,680 INFO   Merged: 'A Novel Utility Function of Power Control Game in Multi-Chan' (10.17762/ijcnis.v9i3.2770) <- 'A Novel Utility Function of Power Control Game in Multi-Chan' (10.17762/ijcnis.v9i3.2770)
2026-07-10 00:39:06,680 INFO   Merged: 'A Comparative Study Cluster-Based Routing Protocols in VANET' (10.1109/isriti48646.2019.9034661) <- 'A Comparative Study Cluster-Based Routing Protocols in VANET' (10.1109/isriti48646.2019.9034661)
2026-07-10 00:39:06,680 INFO   Merged: 'Cross-layer design of wireless multimedia sensor network bas' (10.1109/icsitech.2015.7407779) <- 'Cross-layer design of wireless multimedia sensor network bas' (10.1109/icsitech.2015.7407779)
2026-07-10 00:39:06,680 INFO   Merged: 'A Modified Genetic Algorithm for Resource Allocation in Cogn' (10.1109/icstc.2018.8528587) <- 'A Modified Genetic Algorithm for Resource Allocation in Cogn' (10.1109/icstc.2018.8528587)
2026-07-10 00:39:06,680 INFO   Merged: 'The Blueprint of AWOS Implementation for Aviation Services a' (10.28989/senatik.v4i0.243) <- 'The Blueprint of AWOS Implementation for Aviation Services a' (10.28989/senatik.v4i0.243)
2026-07-10 00:39:06,680 INFO   Merged: 'Performance Evaluation of LoRaWAN for Smart Shuttle Bus Syst' (10.1109/icicyta57421.2022.10037934) <- 'Performance Evaluation of LoRaWAN for Smart Shuttle Bus Syst' (10.1109/icicyta57421.2022.10037934)
2026-07-10 00:39:06,680 INFO   Merged: 'Cluster Selection Technique with Fuzzy Logic-based Wireless ' (10.1109/isriti56927.2022.10052871) <- 'Cluster Selection Technique with Fuzzy Logic-based Wireless ' (10.1109/isriti56927.2022.10052871)
2026-07-10 00:39:06,680 INFO   Merged: 'Fuzzy Adaptive Hysteresis of RSS for Handover Decision in V2' (10.17762/ijcnis.v12i3.4859) <- 'Fuzzy Adaptive Hysteresis of RSS for Handover Decision in V2' (10.17762/ijcnis.v12i3.4859)
2026-07-10 00:39:06,680 INFO   Merged: 'Random Time Delay Mitigation in Pulse Radar Systems Implemen' (10.22146/ijitee.42873) <- 'Random Time Delay Mitigation in Pulse Radar Systems Implemen' (10.22146/ijitee.42873)
2026-07-10 00:39:06,680 INFO   Merged: 'Region-Based People Counting with Embedded System in Smart B' (10.1109/ictiia61827.2024.10761592) <- 'Region-Based People Counting with Embedded System in Smart B' (10.1109/ictiia61827.2024.10761592)
2026-07-10 00:39:06,680 INFO   Merged: 'Roadside Unit Power Saving using Vehicle Detection System in' (10.1109/isriti51436.2020.9315473) <- 'Roadside Unit Power Saving using Vehicle Detection System in' (10.1109/isriti51436.2020.9315473)
2026-07-10 00:39:06,680 INFO   Merged: 'COBIT 5 domain delivery, service and support mapping for bus' (10.1063/1.4953970) <- 'COBIT 5 domain delivery, service and support mapping for bus' (10.1063/1.4953970)
2026-07-10 00:39:06,680 INFO   Merged: 'A comparative study on centralized and distributed power con' (10.1109/iciteed.2016.7863237) <- 'A comparative study on centralized and distributed power con' (10.1109/iciteed.2016.7863237)
2026-07-10 00:39:06,680 INFO   Merged: 'Perancangan Sistem Penjadwalan untuk Manajemen Penggunaan Ru' (None) <- 'Perancangan Sistem Penjadwalan untuk Manajemen Penggunaan Ru' (None)
2026-07-10 00:39:06,680 INFO   Merged: 'ABNC: Adaptive Border Node Clustering Using Genes Fusion Bas' (10.22266/ijies2020.0229.33) <- 'ABNC: Adaptive Border Node Clustering Using Genes Fusion Bas' (10.22266/ijies2020.0229.33)
2026-07-10 00:39:06,680 INFO   Merged: 'Feasible solution of centralized power control for multi cha' (10.1109/iciteed.2015.7409006) <- 'Feasible solution of centralized power control for multi cha' (10.1109/iciteed.2015.7409006)
2026-07-10 00:39:06,680 INFO   Merged: 'MRV-M: A Cluster Stability in Highway VANET using Minimum Re' (10.1109/icst47872.2019.9166290) <- 'MRV-M: A Cluster Stability in Highway VANET using Minimum Re' (10.1109/icst47872.2019.9166290)
2026-07-10 00:39:06,680 INFO   Merged: 'A game-theoretic approach for dynamic spectrum sharing in co' (10.1109/iciteed.2013.6676248) <- 'A game-theoretic approach for dynamic spectrum sharing in co' (10.1109/iciteed.2013.6676248)
2026-07-10 00:39:06,680 INFO   Merged: 'Development of RESTful API to support the oil palm plantatio' (10.1109/inaes.2017.8068545) <- 'Development of RESTful API to support the oil palm plantatio' (10.1109/inaes.2017.8068545)
2026-07-10 00:39:06,680 INFO   Merged: 'Modeling Base Station Selection in Open Access Picocell Netw' (None) <- 'Modeling Base Station Selection in Open Access Picocell Netw' (None)
2026-07-10 00:39:06,680 INFO   Merged: 'Discrete bacterial foraging optimization for resource alloca' (10.4218/etrij.2017-0131) <- 'Discrete bacterial foraging optimization for resource alloca' (10.4218/etrij.2017-0131)
2026-07-10 00:39:06,680 INFO   Merged: 'A Preliminary Performance Evaluation of Population-Based Alg' (10.1109/icaiit.2019.8834629) <- 'A Preliminary Performance Evaluation of Population-Based Alg' (10.1109/icaiit.2019.8834629)
2026-07-10 00:39:06,680 INFO   Merged: 'Fuzzy Adaptive Hysteresis of RSS for Handover Decision in V2' (10.54039/ijcnis.v12i3.4859) <- 'Fuzzy Adaptive Hysteresis of RSS for Handover Decision in V2' (10.54039/ijcnis.v12i3.4859)
2026-07-10 00:39:06,680 INFO   Merged: 'Distributed power control vs power control game: A compariso' (10.1109/icasi.2017.7988304) <- 'Distributed power control vs power control game: A compariso' (10.1109/icasi.2017.7988304)
2026-07-10 00:39:06,680 INFO   Merged: 'Regression Analysis for Estimated Distance in Fingerprinting' (10.1109/icstc.2018.8528593) <- 'Regression Analysis for Estimated Distance in Fingerprinting' (10.1109/icstc.2018.8528593)
2026-07-10 00:39:06,680 INFO   Merged: 'Enhancing Counterfeit Detection with Multi-Features on Secur' (10.3390/computers12090183) <- 'Enhancing Counterfeit Detection with Multi-Features on Secur' (10.3390/computers12090183)
2026-07-10 00:39:06,680 INFO   Merged: 'Energy Trade-off for Computation Offloading in Mobile Edge C' (10.1109/icitee59582.2023.10317717) <- 'Energy Trade-off for Computation Offloading in Mobile Edge C' (10.1109/icitee59582.2023.10317717)
2026-07-10 00:39:06,680 INFO   Merged: 'Feasible solution of power control in the presence of primar' (10.1109/iciteed.2015.7408919) <- 'Feasible solution of power control in the presence of primar' (10.1109/iciteed.2015.7408919)
2026-07-10 00:39:06,680 INFO   Merged: 'State space modeling of thermal in a room for temperature es' (10.1109/icitisee.2017.8285495) <- 'State space modeling of thermal in a room for temperature es' (10.1109/icitisee.2017.8285495)
2026-07-10 00:39:06,680 INFO   Merged: 'Fairness-Aware Computation Offloading for Mobile Edge Comput' (10.1109/access.2025.3552498) <- 'Fairness-Aware Computation Offloading for Mobile Edge Comput' (10.1109/access.2025.3552498)
2026-07-10 00:39:06,680 INFO   Merged: 'Resource Optimization in Cognitive Radio Network Based on Fi' (10.1109/icitisee.2018.8720953) <- 'Resource Optimization in Cognitive Radio Network Based on Fi' (10.1109/icitisee.2018.8720953)
2026-07-10 00:39:06,680 INFO   Merged: 'Analysis of Smart Mobility Readiness in Banjarmasin City' (10.5220/0009866401580162) <- 'Analysis of Smart Mobility Readiness in Banjarmasin City' (10.5220/0009866401580162)
2026-07-10 00:39:06,680 INFO   Merged: 'A Novel Radio Resource Optimization Scheme in Closed Access ' (10.1587/transcom.2018sei0002) <- 'A Novel Radio Resource Optimization Scheme in Closed Access ' (10.1587/transcom.2018sei0002)
2026-07-10 00:39:06,680 INFO   Merged: 'Classification Driver's Behaviour Using Supervised Algorithm' (10.1109/icst50505.2020.9732829) <- 'Classification Driver's Behaviour Using Supervised Algorithm' (10.1109/icst50505.2020.9732829)
2026-07-10 00:39:06,680 INFO   Merged: 'Cross-layer design for video transmission in wireless multim' (10.1109/iciteed.2016.7863235) <- 'Cross-layer design for video transmission in wireless multim' (10.1109/iciteed.2016.7863235)
2026-07-10 00:39:06,680 INFO   Merged: 'LSTM Architecture Valuation in Recognizing Speech-Based Emot' (10.1109/iaict62357.2024.10617496) <- 'LSTM Architecture Valuation in Recognizing Speech-Based Emot' (10.1109/iaict62357.2024.10617496)
2026-07-10 00:39:06,680 INFO   Merged: 'Performance Investigation of Customized MFCC Feature Extract' (10.1109/icitee62483.2024.10808541) <- 'Performance Investigation of Customized MFCC Feature Extract' (10.1109/icitee62483.2024.10808541)
2026-07-10 00:39:06,680 INFO   Merged: 'Identifikasi Pengaruh Lintasan-Jamak pada DVB-T2 Berdasar Uj' (10.22146/jnteti.v5i2.230) <- 'Identifikasi Pengaruh Lintasan-Jamak pada DVB-T2 Berdasar Uj' (10.22146/jnteti.v5i2.230)
2026-07-10 00:39:06,680 INFO   Merged: 'A Routing Optimization Based on Ant Colony for Wireless Mult' (10.22266/ijies2016.1231.19) <- 'A Routing Optimization Based on Ant Colony for Wireless Mult' (10.22266/ijies2016.1231.19)
2026-07-10 00:39:06,680 INFO   Merged: 'Resource Optimization in Heterogeneous Networks Using Discre' (10.1109/icosta48221.2020.1570614132) <- 'Resource Optimization in Heterogeneous Networks Using Discre' (10.1109/icosta48221.2020.1570614132)
2026-07-10 00:39:06,680 INFO   Merged: 'Tunneling 6LoWPAN protocol stack in IPv6 network' (10.1063/1.4958501) <- 'Tunneling 6LoWPAN protocol stack in IPv6 network' (10.1063/1.4958501)
2026-07-10 00:39:06,680 INFO   Merged: 'Implementation of Wireless Sensor Network to reduce cashier ' (10.1109/miceei.2014.7067315) <- 'Implementation of Wireless Sensor Network to reduce cashier ' (10.1109/miceei.2014.7067315)
2026-07-10 00:39:06,681 INFO   Merged: 'CNR and BER Ranges for the DVB-T2 Reception-Success' (10.11591/ijece.v7i6.pp3727-3734) <- 'CNR and BER Ranges for the DVB-T2 Reception-Success' (10.11591/ijece.v7i6.pp3727-3734)
2026-07-10 00:39:06,681 INFO   Merged: 'Performance analysis of cluster formation method in vehicula' (10.1109/inaes.2017.8068550) <- 'Performance analysis of cluster formation method in vehicula' (10.1109/inaes.2017.8068550)
2026-07-10 00:39:06,681 INFO   Merged: 'Deep Neural Network of Earthquake Signal Identification usin' (10.1109/icoiact50329.2020.9332084) <- 'Deep Neural Network of Earthquake Signal Identification usin' (10.1109/icoiact50329.2020.9332084)
2026-07-10 00:39:06,681 INFO   Merged: 'Downlink cross-tier interference mitigation for macrocell us' (10.1109/iceei.2015.7352580) <- 'Downlink cross-tier interference mitigation for macrocell us' (10.1109/iceei.2015.7352580)
2026-07-10 00:39:06,681 INFO   Merged: 'Feasibility of Power Control for Multi-Channel User in Inter' (10.11591/ijece.v6i4.pp1685-1694) <- 'Feasibility of Power Control for Multi-Channel User in Inter' (10.11591/ijece.v6i4.pp1685-1694)
2026-07-10 00:39:06,681 INFO   Merged: 'Spatial-variation of DVB-T2 signal at the receiver-location' (10.1109/inaes.2016.7821928) <- 'Spatial-variation of DVB-T2 signal at the receiver-location' (10.1109/inaes.2016.7821928)
2026-07-10 00:39:06,681 INFO   Merged: 'RUMUSAN METODE DETEKSI PENCURIAN LISTRIK MEMANFAATKAN PERANG' (None) <- 'RUMUSAN METODE DETEKSI PENCURIAN LISTRIK MEMANFAATKAN PERANG' (None)
2026-07-10 00:39:06,681 INFO   Merged: 'Seasonal time-series model using particle swarm optimization' (10.1109/icoict.2015.7231436) <- 'Seasonal time-series model using particle swarm optimization' (10.1109/icoict.2015.7231436)
2026-07-10 00:39:06,681 INFO   Merged: 'Preliminary study: Non cooperative power control game model ' (10.1109/icts.2014.7010569) <- 'Preliminary study: Non cooperative power control game model ' (10.1109/icts.2014.7010569)
2026-07-10 00:39:06,681 INFO   Merged: 'A game-theoretic framework for joint base station and resour' (10.1109/apcc.2013.6765987) <- 'A game-theoretic framework for joint base station and resour' (10.1109/apcc.2013.6765987)
2026-07-10 00:39:06,681 INFO   Merged: 'PELACAKAN LEVEL KETINGGIAN AIR BERDASARKAN WARNA DENGAN BACK' (None) <- 'PELACAKAN LEVEL KETINGGIAN AIR BERDASARKAN WARNA DENGAN BACK' (None)
2026-07-10 00:39:06,681 INFO   Merged: 'Probabilistic-relationships in the DVB-T2 mobile-reception s' (10.1109/inaes.2016.7821920) <- 'Probabilistic-relationships in the DVB-T2 mobile-reception s' (10.1109/inaes.2016.7821920)
2026-07-10 00:39:06,681 INFO   Merged: 'Autonomous Distributed Power Control in Multi-Channel Cognit' (10.22266/ijies2017.0430.15) <- 'Autonomous Distributed Power Control in Multi-Channel Cognit' (10.22266/ijies2017.0430.15)
2026-07-10 00:39:06,681 INFO   Merged: 'Performance Evaluation of DTNs Routing Protocols on Train Sy' (10.22266/ijies2017.0630.22) <- 'Performance Evaluation of DTNs Routing Protocols on Train Sy' (10.22266/ijies2017.0630.22)
2026-07-10 00:39:06,681 INFO   Merged: 'Cell and RBs selection scheme for power consumption reductio' (10.1109/iciteed.2017.8250480) <- 'Cell and RBs selection scheme for power consumption reductio' (10.1109/iciteed.2017.8250480)
2026-07-10 00:39:06,681 INFO   Merged: 'Modification of PRoPHET to Enhance Train-based Delay-Toleran' (10.22266/ijies2019.0630.10) <- 'Modification of PRoPHET to Enhance Train-based Delay-Toleran' (10.22266/ijies2019.0630.10)
2026-07-10 00:39:06,681 INFO   Merged: 'Study on a Train- and Bus-based Delay-Tolerant Networks: Sch' (10.1109/icaiit.2019.8834675) <- 'Study on a Train- and Bus-based Delay-Tolerant Networks: Sch' (10.1109/icaiit.2019.8834675)
2026-07-10 00:39:06,681 INFO   Merged: 'Application For Detection of Pedestrian Position on Zebra Cr' (10.1109/isriti51436.2020.9315342) <- 'Application For Detection of Pedestrian Position on Zebra Cr' (10.1109/isriti51436.2020.9315342)
2026-07-10 00:39:06,681 INFO   Merged: 'Review of Spectrum Handoff Schemes in Cognitive Radio Networ' (10.1109/isemantic52711.2021.9573192) <- 'Review of Spectrum Handoff Schemes in Cognitive Radio Networ' (10.1109/isemantic52711.2021.9573192)
2026-07-10 00:39:06,681 INFO   Merged: 'AI-enabled Exit Strategy of Emergency Vehicle Preemption' (10.1109/icitee59582.2023.10317753) <- 'AI-enabled Exit Strategy of Emergency Vehicle Preemption' (10.1109/icitee59582.2023.10317753)
2026-07-10 00:39:06,681 INFO   Merged: 'The Wide Range of Regression Analysis in Distance Estimation' (10.14419/ijet.v7i4.40.24429) <- 'The Wide Range of Regression Analysis in Distance Estimation' (10.14419/ijet.v7i4.40.24429)
2026-07-10 00:39:06,681 INFO   Merged: 'Indoor electrical device control based on activity context a' (10.1109/inaes.2016.7821913) <- 'Indoor electrical device control based on activity context a' (10.1109/inaes.2016.7821913)
2026-07-10 00:39:06,681 INFO   Merged: 'Performance evaluation of DTN protocols for vehicular networ' (10.1109/iciteed.2016.7863234) <- 'Performance evaluation of DTN protocols for vehicular networ' (10.1109/iciteed.2016.7863234)
2026-07-10 00:39:06,681 INFO   Merged: 'Picture-Based Multiple-AntennaTechnique for the DVB-T2 Recei' (10.1515/eletel-2017-0035) <- 'Picture-Based Multiple-AntennaTechnique for the DVB-T2 Recei' (10.1515/eletel-2017-0035)
2026-07-10 00:39:06,681 INFO   Merged: 'Modified image segmentation using sectional thresholding for' (10.1109/bmeicon.2017.8229117) <- 'Modified image segmentation using sectional thresholding for' (10.1109/bmeicon.2017.8229117)
2026-07-10 00:39:06,681 INFO   Merged: 'Channel sharing utility function of power control game in co' (10.52549/ijeei.v7i2.1163) <- 'Channel sharing utility function of power control game in co' (10.52549/ijeei.v7i2.1163)
2026-07-10 00:39:06,681 INFO   Merged: 'Proper Buffer Size and Time to Live on the Scheduled Train S' (10.1109/isriti.2018.8864277) <- 'Proper Buffer Size and Time to Live on the Scheduled Train S' (10.1109/isriti.2018.8864277)
2026-07-10 00:39:06,681 INFO   Merged: 'Review of VANET (Vehicular Ad Hoc Network) and Countermeasur' (10.5220/0009865901270132) <- 'Review of VANET (Vehicular Ad Hoc Network) and Countermeasur' (10.5220/0009865901270132)
2026-07-10 00:39:06,681 INFO   Merged: 'OPTIMAL RESOURCE ALLOCATION IN MACROCELL-FEMTOCELL NETWORK U' (None) <- 'OPTIMAL RESOURCE ALLOCATION IN MACROCELL-FEMTOCELL NETWORK U' (None)
2026-07-10 00:39:06,681 INFO   Merged: 'Blueprint panel instrumen kendaraan listrik menggunakan tabl' (None) <- 'Blueprint panel instrumen kendaraan listrik menggunakan tabl' (None)
2026-07-10 00:39:06,681 INFO   Merged: 'Design and Implementation of Mobile Applications for Militar' (10.1109/ccwc54503.2022.9720802) <- 'Design and Implementation of Mobile Applications for Militar' (10.1109/ccwc54503.2022.9720802)
2026-07-10 00:39:06,681 INFO   Merged: 'Development of CNN Pruning Method for Earthquake Signal Imag' (10.1109/icitee56407.2022.9954106) <- 'Development of CNN Pruning Method for Earthquake Signal Imag' (10.1109/icitee56407.2022.9954106)
2026-07-10 00:39:06,681 INFO   Merged: 'Rainfall Prediction using Artificial Neural Network with For' (10.1109/iaict59002.2023.10205930) <- 'Rainfall Prediction using Artificial Neural Network with For' (10.1109/iaict59002.2023.10205930)
2026-07-10 00:39:06,681 INFO   Merged: 'Improved Dynamic Threshold Timer for Emergency Vehicle Preem' (10.1109/ies59143.2023.10242523) <- 'Improved Dynamic Threshold Timer for Emergency Vehicle Preem' (10.1109/ies59143.2023.10242523)
2026-07-10 00:39:06,681 INFO   Merged: 'Water Quality Prediction Based on Machine Learning Using Mul' (10.1109/icitacee58587.2023.10276970) <- 'Water Quality Prediction Based on Machine Learning Using Mul' (10.1109/icitacee58587.2023.10276970)
2026-07-10 00:39:06,681 INFO   Merged: 'A Multivocal Literature Review on Prototype Pollution Vulner' (10.1109/icitcom60176.2023.10442205) <- 'A Multivocal Literature Review on Prototype Pollution Vulner' (10.1109/icitcom60176.2023.10442205)
2026-07-10 00:39:06,681 INFO   Merged: 'Interference-Aware Resource Allocation in Cognitive Radio Ne' (10.1109/comnetsat63286.2024.10862052) <- 'Interference-Aware Resource Allocation in Cognitive Radio Ne' (10.1109/comnetsat63286.2024.10862052)
2026-07-10 00:39:06,681 INFO   Merged: 'Contextualizing YOLOv11 with Spatiotemporal Approach Using Y' (10.1109/icodsa67155.2025.11157317) <- 'Contextualizing YOLOv11 with Spatiotemporal Approach Using Y' (10.1109/icodsa67155.2025.11157317)
2026-07-10 00:39:06,681 INFO   Merged: 'A Fuzzy Trust Model for High-Density VANET Environments with' (10.1109/aims66189.2025.11229792) <- 'A Fuzzy Trust Model for High-Density VANET Environments with' (10.1109/aims66189.2025.11229792)
2026-07-10 00:39:06,681 INFO   Merged: 'Optimal Power Flow Considering Generation and Loss Costs Usi' (10.1109/ict-pep67281.2025.11232092) <- 'Optimal Power Flow Considering Generation and Loss Costs Usi' (10.1109/ict-pep67281.2025.11232092)
2026-07-10 00:39:06,681 INFO   Merged: 'Review Perhitungan Biaya Wheeling (Wheeling Cost Calculation' (10.22146/jnteti.v9i1.114) <- 'Review Perhitungan Biaya Wheeling (Wheeling Cost Calculation' (10.22146/jnteti.v9i1.114)
2026-07-10 00:39:06,681 INFO   Merged: 'Value of Loss Load Analysis of Java-Bali System Based on Mac' (10.46962/forteijeeri.v1i1.7) <- 'Value of Loss Load Analysis of Java-Bali System Based on Mac' (10.46962/forteijeeri.v1i1.7)
2026-07-10 00:39:06,681 INFO   Merged: 'Opportunity Cost Allocation for Wheeling Using Power Flow Tr' (10.1109/ieeeconf48524.2019.9102537) <- 'Opportunity Cost Allocation for Wheeling Using Power Flow Tr' (10.1109/ieeeconf48524.2019.9102537)
2026-07-10 00:39:06,681 INFO   Merged: 'Applied Power Wheeling Concept Considering Site-Specific and' (10.3390/su151813285) <- 'Applied Power Wheeling Concept Considering Site-Specific and' (10.3390/su151813285)
2026-07-10 00:39:06,681 INFO   Merged: 'State-of-the-Art Optimization Approaches for Battery Energy ' (10.1109/icitee62483.2024.10808731) <- 'State-of-the-Art Optimization Approaches for Battery Energy ' (10.1109/icitee62483.2024.10808731)
2026-07-10 00:39:06,681 INFO   Merged: 'Perancangan Generator Magnet Permanen Fluks Aksial Putaran R' (None) <- 'Perancangan Generator Magnet Permanen Fluks Aksial Putaran R' (None)
2026-07-10 00:39:06,681 INFO   Merged: 'Electricity tariff of Bunaken hybrid Genset-PVs-battery syst' (10.1109/iccsce.2015.7482221) <- 'Electricity tariff of Bunaken hybrid Genset-PVs-battery syst' (10.1109/iccsce.2015.7482221)
2026-07-10 00:39:06,681 INFO   Merged: 'Static analysis of STATCOM placement effect on the voltage q' (10.1109/icimece.2016.7910453) <- 'Static analysis of STATCOM placement effect on the voltage q' (10.1109/icimece.2016.7910453)
2026-07-10 00:39:06,681 INFO   Merged: 'Ant Colony Optimization for Resolving Unit Commitment Issues' (10.22146/ijitee.49422) <- 'Ant Colony Optimization for Resolving Unit Commitment Issues' (10.22146/ijitee.49422)
2026-07-10 00:39:06,681 INFO   Merged: 'Pengaruh Hilangnya Kawat Netral pada Penyulang KBL-5 dan KBL' (None) <- 'Pengaruh Hilangnya Kawat Netral pada Penyulang KBL-5 dan KBL' (None)
2026-07-10 00:39:06,681 INFO   Merged: 'Perhitungan Biaya Sewa Jaringan Distribusi pada Renewable Po' (10.22146/jnteti.v4i3.163) <- 'Perhitungan Biaya Sewa Jaringan Distribusi pada Renewable Po' (10.22146/jnteti.v4i3.163)
2026-07-10 00:39:06,681 INFO   Merged: 'Analisis Operasi Paralel Generator Induksi Penguatan Sendiri' (None) <- 'Analisis Operasi Paralel Generator Induksi Penguatan Sendiri' (None)
2026-07-10 00:39:06,681 INFO   Merged: 'Pengatur Cahaya (dimmer) Lampu Fluorescent Dengan Saklar Pem' (None) <- 'Pengatur Cahaya (dimmer) Lampu Fluorescent Dengan Saklar Pem' (None)
2026-07-10 00:39:06,681 INFO   Merged: 'STUDI IMPLEMENTASI PEMANFAATAN BERSAMA JARINGAN DISTRIBUSI D' (10.22219/sentra.v0i1.2107) <- 'STUDI IMPLEMENTASI PEMANFAATAN BERSAMA JARINGAN DISTRIBUSI D' (10.22219/sentra.v0i1.2107)
2026-07-10 00:39:06,681 INFO   Merged: 'Reserve Cost Allocation on Wheeling Using Tracing Method' (10.1109/icitee49829.2020.9271724) <- 'Reserve Cost Allocation on Wheeling Using Tracing Method' (10.1109/icitee49829.2020.9271724)
2026-07-10 00:39:06,681 INFO   Merged: 'Household Electricity Tariff Analysis in Smart City Developm' (10.1109/icitee62483.2024.10809012) <- 'Household Electricity Tariff Analysis in Smart City Developm' (10.1109/icitee62483.2024.10809012)
2026-07-10 00:39:06,681 INFO   Merged: 'Techno-Economic Assessment of SCADA Installation Case Study:' (10.1109/bts-i2c63534.2024.10941896) <- 'Techno-Economic Assessment of SCADA Installation Case Study:' (10.1109/bts-i2c63534.2024.10941896)
2026-07-10 00:39:06,681 INFO   Merged: 'Techno-Economic Analysis of a Hybrid Renewable Energy System' (10.1109/ifeec65025.2025.11301411) <- 'Techno-Economic Analysis of a Hybrid Renewable Energy System' (10.1109/ifeec65025.2025.11301411)
2026-07-10 00:39:06,681 INFO   Merged: 'A Survey on Hyperparameters Optimization of Deep Learning fo' (10.1109/access.2024.3516198) <- 'A Survey on Hyperparameters Optimization of Deep Learning fo' (10.1109/access.2024.3516198)
2026-07-10 00:39:06,681 INFO   Merged: 'Real-time traffic classification with Twitter data mining' (10.1109/iciteed.2016.7863251) <- 'Real-time traffic classification with Twitter data mining' (10.1109/iciteed.2016.7863251)
2026-07-10 00:39:06,681 INFO   Merged: 'Evaluating user experience of english learning interface usi' (10.1109/icicos.2017.8276345) <- 'Evaluating user experience of english learning interface usi' (10.1109/icicos.2017.8276345)
2026-07-10 00:39:06,681 INFO   Merged: 'Depth gaze and ECG based frequency dynamics during motion si' (10.1016/j.entcom.2018.02.003) <- 'Depth gaze and ECG based frequency dynamics during motion si' (10.1016/j.entcom.2018.02.003)
2026-07-10 00:39:06,681 INFO   Merged: 'Physical discomfort and eye movements during arbitrary and o' (10.1007/s10055-019-00386-w) <- 'Physical discomfort and eye movements during arbitrary and o' (10.1007/s10055-019-00386-w)
2026-07-10 00:39:06,681 INFO   Merged: 'Feature extraction for lesion margin characteristic classifi' (10.1109/icitisee.2016.7803047) <- 'Feature extraction for lesion margin characteristic classifi' (10.1109/icitisee.2016.7803047)
2026-07-10 00:39:06,681 INFO   Merged: 'A Survey of Emotion Recognition using Physiological Signal i' (10.1109/aims52415.2021.9466092) <- 'A Survey of Emotion Recognition using Physiological Signal i' (10.1109/aims52415.2021.9466092)
2026-07-10 00:39:06,682 INFO   Merged: 'Classification of Learning Styles in Multimedia Learning Usi' (10.1109/fortei-icee50915.2020.9249875) <- 'Classification of Learning Styles in Multimedia Learning Usi' (10.1109/fortei-icee50915.2020.9249875)
2026-07-10 00:39:06,682 INFO   Merged: 'Gaze-Controlled Digital Signage for Public Health Education ' (10.1109/icoict52021.2021.9527531) <- 'Gaze-Controlled Digital Signage for Public Health Education ' (10.1109/icoict52021.2021.9527531)
2026-07-10 00:39:06,682 INFO   Merged: 'Observing cognitive load during online learning with various' (10.1504/ijil.2023.132037) <- 'Observing cognitive load during online learning with various' (10.1504/ijil.2023.132037)
2026-07-10 00:39:06,682 INFO   Merged: 'Robust Object Selection in Spontaneous Gaze-Controlled Appli' (10.1109/thms.2024.3413781) <- 'Robust Object Selection in Spontaneous Gaze-Controlled Appli' (10.1109/thms.2024.3413781)
2026-07-10 00:39:06,682 INFO   Merged: 'Optimum object selection methods for spontaneous gaze-based ' (10.1016/j.rineng.2024.101769) <- 'Optimum object selection methods for spontaneous gaze-based ' (10.1016/j.rineng.2024.101769)
2026-07-10 00:39:06,682 INFO   Merged: 'Evaluating 3D gaze tracking in virtual space: A computer gra' (10.1016/j.entcom.2017.04.003) <- 'Evaluating 3D gaze tracking in virtual space: A computer gra' (10.1016/j.entcom.2017.04.003)
2026-07-10 00:39:06,682 INFO   Merged: 'Investigation of visual attention in day-night driving simul' (10.1109/iciteed.2016.7863260) <- 'Investigation of visual attention in day-night driving simul' (10.1109/iciteed.2016.7863260)
2026-07-10 00:39:06,682 INFO   Merged: 'Quantifying visual attention and visually induced motion sic' (10.1109/icodse.2015.7436996) <- 'Quantifying visual attention and visually induced motion sic' (10.1109/icodse.2015.7436996)
2026-07-10 00:39:06,682 INFO   Merged: 'Software Metrics Classification for Agile Scrum Process: A L' (10.1109/isriti.2018.8864244) <- 'Software Metrics Classification for Agile Scrum Process: A L' (10.1109/isriti.2018.8864244)
2026-07-10 00:39:06,682 INFO   Merged: 'Towards understanding addiction factors of mobile devices: A' (10.1109/embc.2017.8037353) <- 'Towards understanding addiction factors of mobile devices: A' (10.1109/embc.2017.8037353)
2026-07-10 00:39:06,682 INFO   Merged: 'Spontaneous Gaze Gesture Interaction in the Presence of Nois' (10.1145/3379156.3391363) <- 'Spontaneous Gaze Gesture Interaction in the Presence of Nois' (10.1145/3379156.3391363)
2026-07-10 00:39:06,682 INFO   Merged: 'Robust Pupil Localization Algorithm Based on Circular Hough ' (10.1109/icstc.2018.8528286) <- 'Robust Pupil Localization Algorithm Based on Circular Hough ' (10.1109/icstc.2018.8528286)
2026-07-10 00:39:06,682 INFO   Merged: 'A Robust Image Enhancement Techniques for Underwater Fish Cl' (10.22266/ijies2019.1031.12) <- 'A Robust Image Enhancement Techniques for Underwater Fish Cl' (10.22266/ijies2019.1031.12)
2026-07-10 00:39:06,682 INFO   Merged: 'Wart treatment method selection using AdaBoost with random f' (10.21924/cst.3.2.2018.96) <- 'Wart treatment method selection using AdaBoost with random f' (10.21924/cst.3.2.2018.96)
2026-07-10 00:39:06,682 INFO   Merged: 'Redesign of E-Participation using User-Centered Design Appro' (10.1109/icoiact46704.2019.8938545) <- 'Redesign of E-Participation using User-Centered Design Appro' (10.1109/icoiact46704.2019.8938545)
2026-07-10 00:39:06,682 INFO   Merged: 'A Survey of Learning Style Detection Method using Eye-Tracki' (10.1109/ccs49175.2020.9231447) <- 'A Survey of Learning Style Detection Method using Eye-Tracki' (10.1109/ccs49175.2020.9231447)
2026-07-10 00:39:06,682 INFO   Merged: 'Perspective rectification in vehicle number plate recognitio' (10.1109/icsitech.2015.7407810) <- 'Perspective rectification in vehicle number plate recognitio' (10.1109/icsitech.2015.7407810)
2026-07-10 00:39:06,682 INFO   Merged: 'Long distance Automatic Number Plate Recognition under persp' (10.1109/icstc.2017.8011871) <- 'Long distance Automatic Number Plate Recognition under persp' (10.1109/icstc.2017.8011871)
2026-07-10 00:39:06,682 INFO   Merged: 'A Review on Opportunities and Challenges of Machine Learning' (10.1109/ibitec53045.2021.9649434) <- 'A Review on Opportunities and Challenges of Machine Learning' (10.1109/ibitec53045.2021.9649434)
2026-07-10 00:39:06,682 INFO   Merged: 'Examining the effect of website complexity and task complexi' (10.1109/icicos.2017.8276348) <- 'Examining the effect of website complexity and task complexi' (10.1109/icicos.2017.8276348)
2026-07-10 00:39:06,682 INFO   Merged: 'Design of Gamification for Anatomy Learning Media' (10.1109/icitee53064.2021.9611852) <- 'Design of Gamification for Anatomy Learning Media' (10.1109/icitee53064.2021.9611852)
2026-07-10 00:39:06,682 INFO   Merged: 'A Review of Learners' Self-Regulated Learning Behavior Analy' (10.1109/iceed59801.2023.10264050) <- 'A Review of Learners' Self-Regulated Learning Behavior Analy' (10.1109/iceed59801.2023.10264050)
2026-07-10 00:39:06,682 INFO   Merged: 'Cognitive load classification during online shopping using d' (10.1016/j.array.2025.100669) <- 'Cognitive load classification during online shopping using d' (10.1016/j.array.2025.100669)
2026-07-10 00:39:06,682 INFO   Merged: 'Automated segmentation of optic disc area using mathematical' (10.1109/ic3ina.2015.7377739) <- 'Automated segmentation of optic disc area using mathematical' (10.1109/ic3ina.2015.7377739)
2026-07-10 00:39:06,682 INFO   Merged: 'Spinal curvature determination from scoliosis X-Ray image us' (10.1109/icstc.2016.7877343) <- 'Spinal curvature determination from scoliosis X-Ray image us' (10.1109/icstc.2016.7877343)
2026-07-10 00:39:06,682 INFO   Merged: 'Gender recognition using PCA and LDA with improve preprocess' (10.1109/inaes.2017.8068547) <- 'Gender recognition using PCA and LDA with improve preprocess' (10.1109/inaes.2017.8068547)
2026-07-10 00:39:06,682 INFO   Merged: 'Fish Classification Based on Underwater Image Interpolation ' (10.1109/icst47872.2019.9166295) <- 'Fish Classification Based on Underwater Image Interpolation ' (10.1109/icst47872.2019.9166295)
2026-07-10 00:39:06,682 INFO   Merged: 'A Novel User Experience Study of Parallax Scrolling using Ey' (10.18517/ijaseit.8.4.6500) <- 'A Novel User Experience Study of Parallax Scrolling using Ey' (10.18517/ijaseit.8.4.6500)
2026-07-10 00:39:06,682 INFO   Merged: 'Enhancement Methods of Brain MRI Images : A Review' (10.1109/icitee49829.2020.9271785) <- 'Enhancement Methods of Brain MRI Images : A Review' (10.1109/icitee49829.2020.9271785)
2026-07-10 00:39:06,682 INFO   Merged: 'A Survey of Event Detection Methods for Eye Movements Classi' (10.1109/ccs49175.2020.9231384) <- 'A Survey of Event Detection Methods for Eye Movements Classi' (10.1109/ccs49175.2020.9231384)
2026-07-10 00:39:06,682 INFO   Merged: 'Gamification Opportunity in Augmented Reality-Based Learning' (10.1109/icicyta57421.2022.10037922) <- 'Gamification Opportunity in Augmented Reality-Based Learning' (10.1109/icicyta57421.2022.10037922)
2026-07-10 00:39:06,682 INFO   Merged: 'Adaptive Threshold Determination Based on Entropy in Active ' (10.1109/icstc.2018.8528585) <- 'Adaptive Threshold Determination Based on Entropy in Active ' (10.1109/icstc.2018.8528585)
2026-07-10 00:39:06,682 INFO   Merged: 'Classification of Visual-Verbal Cognitive Style in Multimedi' (10.1109/icst50505.2020.9732880) <- 'Classification of Visual-Verbal Cognitive Style in Multimedi' (10.1109/icst50505.2020.9732880)
2026-07-10 00:39:06,682 INFO   Merged: 'Spontaneous gaze interaction based on smooth pursuit eye mov' (10.21924/cst.7.1.2022.739) <- 'Spontaneous gaze interaction based on smooth pursuit eye mov' (10.21924/cst.7.1.2022.739)
2026-07-10 00:39:06,682 INFO   Merged: 'Implementing Design Thinking in The Development of Digital S' (10.1109/icst56971.2022.10136306) <- 'Implementing Design Thinking in The Development of Digital S' (10.1109/icst56971.2022.10136306)
2026-07-10 00:39:06,682 INFO   Merged: 'Improving Performance of Eye Movements Classification Using ' (10.1109/icamimia60881.2023.10427836) <- 'Improving Performance of Eye Movements Classification Using ' (10.1109/icamimia60881.2023.10427836)
2026-07-10 00:39:06,682 INFO   Merged: 'Spontaneous Gaze-Based Application Using 2D Correlation and ' (10.1109/icicos53627.2021.9651863) <- 'Spontaneous Gaze-Based Application Using 2D Correlation and ' (10.1109/icicos53627.2021.9651863)
2026-07-10 00:39:06,682 INFO   Merged: 'The Study of Multivariable Autoregression Methods to Forecas' (10.1109/icitisee53823.2021.9655881) <- 'The Study of Multivariable Autoregression Methods to Forecas' (10.1109/icitisee53823.2021.9655881)
2026-07-10 00:39:06,682 INFO   Merged: 'A Study of Event Detection Methods in Eye-Tracking Based on ' (10.1109/icst50505.2020.9732839) <- 'A Study of Event Detection Methods in Eye-Tracking Based on ' (10.1109/icst50505.2020.9732839)
2026-07-10 00:39:06,682 INFO   Merged: 'Development of Gamification Design on Heart Anatomy Learning' (10.1109/ibiomed56408.2022.9987817) <- 'Development of Gamification Design on Heart Anatomy Learning' (10.1109/ibiomed56408.2022.9987817)
2026-07-10 00:39:06,682 INFO   Merged: 'River body extraction and classification using enhanced mode' (10.1109/icoiact.2018.8350789) <- 'River body extraction and classification using enhanced mode' (10.1109/icoiact.2018.8350789)
2026-07-10 00:39:06,682 INFO   Merged: 'A NOVEL APPROACH FOR UNDERWATER IMAGE ENHANCEMENT BASED ON I' (None) <- 'A NOVEL APPROACH FOR UNDERWATER IMAGE ENHANCEMENT BASED ON I' (None)
2026-07-10 00:39:06,682 INFO   Merged: 'Automated localisation of optic disc in retinal colour fundu' (10.21924/cst.2.1.2017.43) <- 'Automated localisation of optic disc in retinal colour fundu' (10.21924/cst.2.1.2017.43)
2026-07-10 00:39:06,682 INFO   Merged: 'Prototype of Student Attendance Application Based on Face Re' (10.22146/ijitee.46724) <- 'Prototype of Student Attendance Application Based on Face Re' (10.22146/ijitee.46724)
2026-07-10 00:39:06,682 INFO   Merged: 'Study of Power Transformer Noise Prediction' (10.1109/icitacee50144.2020.9239219) <- 'Study of Power Transformer Noise Prediction' (10.1109/icitacee50144.2020.9239219)
2026-07-10 00:39:06,682 INFO   Merged: 'Rekonstruksi Objek 3D dari Multiple Images' (10.22146/jnteti.v2i1.27) <- 'Rekonstruksi Objek 3D dari Multiple Images' (10.22146/jnteti.v2i1.27)
2026-07-10 00:39:06,682 INFO   Merged: 'User interface design for android-based family genealogy soc' (10.1109/inaes.2017.8068557) <- 'User interface design for android-based family genealogy soc' (10.1109/inaes.2017.8068557)
2026-07-10 00:39:06,682 INFO   Merged: 'Development of a hospital virtual tour with virtual reality-' (10.1504/ijil.2021.117218) <- 'Development of a hospital virtual tour with virtual reality-' (10.1504/ijil.2021.117218)
2026-07-10 00:39:06,682 INFO   Merged: 'Improving Deep Learning-Based Eye Movements Classification U' (10.1109/ibitec59006.2023.10390966) <- 'Improving Deep Learning-Based Eye Movements Classification U' (10.1109/ibitec59006.2023.10390966)
2026-07-10 00:39:06,682 INFO   Merged: 'EEG Motor Imagery Signal Classification Using Firefly Suppor' (10.1109/icias.2018.8540578) <- 'EEG Motor Imagery Signal Classification Using Firefly Suppor' (10.1109/icias.2018.8540578)
2026-07-10 00:39:06,682 INFO   Merged: '3D gaze tracking in real world environment using orthographi' (10.1063/1.4953997) <- '3D gaze tracking in real world environment using orthographi' (10.1063/1.4953997)
2026-07-10 00:39:06,682 INFO   Merged: 'Detection of malaria parasites in thick blood smear: A revie' (10.21924/cst.3.1.2018.75) <- 'Detection of malaria parasites in thick blood smear: A revie' (10.21924/cst.3.1.2018.75)
2026-07-10 00:39:06,682 INFO   Merged: 'Comparative Analysis of Signal Denoising Methods for Object ' (10.1109/icst47872.2019.9166223) <- 'Comparative Analysis of Signal Denoising Methods for Object ' (10.1109/icst47872.2019.9166223)
2026-07-10 00:39:06,682 INFO   Merged: 'Evaluation of Learning Management Systems Based on Usability' (10.1109/isitia59021.2023.10221015) <- 'Evaluation of Learning Management Systems Based on Usability' (10.1109/isitia59021.2023.10221015)
2026-07-10 00:39:06,682 INFO   Merged: 'A Survey of Signal Processing Filters, Calibration, and Inte' (10.1109/icst47872.2019.9166280) <- 'A Survey of Signal Processing Filters, Calibration, and Inte' (10.1109/icst47872.2019.9166280)
2026-07-10 00:39:06,682 INFO   Merged: 'REKONSTRUKSI OBYEK TIGA DIMENSI DARI CITRA DUA DIMENSI MENGG' (None) <- 'REKONSTRUKSI OBYEK TIGA DIMENSI DARI CITRA DUA DIMENSI MENGG' (None)
2026-07-10 00:39:06,682 INFO   Merged: 'Contrast Enhancement Analysis to Detect Glaucoma Based on Te' (10.1166/asl.2017.8737) <- 'Contrast Enhancement Analysis to Detect Glaucoma Based on Te' (10.1166/asl.2017.8737)
2026-07-10 00:39:06,682 INFO   Merged: 'Rekonstruksi dan Visualisasi Objek 3-D Berbasis Algoritma Di' (10.22146/jnteti.v1i2.16) <- 'Rekonstruksi dan Visualisasi Objek 3-D Berbasis Algoritma Di' (10.22146/jnteti.v1i2.16)
2026-07-10 00:39:06,682 INFO   Merged: 'Texture feature extraction for the lung lesion density class' (10.21924/cst.1.1.2016.14) <- 'Texture feature extraction for the lung lesion density class' (10.21924/cst.1.1.2016.14)
2026-07-10 00:39:06,682 INFO   Merged: 'Comparison expert and novice scan behavior for using e-learn' (10.1117/12.2280731) <- 'Comparison expert and novice scan behavior for using e-learn' (10.1117/12.2280731)
2026-07-10 00:39:06,682 INFO   Merged: 'Estimating 3D gaze in physical environment: a geometric appr' (10.1117/12.2266109) <- 'Estimating 3D gaze in physical environment: a geometric appr' (10.1117/12.2266109)
2026-07-10 00:39:06,682 INFO   Merged: 'Observing Impression of User Experience for Learning Cranium' (10.1109/iccce50029.2021.9467189) <- 'Observing Impression of User Experience for Learning Cranium' (10.1109/iccce50029.2021.9467189)
2026-07-10 00:39:06,682 INFO   Merged: 'Observing Cognitive Load During Online Learning with Various' (10.1504/ijil.2023.10051446) <- 'Observing Cognitive Load During Online Learning with Various' (10.1504/ijil.2023.10051446)
2026-07-10 00:39:06,682 INFO   Merged: 'Real Time Monocular Visual Odometry using ORB Features for I' (10.21535/jias.v2i2.854) <- 'Real Time Monocular Visual Odometry using ORB Features for I' (10.21535/jias.v2i2.854)
2026-07-10 00:39:06,682 INFO   Merged: 'Analysis of Segmentation Parameters Effect towards Parallel ' (10.22146/ijitee.35025) <- 'Analysis of Segmentation Parameters Effect towards Parallel ' (10.22146/ijitee.35025)
2026-07-10 00:39:06,683 INFO   Merged: 'Information System Platform for Outbreak Investigation: A Ca' (10.1109/iciteed.2018.8534885) <- 'Information System Platform for Outbreak Investigation: A Ca' (10.1109/iciteed.2018.8534885)
2026-07-10 00:39:06,683 INFO   Merged: 'Eye Blink Classification for Assisting Disability to Communi' (10.22146/ijitee.63515) <- 'Eye Blink Classification for Assisting Disability to Communi' (10.22146/ijitee.63515)
2026-07-10 00:39:06,683 INFO   Merged: 'Development of a hospital virtual tour with virtual reality-' (10.1504/ijil.2021.10040268) <- 'Development of a hospital virtual tour with virtual reality-' (10.1504/ijil.2021.10040268)
2026-07-10 00:39:06,683 INFO   Merged: 'Accessibility Analysis of Learning Management System Website' (10.14421/ijid.2022.3485) <- 'Accessibility Analysis of Learning Management System Website' (10.14421/ijid.2022.3485)
2026-07-10 00:39:06,683 INFO   Merged: 'Systematic Literature Review: Implemented Motor Imagery Reco' (10.1109/aims61812.2024.10512960) <- 'Systematic Literature Review: Implemented Motor Imagery Reco' (10.1109/aims61812.2024.10512960)
2026-07-10 00:39:06,683 INFO   Merged: 'A virtual tour development of butterfly park as a promotiona' (10.1063/5.0200992) <- 'A virtual tour development of butterfly park as a promotiona' (10.1063/5.0200992)
2026-07-10 00:39:06,683 INFO   Merged: 'A Systematic Review of Deep Learning Approaches to Visual Sa' (10.1109/icicos62600.2024.10636890) <- 'A Systematic Review of Deep Learning Approaches to Visual Sa' (10.1109/icicos62600.2024.10636890)
2026-07-10 00:39:06,683 INFO   Merged: 'Optimizing Temporal Convolutional Network for Eye Movement C' (10.1109/ic3ina64086.2024.10732444) <- 'Optimizing Temporal Convolutional Network for Eye Movement C' (10.1109/ic3ina64086.2024.10732444)
2026-07-10 00:39:06,683 INFO   Merged: 'A Systematic Literature Review of Personalized Gamification ' (10.1109/isitdi62380.2024.10795944) <- 'A Systematic Literature Review of Personalized Gamification ' (10.1109/isitdi62380.2024.10795944)
2026-07-10 00:39:06,683 INFO   Merged: 'Time Series Classification for Eye Tracking-Based Visual-Ver' (10.1109/icitee62483.2024.10808574) <- 'Time Series Classification for Eye Tracking-Based Visual-Ver' (10.1109/icitee62483.2024.10808574)
2026-07-10 00:39:06,683 INFO   Merged: 'Leveraging Bidirectional Long Short-Term Memory with Bayesia' (10.1109/ibiomed62485.2024.10875813) <- 'Leveraging Bidirectional Long Short-Term Memory with Bayesia' (10.1109/ibiomed62485.2024.10875813)
2026-07-10 00:39:06,683 INFO   Merged: 'A Systematic Review of Gamification and Their Impact on E-co' (10.1109/icitsi65188.2024.10929338) <- 'A Systematic Review of Gamification and Their Impact on E-co' (10.1109/icitsi65188.2024.10929338)
2026-07-10 00:39:06,683 INFO   Merged: 'Field-Weighted Citation Impact Measurement for Indonesian Sc' (10.1109/eecsi67060.2025.11290568) <- 'Field-Weighted Citation Impact Measurement for Indonesian Sc' (10.1109/eecsi67060.2025.11290568)
2026-07-10 00:39:06,683 INFO   Merged: 'Global mean–centered correlation: A variance-reduced and the' (10.1016/j.ins.2026.123502) <- 'Global mean–centered correlation: A variance-reduced and the' (10.1016/j.ins.2026.123502)
2026-07-10 00:39:06,683 INFO   Merged: 'Ordinal-Cardinal Copeland Aggregation for Preference Differe' (10.2139/ssrn.7029524) <- 'Ordinal-Cardinal Copeland Aggregation for Preference Differe' (10.2139/ssrn.7029524)
2026-07-10 00:39:06,683 INFO   Merged: 'Review of Virtual Inertia Based on Synchronous Generator Cha' (10.3390/electricity6040069) <- 'Review of Virtual Inertia Based on Synchronous Generator Cha' (10.3390/electricity6040069)
2026-07-10 00:39:06,683 INFO   Merged: 'Virtual Inertia Control Topology Addressing Indonesia’s Low-' (10.22146/jnteti.v14i4.25234) <- 'Virtual Inertia Control Topology Addressing Indonesia’s Low-' (10.22146/jnteti.v14i4.25234)
2026-07-10 00:39:06,683 INFO   Merged: 'Maximum penetration determination of variable renewable ener' (10.1016/j.renene.2020.08.048) <- 'Maximum penetration determination of variable renewable ener' (10.1016/j.renene.2020.08.048)
2026-07-10 00:39:06,683 INFO   Merged: 'Generation expansion planning with a renewable energy target' (10.1016/j.rser.2023.113489) <- 'Generation expansion planning with a renewable energy target' (10.1016/j.rser.2023.113489)
2026-07-10 00:39:06,683 INFO   Merged: 'Short-Term Electric Load Forecasting Using Recurrent Neural ' (10.1109/icstc.2018.8528651) <- 'Short-Term Electric Load Forecasting Using Recurrent Neural ' (10.1109/icstc.2018.8528651)
2026-07-10 00:39:06,683 INFO   Merged: 'Battery energy storage systems reinforcement control strateg' (10.1016/j.rineng.2023.101184) <- 'Battery energy storage systems reinforcement control strateg' (10.1016/j.rineng.2023.101184)
2026-07-10 00:39:06,683 INFO   Merged: 'Long-Term Generation Expansion Planning in Sulawesi Electric' (10.1109/iciteed.2019.8929948) <- 'Long-Term Generation Expansion Planning in Sulawesi Electric' (10.1109/iciteed.2019.8929948)
2026-07-10 00:39:06,683 INFO   Merged: 'Generation Expansion Planning Based on Local Renewable Energ' (10.3390/su14053032) <- 'Generation Expansion Planning Based on Local Renewable Energ' (10.3390/su14053032)
2026-07-10 00:39:06,683 INFO   Merged: 'Environmental Considerations in Long-Term Generation Expansi' (10.1109/fortei-icee50915.2020.9249863) <- 'Environmental Considerations in Long-Term Generation Expansi' (10.1109/fortei-icee50915.2020.9249863)
2026-07-10 00:39:06,683 INFO   Merged: 'Role of the energy-carbon-economy nexus and CO2 abatement co' (10.1016/j.rser.2023.113708) <- 'Role of the energy-carbon-economy nexus and CO2 abatement co' (10.1016/j.rser.2023.113708)
2026-07-10 00:39:06,683 INFO   Merged: 'Study of rooftop PV hosting capacity in 20 kV systems in fac' (10.1016/j.rineng.2024.102517) <- 'Study of rooftop PV hosting capacity in 20 kV systems in fac' (10.1016/j.rineng.2024.102517)
2026-07-10 00:39:06,683 INFO   Merged: 'Power System Planning Assessment for Optimizing Renewable En' (10.3390/su14148436) <- 'Power System Planning Assessment for Optimizing Renewable En' (10.3390/su14148436)
2026-07-10 00:39:06,683 INFO   Merged: 'Optimal Sizing and Siting of PV-Based Distributed Generation' (10.1109/icoiact46704.2019.8938424) <- 'Optimal Sizing and Siting of PV-Based Distributed Generation' (10.1109/icoiact46704.2019.8938424)
2026-07-10 00:39:06,683 INFO   Merged: 'Transmission Expansion Planning for the Optimization of Rene' (10.3390/su131810477) <- 'Transmission Expansion Planning for the Optimization of Rene' (10.3390/su131810477)
2026-07-10 00:39:06,683 INFO   Merged: 'Minimization of Power Losses through Optimal Placement and S' (10.1109/isriti51436.2020.9315446) <- 'Minimization of Power Losses through Optimal Placement and S' (10.1109/isriti51436.2020.9315446)
2026-07-10 00:39:06,683 INFO   Merged: 'Potential of Biomass as RE Source for Sustainable Electricit' (10.1109/ichveps53178.2021.9601067) <- 'Potential of Biomass as RE Source for Sustainable Electricit' (10.1109/ichveps53178.2021.9601067)
2026-07-10 00:39:06,683 INFO   Merged: 'Effect of Distributed Photovoltaic Generation Installation o' (10.1109/icoiact46704.2019.8938534) <- 'Effect of Distributed Photovoltaic Generation Installation o' (10.1109/icoiact46704.2019.8938534)
2026-07-10 00:39:06,683 INFO   Merged: 'Design of Battery Energy Storage System Control Scheme for F' (10.1109/fortei-icee50915.2020.9249865) <- 'Design of Battery Energy Storage System Control Scheme for F' (10.1109/fortei-icee50915.2020.9249865)
2026-07-10 00:39:06,683 INFO   Merged: 'Assessing Potential Scenarios for Achieving New and Renewabl' (10.32479/ijeep.12852) <- 'Assessing Potential Scenarios for Achieving New and Renewabl' (10.32479/ijeep.12852)
2026-07-10 00:39:06,683 INFO   Merged: 'Optimal Placement and Sizing of PV as DG for Losses Minimiza' (10.1109/icseea50711.2020.9306134) <- 'Optimal Placement and Sizing of PV as DG for Losses Minimiza' (10.1109/icseea50711.2020.9306134)
2026-07-10 00:39:06,683 INFO   Merged: 'Optimal Placement and Sizing Distributed Wind Generation Usi' (10.1109/icitee49829.2020.9271671) <- 'Optimal Placement and Sizing Distributed Wind Generation Usi' (10.1109/icitee49829.2020.9271671)
2026-07-10 00:39:06,683 INFO   Merged: 'A Voltage Rise Mitigation Control Scheme of Utility-Scale Ba' (10.1109/ichveps53178.2021.9601108) <- 'A Voltage Rise Mitigation Control Scheme of Utility-Scale Ba' (10.1109/ichveps53178.2021.9601108)
2026-07-10 00:39:06,683 INFO   Merged: 'Development of PV hosting-capacity prediction method based o' (10.1080/14786451.2023.2261759) <- 'Development of PV hosting-capacity prediction method based o' (10.1080/14786451.2023.2261759)
2026-07-10 00:39:06,683 INFO   Merged: 'Model-Free Approach to DC Microgrid Optimal Operation under ' (10.3390/en16145369) <- 'Model-Free Approach to DC Microgrid Optimal Operation under ' (10.3390/en16145369)
2026-07-10 00:39:06,683 INFO   Merged: 'Piezoelectric Energy Harvester for IoT Sensor Devices' (10.22146/ijitee.67120) <- 'Piezoelectric Energy Harvester for IoT Sensor Devices' (10.22146/ijitee.67120)
2026-07-10 00:39:06,683 INFO   Merged: 'The Masterplan for Developing Electricity Systems for Archip' (10.1109/sege.2019.8859915) <- 'The Masterplan for Developing Electricity Systems for Archip' (10.1109/sege.2019.8859915)
2026-07-10 00:39:06,683 INFO   Merged: 'Optimizing Local Renewable Energy Resources for Reducing Ene' (10.1109/ichveps58902.2023.10257316) <- 'Optimizing Local Renewable Energy Resources for Reducing Ene' (10.1109/ichveps58902.2023.10257316)
2026-07-10 00:39:06,683 INFO   Merged: 'Study on Photovoltaic Hosting in Yogyakarta Electric Distrib' (10.1109/icitacee.2018.8576961) <- 'Study on Photovoltaic Hosting in Yogyakarta Electric Distrib' (10.1109/icitacee.2018.8576961)
2026-07-10 00:39:06,683 INFO   Merged: 'Wind and Solar Power Plant Modelling and Its Impact to the J' (10.1109/appeec.2018.8566584) <- 'Wind and Solar Power Plant Modelling and Its Impact to the J' (10.1109/appeec.2018.8566584)
2026-07-10 00:39:06,683 INFO   Merged: 'PMU Location Determination in a Hybrid PMU-SCADA System' (10.1109/icitee49829.2020.9271728) <- 'PMU Location Determination in a Hybrid PMU-SCADA System' (10.1109/icitee49829.2020.9271728)
2026-07-10 00:39:06,683 INFO   Merged: 'Rooftop Photovoltaic Hosting Capacity Assessment: A Case Stu' (10.1109/iceei47359.2019.8988810) <- 'Rooftop Photovoltaic Hosting Capacity Assessment: A Case Stu' (10.1109/iceei47359.2019.8988810)
2026-07-10 00:39:06,683 INFO   Merged: 'Unit Commitment with Primary Frequency Regulation Considerat' (10.1109/icitee49829.2020.9271759) <- 'Unit Commitment with Primary Frequency Regulation Considerat' (10.1109/icitee49829.2020.9271759)
2026-07-10 00:39:06,683 INFO   Merged: 'Design of Microgrid with Distribution Static Synchronous Com' (10.1109/sege.2019.8859860) <- 'Design of Microgrid with Distribution Static Synchronous Com' (10.1109/sege.2019.8859860)
2026-07-10 00:39:06,683 INFO   Merged: 'Battery energy storage system to reduce voltage rise under h' (10.1080/14786451.2022.2136176) <- 'Battery energy storage system to reduce voltage rise under h' (10.1080/14786451.2022.2136176)
2026-07-10 00:39:06,683 INFO   Merged: 'Determination of Maximum Grid-Connected Photovoltaic Penetra' (10.1109/iceei47359.2019.8988911) <- 'Determination of Maximum Grid-Connected Photovoltaic Penetra' (10.1109/iceei47359.2019.8988911)
2026-07-10 00:39:06,683 INFO   Merged: 'Review on Battery Energy Storage System for Power System wit' (10.1109/icst50505.2020.9732801) <- 'Review on Battery Energy Storage System for Power System wit' (10.1109/icst50505.2020.9732801)
2026-07-10 00:39:06,683 INFO   Merged: 'Improved Kron Method for Linear Losses Coefficient' (10.1109/icamimia60881.2023.10427695) <- 'Improved Kron Method for Linear Losses Coefficient' (10.1109/icamimia60881.2023.10427695)
2026-07-10 00:39:06,683 INFO   Merged: 'Frequency Stability Evaluation of High Penetration Variable ' (10.1109/icpere63447.2024.10845589) <- 'Frequency Stability Evaluation of High Penetration Variable ' (10.1109/icpere63447.2024.10845589)
2026-07-10 00:39:06,683 INFO   Merged: 'Optimization of Transmission Expansion Planning Considering ' (10.1109/icitisee48480.2019.9003814) <- 'Optimization of Transmission Expansion Planning Considering ' (10.1109/icitisee48480.2019.9003814)
2026-07-10 00:39:06,683 INFO   Merged: 'Pengaruh Penempatan Unified Power Flow Controller Terhadap K' (None) <- 'Pengaruh Penempatan Unified Power Flow Controller Terhadap K' (None)
2026-07-10 00:39:06,683 INFO   Merged: 'Long-Term Electricity Demand Forecast Using Multivariate Reg' (10.1109/ict-pep53949.2021.9601144) <- 'Long-Term Electricity Demand Forecast Using Multivariate Reg' (10.1109/ict-pep53949.2021.9601144)
2026-07-10 00:39:06,683 INFO   Merged: 'Analysis of Performance Index in Transmission Expansion Plan' (10.1109/isriti51436.2020.9315480) <- 'Analysis of Performance Index in Transmission Expansion Plan' (10.1109/isriti51436.2020.9315480)
2026-07-10 00:39:06,683 INFO   Merged: 'Generation and Transmission Expansion Planning in Remote Are' (10.1109/ichveps53178.2021.9600932) <- 'Generation and Transmission Expansion Planning in Remote Are' (10.1109/ichveps53178.2021.9600932)
2026-07-10 00:39:06,683 INFO   Merged: 'Transient Stability Analysis in Grid Integrated Solar Farm' (10.1109/icst47872.2019.9166335) <- 'Transient Stability Analysis in Grid Integrated Solar Farm' (10.1109/icst47872.2019.9166335)
2026-07-10 00:39:06,683 INFO   Merged: 'Studi Kestabilan Tegangan Jaringan IEEE 9 Bus Menggunakan In' (None) <- 'Studi Kestabilan Tegangan Jaringan IEEE 9 Bus Menggunakan In' (None)
2026-07-10 00:39:06,683 INFO   Merged: 'Design of SCADA based solar power plant for clean water irri' (10.14419/ijet.v7i4.44.26867) <- 'Design of SCADA based solar power plant for clean water irri' (10.14419/ijet.v7i4.44.26867)
2026-07-10 00:39:06,683 INFO   Merged: 'Application of Demand Response Scheme for Generation Schedul' (10.1109/ieeeconf48524.2019.9102498) <- 'Application of Demand Response Scheme for Generation Schedul' (10.1109/ieeeconf48524.2019.9102498)
2026-07-10 00:39:06,683 INFO   Merged: 'Realizing National Targets through Generation Expansion Plan' (10.1109/iconeei64414.2024.10747999) <- 'Realizing National Targets through Generation Expansion Plan' (10.1109/iconeei64414.2024.10747999)
2026-07-10 00:39:06,683 INFO   Merged: 'Determination of Maximum Grid-Connected Photovoltaic Penetra' (10.15676/ijeei.2019.11.3.11) <- 'Determination of Maximum Grid-Connected Photovoltaic Penetra' (10.15676/ijeei.2019.11.3.11)
2026-07-10 00:39:06,684 INFO   Merged: 'Transient Stability Analysis in Grid Integrated Solar Farm' (10.1109/icst47872.2019.9166213) <- 'Transient Stability Analysis in Grid Integrated Solar Farm' (10.1109/icst47872.2019.9166213)
2026-07-10 00:39:06,684 INFO   Merged: 'Reactive Power Management in Radial Distribution Grid Connec' (10.1109/icitee49829.2020.9271680) <- 'Reactive Power Management in Radial Distribution Grid Connec' (10.1109/icitee49829.2020.9271680)
2026-07-10 00:39:06,684 INFO   Merged: 'Impact of Sizing and Placement on Energy Storage System in G' (10.1109/ieeeconf48524.2019.9102627) <- 'Impact of Sizing and Placement on Energy Storage System in G' (10.1109/ieeeconf48524.2019.9102627)
2026-07-10 00:39:06,684 INFO   Merged: 'A Determination of PV and Wind Power Plant Penetration into ' (10.46962/forteijeeri.v1i1.5) <- 'A Determination of PV and Wind Power Plant Penetration into ' (10.46962/forteijeeri.v1i1.5)
2026-07-10 00:39:06,684 INFO   Merged: 'Assessing The Impact of Variable Renewable Energy on Generat' (10.1109/sege59172.2023.10274567) <- 'Assessing The Impact of Variable Renewable Energy on Generat' (10.1109/sege59172.2023.10274567)
2026-07-10 00:39:06,684 INFO   Merged: 'Impact of STATCOM Installation on Power System’s Voltage Sta' (10.1109/icitisee48480.2019.9003865) <- 'Impact of STATCOM Installation on Power System’s Voltage Sta' (10.1109/icitisee48480.2019.9003865)
2026-07-10 00:39:06,684 INFO   Merged: 'Stochastic Unit Commitment in Various System Sizes under Hig' (10.22146/jnteti.v12i1.5281) <- 'Stochastic Unit Commitment in Various System Sizes under Hig' (10.22146/jnteti.v12i1.5281)
2026-07-10 00:39:06,684 INFO   Merged: 'A Generation Expansion Planning Procedure Considering the Co' (10.1109/icitee59582.2023.10317654) <- 'A Generation Expansion Planning Procedure Considering the Co' (10.1109/icitee59582.2023.10317654)
2026-07-10 00:39:06,684 INFO   Merged: 'Impact of Coal Supply Constraint and Renewable Energy Mixed ' (10.1109/icitee59582.2023.10317640) <- 'Impact of Coal Supply Constraint and Renewable Energy Mixed ' (10.1109/icitee59582.2023.10317640)
2026-07-10 00:39:06,684 INFO   Merged: 'Optimizing Renewable Energy Resources on an Isolated Island ' (10.1109/ict-pep63827.2024.10733421) <- 'Optimizing Renewable Energy Resources on an Isolated Island ' (10.1109/ict-pep63827.2024.10733421)
2026-07-10 00:39:06,684 INFO   Merged: 'PMU Installation to Increase The Accuracy of State Estimatio' (10.1109/iciteed.2019.8929976) <- 'PMU Installation to Increase The Accuracy of State Estimatio' (10.1109/iciteed.2019.8929976)
2026-07-10 00:39:06,684 INFO   Merged: 'Evaluation of Reactive Power Control for High PV Penetration' (10.1109/icitee53064.2021.9611863) <- 'Evaluation of Reactive Power Control for High PV Penetration' (10.1109/icitee53064.2021.9611863)
2026-07-10 00:39:06,684 INFO   Merged: 'Customer Behavior and EV Charging Service Business' (10.1109/ict-pep53949.2021.9600991) <- 'Customer Behavior and EV Charging Service Business' (10.1109/ict-pep53949.2021.9600991)
2026-07-10 00:39:06,684 INFO   Merged: 'ANALISIS STABILITAS TEGANGAN SISTEM TENAGA LISTRIK 500 kV JA' (None) <- 'ANALISIS STABILITAS TEGANGAN SISTEM TENAGA LISTRIK 500 kV JA' (None)
2026-07-10 00:39:06,684 INFO   Merged: 'Evaluation of rooftop photovoltaic allocation strategies of ' (10.1063/5.0013574) <- 'Evaluation of rooftop photovoltaic allocation strategies of ' (10.1063/5.0013574)
2026-07-10 00:39:06,684 INFO   Merged: 'ANN for Optimal Operation of BESS in a Grid Integrated Wind ' (10.1109/fortei-icee50915.2020.9249874) <- 'ANN for Optimal Operation of BESS in a Grid Integrated Wind ' (10.1109/fortei-icee50915.2020.9249874)
2026-07-10 00:39:06,684 INFO   Merged: 'Regional Clustering for Developing Electricity Systems in Ar' (10.1109/ict-pep53949.2021.9601113) <- 'Regional Clustering for Developing Electricity Systems in Ar' (10.1109/ict-pep53949.2021.9601113)
2026-07-10 00:39:06,684 INFO   Merged: 'Simulasi Optimal Power Flow Sistem Kelistrikan PT. PLN (Pers' (None) <- 'Simulasi Optimal Power Flow Sistem Kelistrikan PT. PLN (Pers' (None)
2026-07-10 00:39:06,684 INFO   Merged: 'Optimizing the Preventive and Corrective Control Scheme in I' (10.18517/ijaseit.8.5.6518) <- 'Optimizing the Preventive and Corrective Control Scheme in I' (10.18517/ijaseit.8.5.6518)
2026-07-10 00:39:06,684 INFO   Merged: 'PV Operation on the Low Demand Condition in the Java–Bali Sy' (10.1109/iciteed.2019.8929936) <- 'PV Operation on the Low Demand Condition in the Java–Bali Sy' (10.1109/iciteed.2019.8929936)
2026-07-10 00:39:06,684 INFO   Merged: 'Effect of Placement of Scattering Generator Locations on Mic' (10.1109/isriti48646.2019.9034643) <- 'Effect of Placement of Scattering Generator Locations on Mic' (10.1109/isriti48646.2019.9034643)
2026-07-10 00:39:06,684 INFO   Merged: 'The Role of The HVDC System in A Low Inertia AC Grid for Tra' (10.1109/ict-pep50916.2020.9249921) <- 'The Role of The HVDC System in A Low Inertia AC Grid for Tra' (10.1109/ict-pep50916.2020.9249921)
2026-07-10 00:39:06,684 INFO   Merged: 'Muna-Buton System Generation Expansion Planning by Consideri' (10.22146/jnteti.v11i3.3508) <- 'Muna-Buton System Generation Expansion Planning by Consideri' (10.22146/jnteti.v11i3.3508)
2026-07-10 00:39:06,684 INFO   Merged: 'A Review of Stochastic Hosting Capacity Problems Concerning ' (10.1109/ict-pep57242.2022.9988768) <- 'A Review of Stochastic Hosting Capacity Problems Concerning ' (10.1109/ict-pep57242.2022.9988768)
2026-07-10 00:39:06,684 INFO   Merged: 'Pemanfaatan SFCL tipe Bridge untuk Meningkatkan Stabilitas T' (10.22146/jnteti.v12i2.4679) <- 'Pemanfaatan SFCL tipe Bridge untuk Meningkatkan Stabilitas T' (10.22146/jnteti.v12i2.4679)
2026-07-10 00:39:06,684 INFO   Merged: 'Risk Cost Analysis of Fuel Dependency in a Sustainable Energ' (10.1109/eeeic/icpseurope57605.2023.10194718) <- 'Risk Cost Analysis of Fuel Dependency in a Sustainable Energ' (10.1109/eeeic/icpseurope57605.2023.10194718)
2026-07-10 00:39:06,684 INFO   Merged: 'Pengembangan Sistem Kelistrikan Tanah Merah Mempertimbangkan' (10.22146/jnteti.v12i3.5254) <- 'Pengembangan Sistem Kelistrikan Tanah Merah Mempertimbangkan' (10.22146/jnteti.v12i3.5254)
2026-07-10 00:39:06,684 INFO   Merged: 'Impact of Wind Power’s Capacity Credit on the System Reliabi' (10.1109/sege59172.2023.10274537) <- 'Impact of Wind Power’s Capacity Credit on the System Reliabi' (10.1109/sege59172.2023.10274537)
2026-07-10 00:39:06,684 INFO   Merged: 'Analysis of Renewable Energy Project Delays on The Indonesia' (10.1109/icitee59582.2023.10317688) <- 'Analysis of Renewable Energy Project Delays on The Indonesia' (10.1109/icitee59582.2023.10317688)
2026-07-10 00:39:06,684 INFO   Merged: 'Flexible Unit Commitment in a VRE Penetrated System Consider' (10.1109/icamimia60881.2023.10427878) <- 'Flexible Unit Commitment in a VRE Penetrated System Consider' (10.1109/icamimia60881.2023.10427878)
2026-07-10 00:39:06,684 INFO   Merged: 'Literature review deep learning anomaly detection method in ' (10.1063/5.0210243) <- 'Literature review deep learning anomaly detection method in ' (10.1063/5.0210243)
2026-07-10 00:39:06,684 INFO   Merged: 'Optimal Capacity and Location of PV Farms Penetration in 150' (10.1109/icitee62483.2024.10808777) <- 'Optimal Capacity and Location of PV Farms Penetration in 150' (10.1109/icitee62483.2024.10808777)
2026-07-10 00:39:06,684 INFO   Merged: 'Generation Expansion Planning for the Kalimantan Interconnec' (10.1109/icitee62483.2024.10808408) <- 'Generation Expansion Planning for the Kalimantan Interconnec' (10.1109/icitee62483.2024.10808408)
2026-07-10 00:39:06,684 INFO   Merged: 'Flexible Active Power Control in Grid-Connected Photovoltaic' (10.1109/icpere63447.2024.10845444) <- 'Flexible Active Power Control in Grid-Connected Photovoltaic' (10.1109/icpere63447.2024.10845444)
2026-07-10 00:39:06,684 INFO   Merged: 'Integrated PV-Farm and Micro Hydro as Distributed Generation' (10.22146/juliet.v6i1.104834) <- 'Integrated PV-Farm and Micro Hydro as Distributed Generation' (10.22146/juliet.v6i1.104834)
2026-07-10 00:39:06,684 INFO   Merged: 'A Reinforcement Learning Approach for Frequency-Based Securi' (10.1109/cpeee64598.2025.10987385) <- 'A Reinforcement Learning Approach for Frequency-Based Securi' (10.1109/cpeee64598.2025.10987385)
2026-07-10 00:39:06,684 INFO   Merged: 'System dynamic model for electricity load forecasting in Wes' (10.1063/5.0286200) <- 'System dynamic model for electricity load forecasting in Wes' (10.1063/5.0286200)
2026-07-10 00:39:06,684 INFO   Merged: 'Optimization Model for Energy Consumption Efficiency in Resi' (10.1109/sege65970.2025.11203442) <- 'Optimization Model for Energy Consumption Efficiency in Resi' (10.1109/sege65970.2025.11203442)
2026-07-10 00:39:06,684 INFO   Merged: 'Generation Expansion Planning Considering BESS for Optimizin' (10.1109/ict-pep67281.2025.11232393) <- 'Generation Expansion Planning Considering BESS for Optimizin' (10.1109/ict-pep67281.2025.11232393)
2026-07-10 00:39:06,684 INFO   Merged: 'Analysis of Power Plant Construction Delay on Sumbawa Electr' (10.1109/icitee66631.2025.11338294) <- 'Analysis of Power Plant Construction Delay on Sumbawa Electr' (10.1109/icitee66631.2025.11338294)
2026-07-10 00:39:06,684 INFO   Merged: 'A review of missing values handling methods on time-series d' (10.1109/icitsi.2016.7858189) <- 'A review of missing values handling methods on time-series d' (10.1109/icitsi.2016.7858189)
2026-07-10 00:39:06,684 INFO   Merged: 'A review on driver drowsiness based on image, bio-signal, an' (10.1109/icstc.2017.8011855) <- 'A review on driver drowsiness based on image, bio-signal, an' (10.1109/icstc.2017.8011855)
2026-07-10 00:39:06,684 INFO   Merged: 'Computer aided diagnosis for thyroid cancer system based on ' (10.1016/j.jksuci.2019.01.007) <- 'Computer aided diagnosis for thyroid cancer system based on ' (10.1016/j.jksuci.2019.01.007)
2026-07-10 00:39:06,684 INFO   Merged: 'Geolocation prediction in social media data using text analy' (10.1109/icoiact.2018.8350674) <- 'Geolocation prediction in social media data using text analy' (10.1109/icoiact.2018.8350674)
2026-07-10 00:39:06,684 INFO   Merged: 'Light sport exercise detection based on smartwatch and smart' (10.1109/iciteed.2016.7863299) <- 'Light sport exercise detection based on smartwatch and smart' (10.1109/iciteed.2016.7863299)
2026-07-10 00:39:06,684 INFO   Merged: 'Indonesian Sentiment Analysis: An Experimental Study of Four' (10.1109/icdabi51230.2020.9325685) <- 'Indonesian Sentiment Analysis: An Experimental Study of Four' (10.1109/icdabi51230.2020.9325685)
2026-07-10 00:39:06,684 INFO   Merged: 'Enhancing sentiment classification performance using hybrid ' (10.1016/j.icte.2021.04.009) <- 'Enhancing sentiment classification performance using hybrid ' (10.1016/j.icte.2021.04.009)
2026-07-10 00:39:06,684 INFO   Merged: 'Classification of breast ultrasound images based on texture ' (10.1109/ibiomed.2016.7869825) <- 'Classification of breast ultrasound images based on texture ' (10.1109/ibiomed.2016.7869825)
2026-07-10 00:39:06,684 INFO   Merged: 'A Review of Feature Selection Techniques in Sentiment Analys' (10.1109/icst50505.2020.9732885) <- 'A Review of Feature Selection Techniques in Sentiment Analys' (10.1109/icst50505.2020.9732885)
2026-07-10 00:39:06,684 INFO   Merged: 'Boosting the performance of pretrained CNN architecture on d' (10.1111/srt.13505) <- 'Boosting the performance of pretrained CNN architecture on d' (10.1111/srt.13505)
2026-07-10 00:39:06,684 INFO   Merged: 'Analysis of margin sharpness for breast nodule classificatio' (10.1109/iciteed.2017.8250442) <- 'Analysis of margin sharpness for breast nodule classificatio' (10.1109/iciteed.2017.8250442)
2026-07-10 00:39:06,684 INFO   Merged: 'GIVTED-Net: GhostNet-Mobile Involution ViT Encoder-Decoder N' (10.1109/access.2024.3411870) <- 'GIVTED-Net: GhostNet-Mobile Involution ViT Encoder-Decoder N' (10.1109/access.2024.3411870)
2026-07-10 00:39:06,684 INFO   Merged: 'Enhancing dermoscopic pigmented skin lesion classification: ' (10.52225/narra.v5i2.1852) <- 'Enhancing dermoscopic pigmented skin lesion classification: ' (10.52225/narra.v5i2.1852)
2026-07-10 00:39:06,684 INFO   Merged: 'Deep learning-based Diabetic Retinopathy assessment on embed' (10.1109/embc.2017.8037184) <- 'Deep learning-based Diabetic Retinopathy assessment on embed' (10.1109/embc.2017.8037184)
2026-07-10 00:39:06,684 INFO   Merged: 'Robust pupil tracking algorithm based on ellipse fitting' (10.1109/isesd.2016.7886728) <- 'Robust pupil tracking algorithm based on ellipse fitting' (10.1109/isesd.2016.7886728)
2026-07-10 00:39:06,684 INFO   Merged: 'Rule extraction for fuzzy expert system to diagnose Coronary' (10.1109/icitisee.2016.7803062) <- 'Rule extraction for fuzzy expert system to diagnose Coronary' (10.1109/icitisee.2016.7803062)
2026-07-10 00:39:06,684 INFO   Merged: 'Texture analysis for classification of thyroid ultrasound im' (10.1109/elecsym.2016.7861053) <- 'Texture analysis for classification of thyroid ultrasound im' (10.1109/elecsym.2016.7861053)
2026-07-10 00:39:06,684 INFO   Merged: 'Similarity measures of object selection in interactive appli' (10.1109/icoiact.2018.8350701) <- 'Similarity measures of object selection in interactive appli' (10.1109/icoiact.2018.8350701)
2026-07-10 00:39:06,684 INFO   Merged: 'Automated detection of breast cancer lesions using adaptive ' (10.1109/icitsi.2016.7858237) <- 'Automated detection of breast cancer lesions using adaptive ' (10.1109/icitsi.2016.7858237)
2026-07-10 00:39:06,684 INFO   Merged: 'Text Classification to Detect Student Level of Understanding' (10.1166/asl.2017.8768) <- 'Text Classification to Detect Student Level of Understanding' (10.1166/asl.2017.8768)
2026-07-10 00:39:06,684 INFO   Merged: 'Breast ultrasound image segmentation based on neutrosophic s' (10.1109/icsengt.2017.8123418) <- 'Breast ultrasound image segmentation based on neutrosophic s' (10.1109/icsengt.2017.8123418)
2026-07-10 00:39:06,684 INFO   Merged: 'Classification of Brain Magnetic Resonance Images Based on S' (10.1109/biomic.2018.8610563) <- 'Classification of Brain Magnetic Resonance Images Based on S' (10.1109/biomic.2018.8610563)
2026-07-10 00:39:06,684 INFO   Merged: 'Suction-based Grasp Point Estimation in Cluttered Environmen' (10.1007/s11633-020-1260-1) <- 'Suction-based Grasp Point Estimation in Cluttered Environmen' (10.1007/s11633-020-1260-1)
2026-07-10 00:39:06,685 INFO   Merged: 'Classification of thyroid nodules based on analysis of margi' (10.1109/ic3ina.2017.8251738) <- 'Classification of thyroid nodules based on analysis of margi' (10.1109/ic3ina.2017.8251738)
2026-07-10 00:39:06,685 INFO   Merged: 'Content-Based Image Retrieval for Traditional Indonesian Wov' (10.3390/jimaging9080165) <- 'Content-Based Image Retrieval for Traditional Indonesian Wov' (10.3390/jimaging9080165)
2026-07-10 00:39:06,685 INFO   Merged: 'Performance analysis of image segmentation for breast ultras' (10.1109/iciteed.2016.7863298) <- 'Performance analysis of image segmentation for breast ultras' (10.1109/iciteed.2016.7863298)
2026-07-10 00:39:06,685 INFO   Merged: 'A Review of Contrast Enhancement Techniques in Digital Image' (10.1109/icstc.2018.8528579) <- 'A Review of Contrast Enhancement Techniques in Digital Image' (10.1109/icstc.2018.8528579)
2026-07-10 00:39:06,685 INFO   Merged: 'A Comparison of Deep Learning Approach for Underwater Object' (10.29207/resti.v6i2.3931) <- 'A Comparison of Deep Learning Approach for Underwater Object' (10.29207/resti.v6i2.3931)
2026-07-10 00:39:06,685 INFO   Merged: 'Performance analysis of filtering techniques for speckle red' (10.1109/elecsym.2016.7861048) <- 'Performance analysis of filtering techniques for speckle red' (10.1109/elecsym.2016.7861048)
2026-07-10 00:39:06,685 INFO   Merged: 'Neutrosophic and fuzzy C-means clustering for breast ultraso' (10.1109/iciteed.2017.8250453) <- 'Neutrosophic and fuzzy C-means clustering for breast ultraso' (10.1109/iciteed.2017.8250453)
2026-07-10 00:39:06,685 INFO   Merged: 'Content-based image retrieval for fabric images: A survey' (10.11591/ijeecs.v23.i3.pp1861-1872) <- 'Content-based image retrieval for fabric images: A survey' (10.11591/ijeecs.v23.i3.pp1861-1872)
2026-07-10 00:39:06,685 INFO   Merged: '3D human face reconstruction using depth sensor of Kinect 2' (10.1109/icoiact.2018.8350702) <- '3D human face reconstruction using depth sensor of Kinect 2' (10.1109/icoiact.2018.8350702)
2026-07-10 00:39:06,685 INFO   Merged: 'A Review on Face Anti-Spoofing' (10.22146/ijitee.61827) <- 'A Review on Face Anti-Spoofing' (10.22146/ijitee.61827)
2026-07-10 00:39:06,685 INFO   Merged: 'Machine Learning in Gaze-Based Interaction: A Survey of Eye ' (10.1109/cosite52651.2021.9649646) <- 'Machine Learning in Gaze-Based Interaction: A Survey of Eye ' (10.1109/cosite52651.2021.9649646)
2026-07-10 00:39:06,685 INFO   Merged: 'Adaptive Proof of Work Architecture Design by Implementing M' (10.1109/icacnis57039.2022.10054940) <- 'Adaptive Proof of Work Architecture Design by Implementing M' (10.1109/icacnis57039.2022.10054940)
2026-07-10 00:39:06,685 INFO   Merged: 'Comparative Performance of Pre-Trained CNN Architectures on ' (10.1109/ice3is59323.2023.10335273) <- 'Comparative Performance of Pre-Trained CNN Architectures on ' (10.1109/ice3is59323.2023.10335273)
2026-07-10 00:39:06,685 INFO   Merged: 'Attitude control of UAV bicopter using adaptive LQG' (10.1016/j.rico.2024.100484) <- 'Attitude control of UAV bicopter using adaptive LQG' (10.1016/j.rico.2024.100484)
2026-07-10 00:39:06,685 INFO   Merged: 'Sampling-based Safety-critical Control for Planar Quadrotors' (10.1007/s12555-025-0115-5) <- 'Sampling-based Safety-critical Control for Planar Quadrotors' (10.1007/s12555-025-0115-5)
2026-07-10 00:39:06,685 INFO   Merged: 'Hybrid resampling to handle imbalanced class on classificati' (10.1109/icicos.2017.8276363) <- 'Hybrid resampling to handle imbalanced class on classificati' (10.1109/icicos.2017.8276363)
2026-07-10 00:39:06,685 INFO   Merged: 'A Novel of Repulsive Function on Artificial Potential Field ' (10.11591/ijece.v6i6.pp3262-3275) <- 'A Novel of Repulsive Function on Artificial Potential Field ' (10.11591/ijece.v6i6.pp3262-3275)
2026-07-10 00:39:06,685 INFO   Merged: 'Feature extraction based on laws' texture energy for lesion ' (10.1109/ic3ina.2017.8251737) <- 'Feature extraction based on laws' texture energy for lesion ' (10.1109/ic3ina.2017.8251737)
2026-07-10 00:39:06,685 INFO   Merged: 'Context-based awareness in location recommendation system to' (10.1109/icoiact.2018.8350671) <- 'Context-based awareness in location recommendation system to' (10.1109/icoiact.2018.8350671)
2026-07-10 00:39:06,685 INFO   Merged: 'Deep Learning-Based Patient Visits Forecasting Using Long Sh' (10.1109/icaiit.2019.8834634) <- 'Deep Learning-Based Patient Visits Forecasting Using Long Sh' (10.1109/icaiit.2019.8834634)
2026-07-10 00:39:06,685 INFO   Merged: 'Retinal vessel segmentation based on Frangi filter and morph' (10.1109/iccerec.2017.8226686) <- 'Retinal vessel segmentation based on Frangi filter and morph' (10.1109/iccerec.2017.8226686)
2026-07-10 00:39:06,685 INFO   Merged: 'Classification of thyroid ultrasound images based on shape f' (10.1109/bmeicon.2017.8229106) <- 'Classification of thyroid ultrasound images based on shape f' (10.1109/bmeicon.2017.8229106)
2026-07-10 00:39:06,685 INFO   Merged: 'Application of Artificial Potential Field for Coverage Contr' (10.1007/s40313-020-00571-2) <- 'Application of Artificial Potential Field for Coverage Contr' (10.1007/s40313-020-00571-2)
2026-07-10 00:39:06,685 INFO   Merged: 'Deep residual coalesced convolutional network for efficient ' (10.1186/s41074-017-0020-9) <- 'Deep residual coalesced convolutional network for efficient ' (10.1186/s41074-017-0020-9)
2026-07-10 00:39:06,685 INFO   Merged: 'Deep Learning Methods for EEG Signals Classification of Moto' (10.22146/ijitee.48110) <- 'Deep Learning Methods for EEG Signals Classification of Moto' (10.22146/ijitee.48110)
2026-07-10 00:39:06,685 INFO   Merged: 'Lung detection using Adaptive Border correction' (10.1109/icstc.2017.8011852) <- 'Lung detection using Adaptive Border correction' (10.1109/icstc.2017.8011852)
2026-07-10 00:39:06,685 INFO   Merged: 'Segmentation of retinal blood vessels using Gabor wavelet an' (10.1109/icsitech.2017.8257166) <- 'Segmentation of retinal blood vessels using Gabor wavelet an' (10.1109/icsitech.2017.8257166)
2026-07-10 00:39:06,685 INFO   Merged: 'Accuracy Improvement of Object Selection in Gaze Gesture App' (10.1109/icitee49829.2020.9271771) <- 'Accuracy Improvement of Object Selection in Gaze Gesture App' (10.1109/icitee49829.2020.9271771)
2026-07-10 00:39:06,685 INFO   Merged: 'Texture analysis and classification in ultrasound medical im' (10.1109/icsengt.2017.8123414) <- 'Texture analysis and classification in ultrasound medical im' (10.1109/icsengt.2017.8123414)
2026-07-10 00:39:06,685 INFO   Merged: 'Performance of Lacunarity Features for Classifying Thyroid N' (10.1109/icispc44900.2018.9006724) <- 'Performance of Lacunarity Features for Classifying Thyroid N' (10.1109/icispc44900.2018.9006724)
2026-07-10 00:39:06,685 INFO   Merged: 'Retracted: Liver Detection Based on Iridology using Local Bi' (10.1109/biomic48413.2019.9034850) <- 'Retracted: Liver Detection Based on Iridology using Local Bi' (10.1109/biomic48413.2019.9034850)
2026-07-10 00:39:06,685 INFO   Merged: 'Comparison of text-image fusion models for high school diplo' (10.21924/cst.5.1.2020.172) <- 'Comparison of text-image fusion models for high school diplo' (10.21924/cst.5.1.2020.172)
2026-07-10 00:39:06,685 INFO   Merged: 'A Combination of Query Expansion Ranking and GA-SVM for Impr' (10.1016/j.procs.2021.05.074) <- 'A Combination of Query Expansion Ranking and GA-SVM for Impr' (10.1016/j.procs.2021.05.074)
2026-07-10 00:39:06,685 INFO   Merged: 'Automated segmentation of hard exudates based on matched fil' (10.1109/issimm.2016.7803728) <- 'Automated segmentation of hard exudates based on matched fil' (10.1109/issimm.2016.7803728)
2026-07-10 00:39:06,685 INFO   Merged: 'Classification of Plasmodium Malariae dan Plasmodium Ovale i' (10.18517/ijaseit.8.6.6514) <- 'Classification of Plasmodium Malariae dan Plasmodium Ovale i' (10.18517/ijaseit.8.6.6514)
2026-07-10 00:39:06,685 INFO   Merged: 'Developing Machine Learning Framework to Classify Harmonized' (10.1109/eiconcit50028.2021.9431888) <- 'Developing Machine Learning Framework to Classify Harmonized' (10.1109/eiconcit50028.2021.9431888)
2026-07-10 00:39:06,685 INFO   Merged: 'Remote Sensing Technology for Land Farm Mapping Based on NDM' (10.22146/ijitee.47430) <- 'Remote Sensing Technology for Land Farm Mapping Based on NDM' (10.22146/ijitee.47430)
2026-07-10 00:39:06,685 INFO   Merged: 'Lung Cancer Detection Algorithm and Method Using Deep Learni' (10.1109/ice3is62977.2024.10775504) <- 'Lung Cancer Detection Algorithm and Method Using Deep Learni' (10.1109/ice3is62977.2024.10775504)
2026-07-10 00:39:06,685 INFO   Merged: 'Few-Shot Weakly Supervised Segmentation for Retinal Fundus I' (10.1109/ibiomed62485.2024.10875823) <- 'Few-Shot Weakly Supervised Segmentation for Retinal Fundus I' (10.1109/ibiomed62485.2024.10875823)
2026-07-10 00:39:06,685 INFO   Merged: 'Meta-learners for few-shot weakly-supervised optic disc and ' (10.1016/j.compbiomed.2025.111384) <- 'Meta-learners for few-shot weakly-supervised optic disc and ' (10.1016/j.compbiomed.2025.111384)
2026-07-10 00:39:06,685 INFO   Merged: 'Segmentation of retinal blood vessels for detection of diabe' (10.21924/cst.1.1.2016.13) <- 'Segmentation of retinal blood vessels for detection of diabe' (10.21924/cst.1.1.2016.13)
2026-07-10 00:39:06,685 INFO   Merged: 'Plasmodium detection methods in thick blood smear images for' (10.1109/icitisee.2016.7803063) <- 'Plasmodium detection methods in thick blood smear images for' (10.1109/icitisee.2016.7803063)
2026-07-10 00:39:06,685 INFO   Merged: 'Maximum entropy principle for exudates segmentation in retin' (10.1109/icts.2016.7910284) <- 'Maximum entropy principle for exudates segmentation in retin' (10.1109/icts.2016.7910284)
2026-07-10 00:39:06,685 INFO   Merged: 'Real time monocular visual odometry using Optical Flow: Stud' (10.1109/icstc.2017.8011864) <- 'Real time monocular visual odometry using Optical Flow: Stud' (10.1109/icstc.2017.8011864)
2026-07-10 00:39:06,685 INFO   Merged: 'Thyroid Nodule Classification Based on Characteristic of Mar' (10.1109/ibiomed.2018.8534944) <- 'Thyroid Nodule Classification Based on Characteristic of Mar' (10.1109/ibiomed.2018.8534944)
2026-07-10 00:39:06,685 INFO   Merged: 'Removing ocular artefacts in EEG signals by using combinatio' (10.1109/icoras.2017.8308056) <- 'Removing ocular artefacts in EEG signals by using combinatio' (10.1109/icoras.2017.8308056)
2026-07-10 00:39:06,685 INFO   Merged: 'A Study on Metaheuristics for Urban Traffic Light Scheduling' (10.1109/iciteed.2018.8534817) <- 'A Study on Metaheuristics for Urban Traffic Light Scheduling' (10.1109/iciteed.2018.8534817)
2026-07-10 00:39:06,685 INFO   Merged: 'Tuning of Fractional-Order PID Controller for Electro-Hydrau' (10.1109/icoiact46704.2019.8938409) <- 'Tuning of Fractional-Order PID Controller for Electro-Hydrau' (10.1109/icoiact46704.2019.8938409)
2026-07-10 00:39:06,685 INFO   Merged: 'Deep learning pre-trained model as feature extraction in fac' (10.1088/1757-899x/1115/1/012009) <- 'Deep learning pre-trained model as feature extraction in fac' (10.1088/1757-899x/1115/1/012009)
2026-07-10 00:39:06,685 INFO   Merged: 'Segmentation of optic disc on retinal fundus images using mo' (10.1109/icsitech.2016.7852663) <- 'Segmentation of optic disc on retinal fundus images using mo' (10.1109/icsitech.2016.7852663)
2026-07-10 00:39:06,685 INFO   Merged: 'Path Planning and Path Following Using Arrival Time Field fo' (10.1109/acomp.2017.21) <- 'Path Planning and Path Following Using Arrival Time Field fo' (10.1109/acomp.2017.21)
2026-07-10 00:39:06,685 INFO   Merged: 'Deep learning-based Anomaly Detection on Surveillance Videos' (10.1109/icaicta.2019.8904395) <- 'Deep learning-based Anomaly Detection on Surveillance Videos' (10.1109/icaicta.2019.8904395)
2026-07-10 00:39:06,685 INFO   Merged: 'Night-to-Day Road Scene Translation Using Generative Adversa' (10.1007/978-3-030-65661-4_6) <- 'Night-to-Day Road Scene Translation Using Generative Adversa' (10.1007/978-3-030-65661-4_6)
2026-07-10 00:39:06,685 INFO   Merged: 'Sliding variance and data range for lightweight sports activ' (10.1016/j.jksuci.2018.08.012) <- 'Sliding variance and data range for lightweight sports activ' (10.1016/j.jksuci.2018.08.012)
2026-07-10 00:39:06,685 INFO   Merged: 'Short-Term Load Forecasting With Long Short-Term Memory: A C' (10.1109/icitee49829.2020.9271763) <- 'Short-Term Load Forecasting With Long Short-Term Memory: A C' (10.1109/icitee49829.2020.9271763)
2026-07-10 00:39:06,685 INFO   Merged: 'Arrival time field based path planning algorithm for mobile ' (10.1109/icitacee.2016.7892412) <- 'Arrival time field based path planning algorithm for mobile ' (10.1109/icitacee.2016.7892412)
2026-07-10 00:39:06,685 INFO   Merged: 'Machine Learning Algorithms for Classifying Abscessed and Im' (10.1109/ibiomed.2018.8534887) <- 'Machine Learning Algorithms for Classifying Abscessed and Im' (10.1109/ibiomed.2018.8534887)
2026-07-10 00:39:06,685 INFO   Merged: 'Deep residual coalesced convolutional network for efficient ' (10.23919/mva.2017.7986880) <- 'Deep residual coalesced convolutional network for efficient ' (10.23919/mva.2017.7986880)
2026-07-10 00:39:06,685 INFO   Merged: 'Increasing Performance of Plasmodium Detection Using Bottom-' (10.1109/icitisee53823.2021.9655903) <- 'Increasing Performance of Plasmodium Detection Using Bottom-' (10.1109/icitisee53823.2021.9655903)
2026-07-10 00:39:06,685 INFO   Merged: 'East Nusa Tenggara Weaving Image Retrieval Using Convolution' (10.1109/isriti54043.2021.9702843) <- 'East Nusa Tenggara Weaving Image Retrieval Using Convolution' (10.1109/isriti54043.2021.9702843)
2026-07-10 00:39:06,685 INFO   Merged: 'Network Architecture Search Method on Hyperparameter Optimiz' (10.1109/icst50505.2020.9732800) <- 'Network Architecture Search Method on Hyperparameter Optimiz' (10.1109/icst50505.2020.9732800)
2026-07-10 00:39:06,685 INFO   Merged: 'Point of Interest (POI) Recommendation System using Implicit' (10.18495/comengapp.v11i2.399) <- 'Point of Interest (POI) Recommendation System using Implicit' (10.18495/comengapp.v11i2.399)
2026-07-10 00:39:06,685 INFO   Merged: 'Performance Analysis for Glaucoma Diagnosis Using Transfer L' (10.1109/iwaiip58158.2023.10462771) <- 'Performance Analysis for Glaucoma Diagnosis Using Transfer L' (10.1109/iwaiip58158.2023.10462771)
2026-07-10 00:39:06,685 INFO   Merged: 'A Comparative Study on Lung Nodule Detection: 3D CNN vs Visi' (10.1109/icitisee63424.2024.10729900) <- 'A Comparative Study on Lung Nodule Detection: 3D CNN vs Visi' (10.1109/icitisee63424.2024.10729900)
2026-07-10 00:39:06,685 INFO   Merged: 'Comparative Analysis of Multi-Face Detection Methods in Clas' (10.1109/icvee63912.2024.10823781) <- 'Comparative Analysis of Multi-Face Detection Methods in Clas' (10.1109/icvee63912.2024.10823781)
2026-07-10 00:39:06,686 INFO   Merged: 'EfficientNet Model for Detecting Glaucoma on the PAPILA Data' (10.1109/isriti64779.2024.10963457) <- 'EfficientNet Model for Detecting Glaucoma on the PAPILA Data' (10.1109/isriti64779.2024.10963457)
2026-07-10 00:39:06,686 INFO   Merged: 'Classification of breast ultrasound images based on posterio' (10.1109/icitsi.2016.7858239) <- 'Classification of breast ultrasound images based on posterio' (10.1109/icitsi.2016.7858239)
2026-07-10 00:39:06,686 INFO   Merged: 'Computer Aided Diagnosis using Margin and Posterior Acoustic' (10.12928/telkomnika.v15i4.5021) <- 'Computer Aided Diagnosis using Margin and Posterior Acoustic' (10.12928/telkomnika.v15i4.5021)
2026-07-10 00:39:06,686 INFO   Merged: 'Autocorrection of lung boundary on 3D CT lung cancer images' (10.1016/j.jksuci.2019.02.009) <- 'Autocorrection of lung boundary on 3D CT lung cancer images' (10.1016/j.jksuci.2019.02.009)
2026-07-10 00:39:06,686 INFO   Merged: 'Enumeration of Plasmodium Parasites on Thin Blood Smear Digi' (10.1109/icsitech46713.2019.8987492) <- 'Enumeration of Plasmodium Parasites on Thin Blood Smear Digi' (10.1109/icsitech46713.2019.8987492)
2026-07-10 00:39:06,686 INFO   Merged: 'Class Activation Mapping-Based Car Saliency Region and Detec' (10.1109/elecsym.2019.8901604) <- 'Class Activation Mapping-Based Car Saliency Region and Detec' (10.1109/elecsym.2019.8901604)
2026-07-10 00:39:06,686 INFO   Merged: 'User Curiosity Factor in Determining Serendipity of Recommen' (10.22146/ijitee.67553) <- 'User Curiosity Factor in Determining Serendipity of Recommen' (10.22146/ijitee.67553)
2026-07-10 00:39:06,686 INFO   Merged: 'The Impact of Filtering for Breast Ultrasound Segmentation u' (10.1109/ibiomed56408.2022.9988361) <- 'The Impact of Filtering for Breast Ultrasound Segmentation u' (10.1109/ibiomed56408.2022.9988361)
2026-07-10 00:39:06,686 INFO   Merged: 'Systematic literature review of dermoscopic pigmented skin l' (10.26555/ijain.v9i3.961) <- 'Systematic literature review of dermoscopic pigmented skin l' (10.26555/ijain.v9i3.961)
2026-07-10 00:39:06,686 INFO   Merged: 'Measurement and Classification Retinal Blood Vessel Tortuosi' (10.1109/icoiact50329.2020.9332142) <- 'Measurement and Classification Retinal Blood Vessel Tortuosi' (10.1109/icoiact50329.2020.9332142)
2026-07-10 00:39:06,686 INFO   Merged: 'Dynamic Odometry for Waypoint Tracking of Omnidirectional Me' (10.1109/icitee56407.2022.9954102) <- 'Dynamic Odometry for Waypoint Tracking of Omnidirectional Me' (10.1109/icitee56407.2022.9954102)
2026-07-10 00:39:06,686 INFO   Merged: 'Comparison Performance of Deep Learning Models for Brain Tum' (10.1007/978-981-99-0248-4_24) <- 'Comparison Performance of Deep Learning Models for Brain Tum' (10.1007/978-981-99-0248-4_24)
2026-07-10 00:39:06,686 INFO   Merged: 'MSGNet: Modified MobileNet-ShuffleNet-GhostNet Network for L' (10.1109/icitacee58587.2023.10276687) <- 'MSGNet: Modified MobileNet-ShuffleNet-GhostNet Network for L' (10.1109/icitacee58587.2023.10276687)
2026-07-10 00:39:06,686 INFO   Merged: 'Fine-tuning deep neural network for saliency prediction in m' (10.1016/j.icte.2025.09.008) <- 'Fine-tuning deep neural network for saliency prediction in m' (10.1016/j.icte.2025.09.008)
2026-07-10 00:39:06,686 INFO   Merged: 'Comparison of two different types of morphological method fo' (10.1109/icsitech.2016.7852651) <- 'Comparison of two different types of morphological method fo' (10.1109/icsitech.2016.7852651)
2026-07-10 00:39:06,686 INFO   Merged: 'On comprehensive analysis of learning algorithms on pedestri' (10.3233/jifs-18491) <- 'On comprehensive analysis of learning algorithms on pedestri' (10.3233/jifs-18491)
2026-07-10 00:39:06,686 INFO   Merged: 'Review of Optical Braille Recognition Using Camera for Image' (10.1109/ibiomed.2018.8534739) <- 'Review of Optical Braille Recognition Using Camera for Image' (10.1109/ibiomed.2018.8534739)
2026-07-10 00:39:06,686 INFO   Merged: 'Tuning Fractional Order Proportional Integral Derivative Con' (10.1109/icitisee.2018.8721016) <- 'Tuning Fractional Order Proportional Integral Derivative Con' (10.1109/icitisee.2018.8721016)
2026-07-10 00:39:06,686 INFO   Merged: 'Perbandingan Performa Relational, Document-Oriented dan Grap' (10.24002/jbi.v8i2.1079) <- 'Perbandingan Performa Relational, Document-Oriented dan Grap' (10.24002/jbi.v8i2.1079)
2026-07-10 00:39:06,686 INFO   Merged: 'An Improved Iris Tracking Algorithm for Eye Identification u' (10.1109/cenim.2018.8710875) <- 'An Improved Iris Tracking Algorithm for Eye Identification u' (10.1109/cenim.2018.8710875)
2026-07-10 00:39:06,686 INFO   Merged: 'Robust Pupil Localization Algorithm under Off-axial Pupil Oc' (10.1109/biomic48413.2019.9034855) <- 'Robust Pupil Localization Algorithm under Off-axial Pupil Oc' (10.1109/biomic48413.2019.9034855)
2026-07-10 00:39:06,686 INFO   Merged: 'Path planning for holonomic mobile robot using arrival time ' (10.1109/ic3ina.2017.8251750) <- 'Path planning for holonomic mobile robot using arrival time ' (10.1109/ic3ina.2017.8251750)
2026-07-10 00:39:06,686 INFO   Merged: 'Analisis Pengaruh Kompresi Citra Fundus terhadap Kinerja Sis' (10.22146/jnteti.v7i1.403) <- 'Analisis Pengaruh Kompresi Citra Fundus terhadap Kinerja Sis' (10.22146/jnteti.v7i1.403)
2026-07-10 00:39:06,686 INFO   Merged: 'Performance of Human Motion Analysis: A Comparison' (10.1109/icstc.2018.8528689) <- 'Performance of Human Motion Analysis: A Comparison' (10.1109/icstc.2018.8528689)
2026-07-10 00:39:06,686 INFO   Merged: 'Artificial Neural Networks for Automated Cell Quantification' (10.3390/proceedings2130989) <- 'Artificial Neural Networks for Automated Cell Quantification' (10.3390/proceedings2130989)
2026-07-10 00:39:06,686 INFO   Merged: 'Performance Enhancement of Complete Ensemble Empirical Mode ' (10.1109/icst47872.2019.9166351) <- 'Performance Enhancement of Complete Ensemble Empirical Mode ' (10.1109/icst47872.2019.9166351)
2026-07-10 00:39:06,686 INFO   Merged: 'An Improved Pupil Detection Method under Eyeglass Occlusions' (10.1109/apcorise46197.2019.9318871) <- 'An Improved Pupil Detection Method under Eyeglass Occlusions' (10.1109/apcorise46197.2019.9318871)
2026-07-10 00:39:06,686 INFO   Merged: 'A New Tele-Healthcare System of Heart Sound Signal Classific' (10.1109/icaibda53487.2021.9689694) <- 'A New Tele-Healthcare System of Heart Sound Signal Classific' (10.1109/icaibda53487.2021.9689694)
2026-07-10 00:39:06,686 INFO   Merged: 'Tuning LQR Parameters using Neuro Evolution of Augmenting To' (10.1109/eeccis54468.2022.9902888) <- 'Tuning LQR Parameters using Neuro Evolution of Augmenting To' (10.1109/eeccis54468.2022.9902888)
2026-07-10 00:39:06,686 INFO   Merged: 'Quadrotor Inertial Navigation Aided by Vehicle Dynamic Model' (10.1109/icitee56407.2022.9954095) <- 'Quadrotor Inertial Navigation Aided by Vehicle Dynamic Model' (10.1109/icitee56407.2022.9954095)
2026-07-10 00:39:06,686 INFO   Merged: 'A New Benchmark Dataset for Indonesian Traditional Woven Fab' (10.1109/icitacee55701.2022.9924111) <- 'A New Benchmark Dataset for Indonesian Traditional Woven Fab' (10.1109/icitacee55701.2022.9924111)
2026-07-10 00:39:06,686 INFO   Merged: 'Comparative Study of Yawn Classification on CNN Architecture' (10.1109/aims61812.2024.10513022) <- 'Comparative Study of Yawn Classification on CNN Architecture' (10.1109/aims61812.2024.10513022)
2026-07-10 00:39:06,686 INFO   Merged: 'Real-Time Kinodynamic Motion Planning for Omnidirectional Mo' (10.48550/arxiv.1905.04762) <- 'Real-Time Kinodynamic Motion Planning for Omnidirectional Mo' (10.48550/arxiv.1905.04762)
2026-07-10 00:39:06,686 INFO   Merged: 'Trajectory Tracking Control of UAV Bicopter using Linear Qua' (10.48550/arxiv.2309.08226) <- 'Trajectory Tracking Control of UAV Bicopter using Linear Qua' (10.48550/arxiv.2309.08226)
2026-07-10 00:39:06,686 INFO   Merged: 'Real-Time Kinodynamic Motion Planning for Omnidirectional Mo' (10.48550/arxiv.1905.04762) <- 'Real-Time Kinodynamic Motion Planning for Omnidirectional Mo' (10.48550/arxiv.1905.04762)
2026-07-10 00:39:06,686 INFO   Merged: 'Attitude Control and Low Cost Design of Uav Bicopter' (10.2139/ssrn.4674646) <- 'Attitude Control and Low Cost Design of Uav Bicopter' (10.2139/ssrn.4674646)
2026-07-10 00:39:06,686 INFO   Merged: 'Attitude Control of Uav Bicopter Using Adaptive Lqg' (10.2139/ssrn.4685593) <- 'Attitude Control of Uav Bicopter Using Adaptive Lqg' (10.2139/ssrn.4685593)
2026-07-10 00:39:06,686 INFO   Merged: 'PERANCANGAN DATA WAREHOUSE E-PROCUREMENT PADA INSTANSI PEMER' (None) <- 'PERANCANGAN DATA WAREHOUSE E-PROCUREMENT PADA INSTANSI PEMER' (None)
2026-07-10 00:39:06,686 INFO   Merged: 'Real Time Monocular Visual Odometry Using Hybrid Features an' (10.18517/ijaseit.8.5.3247) <- 'Real Time Monocular Visual Odometry Using Hybrid Features an' (10.18517/ijaseit.8.5.3247)
2026-07-10 00:39:06,686 INFO   Merged: 'NightOwl: Robotic Platform for Wheeled Service Robot' (10.48550/arxiv.2010.11505) <- 'NightOwl: Robotic Platform for Wheeled Service Robot' (10.48550/arxiv.2010.11505)
2026-07-10 00:39:06,686 INFO   Merged: 'Eliminasi Lesi Gelap Berdasarkan Ciri Eccentricity, Area Dan' (None) <- 'Eliminasi Lesi Gelap Berdasarkan Ciri Eccentricity, Area Dan' (None)
2026-07-10 00:39:06,686 INFO   Merged: 'Twin Rotor MIMO System Control using Linear Quadratic Regula' (10.1109/iceeie52663.2021.9616893) <- 'Twin Rotor MIMO System Control using Linear Quadratic Regula' (10.1109/iceeie52663.2021.9616893)
2026-07-10 00:39:06,686 INFO   Merged: 'Analysis of Retinal Nerve Fiber Layer for Classification of ' (10.1109/icitee53064.2021.9611892) <- 'Analysis of Retinal Nerve Fiber Layer for Classification of ' (10.1109/icitee53064.2021.9611892)
2026-07-10 00:39:06,686 INFO   Merged: 'Research on Skewed License Plate Recognition: A Systematic L' (10.1109/cosite52651.2021.9649535) <- 'Research on Skewed License Plate Recognition: A Systematic L' (10.1109/cosite52651.2021.9649535)
2026-07-10 00:39:06,686 INFO   Merged: 'Auto-tuning PID Controller for NuScale Nuclear Reactor using' (10.1109/icitacee55701.2022.9923982) <- 'Auto-tuning PID Controller for NuScale Nuclear Reactor using' (10.1109/icitacee55701.2022.9923982)
2026-07-10 00:39:06,686 INFO   Merged: 'Givted-Net: Ghostnet-Mobile Involution Vit Encoder-Decoder N' (10.2139/ssrn.4248712) <- 'Givted-Net: Ghostnet-Mobile Involution Vit Encoder-Decoder N' (10.2139/ssrn.4248712)
2026-07-10 00:39:06,686 INFO   Merged: 'An Automatic Brain Tumor Segmentation Using 3D Residual U-Ne' (10.1109/icitisee57756.2022.10057670) <- 'An Automatic Brain Tumor Segmentation Using 3D Residual U-Ne' (10.1109/icitisee57756.2022.10057670)
2026-07-10 00:39:06,686 INFO   Merged: 'Content-based image retrieval for fabric images: A survey' (10.31219/osf.io/5v2ty) <- 'Content-based image retrieval for fabric images: A survey' (10.31219/osf.io/5v2ty)
2026-07-10 00:39:06,686 INFO   Merged: 'Retraction Notice: Liver Detection Based on Iridology using ' (10.1109/biomic48413.2019.10207758) <- 'Retraction Notice: Liver Detection Based on Iridology using ' (10.1109/biomic48413.2019.10207758)
2026-07-10 00:39:06,686 INFO   Merged: 'Attitude Control and Low Cost Design of UAV Bicopter' (10.48550/arxiv.2309.08209) <- 'Attitude Control and Low Cost Design of UAV Bicopter' (10.48550/arxiv.2309.08209)
2026-07-10 00:39:06,686 INFO   Merged: 'Implementation of Recency, Frequency, and Monetary Patterns ' (10.2991/978-94-6463-288-0_39) <- 'Implementation of Recency, Frequency, and Monetary Patterns ' (10.2991/978-94-6463-288-0_39)
2026-07-10 00:39:06,686 INFO   Merged: 'Development of ORM Modules for Public Administration Service' (10.1109/iccteie60099.2023.10366679) <- 'Development of ORM Modules for Public Administration Service' (10.1109/iccteie60099.2023.10366679)
2026-07-10 00:39:06,686 INFO   Merged: 'Trajectory Tracking Control of Quadrotor using LQ-Servo Cont' (10.5109/7160931) <- 'Trajectory Tracking Control of Quadrotor using LQ-Servo Cont' (10.5109/7160931)
2026-07-10 00:39:06,686 INFO   Merged: 'Adaptive Shrink and Shard Architecture Design for Blockchain' (10.1049/2024/2280828) <- 'Adaptive Shrink and Shard Architecture Design for Blockchain' (10.1049/2024/2280828)
2026-07-10 00:39:06,686 INFO   Merged: 'Point of Interest (POI) Recommendation System using Implicit' (10.18495/comengapp.v13i1.388) <- 'Point of Interest (POI) Recommendation System using Implicit' (10.18495/comengapp.v13i1.388)
2026-07-10 00:39:06,686 INFO   Merged: 'Off-Policy Adversarial Inverse Reinforcement Learning in Mob' (10.1109/aims61812.2024.10513333) <- 'Off-Policy Adversarial Inverse Reinforcement Learning in Mob' (10.1109/aims61812.2024.10513333)
2026-07-10 00:39:06,686 INFO   Merged: 'Time Series Classification for Eye Tracking-Based Visual-Ver' (10.1109/icitee62483.2024.10808574) <- 'Time Series Classification for Eye Tracking-Based Visual-Ver' (10.1109/icitee62483.2024.10808574)
2026-07-10 00:39:06,686 INFO   Merged: 'Weed Detection Based on Fine-Tuned YOLOv5' (10.1109/icitee62483.2024.10809000) <- 'Weed Detection Based on Fine-Tuned YOLOv5' (10.1109/icitee62483.2024.10809000)
2026-07-10 00:39:06,686 INFO   Merged: 'Heterogeneous Multi-Agent Coverage Control through Adaptive ' (10.21203/rs.3.rs-7532772/v1) <- 'Heterogeneous Multi-Agent Coverage Control through Adaptive ' (10.21203/rs.3.rs-7532772/v1)
2026-07-10 00:39:06,686 INFO   Merged: 'Navigating Vision-based Autonomous Excavator Robot Using Dee' (10.1109/eecsi67060.2025.11290309) <- 'Navigating Vision-based Autonomous Excavator Robot Using Dee' (10.1109/eecsi67060.2025.11290309)
2026-07-10 00:39:06,686 INFO   Merged: 'Enhancement Techniques in CT Scan Image for Lung Disease Det' (10.1109/icitee66631.2025.11338141) <- 'Enhancement Techniques in CT Scan Image for Lung Disease Det' (10.1109/icitee66631.2025.11338141)
2026-07-10 00:39:06,686 INFO   Merged: 'A Review of CAM-Based Visual Explanation on Diabetic Retinop' (10.1109/access.2026.3656888) <- 'A Review of CAM-Based Visual Explanation on Diabetic Retinop' (10.1109/access.2026.3656888)
2026-07-10 00:39:06,686 INFO   Merged: 'Islanded Wind Farm Microgrid Stability Control using Synchro' (10.1541/ieejjia.22007270) <- 'Islanded Wind Farm Microgrid Stability Control using Synchro' (10.1541/ieejjia.22007270)
2026-07-10 00:39:06,686 INFO   Merged: 'Flower pollination algorithm for optimal control in multi-ma' (10.1109/iciteed.2014.7007937) <- 'Flower pollination algorithm for optimal control in multi-ma' (10.1109/iciteed.2014.7007937)
2026-07-10 00:39:06,687 INFO   Merged: 'Optimasi Sistem Pembangkit Listrik Tenaga Hybrid di Pulau En' (10.22146/jnteti.v11i2.3849) <- 'Optimasi Sistem Pembangkit Listrik Tenaga Hybrid di Pulau En' (10.22146/jnteti.v11i2.3849)
2026-07-10 00:39:06,687 INFO   Merged: 'Model-Free Approach to DC Microgrid Optimal Operation under ' (10.3390/en16145369) <- 'Model-Free Approach to DC Microgrid Optimal Operation under ' (10.3390/en16145369)
2026-07-10 00:39:06,687 INFO   Merged: 'Design a Microgrid for the Community of Banso Village, Indon' (10.1109/ice3is62977.2024.10775921) <- 'Design a Microgrid for the Community of Banso Village, Indon' (10.1109/ice3is62977.2024.10775921)
2026-07-10 00:39:06,687 INFO   Merged: 'Dynamic State Estimation of Sub-Transient Synchronous Genera' (10.1109/icamimia60881.2023.10427760) <- 'Dynamic State Estimation of Sub-Transient Synchronous Genera' (10.1109/icamimia60881.2023.10427760)
2026-07-10 00:39:06,687 INFO   Merged: 'Magnetic flux distribution due to the effect of stator-rotor' (10.1109/iciteed.2014.7007941) <- 'Magnetic flux distribution due to the effect of stator-rotor' (10.1109/iciteed.2014.7007941)
2026-07-10 00:39:06,687 INFO   Merged: 'Application of genetic algorithm for optimal sizing and plac' (10.1063/1.4958520) <- 'Application of genetic algorithm for optimal sizing and plac' (10.1063/1.4958520)
2026-07-10 00:39:06,687 INFO   Merged: 'Hybrid PV-WT Microgrid Stability Control Using Synchronverte' (10.1109/icitee59582.2023.10317706) <- 'Hybrid PV-WT Microgrid Stability Control Using Synchronverte' (10.1109/icitee59582.2023.10317706)
2026-07-10 00:39:06,687 INFO   Merged: 'Determination of PV Hosting Capacity on the 20 kV Distributi' (10.1109/icsgteis60500.2023.10424248) <- 'Determination of PV Hosting Capacity on the 20 kV Distributi' (10.1109/icsgteis60500.2023.10424248)
2026-07-10 00:39:06,687 INFO   Merged: 'Stochastic Unit Commitment in Various System Sizes under Hig' (10.22146/jnteti.v12i1.5281) <- 'Stochastic Unit Commitment in Various System Sizes under Hig' (10.22146/jnteti.v12i1.5281)
2026-07-10 00:39:06,687 INFO   Merged: 'Derivative-based Dynamic State Estimation of Synchronous Gen' (10.1109/siml61815.2024.10578238) <- 'Derivative-based Dynamic State Estimation of Synchronous Gen' (10.1109/siml61815.2024.10578238)
2026-07-10 00:39:06,687 INFO   Merged: 'Techno-Economic Analysis of Hybrid Solar Photovoltaic and Mi' (10.1007/978-3-031-74741-0_21) <- 'Techno-Economic Analysis of Hybrid Solar Photovoltaic and Mi' (10.1007/978-3-031-74741-0_21)
2026-07-10 00:39:06,687 INFO   Merged: 'Partial Feedback Linearization Approach To Nonlinear Control' (10.1109/icitee62483.2024.10808257) <- 'Partial Feedback Linearization Approach To Nonlinear Control' (10.1109/icitee62483.2024.10808257)
2026-07-10 00:39:06,687 INFO   Merged: 'A PV Hosting Capacity Technique on Distribution Network with' (10.1109/icitee62483.2024.10808724) <- 'A PV Hosting Capacity Technique on Distribution Network with' (10.1109/icitee62483.2024.10808724)
2026-07-10 00:39:06,687 INFO   Merged: 'Oscillation Control in Aceh System Under Disturbances: A Cas' (10.1109/icitee62483.2024.10808794) <- 'Oscillation Control in Aceh System Under Disturbances: A Cas' (10.1109/icitee62483.2024.10808794)
2026-07-10 00:39:06,687 INFO   Merged: 'Microhydro Power in West Papua: A Comprehensive Assessment a' (10.20508/ijrer.v14i4.14534.g8953) <- 'Microhydro Power in West Papua: A Comprehensive Assessment a' (10.20508/ijrer.v14i4.14534.g8953)
2026-07-10 00:39:06,687 INFO   Merged: 'A Bayesian Filtering Approach to Power System Dynamic State ' (10.1109/icadeis65852.2025.10933397) <- 'A Bayesian Filtering Approach to Power System Dynamic State ' (10.1109/icadeis65852.2025.10933397)
2026-07-10 00:39:06,687 INFO   Merged: 'Unit Commitment with 2-Minute Fast Frequency Reserve Constra' (10.1109/ict-pep67281.2025.11231866) <- 'Unit Commitment with 2-Minute Fast Frequency Reserve Constra' (10.1109/ict-pep67281.2025.11231866)
2026-07-10 00:39:06,687 INFO   Merged: 'Contingency Severity Classification Using Machine Learning: ' (10.1109/eecsi67060.2025.11290428) <- 'Contingency Severity Classification Using Machine Learning: ' (10.1109/eecsi67060.2025.11290428)
2026-07-10 00:39:06,687 INFO   Merged: 'Small-Signal Stability Analysis of PV-Penetrated SMIB System' (10.1109/icaides67265.2025.11402934) <- 'Small-Signal Stability Analysis of PV-Penetrated SMIB System' (10.1109/icaides67265.2025.11402934)
2026-07-10 00:39:06,687 INFO   Merged: 'Improvement of MFCC feature extraction accuracy using PCA in' (10.1109/icoiact.2018.8350748) <- 'Improvement of MFCC feature extraction accuracy using PCA in' (10.1109/icoiact.2018.8350748)
2026-07-10 00:39:06,687 INFO   Merged: 'Denoising Speech for MFCC Feature Extraction Using Wavelet T' (10.1109/iciteed.2018.8534807) <- 'Denoising Speech for MFCC Feature Extraction Using Wavelet T' (10.1109/iciteed.2018.8534807)
2026-07-10 00:39:06,687 INFO   Merged: 'The replacement of irreducible polynomial and affine mapping' (10.1007/s11071-018-4310-2) <- 'The replacement of irreducible polynomial and affine mapping' (10.1007/s11071-018-4310-2)
2026-07-10 00:39:06,687 INFO   Merged: 'Lightweight Convolution Neural Network for Image-Based Malwa' (10.1109/ismode53584.2022.9743111) <- 'Lightweight Convolution Neural Network for Image-Based Malwa' (10.1109/ismode53584.2022.9743111)
2026-07-10 00:39:06,687 INFO   Merged: 'Feature Data Reduction of MFCC Using PCA and SVD in Speech R' (10.1109/icscee.2018.8538414) <- 'Feature Data Reduction of MFCC Using PCA and SVD in Speech R' (10.1109/icscee.2018.8538414)
2026-07-10 00:39:06,687 INFO   Merged: 'AES S-box construction using different irreducible polynomia' (10.1109/desec.2017.8073857) <- 'AES S-box construction using different irreducible polynomia' (10.1109/desec.2017.8073857)
2026-07-10 00:39:06,687 INFO   Merged: 'Vehicle Type Classification in Surveillance Image based on D' (10.1109/icoiact50329.2020.9332047) <- 'Vehicle Type Classification in Surveillance Image based on D' (10.1109/icoiact50329.2020.9332047)
2026-07-10 00:39:06,687 INFO   Merged: 'Prototyping of Class-Attendance System Using Mifare 1K Smart' (10.1109/isesd.2018.8605442) <- 'Prototyping of Class-Attendance System Using Mifare 1K Smart' (10.1109/isesd.2018.8605442)
2026-07-10 00:39:06,687 INFO   Merged: 'Comparison of Feature Extraction for Speaker Identification ' (10.1109/isriti51436.2020.9315332) <- 'Comparison of Feature Extraction for Speaker Identification ' (10.1109/isriti51436.2020.9315332)
2026-07-10 00:39:06,687 INFO   Merged: 'Comparison of Windowing Function on Feature Extraction Using' (10.1109/icicyta53712.2021.9689160) <- 'Comparison of Windowing Function on Feature Extraction Using' (10.1109/icicyta53712.2021.9689160)
2026-07-10 00:39:06,687 INFO   Merged: 'Real-Time Indonesian Language Speech Recognition with MFCC A' (10.22146/ijitee.49426) <- 'Real-Time Indonesian Language Speech Recognition with MFCC A' (10.22146/ijitee.49426)
2026-07-10 00:39:06,687 INFO   Merged: 'Performance comparison of signal processing filters on smoot' (10.1109/icitisee.2017.8285477) <- 'Performance comparison of signal processing filters on smoot' (10.1109/icitisee.2017.8285477)
2026-07-10 00:39:06,687 INFO   Merged: 'Preliminary Design of Camera Data Receiver System for High D' (10.1109/isriti64779.2024.10963470) <- 'Preliminary Design of Camera Data Receiver System for High D' (10.1109/isriti64779.2024.10963470)
2026-07-10 00:39:06,687 INFO   Merged: 'Advancing Sustainability: Machine Learning Projections of Pa' (10.1109/icitisee58992.2023.10405049) <- 'Advancing Sustainability: Machine Learning Projections of Pa' (10.1109/icitisee58992.2023.10405049)
2026-07-10 00:39:06,687 INFO   Merged: 'Development of Campus Bus Tracker Firmware using GNSS Module' (10.1109/icondbtm59210.2023.10326777) <- 'Development of Campus Bus Tracker Firmware using GNSS Module' (10.1109/icondbtm59210.2023.10326777)
2026-07-10 00:39:06,687 INFO   Merged: 'Simple Protocol Design of Multi-Hop Network in Lora' (10.1109/isriti48646.2019.9034662) <- 'Simple Protocol Design of Multi-Hop Network in Lora' (10.1109/isriti48646.2019.9034662)
2026-07-10 00:39:06,687 INFO   Merged: 'Improvement of Character Segmentation for Indonesian License' (10.1109/isriti48646.2019.9034614) <- 'Improvement of Character Segmentation for Indonesian License' (10.1109/isriti48646.2019.9034614)
2026-07-10 00:39:06,687 INFO   Merged: 'The Improvement of Character Recognition on ANPR Algorithm u' (10.1109/ismode53584.2022.9742804) <- 'The Improvement of Character Recognition on ANPR Algorithm u' (10.1109/ismode53584.2022.9742804)
2026-07-10 00:39:06,687 INFO   Merged: 'Feature Extraction using Gaussian-MFCC for Speaker Recogniti' (10.1109/icitisee53823.2021.9655887) <- 'Feature Extraction using Gaussian-MFCC for Speaker Recogniti' (10.1109/icitisee53823.2021.9655887)
2026-07-10 00:39:06,687 INFO   Merged: 'Optimal resource allocation scheme in femtocell networks usi' (10.1109/icsec.2016.7859902) <- 'Optimal resource allocation scheme in femtocell networks usi' (10.1109/icsec.2016.7859902)
2026-07-10 00:39:06,687 INFO   Merged: 'S-box Construction of Highly Strict Avalanche Criterion Usin' (10.1109/iac.2018.8780454) <- 'S-box Construction of Highly Strict Avalanche Criterion Usin' (10.1109/iac.2018.8780454)
2026-07-10 00:39:06,687 INFO   Merged: 'Comparison Euclidean Distance and Manhattan Distance as Clas' (10.2991/978-2-494069-95-4_54) <- 'Comparison Euclidean Distance and Manhattan Distance as Clas' (10.2991/978-2-494069-95-4_54)
2026-07-10 00:39:06,687 INFO   Merged: 'Comparison of vowel feature extraction on time and frequency' (10.1109/iciteed.2017.8250477) <- 'Comparison of vowel feature extraction on time and frequency' (10.1109/iciteed.2017.8250477)
2026-07-10 00:39:06,687 INFO   Merged: 'A New Native Video Filtering based on OpenGL ES for Mobile P' (10.18517/ijaseit.9.3.7329) <- 'A New Native Video Filtering based on OpenGL ES for Mobile P' (10.18517/ijaseit.9.3.7329)
2026-07-10 00:39:06,687 INFO   Merged: 'Enhancement strict avalanche criterion value in robust S-box' (10.1088/1742-6596/1321/3/032020) <- 'Enhancement strict avalanche criterion value in robust S-box' (10.1088/1742-6596/1321/3/032020)
2026-07-10 00:39:06,687 INFO   Merged: 'Edge Detection of Strawberries Ripeness Based on Model Optim' (10.2991/978-94-6463-122-7_5) <- 'Edge Detection of Strawberries Ripeness Based on Model Optim' (10.2991/978-94-6463-122-7_5)
2026-07-10 00:39:06,687 INFO   Merged: 'The Improvement of Character Recognition on ANPR Algorithm u' (10.1109/icst50505.2020.9732877) <- 'The Improvement of Character Recognition on ANPR Algorithm u' (10.1109/icst50505.2020.9732877)
2026-07-10 00:39:06,687 INFO   Merged: 'Aspect-Based Sentiment Analysis on PLN Mobile Application Us' (10.1109/isriti64779.2024.10963459) <- 'Aspect-Based Sentiment Analysis on PLN Mobile Application Us' (10.1109/isriti64779.2024.10963459)
2026-07-10 00:39:06,687 INFO   Merged: 'An improvement of minutiae-based fingerprint matching: Two L' (10.1109/isesd.2016.7886730) <- 'An improvement of minutiae-based fingerprint matching: Two L' (10.1109/isesd.2016.7886730)
2026-07-10 00:39:06,687 INFO   Merged: 'Integrasi Login Tanpa Mengetik Password pada WordPress' (10.22146/jnteti.v6i2.310) <- 'Integrasi Login Tanpa Mengetik Password pada WordPress' (10.22146/jnteti.v6i2.310)
2026-07-10 00:39:06,687 INFO   Merged: 'Speaker Recognition Using Mel Frequency Cepstral Coefficient' (10.1109/isriti51436.2020.9315337) <- 'Speaker Recognition Using Mel Frequency Cepstral Coefficient' (10.1109/isriti51436.2020.9315337)
2026-07-10 00:39:06,687 INFO   Merged: 'Fingerprint Enhancement using Iterative Contextual Filtering' (10.1109/icoict52021.2021.9527482) <- 'Fingerprint Enhancement using Iterative Contextual Filtering' (10.1109/icoict52021.2021.9527482)
2026-07-10 00:39:06,687 INFO   Merged: 'Variance-Based Geometric Feature Selection for Face Recognit' (10.1109/isriti56927.2022.10052946) <- 'Variance-Based Geometric Feature Selection for Face Recognit' (10.1109/isriti56927.2022.10052946)
2026-07-10 00:39:06,687 INFO   Merged: 'A review of chaff point generation methods for fuzzy vault s' (10.1109/icitisee.2016.7803070) <- 'A review of chaff point generation methods for fuzzy vault s' (10.1109/icitisee.2016.7803070)
2026-07-10 00:39:06,687 INFO   Merged: 'GAMA32 processor modeling using SystemC' (10.1109/isesd.2016.7886717) <- 'GAMA32 processor modeling using SystemC' (10.1109/isesd.2016.7886717)
2026-07-10 00:39:06,687 INFO   Merged: 'Perancangan Smart Card Reader Menggunakan STM32F4 Discovery ' (10.22146/jnteti.v6i3.337) <- 'Perancangan Smart Card Reader Menggunakan STM32F4 Discovery ' (10.22146/jnteti.v6i3.337)
2026-07-10 00:39:06,687 INFO   Merged: 'Fingerprint image reconstruction for swipe sensor using Pred' (10.1051/matecconf/201815401042) <- 'Fingerprint image reconstruction for swipe sensor using Pred' (10.1051/matecconf/201815401042)
2026-07-10 00:39:06,687 INFO   Merged: 'Correction to: The replacement of irreducible polynomial and' (10.1007/s11071-018-4495-4) <- 'Correction to: The replacement of irreducible polynomial and' (10.1007/s11071-018-4495-4)
2026-07-10 00:39:06,687 INFO   Merged: 'Straight Two-Points Distance Calculation in 3D Space Using M' (10.1109/ismode53584.2022.9741834) <- 'Straight Two-Points Distance Calculation in 3D Space Using M' (10.1109/ismode53584.2022.9741834)
2026-07-10 00:39:06,687 INFO   Merged: 'Embedded Application for Driver Drowsiness Monitoring System' (10.1109/icst50505.2020.9732817) <- 'Embedded Application for Driver Drowsiness Monitoring System' (10.1109/icst50505.2020.9732817)
2026-07-10 00:39:06,687 INFO   Merged: 'Optimization of Feature Extraction in Indonesian Speech Reco' (10.1109/isriti56927.2022.10052916) <- 'Optimization of Feature Extraction in Indonesian Speech Reco' (10.1109/isriti56927.2022.10052916)
2026-07-10 00:39:06,687 INFO   Merged: 'Distance Metrics Comparison on K-Nearest Neighbor for Landsl' (10.1109/iaict59002.2023.10205840) <- 'Distance Metrics Comparison on K-Nearest Neighbor for Landsl' (10.1109/iaict59002.2023.10205840)
2026-07-10 00:39:06,687 INFO   Merged: 'IMPLEMENTASI ENCODER SANDI REED SOLOMON PADA CONTROLLER AREA' (None) <- 'IMPLEMENTASI ENCODER SANDI REED SOLOMON PADA CONTROLLER AREA' (None)
2026-07-10 00:39:06,687 INFO   Merged: 'Middleware for Multi-sensors Context-Aware System to Control' (10.18178/ijfcc.2016.5.4.470) <- 'Middleware for Multi-sensors Context-Aware System to Control' (10.18178/ijfcc.2016.5.4.470)
2026-07-10 00:39:06,687 INFO   Merged: 'PENGUKURAN BLOK WINDOW TERBAIK BERDASARKAN MSE UNTUK SEGMENT' (10.36499/psnst.v1i1.1517) <- 'PENGUKURAN BLOK WINDOW TERBAIK BERDASARKAN MSE UNTUK SEGMENT' (10.36499/psnst.v1i1.1517)
2026-07-10 00:39:06,687 INFO   Merged: 'Information Extraction of Optical Answer Sheet (LJK) Based o' (10.1166/asl.2017.8762) <- 'Information Extraction of Optical Answer Sheet (LJK) Based o' (10.1166/asl.2017.8762)
2026-07-10 00:39:06,688 INFO   Merged: 'Vowel Sound Analysis in the Indonesian Language using Multil' (10.1109/icsitech46713.2019.8987551) <- 'Vowel Sound Analysis in the Indonesian Language using Multil' (10.1109/icsitech46713.2019.8987551)
2026-07-10 00:39:06,688 INFO   Merged: 'KOMPARASI EKSPERIMENTAL PERFORMA PEMBANGKITAN CHAFF POINT TE' (None) <- 'KOMPARASI EKSPERIMENTAL PERFORMA PEMBANGKITAN CHAFF POINT TE' (None)
2026-07-10 00:39:06,688 INFO   Merged: 'PENGEMBANGAN ASSEMBLER UNTUK ARSITEKTUR PROSESOR GAMA32 BERB' (None) <- 'PENGEMBANGAN ASSEMBLER UNTUK ARSITEKTUR PROSESOR GAMA32 BERB' (None)
2026-07-10 00:39:06,688 INFO   Merged: 'Blueprint konverter DC-DC 311 V/100 V 1 kW topologi full-bri' (None) <- 'Blueprint konverter DC-DC 311 V/100 V 1 kW topologi full-bri' (None)
2026-07-10 00:39:06,688 INFO   Merged: 'REGRESI BOUNDING BOX PADA SLIDING WINDOW DAN CNN UNTUK MENIN' (None) <- 'REGRESI BOUNDING BOX PADA SLIDING WINDOW DAN CNN UNTUK MENIN' (None)
2026-07-10 00:39:06,688 INFO   Merged: 'Coordinate-Based Geometric Features and Nearest Neighbor Per' (10.1109/iaict59002.2023.10205618) <- 'Coordinate-Based Geometric Features and Nearest Neighbor Per' (10.1109/iaict59002.2023.10205618)
2026-07-10 00:39:06,688 INFO   Merged: 'MeX FX algorithm in temperature sensor data reconstruction' (10.1063/5.0166330) <- 'MeX FX algorithm in temperature sensor data reconstruction' (10.1063/5.0166330)
2026-07-10 00:39:06,688 INFO   Merged: 'Evaluasi Platform Perangkat Keras Sistem Tertanam untuk Unit' (10.22146/jnteti.v12i4.6277) <- 'Evaluasi Platform Perangkat Keras Sistem Tertanam untuk Unit' (10.22146/jnteti.v12i4.6277)
2026-07-10 00:39:06,688 INFO   Merged: 'Optimizing Sustainability: A Deep Learning Approach on Data ' (10.21203/rs.3.rs-3675682/v1) <- 'Optimizing Sustainability: A Deep Learning Approach on Data ' (10.21203/rs.3.rs-3675682/v1)
2026-07-10 00:39:06,688 INFO   Merged: 'Development of Speaker Verification System Using Three-Dimen' (10.1109/icaaeei63658.2024.10899153) <- 'Development of Speaker Verification System Using Three-Dimen' (10.1109/icaaeei63658.2024.10899153)
2026-07-10 00:39:06,688 INFO   Merged: 'Smartphone-based Pedestrian Dead Reckoning as an indoor posi' (10.1109/icsengt.2012.6339316) <- 'Smartphone-based Pedestrian Dead Reckoning as an indoor posi' (10.1109/icsengt.2012.6339316)
2026-07-10 00:39:06,688 INFO   Merged: 'Mobility of Indonesian during Early Pandemic: Insights from ' (10.1109/icitee56407.2022.9954078) <- 'Mobility of Indonesian during Early Pandemic: Insights from ' (10.1109/icitee56407.2022.9954078)
2026-07-10 00:39:06,688 INFO   Merged: 'Machine Learning Diabetes Diagnosis Literature Review' (10.1109/icitacee58587.2023.10277172) <- 'Machine Learning Diabetes Diagnosis Literature Review' (10.1109/icitacee58587.2023.10277172)
2026-07-10 00:39:06,688 INFO   Merged: 'Large Language Model Employment for Story Point Estimation P' (10.1109/icecos63900.2024.10791206) <- 'Large Language Model Employment for Story Point Estimation P' (10.1109/icecos63900.2024.10791206)
2026-07-10 00:39:06,688 INFO   Merged: 'Power-Based Device Recognition for Occupancy Detection' (10.1007/978-3-319-91764-1_14) <- 'Power-Based Device Recognition for Occupancy Detection' (10.1007/978-3-319-91764-1_14)
2026-07-10 00:39:06,688 INFO   Merged: 'WSAN-based energy efficient system in building: A monitoring' (10.1109/miceei.2014.7067311) <- 'WSAN-based energy efficient system in building: A monitoring' (10.1109/miceei.2014.7067311)
2026-07-10 00:39:06,688 INFO   Merged: 'Heart Disease Prediction Using Machine Learning: A Systemati' (10.1109/icitacee58587.2023.10277209) <- 'Heart Disease Prediction Using Machine Learning: A Systemati' (10.1109/icitacee58587.2023.10277209)
2026-07-10 00:39:06,688 INFO   Merged: 'Legal Judgment Prediction: A Systematic Literature Review' (10.1109/icamimia60881.2023.10427855) <- 'Legal Judgment Prediction: A Systematic Literature Review' (10.1109/icamimia60881.2023.10427855)
2026-07-10 00:39:06,688 INFO   Merged: 'An infrastructure-less occupant context-recognition in energ' (10.1109/iciteed.2014.7006991) <- 'An infrastructure-less occupant context-recognition in energ' (10.1109/iciteed.2014.7006991)
2026-07-10 00:39:06,688 INFO   Merged: 'Enhancing Counterfeit Detection with Multi-Features on Secur' (10.3390/computers12090183) <- 'Enhancing Counterfeit Detection with Multi-Features on Secur' (10.3390/computers12090183)
2026-07-10 00:39:06,688 INFO   Merged: 'Academic Sandbox: Enabling Access and Exploration Mobile Pos' (10.1109/icitee62483.2024.10808218) <- 'Academic Sandbox: Enabling Access and Exploration Mobile Pos' (10.1109/icitee62483.2024.10808218)
2026-07-10 00:39:06,688 INFO   Merged: 'Utilization of Machine Learning Approaches for Rainfall Data' (10.1109/ic3ina60834.2023.10285764) <- 'Utilization of Machine Learning Approaches for Rainfall Data' (10.1109/ic3ina60834.2023.10285764)
2026-07-10 00:39:06,688 INFO   Merged: 'Comparison of Hidden Markov Model and KD-Tree in GPS Data-Ba' (10.1109/icitee62483.2024.10808992) <- 'Comparison of Hidden Markov Model and KD-Tree in GPS Data-Ba' (10.1109/icitee62483.2024.10808992)
2026-07-10 00:39:06,688 INFO   Merged: 'Assessing fingerprinting and machine learning approaches for' (10.11591/ijeecs.v37.i3.pp2021-2031) <- 'Assessing fingerprinting and machine learning approaches for' (10.11591/ijeecs.v37.i3.pp2021-2031)
2026-07-10 00:39:06,688 INFO   Merged: 'Performance testing of PDR using common sensors on a smartph' (10.1109/icacsis.2013.6761564) <- 'Performance testing of PDR using common sensors on a smartph' (10.1109/icacsis.2013.6761564)
2026-07-10 00:39:06,688 INFO   Merged: 'Identification of Visitors at Tourist Destinations in Yogyak' (10.1109/icitcom62788.2024.10762383) <- 'Identification of Visitors at Tourist Destinations in Yogyak' (10.1109/icitcom62788.2024.10762383)
2026-07-10 00:39:06,688 INFO   Merged: 'Identification of Non-Vehicle and Vehicle Density at Interse' (10.1109/icitcom62788.2024.10762610) <- 'Identification of Non-Vehicle and Vehicle Density at Interse' (10.1109/icitcom62788.2024.10762610)
2026-07-10 00:39:06,688 INFO   Merged: 'A Modified Usefulness, Satisfaction, and Ease-of-Use Questio' (10.1109/chiuxid64022.2024.10860418) <- 'A Modified Usefulness, Satisfaction, and Ease-of-Use Questio' (10.1109/chiuxid64022.2024.10860418)
2026-07-10 00:39:06,688 INFO   Merged: 'Assessment of Asset Health Index on Power Transformers Using' (10.1109/isriti64779.2024.10963578) <- 'Assessment of Asset Health Index on Power Transformers Using' (10.1109/isriti64779.2024.10963578)
2026-07-10 00:39:06,688 INFO   Merged: 'Analysis of Prediction-Based Machine Learning Application fo' (10.1109/isriti64779.2024.10963362) <- 'Analysis of Prediction-Based Machine Learning Application fo' (10.1109/isriti64779.2024.10963362)
2026-07-10 00:39:06,688 INFO   Merged: 'Critical Challenge Factors of Requirement Change Management ' (10.4028/p-bqt4rg) <- 'Critical Challenge Factors of Requirement Change Management ' (10.4028/p-bqt4rg)
2026-07-10 00:39:06,688 INFO   Merged: 'Negative content filtering based on skin texture, homomorphi' (10.1109/iceecs.2014.7045242) <- 'Negative content filtering based on skin texture, homomorphi' (10.1109/iceecs.2014.7045242)
2026-07-10 00:39:06,688 INFO   Merged: 'Comparative study of attribute reduction on arrhythmia class' (10.1109/iciteed.2013.6676213) <- 'Comparative study of attribute reduction on arrhythmia class' (10.1109/iciteed.2013.6676213)
2026-07-10 00:39:06,688 INFO   Merged: 'Virtual Reality-based Platformer Games Development for Eleva' (10.22146/ijitee.33592) <- 'Virtual Reality-based Platformer Games Development for Eleva' (10.22146/ijitee.33592)
2026-07-10 00:39:06,688 INFO   Merged: 'Classification of arrhythmia’s ECG signal using cascade tran' (10.3233/jifs-189768) <- 'Classification of arrhythmia’s ECG signal using cascade tran' (10.3233/jifs-189768)
2026-07-10 00:39:06,688 INFO   Merged: 'Adaptive Traffic Light Control Based on Actual Condition Usi' (10.22146/ijitee.49964) <- 'Adaptive Traffic Light Control Based on Actual Condition Usi' (10.22146/ijitee.49964)
2026-07-10 00:39:06,688 INFO   Merged: 'The Development of Lexer and Parser as Parts of Compiler for' (10.1109/isriti48646.2019.9034617) <- 'The Development of Lexer and Parser as Parts of Compiler for' (10.1109/isriti48646.2019.9034617)
2026-07-10 00:39:06,688 INFO   Merged: 'Analisis Pengaruh Kompresi Citra Fundus terhadap Kinerja Sis' (10.22146/jnteti.v7i1.403) <- 'Analisis Pengaruh Kompresi Citra Fundus terhadap Kinerja Sis' (10.22146/jnteti.v7i1.403)
2026-07-10 00:39:06,688 INFO   Merged: 'A Review of CAM-Based Visual Explanation on Diabetic Retinop' (10.1109/access.2026.3656888) <- 'A Review of CAM-Based Visual Explanation on Diabetic Retinop' (10.1109/access.2026.3656888)
2026-07-10 00:39:06,688 INFO   Merged: 'Virtual Reality-Based Educational Game for Basic Korean Pron' (10.1109/icitee62483.2024.10808844) <- 'Virtual Reality-Based Educational Game for Basic Korean Pron' (10.1109/icitee62483.2024.10808844)
2026-07-10 00:39:06,688 INFO   Merged: 'Immersive Virtual Reality-based Serious Game for Fire Drill ' (10.1109/icitee62483.2024.10808388) <- 'Immersive Virtual Reality-based Serious Game for Fire Drill ' (10.1109/icitee62483.2024.10808388)
2026-07-10 00:39:06,688 INFO   Merged: 'Virtual Reality-based Platformer Games Development for Eleva' (10.22146/ijitee.33592) <- 'Virtual Reality-based Platformer Games Development for Eleva' (10.22146/ijitee.33592)
2026-07-10 00:39:06,688 INFO   Merged: 'Analysis of Marker Factors Effect on the Detection Process o' (10.1109/icitee62483.2024.10808292) <- 'Analysis of Marker Factors Effect on the Detection Process o' (10.1109/icitee62483.2024.10808292)
2026-07-10 00:39:06,688 INFO   Merged: 'Design and Implementation of a Dashboard System for Monitori' (10.1109/icitee62483.2024.10808311) <- 'Design and Implementation of a Dashboard System for Monitori' (10.1109/icitee62483.2024.10808311)
2026-07-10 00:39:06,688 INFO   Merged: 'Analisis Pengaruh Kompresi Citra Fundus terhadap Kinerja Sis' (10.22146/jnteti.v7i1.403) <- 'Analisis Pengaruh Kompresi Citra Fundus terhadap Kinerja Sis' (10.22146/jnteti.v7i1.403)
2026-07-10 00:39:06,688 INFO   Merged: 'SIMULATION OF UAVs AUTONOMOUSLY APPROACHING CERTAIN TARGET U' (None) <- 'SIMULATION OF UAVs AUTONOMOUSLY APPROACHING CERTAIN TARGET U' (None)
2026-07-10 00:39:06,688 INFO   Merged: 'Impact of Gender and Information Layout on User Experience a' (10.1109/ibiomed62485.2024.10875820) <- 'Impact of Gender and Information Layout on User Experience a' (10.1109/ibiomed62485.2024.10875820)
2026-07-10 00:39:06,688 INFO   Merged: 'Augmented Reality-based Serious Game for Speech Delay Therap' (10.1109/icitee66631.2025.11338497) <- 'Augmented Reality-based Serious Game for Speech Delay Therap' (10.1109/icitee66631.2025.11338497)
2026-07-10 00:39:06,688 INFO   Merged: 'Compressive Signal Processing for Estimating Range-Velocity-' (10.1109/access.2025.3536614) <- 'Compressive Signal Processing for Estimating Range-Velocity-' (10.1109/access.2025.3536614)
2026-07-10 00:39:06,688 INFO   Merged: 'Tsunami Threat Level Classification Based on Deep Learning: ' (10.1109/icitisee53823.2021.9655919) <- 'Tsunami Threat Level Classification Based on Deep Learning: ' (10.1109/icitisee53823.2021.9655919)
2026-07-10 00:39:06,688 INFO   Merged: 'Machine Learning-Based Spectrum Sensing in Cognitive Radio N' (10.1109/icitcom66635.2025.11265012) <- 'Machine Learning-Based Spectrum Sensing in Cognitive Radio N' (10.1109/icitcom66635.2025.11265012)
2026-07-10 00:39:06,688 INFO   Merged: '3-D MUSIC Spectrum Reconstruction for Joint Azimuth-Elevatio' (10.1109/ieeeconf51394.2020.9443520) <- '3-D MUSIC Spectrum Reconstruction for Joint Azimuth-Elevatio' (10.1109/ieeeconf51394.2020.9443520)
2026-07-10 00:39:06,688 INFO   Merged: 'Analysis of Gaussian process to predict thermal sensor place' (10.1063/5.0000923) <- 'Analysis of Gaussian process to predict thermal sensor place' (10.1063/5.0000923)
2026-07-10 00:39:06,688 INFO   Merged: 'Single Snapshot-Spatial Compressive Beamforming for Azimuth ' (10.1109/isriti51436.2020.9315503) <- 'Single Snapshot-Spatial Compressive Beamforming for Azimuth ' (10.1109/isriti51436.2020.9315503)
2026-07-10 00:39:06,688 INFO   Merged: 'Graph Signal Processing for Anomaly Detection in Cooperative' (10.1109/icitacee62763.2024.10762809) <- 'Graph Signal Processing for Anomaly Detection in Cooperative' (10.1109/icitacee62763.2024.10762809)
2026-07-10 00:39:06,688 INFO   Merged: 'Time Series Analysis for Solar Irradiance Forecasting: A Sys' (10.1109/iceeng64546.2025.11031366) <- 'Time Series Analysis for Solar Irradiance Forecasting: A Sys' (10.1109/iceeng64546.2025.11031366)
2026-07-10 00:39:06,688 INFO   Merged: 'Solar Irradiation Forecasting Uses Time Series Analysis' (10.1109/iciteed.2019.8929990) <- 'Solar Irradiation Forecasting Uses Time Series Analysis' (10.1109/iciteed.2019.8929990)
2026-07-10 00:39:06,688 INFO   Merged: 'Compressive Joint Angular and Frequency Spectrum Sensing Bas' (10.1007/s11277-019-06871-4) <- 'Compressive Joint Angular and Frequency Spectrum Sensing Bas' (10.1007/s11277-019-06871-4)
2026-07-10 00:39:06,688 INFO   Merged: 'Frequency Domain Energy Detection for Multiband Spectrum Sen' (10.1109/icitee56407.2022.9954120) <- 'Frequency Domain Energy Detection for Multiband Spectrum Sen' (10.1109/icitee56407.2022.9954120)
2026-07-10 00:39:06,688 INFO   Merged: 'Two dimensional angle of arrival estimation using minimum sp' (10.1109/iciteed.2017.8250466) <- 'Two dimensional angle of arrival estimation using minimum sp' (10.1109/iciteed.2017.8250466)
2026-07-10 00:39:06,688 INFO   Merged: 'Distributed Compressive Power Spectrum Sensing for Cognitive' (10.1109/iaict59002.2023.10205543) <- 'Distributed Compressive Power Spectrum Sensing for Cognitive' (10.1109/iaict59002.2023.10205543)
2026-07-10 00:39:06,688 INFO   Merged: 'Joint DoA and Frequency Band Estimation Based on MUSIC for U' (10.1109/wpmc50192.2020.9309456) <- 'Joint DoA and Frequency Band Estimation Based on MUSIC for U' (10.1109/wpmc50192.2020.9309456)
2026-07-10 00:39:06,688 INFO   Merged: 'SVM Algorithm for Cooperative Spectrum Sensing in Wireless F' (10.1109/icon-sonics59898.2023.10435169) <- 'SVM Algorithm for Cooperative Spectrum Sensing in Wireless F' (10.1109/icon-sonics59898.2023.10435169)
2026-07-10 00:39:06,688 INFO   Merged: 'Sequential-Compressive-Range Azimuth Estimation in Radar Sig' (10.1109/icitee53064.2021.9611822) <- 'Sequential-Compressive-Range Azimuth Estimation in Radar Sig' (10.1109/icitee53064.2021.9611822)
2026-07-10 00:39:06,689 INFO   Merged: 'A Microstrip Antenna Design Using an Heuristic Algorithm' (10.22146/ijitee.56343) <- 'A Microstrip Antenna Design Using an Heuristic Algorithm' (10.22146/ijitee.56343)
2026-07-10 00:39:06,689 INFO   Merged: 'Performance of Energy Detection Spectrum Sensing for Cogniti' (10.22146/jnteti.v11i3.3757) <- 'Performance of Energy Detection Spectrum Sensing for Cogniti' (10.22146/jnteti.v11i3.3757)
2026-07-10 00:39:06,689 INFO   Merged: 'Cooperative Spectrum Sensing for Cognitive Radio Based on De' (10.1109/icamimia60881.2023.10427813) <- 'Cooperative Spectrum Sensing for Cognitive Radio Based on De' (10.1109/icamimia60881.2023.10427813)
2026-07-10 00:39:06,689 INFO   Merged: 'Byzantine Attack Identification using Graph Signal Processin' (10.1109/comnetsat63286.2024.10862364) <- 'Byzantine Attack Identification using Graph Signal Processin' (10.1109/comnetsat63286.2024.10862364)
2026-07-10 00:39:06,689 INFO   Merged: 'Compressive Wideband Frequency Spectrum Sensing Based on MUS' (10.1109/icaiic.2019.8669077) <- 'Compressive Wideband Frequency Spectrum Sensing Based on MUS' (10.1109/icaiic.2019.8669077)
2026-07-10 00:39:06,689 INFO   Merged: 'Interference Management in Heterogeneous Networks using Modi' (10.1109/isriti48646.2019.9034607) <- 'Interference Management in Heterogeneous Networks using Modi' (10.1109/isriti48646.2019.9034607)
2026-07-10 00:39:06,689 INFO   Merged: 'Study on Periodogram and Correlogram-Based Spectrum Sensing ' (10.1109/icisit54091.2022.9872775) <- 'Study on Periodogram and Correlogram-Based Spectrum Sensing ' (10.1109/icisit54091.2022.9872775)
2026-07-10 00:39:06,689 INFO   Merged: 'Two-Dimensional Direction-of-Arrival Estimation for More Sou' (10.1109/isriti56927.2022.10053025) <- 'Two-Dimensional Direction-of-Arrival Estimation for More Sou' (10.1109/isriti56927.2022.10053025)
2026-07-10 00:39:06,689 INFO   Merged: 'Joint Angular-Frequency Power Spectrum Sensing Based on K-Me' (10.1109/iaict59002.2023.10205879) <- 'Joint Angular-Frequency Power Spectrum Sensing Based on K-Me' (10.1109/iaict59002.2023.10205879)
2026-07-10 00:39:06,689 INFO   Merged: 'Compressive Range and Velocity Estimation Using Frequency-Mo' (10.1109/icamimia60881.2023.10427932) <- 'Compressive Range and Velocity Estimation Using Frequency-Mo' (10.1109/icamimia60881.2023.10427932)
2026-07-10 00:39:06,689 INFO   Merged: 'Study on the Application of Compressive Sampling for Electro' (10.1109/isriti64779.2024.10963572) <- 'Study on the Application of Compressive Sampling for Electro' (10.1109/isriti64779.2024.10963572)
2026-07-10 00:39:06,689 INFO   Merged: 'Memoria: A Serious Game for Enhancing Short-Term Memory in R' (10.4028/p-htua7a) <- 'Memoria: A Serious Game for Enhancing Short-Term Memory in R' (10.4028/p-htua7a)
2026-07-10 00:39:06,689 INFO   Merged: 'Performance Evaluation of FastICA as a Blind Source Separati' (10.1109/icitee66631.2025.11338262) <- 'Performance Evaluation of FastICA as a Blind Source Separati' (10.1109/icitee66631.2025.11338262)
2026-07-10 00:39:06,689 INFO   Merged: 'Nonlinear Modeling and Forecasting of Solar Irradiance and T' (10.1109/icitee66631.2025.11338274) <- 'Nonlinear Modeling and Forecasting of Solar Irradiance and T' (10.1109/icitee66631.2025.11338274)
2026-07-10 00:39:06,689 INFO   Merged: 'Comparison of energy consumption in Wi-Fi and bluetooth comm' (10.1109/ccwc.2017.7868425) <- 'Comparison of energy consumption in Wi-Fi and bluetooth comm' (10.1109/ccwc.2017.7868425)
2026-07-10 00:39:06,689 INFO   Merged: 'Indoor human tracking application using multiple depth-camer' (None) <- 'Indoor human tracking application using multiple depth-camer' (None)
2026-07-10 00:39:06,689 INFO   Merged: 'Rancang Bangun Identity and Access Management IoT Berbasis K' (10.22146/jnteti.v7i4.455) <- 'Rancang Bangun Identity and Access Management IoT Berbasis K' (10.22146/jnteti.v7i4.455)
2026-07-10 00:39:06,689 INFO   Merged: 'Development of embedded gateway for Wireless Sensor Network ' (10.1109/iciteed.2014.7007920) <- 'Development of embedded gateway for Wireless Sensor Network ' (10.1109/iciteed.2014.7007920)
2026-07-10 00:39:06,689 INFO   Merged: 'Trust Based Approach in Adjacent Vehicles to Mitigate Sybil ' (10.1145/3178212.3178231) <- 'Trust Based Approach in Adjacent Vehicles to Mitigate Sybil ' (10.1145/3178212.3178231)
2026-07-10 00:39:06,689 INFO   Merged: 'WSAN-based energy efficient system in building: A monitoring' (10.1109/miceei.2014.7067311) <- 'WSAN-based energy efficient system in building: A monitoring' (10.1109/miceei.2014.7067311)
2026-07-10 00:39:06,689 INFO   Merged: 'Development of Enterprise Security Framework in SKK Migas Ba' (10.1109/iciteed.2018.8534747) <- 'Development of Enterprise Security Framework in SKK Migas Ba' (10.1109/iciteed.2018.8534747)
2026-07-10 00:39:06,689 INFO   Merged: 'A Review of Penetration Testing Frameworks, Tools, and Appli' (10.1109/icitisee58992.2023.10404397) <- 'A Review of Penetration Testing Frameworks, Tools, and Appli' (10.1109/icitisee58992.2023.10404397)
2026-07-10 00:39:06,689 INFO   Merged: 'Techniques for Handling Missing Values in Customers Electric' (10.1109/ictiia61827.2024.10761291) <- 'Techniques for Handling Missing Values in Customers Electric' (10.1109/ictiia61827.2024.10761291)
2026-07-10 00:39:06,689 INFO   Merged: 'Electricity Theft Detection Based on Load Profile Using XGBo' (10.1109/ict-pep67281.2025.11232347) <- 'Electricity Theft Detection Based on Load Profile Using XGBo' (10.1109/ict-pep67281.2025.11232347)
2026-07-10 00:39:06,689 INFO   Merged: 'ANALISIS UNJUK KERJA APLIKASI DIGITAL SIGNAGE XIBO PADA SING' (None) <- 'ANALISIS UNJUK KERJA APLIKASI DIGITAL SIGNAGE XIBO PADA SING' (None)
2026-07-10 00:39:06,689 INFO   Merged: 'An infrastructure-less occupant context-recognition in energ' (10.1109/iciteed.2014.7006991) <- 'An infrastructure-less occupant context-recognition in energ' (10.1109/iciteed.2014.7006991)
2026-07-10 00:39:06,689 INFO   Merged: 'A Review of Cloud Migration Strategies in the Developing Cou' (10.1109/icstc.2018.8528604) <- 'A Review of Cloud Migration Strategies in the Developing Cou' (10.1109/icstc.2018.8528604)
2026-07-10 00:39:06,689 INFO   Merged: 'Enterprise Architecture in E-Government Application: A Syste' (10.1109/ies63037.2024.10665873) <- 'Enterprise Architecture in E-Government Application: A Syste' (10.1109/ies63037.2024.10665873)
2026-07-10 00:39:06,689 INFO   Merged: 'TruChain: A Multi-Layer Architecture for Trusted, Verifiable' (10.1109/metacom65502.2025.00068) <- 'TruChain: A Multi-Layer Architecture for Trusted, Verifiable' (10.1109/metacom65502.2025.00068)
2026-07-10 00:39:06,689 INFO   Merged: 'Comparison of Feature Weighting in SVM Performance for Senti' (10.1088/1742-6596/1196/1/012066) <- 'Comparison of Feature Weighting in SVM Performance for Senti' (10.1088/1742-6596/1196/1/012066)
2026-07-10 00:39:06,689 INFO   Merged: 'Generating customized web search result through community dr' (10.1109/iciteed.2013.6676225) <- 'Generating customized web search result through community dr' (10.1109/iciteed.2013.6676225)
2026-07-10 00:39:06,689 INFO   Merged: 'Evaluation and Improvement of Electronic Traffic Law Enforce' (10.1109/comnetsat63286.2024.10862320) <- 'Evaluation and Improvement of Electronic Traffic Law Enforce' (10.1109/comnetsat63286.2024.10862320)
2026-07-10 00:39:06,689 INFO   Merged: 'Anomaly Detection in Billing Data Using Voting Classificatio' (10.1109/scored64708.2024.10872639) <- 'Anomaly Detection in Billing Data Using Voting Classificatio' (10.1109/scored64708.2024.10872639)
2026-07-10 00:39:06,689 INFO   Merged: 'Financial Feasibility Study of New Electricity Installations' (10.1109/icadeis65852.2025.10933420) <- 'Financial Feasibility Study of New Electricity Installations' (10.1109/icadeis65852.2025.10933420)
2026-07-10 00:39:06,689 INFO   Merged: 'Whisper of Website Object Preparation: A Systematic Literatu' (10.1109/icimcis63449.2024.10957662) <- 'Whisper of Website Object Preparation: A Systematic Literatu' (10.1109/icimcis63449.2024.10957662)
2026-07-10 00:39:06,689 INFO   Merged: 'Fast and Interactive Byzantine Fault-tolerant Web Services v' (10.1109/metacom65502.2025.00030) <- 'Fast and Interactive Byzantine Fault-tolerant Web Services v' (10.1109/metacom65502.2025.00030)
2026-07-10 00:39:06,689 INFO   Merged: 'TruChain: A Multi-Layer Architecture for Trusted, Verifiable' (10.48550/arxiv.2507.08286) <- 'TruChain: A Multi-Layer Architecture for Trusted, Verifiable' (10.48550/arxiv.2507.08286)
2026-07-10 00:39:06,689 INFO   Merged: 'Fast and Interactive Byzantine Fault-tolerant Web Services v' (10.48550/arxiv.2507.08281) <- 'Fast and Interactive Byzantine Fault-tolerant Web Services v' (10.48550/arxiv.2507.08281)
2026-07-10 00:39:06,689 INFO   Merged: 'Proactive Cloud Sizing Automation for Platform-as-a-Service ' (10.1109/itis67966.2025.11308870) <- 'Proactive Cloud Sizing Automation for Platform-as-a-Service ' (10.1109/itis67966.2025.11308870)
2026-07-10 00:39:06,689 INFO   Merged: 'Neural Cognitive Diagnosis for Computerized Adaptive Testing' (10.1109/icitisee68184.2025.11355096) <- 'Neural Cognitive Diagnosis for Computerized Adaptive Testing' (10.1109/icitisee68184.2025.11355096)
2026-07-10 00:39:06,689 INFO   Merged: 'Toward a Modular, Low-Latency Architecture with BERT-based B' (10.35671/telematika.v18i2.3151) <- 'Toward a Modular, Low-Latency Architecture with BERT-based B' (10.35671/telematika.v18i2.3151)
2026-07-10 00:39:06,689 INFO   Merged: 'Neural Cognitive Diagnosis Models for Intelligent Adaptive T' (10.1109/kst67832.2026.11432393) <- 'Neural Cognitive Diagnosis Models for Intelligent Adaptive T' (10.1109/kst67832.2026.11432393)
2026-07-10 00:39:06,689 INFO   Merged: 'A Transformer-Based Aspect-Level Sentiment Analysis Framewor' (10.1109/aaiml67890.2026.11498208) <- 'A Transformer-Based Aspect-Level Sentiment Analysis Framewor' (10.1109/aaiml67890.2026.11498208)
2026-07-10 00:39:06,689 INFO   Merged: 'A Review of Sentiment Analysis for Non-English Language' (10.1109/icaiit.2019.8834552) <- 'A Review of Sentiment Analysis for Non-English Language' (10.1109/icaiit.2019.8834552)
2026-07-10 00:39:06,689 INFO   Merged: 'Portable smart sorting and grading machine for fruits using ' (10.1109/ic3ina.2013.6819151) <- 'Portable smart sorting and grading machine for fruits using ' (10.1109/ic3ina.2013.6819151)
2026-07-10 00:39:06,689 INFO   Merged: 'Hover position quadrotor control with fuzzy logic' (10.1109/icitacee.2014.7065720) <- 'Hover position quadrotor control with fuzzy logic' (10.1109/icitacee.2014.7065720)
2026-07-10 00:39:06,689 INFO   Merged: 'Data Fusion and Switching Function For UAV Quadrotor Navigat' (None) <- 'Data Fusion and Switching Function For UAV Quadrotor Navigat' (None)
2026-07-10 00:39:06,689 INFO   Merged: 'Data fusion and switching function for MAV navigation system' (10.1109/iceecs.2014.7045230) <- 'Data fusion and switching function for MAV navigation system' (10.1109/iceecs.2014.7045230)
2026-07-10 00:39:06,689 INFO   Merged: 'Stabilization Of Quadrotor on SO(3) With Robust Proportional' (10.1109/iciteed.2019.8929961) <- 'Stabilization Of Quadrotor on SO(3) With Robust Proportional' (10.1109/iciteed.2019.8929961)
2026-07-10 00:39:06,689 INFO   Merged: 'Humanoid Robot Pitch Axis Stabilization using Linear Quadrat' (10.48550/arxiv.2012.10867) <- 'Humanoid Robot Pitch Axis Stabilization using Linear Quadrat' (10.48550/arxiv.2012.10867)
2026-07-10 00:39:06,689 INFO   Merged: 'An Approach to Assess the 500 kV Insulator String Condition ' (10.3390/app122312054) <- 'An Approach to Assess the 500 kV Insulator String Condition ' (10.3390/app122312054)
2026-07-10 00:39:06,689 INFO   Merged: 'Audiosonic Acoustic Detection of Air Corona Discharge based ' (10.1109/ichveps47643.2019.9011029) <- 'Audiosonic Acoustic Detection of Air Corona Discharge based ' (10.1109/ichveps47643.2019.9011029)
2026-07-10 00:39:06,689 INFO   Merged: 'Characteristic of Cup-and-Pin Insulator Flashover Voltage un' (10.1109/ichveps58902.2023.10257497) <- 'Characteristic of Cup-and-Pin Insulator Flashover Voltage un' (10.1109/ichveps58902.2023.10257497)
2026-07-10 00:39:06,689 INFO   Merged: 'Effects of Exposure Parameters on The RGB Channels of Clean ' (10.1109/icamimia60881.2023.10427864) <- 'Effects of Exposure Parameters on The RGB Channels of Clean ' (10.1109/icamimia60881.2023.10427864)
2026-07-10 00:39:06,689 INFO   Merged: 'Severity Level of An Insulator in Polluted and Dry Condition' (10.1109/spies48661.2020.9242998) <- 'Severity Level of An Insulator in Polluted and Dry Condition' (10.1109/spies48661.2020.9242998)
2026-07-10 00:39:06,689 INFO   Merged: 'Mitigation of Insulator Ultraviolet Emission Measurement Err' (10.1109/ichveps53178.2021.9600920) <- 'Mitigation of Insulator Ultraviolet Emission Measurement Err' (10.1109/ichveps53178.2021.9600920)
2026-07-10 00:39:06,689 INFO   Merged: 'Detection of Partial Discharge in Oil Filled-Tank using Acou' (10.12962/jaree.v5i1.105) <- 'Detection of Partial Discharge in Oil Filled-Tank using Acou' (10.12962/jaree.v5i1.105)
2026-07-10 00:39:06,689 INFO   Merged: 'Characteristic Analysis of Partial Discharge Parameters in A' (10.1109/icitee62483.2024.10808443) <- 'Characteristic Analysis of Partial Discharge Parameters in A' (10.1109/icitee62483.2024.10808443)
2026-07-10 00:39:06,689 INFO   Merged: 'Analysis of Lightning Grounding Values Using Variations in F' (10.1109/apl65034.2025.11108783) <- 'Analysis of Lightning Grounding Values Using Variations in F' (10.1109/apl65034.2025.11108783)
2026-07-10 00:39:06,689 INFO   Merged: 'Assessment of Steep-Front Impulse Voltage Test Assisted by A' (10.1109/ichveps66913.2025.11351066) <- 'Assessment of Steep-Front Impulse Voltage Test Assisted by A' (10.1109/ichveps66913.2025.11351066)
2026-07-10 00:39:06,689 INFO   Merged: 'Analysis of Visible-Light Image and Flashover Voltage on the' (10.1109/access.2026.3683618) <- 'Analysis of Visible-Light Image and Flashover Voltage on the' (10.1109/access.2026.3683618)
2026-07-10 00:39:06,689 INFO   Merged: 'Review of HVDC technologies for weak grid interconnectors' (10.1007/s00202-024-02761-6) <- 'Review of HVDC technologies for weak grid interconnectors' (10.1007/s00202-024-02761-6)
2026-07-10 00:39:06,689 INFO   Merged: 'Development of PMU-Based Transient Stability Detection Metho' (10.3390/en15218241) <- 'Development of PMU-Based Transient Stability Detection Metho' (10.3390/en15218241)
2026-07-10 00:39:06,690 INFO   Merged: 'Study of rooftop PV hosting capacity in 20 kV systems in fac' (10.1016/j.rineng.2024.102517) <- 'Study of rooftop PV hosting capacity in 20 kV systems in fac' (10.1016/j.rineng.2024.102517)
2026-07-10 00:39:06,690 INFO   Merged: 'Dynamic State Estimation of a High-Order Model of Doubly-Fed' (10.1109/access.2024.3359408) <- 'Dynamic State Estimation of a High-Order Model of Doubly-Fed' (10.1109/access.2024.3359408)
2026-07-10 00:39:06,690 INFO   Merged: 'Power System Planning Assessment for Optimizing Renewable En' (10.3390/su14148436) <- 'Power System Planning Assessment for Optimizing Renewable En' (10.3390/su14148436)
2026-07-10 00:39:06,690 INFO   Merged: 'Transmission Expansion Planning for the Optimization of Rene' (10.3390/su131810477) <- 'Transmission Expansion Planning for the Optimization of Rene' (10.3390/su131810477)
2026-07-10 00:39:06,690 INFO   Merged: 'Minimization of Power Losses through Optimal Placement and S' (10.1109/isriti51436.2020.9315446) <- 'Minimization of Power Losses through Optimal Placement and S' (10.1109/isriti51436.2020.9315446)
2026-07-10 00:39:06,690 INFO   Merged: 'Assessing Potential Scenarios for Achieving New and Renewabl' (10.32479/ijeep.12852) <- 'Assessing Potential Scenarios for Achieving New and Renewabl' (10.32479/ijeep.12852)
2026-07-10 00:39:06,690 INFO   Merged: 'Model-Free Approach to DC Microgrid Optimal Operation under ' (10.3390/en16145369) <- 'Model-Free Approach to DC Microgrid Optimal Operation under ' (10.3390/en16145369)
2026-07-10 00:39:06,690 INFO   Merged: 'The Masterplan for Developing Electricity Systems for Archip' (10.1109/sege.2019.8859915) <- 'The Masterplan for Developing Electricity Systems for Archip' (10.1109/sege.2019.8859915)
2026-07-10 00:39:06,690 INFO   Merged: 'Transient Stability Detection Using CNN-LSTM Considering Tim' (10.1109/ict-pep53949.2021.9601021) <- 'Transient Stability Detection Using CNN-LSTM Considering Tim' (10.1109/ict-pep53949.2021.9601021)
2026-07-10 00:39:06,690 INFO   Merged: 'Review on Battery Energy Storage System for Power System wit' (10.1109/icst50505.2020.9732801) <- 'Review on Battery Energy Storage System for Power System wit' (10.1109/icst50505.2020.9732801)
2026-07-10 00:39:06,690 INFO   Merged: 'Early Failure Detection of Quayside Container Crane Using th' (10.1109/ict-pep63827.2024.10733496) <- 'Early Failure Detection of Quayside Container Crane Using th' (10.1109/ict-pep63827.2024.10733496)
2026-07-10 00:39:06,690 INFO   Merged: 'Minimum SCR and Impact of PLL Gain on Flat Start Capability ' (10.1109/powertech55446.2023.10202918) <- 'Minimum SCR and Impact of PLL Gain on Flat Start Capability ' (10.1109/powertech55446.2023.10202918)
2026-07-10 00:39:06,690 INFO   Merged: 'Achieving Net Zero Emissions by 2060: The Role of Nuclear an' (10.1109/isriti64779.2024.10963626) <- 'Achieving Net Zero Emissions by 2060: The Role of Nuclear an' (10.1109/isriti64779.2024.10963626)
2026-07-10 00:39:06,690 INFO   Merged: 'Reactive Power Incentive in Distribution Network with High P' (10.1109/ict-pep53949.2021.9601137) <- 'Reactive Power Incentive in Distribution Network with High P' (10.1109/ict-pep53949.2021.9601137)
2026-07-10 00:39:06,690 INFO   Merged: 'Single-Phase Shift Modulation of DAB Converter in Typhoon HI' (10.22146/jnteti.v13i1.6876) <- 'Single-Phase Shift Modulation of DAB Converter in Typhoon HI' (10.22146/jnteti.v13i1.6876)
2026-07-10 00:39:06,690 INFO   Merged: 'Customer Behavior and EV Charging Service Business' (10.1109/ict-pep53949.2021.9600991) <- 'Customer Behavior and EV Charging Service Business' (10.1109/ict-pep53949.2021.9600991)
2026-07-10 00:39:06,690 INFO   Merged: 'A Review of Reactive Power Management in Distribution Networ' (10.1109/appeec50844.2021.9687706) <- 'A Review of Reactive Power Management in Distribution Networ' (10.1109/appeec50844.2021.9687706)
2026-07-10 00:39:06,690 INFO   Merged: 'ANN for Optimal Operation of BESS in a Grid Integrated Wind ' (10.1109/fortei-icee50915.2020.9249874) <- 'ANN for Optimal Operation of BESS in a Grid Integrated Wind ' (10.1109/fortei-icee50915.2020.9249874)
2026-07-10 00:39:06,690 INFO   Merged: 'Transient Stability Assessment Considering Number and Locati' (10.1109/sege59172.2023.10274573) <- 'Transient Stability Assessment Considering Number and Locati' (10.1109/sege59172.2023.10274573)
2026-07-10 00:39:06,690 INFO   Merged: 'Droop Control Strategy of Controlled Three-Phase PWM Rectifi' (10.1109/icitee59582.2023.10317653) <- 'Droop Control Strategy of Controlled Three-Phase PWM Rectifi' (10.1109/icitee59582.2023.10317653)
2026-07-10 00:39:06,690 INFO   Merged: 'The Role of The HVDC System in A Low Inertia AC Grid for Tra' (10.1109/ict-pep50916.2020.9249921) <- 'The Role of The HVDC System in A Low Inertia AC Grid for Tra' (10.1109/ict-pep50916.2020.9249921)
2026-07-10 00:39:06,690 INFO   Merged: 'Thermal Model for Single-Phase Dual Active Bridge Converter ' (10.1109/cpeee56777.2023.10217537) <- 'Thermal Model for Single-Phase Dual Active Bridge Converter ' (10.1109/cpeee56777.2023.10217537)
2026-07-10 00:39:06,690 INFO   Merged: 'Multi-Terminal HVDC Implementation for Connecting Indonesian' (10.1109/icitee62483.2024.10808760) <- 'Multi-Terminal HVDC Implementation for Connecting Indonesian' (10.1109/icitee62483.2024.10808760)
2026-07-10 00:39:06,690 INFO   Merged: 'Advancing Multi-Island Interconnectors in Indonesia: A Compr' (10.1109/icitee62483.2024.10808385) <- 'Advancing Multi-Island Interconnectors in Indonesia: A Compr' (10.1109/icitee62483.2024.10808385)
2026-07-10 00:39:06,690 INFO   Merged: 'Impact Assessment and Mitigation of A Power System With Dyna' (10.1109/icitee62483.2024.10808221) <- 'Impact Assessment and Mitigation of A Power System With Dyna' (10.1109/icitee62483.2024.10808221)
2026-07-10 00:39:06,690 INFO   Merged: 'Correction to: Energy Informatics' (10.1007/978-3-031-74741-0_25) <- 'Correction to: Energy Informatics' (10.1007/978-3-031-74741-0_25)
2026-07-10 00:39:06,690 INFO   Merged: 'Data Driven Frequency Stability Detection in Power Systems U' (10.1109/bts-i2c63534.2024.10942308) <- 'Data Driven Frequency Stability Detection in Power Systems U' (10.1109/bts-i2c63534.2024.10942308)
2026-07-10 00:39:06,690 INFO   Merged: 'System Protection Hoisting Quayside Container Crane Using Io' (10.1109/icocseti63724.2025.11020455) <- 'System Protection Hoisting Quayside Container Crane Using Io' (10.1109/icocseti63724.2025.11020455)
2026-07-10 00:39:06,690 INFO   Merged: 'Optimal Design of the Cable Layout in a Wind Farm Using Modi' (10.1109/icera66156.2025.11087267) <- 'Optimal Design of the Cable Layout in a Wind Farm Using Modi' (10.1109/icera66156.2025.11087267)
2026-07-10 00:39:06,690 INFO   Merged: 'Semau Island Generation Expansion Planning Considering Econo' (10.1109/eecsi67060.2025.11290348) <- 'Semau Island Generation Expansion Planning Considering Econo' (10.1109/eecsi67060.2025.11290348)
2026-07-10 00:39:06,690 INFO   Merged: 'Interleaved Bidirectional DC-DC Converter Operation Strategi' (10.1109/icpea53519.2022.9744683) <- 'Interleaved Bidirectional DC-DC Converter Operation Strategi' (10.1109/icpea53519.2022.9744683)
2026-07-10 00:39:06,690 INFO   Merged: 'Design of Active Magnetic Bearing for Industrial Size Compre' (10.1109/icitee56407.2022.9954087) <- 'Design of Active Magnetic Bearing for Industrial Size Compre' (10.1109/icitee56407.2022.9954087)
2026-07-10 00:39:06,690 INFO   Merged: 'Detection of COVID-19 using CNN's Deep Learning Method: Revi' (10.1109/ibiomed56408.2022.9988533) <- 'Detection of COVID-19 using CNN's Deep Learning Method: Revi' (10.1109/ibiomed56408.2022.9988533)
2026-07-10 00:39:06,690 INFO   Merged: 'Design of High-Speed Visible Light Communication (VLC) Trans' (10.1109/itis64716.2024.10845406) <- 'Design of High-Speed Visible Light Communication (VLC) Trans' (10.1109/itis64716.2024.10845406)
2026-07-10 00:39:06,690 INFO   Merged: 'A Comparative Study of Transimpedance Amplifier (TIA) Topolo' (10.1109/itis64716.2024.10845445) <- 'A Comparative Study of Transimpedance Amplifier (TIA) Topolo' (10.1109/itis64716.2024.10845445)
2026-07-10 00:39:06,690 INFO   Merged: 'Inverted Pendulum Control: A Comparative Study from Conventi' (10.22146/jnteti.v12i3.7065) <- 'Inverted Pendulum Control: A Comparative Study from Conventi' (10.22146/jnteti.v12i3.7065)
2026-07-10 00:39:06,690 INFO   Merged: 'Study on the Implementation of Single Pressure Balance with ' (10.1007/s12647-021-00499-1) <- 'Study on the Implementation of Single Pressure Balance with ' (10.1007/s12647-021-00499-1)
2026-07-10 00:39:06,690 INFO   Merged: 'Characterization study of pressure generated by automated Am' (10.1063/5.0108069) <- 'Characterization study of pressure generated by automated Am' (10.1063/5.0108069)
2026-07-10 00:39:06,690 INFO   Merged: 'Simulation of PCM/FM Telemetry Data Encoder Based on IRIG-10' (10.1109/icitee62483.2024.10808964) <- 'Simulation of PCM/FM Telemetry Data Encoder Based on IRIG-10' (10.1109/icitee62483.2024.10808964)
2026-07-10 00:39:06,690 INFO   Merged: 'Low-cost hardware solution for PCM/FM telemetry data encoder' (10.1049/icp.2025.0286) <- 'Low-cost hardware solution for PCM/FM telemetry data encoder' (10.1049/icp.2025.0286)
2026-07-10 00:39:06,690 INFO   Merged: 'Speed Control System Design of an Autonomous Electric Vehicl' (10.1109/icitee66631.2025.11338462) <- 'Speed Control System Design of an Autonomous Electric Vehicl' (10.1109/icitee66631.2025.11338462)
2026-07-10 00:39:06,690 INFO   Merged: 'Ratio Optimization of Dynamic Fluid Continuity Implementatio' (10.1109/icitee66631.2025.11338442) <- 'Ratio Optimization of Dynamic Fluid Continuity Implementatio' (10.1109/icitee66631.2025.11338442)
2026-07-10 00:39:06,690 INFO   Merged: 'Transformer Encoder Model for Sequential Prediction of Stude' (10.1109/access.2023.3246122) <- 'Transformer Encoder Model for Sequential Prediction of Stude' (10.1109/access.2023.3246122)
2026-07-10 00:39:06,690 INFO   Merged: 'A Survey on Hyperparameters Optimization of Deep Learning fo' (10.1109/access.2024.3516198) <- 'A Survey on Hyperparameters Optimization of Deep Learning fo' (10.1109/access.2024.3516198)
2026-07-10 00:39:06,690 INFO   Merged: 'Atomic Evaluation using Large Language Model for Automated E' (10.1109/comnetsat63286.2024.10862459) <- 'Atomic Evaluation using Large Language Model for Automated E' (10.1109/comnetsat63286.2024.10862459)
2026-07-10 00:39:06,690 INFO   Merged: 'Cognitive load classification during online shopping using d' (10.1016/j.array.2025.100669) <- 'Cognitive load classification during online shopping using d' (10.1016/j.array.2025.100669)
2026-07-10 00:39:06,690 INFO   Merged: 'Transformers Based Automated Short Answer Grading with Contr' (10.1109/icitee59582.2023.10317785) <- 'Transformers Based Automated Short Answer Grading with Contr' (10.1109/icitee59582.2023.10317785)
2026-07-10 00:39:06,690 INFO   Merged: 'A Systematic Literature Review: Leveraging Vision Transforme' (10.1109/icitisee63424.2024.10730649) <- 'A Systematic Literature Review: Leveraging Vision Transforme' (10.1109/icitisee63424.2024.10730649)
2026-07-10 00:39:06,690 INFO   Merged: 'Analytical Incremental Learning: Fast Constructive Learning ' (10.1007/978-3-319-46672-9_30) <- 'Analytical Incremental Learning: Fast Constructive Learning ' (10.1007/978-3-319-46672-9_30)
2026-07-10 00:39:06,690 INFO   Merged: 'CNN-Based Model for Copy Detection Pattern Estimation and Au' (10.22146/jnteti.v12i1.6205) <- 'CNN-Based Model for Copy Detection Pattern Estimation and Au' (10.22146/jnteti.v12i1.6205)
2026-07-10 00:39:06,690 INFO   Merged: 'Enhancing Counterfeit Detection with Multi-Features on Secur' (10.3390/computers12090183) <- 'Enhancing Counterfeit Detection with Multi-Features on Secur' (10.3390/computers12090183)
2026-07-10 00:39:06,690 INFO   Merged: 'Improving Deep Learning-Based Eye Movements Classification U' (10.1109/ibitec59006.2023.10390966) <- 'Improving Deep Learning-Based Eye Movements Classification U' (10.1109/ibitec59006.2023.10390966)
2026-07-10 00:39:06,690 INFO   Merged: 'Predicting student performance based on their interaction ac' (10.1201/9781003353423-25) <- 'Predicting student performance based on their interaction ac' (10.1201/9781003353423-25)
2026-07-10 00:39:06,690 INFO   Merged: 'Systematic Literature Review of Software Estimation in Globa' (10.1109/icitcom62788.2024.10762359) <- 'Systematic Literature Review of Software Estimation in Globa' (10.1109/icitcom62788.2024.10762359)
2026-07-10 00:39:06,690 INFO   Merged: 'Aspect Based Sentiment Analysis of PLN Customer Complaints D' (10.1109/icitee62483.2024.10808802) <- 'Aspect Based Sentiment Analysis of PLN Customer Complaints D' (10.1109/icitee62483.2024.10808802)
2026-07-10 00:39:06,690 INFO   Merged: 'Pros and Cons of Fixation and Smooth Pursuit Interaction in ' (10.1109/icst56971.2022.10136260) <- 'Pros and Cons of Fixation and Smooth Pursuit Interaction in ' (10.1109/icst56971.2022.10136260)
2026-07-10 00:39:06,690 INFO   Merged: 'Review of Feature Extraction on Video-Oculography (VOG) and ' (10.1109/cyberneticscom55287.2022.9865308) <- 'Review of Feature Extraction on Video-Oculography (VOG) and ' (10.1109/cyberneticscom55287.2022.9865308)
2026-07-10 00:39:06,690 INFO   Merged: 'A Survey Study of Strategies for Improving User Interface in' (10.1109/icitcom62788.2024.10762638) <- 'A Survey Study of Strategies for Improving User Interface in' (10.1109/icitcom62788.2024.10762638)
2026-07-10 00:39:06,690 INFO   Merged: 'Multi-Task Learning Aspect Based Sentiment Analysis with BER' (10.1109/icitee62483.2024.10808387) <- 'Multi-Task Learning Aspect Based Sentiment Analysis with BER' (10.1109/icitee62483.2024.10808387)
2026-07-10 00:39:06,690 INFO   Merged: 'Improvement of Small Object Detection of Handwritten Answer ' (10.1109/icadeis65852.2025.10933354) <- 'Improvement of Small Object Detection of Handwritten Answer ' (10.1109/icadeis65852.2025.10933354)
2026-07-10 00:39:06,690 INFO   Merged: 'Kajian Penggunaan Data Log Mahasiswa untuk Berbagai Permasal' (10.22146/jnteti.v9i4.779) <- 'Kajian Penggunaan Data Log Mahasiswa untuk Berbagai Permasal' (10.22146/jnteti.v9i4.779)
2026-07-10 00:39:06,690 INFO   Merged: 'Analytical incremental learning: Fast constructive learning ' (None) <- 'Analytical incremental learning: Fast constructive learning ' (None)
2026-07-10 00:39:06,690 INFO   Merged: 'Optimizing Temporal Convolutional Network for Eye Movement C' (10.1109/ic3ina64086.2024.10732444) <- 'Optimizing Temporal Convolutional Network for Eye Movement C' (10.1109/ic3ina64086.2024.10732444)
2026-07-10 00:39:06,690 INFO   Merged: 'Anomaly Detection in Billing Data Using Voting Classificatio' (10.1109/scored64708.2024.10872639) <- 'Anomaly Detection in Billing Data Using Voting Classificatio' (10.1109/scored64708.2024.10872639)
2026-07-10 00:39:06,690 INFO   Merged: 'Leveraging Bidirectional Long Short-Term Memory with Bayesia' (10.1109/ibiomed62485.2024.10875813) <- 'Leveraging Bidirectional Long Short-Term Memory with Bayesia' (10.1109/ibiomed62485.2024.10875813)
2026-07-10 00:39:06,691 INFO   Merged: 'A Systematic Literature Review of Transfer Learning for Eye ' (10.1109/icadeis65852.2025.10933367) <- 'A Systematic Literature Review of Transfer Learning for Eye ' (10.1109/icadeis65852.2025.10933367)
2026-07-10 00:39:06,691 INFO   Merged: 'Leveraging Segformer for Precision Segmentation of Optic Cup' (10.1109/icadeis65852.2025.10932981) <- 'Leveraging Segformer for Precision Segmentation of Optic Cup' (10.1109/icadeis65852.2025.10932981)
2026-07-10 00:39:06,691 INFO   Merged: 'Fraud and Anomaly Detection in Electricity Usage Patterns Us' (10.1109/icadeis65852.2025.10933399) <- 'Fraud and Anomaly Detection in Electricity Usage Patterns Us' (10.1109/icadeis65852.2025.10933399)
2026-07-10 00:39:06,691 INFO   Merged: 'Forecasting Basic Electricity Production Costs at PT PLN (Pe' (10.1109/icodsa67155.2025.11157066) <- 'Forecasting Basic Electricity Production Costs at PT PLN (Pe' (10.1109/icodsa67155.2025.11157066)
2026-07-10 00:39:06,691 INFO   Merged: 'Feature Implementation of Lunar Cycles for Flood Disaster Cl' (10.1109/icimtech67074.2025.11265291) <- 'Feature Implementation of Lunar Cycles for Flood Disaster Cl' (10.1109/icimtech67074.2025.11265291)
2026-07-10 00:39:06,691 INFO   Merged: 'Power Loss Forecasting in Distribution Systems Using A3T-GCN' (10.1109/ifeec65025.2025.11301424) <- 'Power Loss Forecasting in Distribution Systems Using A3T-GCN' (10.1109/ifeec65025.2025.11301424)
2026-07-10 00:39:06,691 INFO   Merged: 'Fine-Tuning Whisper for Domain-Specific ASR: Transcribing In' (10.1109/icaicta67604.2025.11335113) <- 'Fine-Tuning Whisper for Domain-Specific ASR: Transcribing In' (10.1109/icaicta67604.2025.11335113)
2026-07-10 00:39:06,691 INFO   Merged: 'Reversible watermarking for medical images using ROI-based t' (10.1016/j.fraope.2026.100545) <- 'Reversible watermarking for medical images using ROI-based t' (10.1016/j.fraope.2026.100545)
2026-07-10 00:39:06,691 INFO   Merged: 'Lightweight Swin-Transformer and DistilGPT-2 for Image-to-La' (10.1109/icatei67676.2025.11405233) <- 'Lightweight Swin-Transformer and DistilGPT-2 for Image-to-La' (10.1109/icatei67676.2025.11405233)
2026-07-10 00:39:06,691 INFO   Merged: 'A Multi-Agent Agentic AI System for Energy-Efficient and Per' (10.1109/icca66035.2025.11431040) <- 'A Multi-Agent Agentic AI System for Energy-Efficient and Per' (10.1109/icca66035.2025.11431040)
2026-07-10 00:39:06,691 INFO   Merged: 'Applying Gradient Penalty in Neural Ratio Estimation to Obta' (10.1109/iccraids67816.2026.11519709) <- 'Applying Gradient Penalty in Neural Ratio Estimation to Obta' (10.1109/iccraids67816.2026.11519709)
2026-07-10 00:39:06,691 INFO   Merged: 'Path planning and formation control via potential function f' (10.1109/aris.2014.6871517) <- 'Path planning and formation control via potential function f' (10.1109/aris.2014.6871517)
2026-07-10 00:39:06,691 INFO   Merged: 'Optimum object selection methods for spontaneous gaze-based ' (10.1016/j.rineng.2024.101769) <- 'Optimum object selection methods for spontaneous gaze-based ' (10.1016/j.rineng.2024.101769)
2026-07-10 00:39:06,691 INFO   Merged: 'Controllability and observability analysis of the gain sched' (10.1109/robionetics.2013.6743606) <- 'Controllability and observability analysis of the gain sched' (10.1109/robionetics.2013.6743606)
2026-07-10 00:39:06,691 INFO   Merged: 'Optimal energy control of DC Motor speed control: Comparativ' (10.1109/ic3ina.2013.6819154) <- 'Optimal energy control of DC Motor speed control: Comparativ' (10.1109/ic3ina.2013.6819154)
2026-07-10 00:39:06,691 INFO   Merged: 'Model-Free Approach to DC Microgrid Optimal Operation under ' (10.3390/en16145369) <- 'Model-Free Approach to DC Microgrid Optimal Operation under ' (10.3390/en16145369)
2026-07-10 00:39:06,691 INFO   Merged: 'Upper Limb Rehabilitation Robot Control based on Large Langu' (10.1109/ic3ina64086.2024.10732179) <- 'Upper Limb Rehabilitation Robot Control based on Large Langu' (10.1109/ic3ina64086.2024.10732179)
2026-07-10 00:39:06,691 INFO   Merged: 'Vision-based MPC Trajectory Planning and Gain-Scheduled PID ' (10.1109/icitee66631.2025.11338430) <- 'Vision-based MPC Trajectory Planning and Gain-Scheduled PID ' (10.1109/icitee66631.2025.11338430)
2026-07-10 00:39:06,691 INFO   Merged: 'Disturbance Rejection for Quadrotor Attitude Control Based o' (10.15866/ireaco.v9i6.9930) <- 'Disturbance Rejection for Quadrotor Attitude Control Based o' (10.15866/ireaco.v9i6.9930)
2026-07-10 00:39:06,691 INFO   Merged: 'Autonomous Pick-and-Place Using Excavator Based on Deep Rein' (10.1109/icitee59582.2023.10317662) <- 'Autonomous Pick-and-Place Using Excavator Based on Deep Rein' (10.1109/icitee59582.2023.10317662)
2026-07-10 00:39:06,691 INFO   Merged: 'Enhancing Counterfeit Detection with Multi-Features on Secur' (10.3390/computers12090183) <- 'Enhancing Counterfeit Detection with Multi-Features on Secur' (10.3390/computers12090183)
2026-07-10 00:39:06,691 INFO   Merged: 'Mecanum-Wheeled Robot Control Based on Deep Reinforcement Le' (10.1109/icitee59582.2023.10317659) <- 'Mecanum-Wheeled Robot Control Based on Deep Reinforcement Le' (10.1109/icitee59582.2023.10317659)
2026-07-10 00:39:06,691 INFO   Merged: 'Capacity Loss Modeling of Li-Ion Battery Using Lightweight N' (10.1109/ict-pep60152.2023.10351143) <- 'Capacity Loss Modeling of Li-Ion Battery Using Lightweight N' (10.1109/ict-pep60152.2023.10351143)
2026-07-10 00:39:06,691 INFO   Merged: 'Soft-Growing Robot Navigation in Unknown Environment via Dee' (10.1109/icitee62483.2024.10808984) <- 'Soft-Growing Robot Navigation in Unknown Environment via Dee' (10.1109/icitee62483.2024.10808984)
2026-07-10 00:39:06,691 INFO   Merged: 'A Modified Gain Schedulling Controller by Considering the Sp' (10.14203/j.mev.2015.v6.9-18) <- 'A Modified Gain Schedulling Controller by Considering the Sp' (10.14203/j.mev.2015.v6.9-18)
2026-07-10 00:39:06,691 INFO   Merged: 'A cascade controller for linearized Quadrotor model' (10.1109/aris.2014.6871516) <- 'A cascade controller for linearized Quadrotor model' (10.1109/aris.2014.6871516)
2026-07-10 00:39:06,691 INFO   Merged: 'Inverted Pendulum Control: A Comparative Study from Conventi' (10.22146/jnteti.v12i3.7065) <- 'Inverted Pendulum Control: A Comparative Study from Conventi' (10.22146/jnteti.v12i3.7065)
2026-07-10 00:39:06,691 INFO   Merged: 'Perancangan Sistem Koordinasi dan Kendali Formasi Uav Quadro' (None) <- 'Perancangan Sistem Koordinasi dan Kendali Formasi Uav Quadro' (None)
2026-07-10 00:39:06,691 INFO   Merged: 'Controllability Analysis of Longitudinal Canard-based Soundi' (10.1109/elticom61905.2023.10443152) <- 'Controllability Analysis of Longitudinal Canard-based Soundi' (10.1109/elticom61905.2023.10443152)
2026-07-10 00:39:06,691 INFO   Merged: 'Off-Policy Adversarial Inverse Reinforcement Learning in Mob' (10.1109/aims61812.2024.10513333) <- 'Off-Policy Adversarial Inverse Reinforcement Learning in Mob' (10.1109/aims61812.2024.10513333)
2026-07-10 00:39:06,691 INFO   Merged: 'Instance Segmentation-Based Shrimp Weight Predictor using YO' (10.1109/icitee62483.2024.10808512) <- 'Instance Segmentation-Based Shrimp Weight Predictor using YO' (10.1109/icitee62483.2024.10808512)
2026-07-10 00:39:06,691 INFO   Merged: 'Adaptive Control of Synchronous Generator with Transient Mod' (10.1109/icitee62483.2024.10808382) <- 'Adaptive Control of Synchronous Generator with Transient Mod' (10.1109/icitee62483.2024.10808382)
2026-07-10 00:39:06,691 INFO   Merged: 'Multiple Model Approach of A Soft Robotic Arm' (10.1109/icitee62483.2024.10809007) <- 'Multiple Model Approach of A Soft Robotic Arm' (10.1109/icitee62483.2024.10809007)
2026-07-10 00:39:06,691 INFO   Merged: 'Comparison of TDoA Algorithm Dimension and Modified Kalman F' (10.1109/icitee62483.2024.10808315) <- 'Comparison of TDoA Algorithm Dimension and Modified Kalman F' (10.1109/icitee62483.2024.10808315)
2026-07-10 00:39:06,691 INFO   Merged: 'Adaptive 3D Growing Robot Navigation in Unstructured Environ' (10.1109/aims66189.2025.11229740) <- 'Adaptive 3D Growing Robot Navigation in Unstructured Environ' (10.1109/aims66189.2025.11229740)
2026-07-10 00:39:06,691 INFO   Merged: 'Modelling and Control of an Autonomous Soft Robotic Fish usi' (10.1109/aims66189.2025.11229556) <- 'Modelling and Control of an Autonomous Soft Robotic Fish usi' (10.1109/aims66189.2025.11229556)
2026-07-10 00:39:06,691 INFO   Merged: 'Adaptive Cruise Control Using Model Reference Adaptive Contr' (10.1109/aims66189.2025.11229729) <- 'Adaptive Cruise Control Using Model Reference Adaptive Contr' (10.1109/aims66189.2025.11229729)
2026-07-10 00:39:06,691 INFO   Merged: 'Vision-based Control for Excavator Navigation Using Deep Rei' (10.1109/aims66189.2025.11229794) <- 'Vision-based Control for Excavator Navigation Using Deep Rei' (10.1109/aims66189.2025.11229794)
2026-07-10 00:39:06,691 INFO   Merged: 'Soft Robotic Palm Control Based on Large Language Model' (10.1109/aims66189.2025.11229504) <- 'Soft Robotic Palm Control Based on Large Language Model' (10.1109/aims66189.2025.11229504)
2026-07-10 00:39:06,691 INFO   Merged: 'Quadcopter Trajectory Generation Based on Large Language Mod' (10.1109/aims66189.2025.11229484) <- 'Quadcopter Trajectory Generation Based on Large Language Mod' (10.1109/aims66189.2025.11229484)
2026-07-10 00:39:06,691 INFO   Merged: 'Navigating Vision-based Autonomous Excavator Robot Using Dee' (10.1109/eecsi67060.2025.11290309) <- 'Navigating Vision-based Autonomous Excavator Robot Using Dee' (10.1109/eecsi67060.2025.11290309)
2026-07-10 00:39:06,691 INFO   Merged: 'Analytical Simulation of Dynamic Center-of-Mass (CoM) Shifti' (10.1109/icitee66631.2025.11338398) <- 'Analytical Simulation of Dynamic Center-of-Mass (CoM) Shifti' (10.1109/icitee66631.2025.11338398)
2026-07-10 00:39:06,691 INFO   Merged: 'An Imitation Learning Approach to Needle Picking Task Automa' (10.1109/icitee66631.2025.11338227) <- 'An Imitation Learning Approach to Needle Picking Task Automa' (10.1109/icitee66631.2025.11338227)
2026-07-10 00:39:06,691 INFO   Merged: '4.5 kW High Frequency Transformer Design for Dual Active Bri' (10.26760/elkomika.v12i2.367) <- '4.5 kW High Frequency Transformer Design for Dual Active Bri' (10.26760/elkomika.v12i2.367)
2026-07-10 00:39:06,691 INFO   Merged: 'Characteristic Analysis of Partial Discharge Parameters in A' (10.1109/icitee62483.2024.10808443) <- 'Characteristic Analysis of Partial Discharge Parameters in A' (10.1109/icitee62483.2024.10808443)
2026-07-10 00:39:06,691 INFO   Merged: 'Sustainable Cold Ironing with On-Grid Photovoltaic Power: A ' (10.1109/icera66156.2025.11086634) <- 'Sustainable Cold Ironing with On-Grid Photovoltaic Power: A ' (10.1109/icera66156.2025.11086634)
2026-07-10 00:39:06,691 INFO   Merged: 'Assessment of PV Placement Strategies to Reduce Losses in Di' (10.1109/iceeie66203.2025.11252178) <- 'Assessment of PV Placement Strategies to Reduce Losses in Di' (10.1109/iceeie66203.2025.11252178)
2026-07-10 00:39:06,691 INFO   Merged: 'Sinusoidal Pulse Width Modulation Berbasis Lookup Table untu' (10.22146/jnteti.v2i2.55) <- 'Sinusoidal Pulse Width Modulation Berbasis Lookup Table untu' (10.22146/jnteti.v2i2.55)
2026-07-10 00:39:06,691 INFO   Merged: 'Field Weakening Control of a Permanent Magnet Synchronous Mo' (10.1109/icitee59582.2023.10317741) <- 'Field Weakening Control of a Permanent Magnet Synchronous Mo' (10.1109/icitee59582.2023.10317741)
2026-07-10 00:39:06,691 INFO   Merged: 'Efficient EV Charging using Optimal DC-DC DAB 400 V to 115 V' (10.1109/aims61812.2024.10512463) <- 'Efficient EV Charging using Optimal DC-DC DAB 400 V to 115 V' (10.1109/aims61812.2024.10512463)
2026-07-10 00:39:06,691 INFO   Merged: 'Power Quality Control Strategy of MMC Rectifier as Solid Sta' (10.1109/icpea56918.2023.10093220) <- 'Power Quality Control Strategy of MMC Rectifier as Solid Sta' (10.1109/icpea56918.2023.10093220)
2026-07-10 00:39:06,691 INFO   Merged: 'Performance Comparison of ZDAC vs MTPA for Permanent Magnet ' (10.1109/icitee59582.2023.10317697) <- 'Performance Comparison of ZDAC vs MTPA for Permanent Magnet ' (10.1109/icitee59582.2023.10317697)
2026-07-10 00:39:06,691 INFO   Merged: 'Design of Output Voltage Control for Dual-Active Bridge of S' (10.1109/icsgteis60500.2023.10424151) <- 'Design of Output Voltage Control for Dual-Active Bridge of S' (10.1109/icsgteis60500.2023.10424151)
2026-07-10 00:39:06,691 INFO   Merged: 'Single-Phase Shift Modulation of DAB Converter in Typhoon HI' (10.22146/jnteti.v13i1.6876) <- 'Single-Phase Shift Modulation of DAB Converter in Typhoon HI' (10.22146/jnteti.v13i1.6876)
2026-07-10 00:39:06,691 INFO   Merged: 'Buck Converter Parameters Design Using Artificial Intelligen' (10.1109/icitee62483.2024.10808195) <- 'Buck Converter Parameters Design Using Artificial Intelligen' (10.1109/icitee62483.2024.10808195)
2026-07-10 00:39:06,691 INFO   Merged: 'Sistem Kendali Daya Aktif untuk Inverter Satu Fase yang Teri' (None) <- 'Sistem Kendali Daya Aktif untuk Inverter Satu Fase yang Teri' (None)
2026-07-10 00:39:06,691 INFO   Merged: 'Power Quality Control Strategy of MMC Inverter as Solid Stat' (10.1109/ichveps58902.2023.10257498) <- 'Power Quality Control Strategy of MMC Inverter as Solid Stat' (10.1109/ichveps58902.2023.10257498)
2026-07-10 00:39:06,691 INFO   Merged: 'Droop Control Strategy of Controlled Three-Phase PWM Rectifi' (10.1109/icitee59582.2023.10317653) <- 'Droop Control Strategy of Controlled Three-Phase PWM Rectifi' (10.1109/icitee59582.2023.10317653)
2026-07-10 00:39:06,691 INFO   Merged: 'PWM Rectifier Impedance Modeling for the UGM-INKA Hybrid Tra' (10.1109/icitee59582.2023.10317765) <- 'PWM Rectifier Impedance Modeling for the UGM-INKA Hybrid Tra' (10.1109/icitee59582.2023.10317765)
2026-07-10 00:39:06,691 INFO   Merged: 'Thermal Model for Single-Phase Dual Active Bridge Converter ' (10.1109/cpeee56777.2023.10217537) <- 'Thermal Model for Single-Phase Dual Active Bridge Converter ' (10.1109/cpeee56777.2023.10217537)
2026-07-10 00:39:06,692 INFO   Merged: 'Design of Controller Area Network (CAN) Communication for PW' (10.1109/icsgteis60500.2023.10424115) <- 'Design of Controller Area Network (CAN) Communication for PW' (10.1109/icsgteis60500.2023.10424115)
2026-07-10 00:39:06,692 INFO   Merged: 'Jitter Clock Effect Analysis on Modular Dual Active Bridge (' (10.1109/icamimia60881.2023.10427750) <- 'Jitter Clock Effect Analysis on Modular Dual Active Bridge (' (10.1109/icamimia60881.2023.10427750)
2026-07-10 00:39:06,692 INFO   Merged: 'IGBT Losses Analysis of a Three-Phase Rectifier Converter on' (10.1109/isriti60336.2023.10467279) <- 'IGBT Losses Analysis of a Three-Phase Rectifier Converter on' (10.1109/isriti60336.2023.10467279)
2026-07-10 00:39:06,692 INFO   Merged: 'The Modular Multilevel Converter (MMC) Lower Level Control I' (10.1109/ice3is62977.2024.10775570) <- 'The Modular Multilevel Converter (MMC) Lower Level Control I' (10.1109/ice3is62977.2024.10775570)
2026-07-10 00:39:06,692 INFO   Merged: 'Optimization of SVC Placement and Sizing in the Gorontalo Po' (10.1109/ict-pep67281.2025.11232014) <- 'Optimization of SVC Placement and Sizing in the Gorontalo Po' (10.1109/ict-pep67281.2025.11232014)
2026-07-10 00:39:06,692 INFO   Merged: 'Low Voltage Network Reconfiguration Strategy for Mitigating ' (10.1109/icitacee66165.2025.11232620) <- 'Low Voltage Network Reconfiguration Strategy for Mitigating ' (10.1109/icitacee66165.2025.11232620)
2026-07-10 00:39:06,692 INFO   Merged: 'Power Flow Analysis of Hybrid Solar-Grid Shore Power Systems' (10.1109/ifeec65025.2025.11301577) <- 'Power Flow Analysis of Hybrid Solar-Grid Shore Power Systems' (10.1109/ifeec65025.2025.11301577)
2026-07-10 00:39:06,692 INFO   Merged: 'Data-Driven Stability Evaluation for Grid-Following Inverter' (10.1109/icitee66631.2025.11338211) <- 'Data-Driven Stability Evaluation for Grid-Following Inverter' (10.1109/icitee66631.2025.11338211)
2026-07-10 00:39:06,692 INFO   Merged: 'Voltage Control Using Long-Short-Term Memory (LSTM) for Dual' (10.1109/icitee66631.2025.11338242) <- 'Voltage Control Using Long-Short-Term Memory (LSTM) for Dual' (10.1109/icitee66631.2025.11338242)
2026-07-10 00:39:06,692 INFO   Merged: 'Comparison of Balanced and Unbalanced Conditions in Microgri' (10.1109/icitee66631.2025.11338456) <- 'Comparison of Balanced and Unbalanced Conditions in Microgri' (10.1109/icitee66631.2025.11338456)
2026-07-10 00:39:06,692 INFO   Merged: 'Design of a Hybrid Energy System for Cold Ironing at Tenau K' (10.1109/ismee68179.2025.11472823) <- 'Design of a Hybrid Energy System for Cold Ironing at Tenau K' (10.1109/ismee68179.2025.11472823)
2026-07-10 00:39:06,692 INFO   Merged: 'Six-step commutation with round robin state machine to allev' (10.1109/iceecs.2014.7045256) <- 'Six-step commutation with round robin state machine to allev' (10.1109/iceecs.2014.7045256)
2026-07-10 00:39:06,692 INFO   Merged: 'Precision Boundary Detection for EIT Leg Swelling Imaging Us' (10.1109/ibiomed62485.2024.10875828) <- 'Precision Boundary Detection for EIT Leg Swelling Imaging Us' (10.1109/ibiomed62485.2024.10875828)
2026-07-10 00:39:06,692 INFO   Merged: 'A Systematic Literature Review of Artificial Intelligence on' (10.1109/ibiomed62485.2024.10875821) <- 'A Systematic Literature Review of Artificial Intelligence on' (10.1109/ibiomed62485.2024.10875821)
2026-07-10 00:39:06,692 INFO   Merged: 'Current control and protection of block commutated for 3 pha' (10.1109/iciteed.2016.7863281) <- 'Current control and protection of block commutated for 3 pha' (10.1109/iciteed.2016.7863281)
2026-07-10 00:39:06,692 INFO   Merged: 'Review of HVDC technologies for weak grid interconnectors' (10.1007/s00202-024-02761-6) <- 'Review of HVDC technologies for weak grid interconnectors' (10.1007/s00202-024-02761-6)
2026-07-10 00:39:06,692 INFO   Merged: 'Power-flow for archipelago-based multi-terminal HVDC grids' (10.1016/j.epsr.2024.110274) <- 'Power-flow for archipelago-based multi-terminal HVDC grids' (10.1016/j.epsr.2024.110274)
2026-07-10 00:39:06,692 INFO   Merged: 'Minimum SCR and Impact of PLL Gain on Flat Start Capability ' (10.1109/powertech55446.2023.10202918) <- 'Minimum SCR and Impact of PLL Gain on Flat Start Capability ' (10.1109/powertech55446.2023.10202918)
2026-07-10 00:39:06,692 INFO   Merged: 'Control of MMC-based Isolated DC/DC converter for HVDC Tappi' (10.1109/powertech55446.2023.10202693) <- 'Control of MMC-based Isolated DC/DC converter for HVDC Tappi' (10.1109/powertech55446.2023.10202693)
2026-07-10 00:39:06,692 INFO   Merged: 'Technical and Economic Analysis of Solar PV Integration with' (10.1109/icpere63447.2024.10845594) <- 'Technical and Economic Analysis of Solar PV Integration with' (10.1109/icpere63447.2024.10845594)
2026-07-10 00:39:06,692 INFO   Merged: 'Stability Assessment of a Weak Island System Connected to Tw' (10.1109/ecce-asia63110.2025.11112300) <- 'Stability Assessment of a Weak Island System Connected to Tw' (10.1109/ecce-asia63110.2025.11112300)
2026-07-10 00:39:06,692 INFO   Merged: 'Multi-Objective Function GA for Modal Optimal Control Design' (None) <- 'Multi-Objective Function GA for Modal Optimal Control Design' (None)
2026-07-10 00:39:06,692 INFO   Merged: 'TVAC PSO for modal optimal control POD and PSS coordination ' (10.1109/iciteed.2014.7007951) <- 'TVAC PSO for modal optimal control POD and PSS coordination ' (10.1109/iciteed.2014.7007951)
2026-07-10 00:39:06,692 INFO   Merged: 'Power-Flow for Archipelago-Based Multi-Terminal Hvdc Grids' (10.2139/ssrn.4657716) <- 'Power-Flow for Archipelago-Based Multi-Terminal Hvdc Grids' (10.2139/ssrn.4657716)
2026-07-10 00:39:06,692 INFO   Merged: 'A PV Hosting Capacity Technique on Distribution Network with' (10.1109/icitee62483.2024.10808724) <- 'A PV Hosting Capacity Technique on Distribution Network with' (10.1109/icitee62483.2024.10808724)
2026-07-10 00:39:06,692 INFO   Merged: 'Generation Expansion Planning in Indonesia: A Comparative St' (10.1109/icitee62483.2024.10808424) <- 'Generation Expansion Planning in Indonesia: A Comparative St' (10.1109/icitee62483.2024.10808424)
2026-07-10 00:39:06,692 INFO   Merged: 'Impact Assessment and Mitigation of A Power System With Dyna' (10.1109/icitee62483.2024.10808221) <- 'Impact Assessment and Mitigation of A Power System With Dyna' (10.1109/icitee62483.2024.10808221)
2026-07-10 00:39:06,692 INFO   Merged: 'DC/DC Conversion and Distributed Grid based Solution of HVDC' (None) <- 'DC/DC Conversion and Distributed Grid based Solution of HVDC' (None)
2026-07-10 00:39:06,692 INFO   Merged: 'System dynamic model for electricity load forecasting in Wes' (10.1063/5.0286200) <- 'System dynamic model for electricity load forecasting in Wes' (10.1063/5.0286200)
2026-07-10 00:39:06,692 INFO   Merged: 'MTDC for Connecting Indonesian Islands Enabling Renewable En' (10.1109/gtdasia60461.2025.11313288) <- 'MTDC for Connecting Indonesian Islands Enabling Renewable En' (10.1109/gtdasia60461.2025.11313288)
2026-07-10 00:39:06,692 INFO   Merged: 'Study of rooftop PV hosting capacity in 20 kV systems in fac' (10.1016/j.rineng.2024.102517) <- 'Study of rooftop PV hosting capacity in 20 kV systems in fac' (10.1016/j.rineng.2024.102517)
2026-07-10 00:39:06,692 INFO   Merged: 'Hosting Capacity Improvement Using Reactive Power Control St' (10.1109/sege.2019.8859888) <- 'Hosting Capacity Improvement Using Reactive Power Control St' (10.1109/sege.2019.8859888)
2026-07-10 00:39:06,692 INFO   Merged: 'A Voltage Rise Mitigation Control Scheme of Utility-Scale Ba' (10.1109/ichveps53178.2021.9601108) <- 'A Voltage Rise Mitigation Control Scheme of Utility-Scale Ba' (10.1109/ichveps53178.2021.9601108)
2026-07-10 00:39:06,692 INFO   Merged: 'Development of PV hosting-capacity prediction method based o' (10.1080/14786451.2023.2261759) <- 'Development of PV hosting-capacity prediction method based o' (10.1080/14786451.2023.2261759)
2026-07-10 00:39:06,692 INFO   Merged: 'Rooftop Photovoltaic Hosting Capacity Assessment: A Case Stu' (10.1109/iceei47359.2019.8988810) <- 'Rooftop Photovoltaic Hosting Capacity Assessment: A Case Stu' (10.1109/iceei47359.2019.8988810)
2026-07-10 00:39:06,692 INFO   Merged: 'Battery energy storage system to reduce voltage rise under h' (10.1080/14786451.2022.2136176) <- 'Battery energy storage system to reduce voltage rise under h' (10.1080/14786451.2022.2136176)
2026-07-10 00:39:06,692 INFO   Merged: 'Determination of PV Location to Reduce Losses with Mini Hydr' (10.1109/icitee62483.2024.10808974) <- 'Determination of PV Location to Reduce Losses with Mini Hydr' (10.1109/icitee62483.2024.10808974)
2026-07-10 00:39:06,692 INFO   Merged: 'Stochastic enhancement of distribution network to increase h' (10.1016/j.prime.2025.101073) <- 'Stochastic enhancement of distribution network to increase h' (10.1016/j.prime.2025.101073)
2026-07-10 00:39:06,692 INFO   Merged: 'Evaluation of Reactive Power Control for High PV Penetration' (10.1109/icitee53064.2021.9611863) <- 'Evaluation of Reactive Power Control for High PV Penetration' (10.1109/icitee53064.2021.9611863)
2026-07-10 00:39:06,692 INFO   Merged: 'Evaluation of rooftop photovoltaic allocation strategies of ' (10.1063/5.0013574) <- 'Evaluation of rooftop photovoltaic allocation strategies of ' (10.1063/5.0013574)
2026-07-10 00:39:06,692 INFO   Merged: 'Pengembangan Metode Penentuan Kapasitas Hosting untuk Penetr' (None) <- 'Pengembangan Metode Penentuan Kapasitas Hosting untuk Penetr' (None)
2026-07-10 00:39:06,692 INFO   Merged: 'A Review of Stochastic Hosting Capacity Problems Concerning ' (10.1109/ict-pep57242.2022.9988768) <- 'A Review of Stochastic Hosting Capacity Problems Concerning ' (10.1109/ict-pep57242.2022.9988768)
2026-07-10 00:39:06,692 INFO   Merged: 'Optimal Capacity and Location of PV Farms Penetration in 150' (10.1109/icitee62483.2024.10808777) <- 'Optimal Capacity and Location of PV Farms Penetration in 150' (10.1109/icitee62483.2024.10808777)
2026-07-10 00:39:06,692 INFO   Merged: 'Network Reconfiguration Strategies for Reducing Network Loss' (10.1109/icitee62483.2024.10808894) <- 'Network Reconfiguration Strategies for Reducing Network Loss' (10.1109/icitee62483.2024.10808894)
2026-07-10 00:39:06,692 INFO   Merged: 'Optimization of Electric Vehicle Charging based on Time-of-U' (10.1109/icitee66631.2025.11338358) <- 'Optimization of Electric Vehicle Charging based on Time-of-U' (10.1109/icitee66631.2025.11338358)
2026-07-10 00:39:06,884 INFO Selesai. Output di exports/
2026-07-10 00:39:06,884 INFO   lecturers: 64, publications: 4165, links: 6452, metrics: 63
