lecturer_row_ref,publication_id
dosen_source.csv:2,c31f9876-2d93-48eb-88b9-3adb29013486
dosen_source.csv:2,bf5a87f1-4b4b-408c-bba1-964abfca3971
dosen_source.csv:2,40189f64-4098-4046-af6e-d26bd5a574f6
dosen_source.csv:2,609c08e0-7ef1-453b-a625-dea5f46e70b0
dosen_source.csv:2,3cf0ac6f-bbc5-4f2d-986e-50182ce9748f
dosen_source.csv:2,e5c5ff9a-57ec-4b5f-b454-a52b85a122c0
dosen_source.csv:2,295d4e03-7c41-48f4-81d5-9897243590b5
dosen_source.csv:2,676240f1-ea48-4756-8cf4-6dcad11b58ce
dosen_source.csv:2,76776666-b929-4ba9-85aa-6af7adab8aa1
dosen_source.csv:2,d7907d62-d8e0-4a7a-afe6-2691977dad47
dosen_source.csv:2,8b051b1a-b146-4276-8a5a-e3a2fb6846f2
dosen_source.csv:2,1d42c6c9-6bb5-4672-a26d-ccc90b8dd56d
dosen_source.csv:2,99dd4941-02d3-4d7d-9833-3c123a534f4e
dosen_source.csv:2,61c5b0df-bf43-405d-bb34-b685f39f0ea0
dosen_source.csv:2,81fe6ed8-9188-4128-9405-2622e3c2143f
dosen_source.csv:2,75025cc5-9dca-4a12-8777-8e31d147c234
dosen_source.csv:2,ac863fc0-6e31-4b46-872e-cc8d0a739b24
dosen_source.csv:2,0dc21107-1786-4018-b3d2-6777538e98e5
dosen_source.csv:2,1a883cc5-eff3-489f-b68f-199faf793f8c
dosen_source.csv:2,0356e117-75e3-4bae-a01b-0d8838126167
dosen_source.csv:2,fed9a36d-5778-42c6-904a-341783d14175
dosen_source.csv:2,c8810df5-ea52-4f23-946a-4d97c27dfb1a
dosen_source.csv:2,ee1b3041-79fc-4d63-892c-08e80902b0b5
dosen_source.csv:2,0fc230e3-6f13-4bdb-8393-85a36ec9eea5
dosen_source.csv:2,22c6b0e4-d419-4464-bc50-dfd857918956
dosen_source.csv:2,44a530b4-aad4-492c-b0e2-081fff9157e3
dosen_source.csv:2,ac3f95c5-b050-4932-b406-c22a5a86b842
dosen_source.csv:2,f8392de8-4749-4be7-8dc5-60f64abf30af
dosen_source.csv:2,2f547684-3e91-48f2-b65c-424b32ebb288
dosen_source.csv:2,073af729-a1ad-4770-a8d3-c3f42f61f342
dosen_source.csv:2,aa6e221d-f191-4401-ba8e-ee1d22d02916
dosen_source.csv:2,32907c87-6612-4577-8d7e-d1c117d20b29
dosen_source.csv:2,a9246211-16b6-4710-826c-079874edc6f6
dosen_source.csv:2,8cfb6aa3-d0dc-4c61-9b9f-cfddb4c7b4b4
dosen_source.csv:2,29bb45cd-c6ea-446d-b680-eb1176661c9c
dosen_source.csv:2,40b98e58-b2f4-4d19-89ba-e2e1fd49b041
dosen_source.csv:2,e54cd78d-ad8d-4cea-8918-f3afc5e07121
dosen_source.csv:2,ac65f576-8059-4795-bde6-d0ea770f5a8f
dosen_source.csv:2,328c18b5-18a1-4bed-8dc3-f498c704a454
dosen_source.csv:2,27bc199a-6496-487b-83b0-48588bc83063
dosen_source.csv:2,19741e5b-93fb-412a-8ce7-eb889050db29
dosen_source.csv:2,961fd304-806e-4e05-8a1a-98a21385892f
dosen_source.csv:2,395666c6-14dd-45a0-a2f9-63f38b23a1f5
dosen_source.csv:2,5039c31d-1457-4bec-a947-1263c01fdd5e
dosen_source.csv:2,588ec1d3-1510-4866-bb55-fcff35f6ebcb
dosen_source.csv:2,d1d6758c-ec2f-4945-9a4f-8af3009c496b
dosen_source.csv:2,a8ede23a-5968-437b-aeab-5b23dfbeb5fa
dosen_source.csv:2,0de3e73b-3d5b-42d9-a845-5769e5e2294b
dosen_source.csv:2,6f4270fb-29c4-47b0-8c23-c27c63e3f1d7
dosen_source.csv:2,588b2e4a-2ecb-422d-8a19-4edff2732428
dosen_source.csv:2,5c30644d-0d7b-47fb-b501-08fcbe9287c8
dosen_source.csv:2,9e00714b-2244-4d49-8ea5-75916c15100c
dosen_source.csv:2,96b65d57-b136-4096-973a-72e30738f370
dosen_source.csv:2,30d18f3f-425e-459e-b4a9-2a39a35320cf
dosen_source.csv:2,c973f576-71b1-466a-8c9a-5e0a3bc38548
dosen_source.csv:2,16857370-438f-4732-8a3d-fe7a3dbbdc29
dosen_source.csv:2,a77943f0-1b58-4b5a-9f72-0423ce520e88
dosen_source.csv:2,14985aff-f067-4de1-8db5-b690806d54c4
dosen_source.csv:2,1c89e761-571e-442b-8b95-d718c7d77cfc
dosen_source.csv:2,a0dfebdc-60f7-4359-a239-8129175acc10
dosen_source.csv:2,0bc46634-0475-40f5-ab1e-fa78cd5f913c
dosen_source.csv:2,f7b08c55-a22f-48b1-8579-079e1344b3b2
dosen_source.csv:2,82f098f6-efe5-4fc7-8093-ee8a818387c8
dosen_source.csv:2,c4f3aee6-3acb-4ed5-b741-5fcae60baabd
dosen_source.csv:2,9d69b6c4-4bcc-4e9c-8fd7-fc164e27e4ff
dosen_source.csv:2,62b6b096-608e-403d-a323-99a90d90d842
dosen_source.csv:2,d36e1b94-86b4-4fa5-8b17-efece169d32b
dosen_source.csv:2,28701e15-4af9-4711-8bde-63e682f3493f
dosen_source.csv:2,72994ff7-a199-41c3-8192-97d17fcbf088
dosen_source.csv:2,6b1b62b7-3e88-4b8e-b94f-20e5b7b61fb3
dosen_source.csv:2,c766ca33-3c36-4139-af62-0f0e78e56647
dosen_source.csv:2,003827f5-3700-4918-ba73-3121feedb2bd
dosen_source.csv:2,f13b62e0-7d6e-4640-8a10-4ece61a33d76
dosen_source.csv:2,668f9688-44bb-4ef6-a5da-0ad3bbfa522f
dosen_source.csv:2,4c61bc9b-23fc-4101-be84-85edb94a5df9
dosen_source.csv:2,1c7eda50-243a-43e7-917a-5a10044d8a20
dosen_source.csv:2,21666958-820b-4e95-89b6-d0e2c569f4c7
dosen_source.csv:2,08e5103b-6273-48a3-b1ad-5116970aabea
dosen_source.csv:2,15122491-6c77-446f-99f8-f99f240018a2
dosen_source.csv:2,745b80e9-a4fb-48e9-9721-64c1de095323
dosen_source.csv:2,d5cc25ac-5533-4452-9aec-85f50ad35615
dosen_source.csv:2,9ca0734a-8b45-489a-9aa0-5075ff448e5c
dosen_source.csv:2,d4081805-dcaa-4218-bfcb-e3bc6fdb7923
dosen_source.csv:2,208ae3a1-36bf-4c2a-b195-65dae1ff189e
dosen_source.csv:2,34951e58-c4f8-4993-becb-7d9cefe30ce4
dosen_source.csv:2,739a2c78-0333-4419-91fd-4784291dd8a5
dosen_source.csv:2,fd59daba-ef19-40c4-ae2d-b888af59b50d
dosen_source.csv:2,7a76d7a0-d376-48d7-b5ce-1094fcea9d3e
dosen_source.csv:2,c51c2b43-caec-41dc-8130-20ea225a2478
dosen_source.csv:2,2c94b0b4-355f-4b3d-a7e0-36d061909b55
dosen_source.csv:2,b525ca8a-ab46-44c6-870b-54e78879b077
dosen_source.csv:2,367ecc98-bb34-432c-84aa-3db4f00d4117
dosen_source.csv:2,e2360ea9-e9cd-4b93-b835-19e4274a73a9
dosen_source.csv:2,6ee28852-42a6-4e3a-ba80-56be8580cc07
dosen_source.csv:2,aca260f8-40bd-46cd-98a2-67c8169cf041
dosen_source.csv:2,df1a46de-4834-4646-b25f-fd9a69a983c4
dosen_source.csv:2,1ffd2628-fa0a-4ba5-a1cd-987073029e4f
dosen_source.csv:2,cf7d8e6c-c683-4430-a38c-f629fdd8123d
dosen_source.csv:2,e4222ed1-5e58-499b-864c-bd5e7035f157
dosen_source.csv:2,c4bfba24-5568-4b60-8e40-7e457da56d29
dosen_source.csv:2,15aa985e-5094-4728-b802-a867d3ab6d83
dosen_source.csv:2,06520c3f-a97c-4fe0-bfb0-22ce344d05bc
dosen_source.csv:2,f7c4e77c-5597-4837-ac99-df4072522366
dosen_source.csv:2,689062b8-80de-4d41-8ecc-7ca1a54889df
dosen_source.csv:2,202d44b5-8ab0-443e-9701-0e48c90e17b6
dosen_source.csv:2,71275fe4-99d1-4353-95c4-37b11e2f9cbc
dosen_source.csv:2,19eee6d9-af11-4aa4-8383-2ac62ca52d54
dosen_source.csv:2,035ee645-9c94-4add-a242-eb9be0143fd5
dosen_source.csv:2,cab51a00-bf20-43dc-a101-a21d4a29b66c
dosen_source.csv:2,fcb33533-e8c8-4971-a996-5c9aa30dca69
dosen_source.csv:2,52241d41-008d-4a62-ab4c-3eff48d9e0e1
dosen_source.csv:2,9e2cd272-38b7-4934-9cb0-216196232959
dosen_source.csv:2,7e16d49a-aef8-45a0-b4f7-04f80d2463ba
dosen_source.csv:2,62214082-cea9-4150-a6df-51410b376e56
dosen_source.csv:2,17291763-4482-45d5-8fe8-e41b7a9abfb8
dosen_source.csv:2,e945c682-fd7c-480b-8e23-17cf26a740d1
dosen_source.csv:2,d17b8373-3232-48dc-8f65-adb417d654c7
dosen_source.csv:2,f9a458d8-acd3-43f3-8a66-627056ab788c
dosen_source.csv:2,ff1dd4ae-e57b-43cf-b694-05ce314f604e
dosen_source.csv:2,7b5b47e5-5322-432a-8f4e-8b4684b6a804
dosen_source.csv:2,7d0250e9-b47e-43d5-9097-f0603a394dd6
dosen_source.csv:2,c6bd7b1d-a9f0-4413-9283-869e94cada9e
dosen_source.csv:2,996ded71-f414-42e0-aba1-6e60635c4b64
dosen_source.csv:2,ad7c42c1-5479-4df7-b050-bf1f31e5c793
dosen_source.csv:2,2206410a-e236-4d93-88c6-1ef00f1c959b
dosen_source.csv:2,c5ddadc1-8b61-4c61-a7cb-2a237e20c266
dosen_source.csv:2,91a57090-64aa-4681-9459-7fbbfd22b88c
dosen_source.csv:2,8e666795-59fd-4f63-a2c6-c40e98816825
dosen_source.csv:2,598b5092-3769-471f-ad83-37b0ee74e776
dosen_source.csv:2,562d32d9-bd07-4592-9b67-d7b5f1885267
dosen_source.csv:2,209b1433-c444-4c0c-b822-a67bce04541c
dosen_source.csv:2,61052c6f-a681-476e-b74b-311e8317792d
dosen_source.csv:2,400a9952-ce5e-497a-a89f-a293a29a4091
dosen_source.csv:2,edc17c5f-19fe-4a9e-b7a3-4d0b79ac8069
dosen_source.csv:2,4460afb7-0741-40ee-b5fd-a91ef1ad2e4f
dosen_source.csv:2,ae411fed-c298-48d4-aaaa-9d51e2237c4b
dosen_source.csv:2,c3aee1e6-85e4-4ab1-9b28-f4f092968380
dosen_source.csv:2,26380cd8-e233-40c5-a797-930406d4e0fd
dosen_source.csv:2,1688c267-9a99-4884-a73d-e06937e11bd3
dosen_source.csv:2,f749df00-6ddb-47ad-baee-140717efc500
dosen_source.csv:2,d9005f71-bb53-404a-9d93-6e25533092ed
dosen_source.csv:2,90aa468d-c04b-4faf-8e7f-8be4d7534827
dosen_source.csv:2,ba5ee9df-1ac6-4729-954f-838fd8d27206
dosen_source.csv:2,532a585f-62b0-4b47-beb6-1bcca19e29b2
dosen_source.csv:2,67ccadc3-9806-49af-a3ba-98c82eb44bec
dosen_source.csv:2,bff20aeb-8fac-42aa-9a90-3885e01ebe21
dosen_source.csv:2,b320c866-e0a1-46fd-b089-cc5d826a7c3a
dosen_source.csv:2,9432e4dc-1626-471a-9aa8-312d8a93e3c9
dosen_source.csv:2,731d3abd-f66b-4fd2-b9ae-dc76accd616b
dosen_source.csv:2,03a4d993-d83c-4dad-bc96-f516003737a4
dosen_source.csv:2,65ff9315-dfe6-4498-a5f6-797bbf054517
dosen_source.csv:2,97a06a0b-49c3-4be0-a2e1-c2f3b7a7e200
dosen_source.csv:2,695d3154-4f28-4bbc-8c62-e07c89792e67
dosen_source.csv:2,f0c03749-0488-476e-a624-35aef3f228db
dosen_source.csv:2,d350bb1e-cedc-48d9-957e-11e1246db69c
dosen_source.csv:2,608fad61-404a-44b6-bd9c-b7addb60446b
dosen_source.csv:2,43b6bdd3-081b-40e6-8623-e54f9be3f160
dosen_source.csv:2,0973912d-b2e2-4b1d-8015-4d62eaf998bf
dosen_source.csv:2,2be613eb-8d48-4825-aa51-c7bcc0ea5704
dosen_source.csv:2,81173cf8-ec3d-434e-a16d-100ce1adb113
dosen_source.csv:2,7190217b-120d-495f-adbd-bb3628da1a80
dosen_source.csv:2,666c5947-1bb8-4c0d-9834-5446bb040e42
dosen_source.csv:2,45016b17-deec-41e0-b8eb-533c9ca0814e
dosen_source.csv:2,4b6e776d-6927-41e9-9549-61143de7d9e1
dosen_source.csv:2,8d9dffcf-f1f1-4b60-9468-7459e5c1322d
dosen_source.csv:2,d6939ba4-3162-4c39-9eae-d690bf36a64a
dosen_source.csv:2,c53f9ab8-409b-45a7-8cd4-20f289d460cb
dosen_source.csv:2,a2b97ab6-94ba-42b9-8f0b-2abc7872dda7
dosen_source.csv:2,3cefeea8-4546-4b39-8177-da68e5cc967b
dosen_source.csv:2,aeb1f7b3-ed83-4a47-930c-e22a88cf1b99
dosen_source.csv:2,b6de4537-0278-45ff-92f0-07a96fe9bddb
dosen_source.csv:2,6126acf7-4b11-488d-9b0d-f6911b44e7ce
dosen_source.csv:2,8cc56f05-dcb0-42d8-9945-734278122740
dosen_source.csv:2,7e15e583-0d1f-4127-bc46-6d6c1e315b35
dosen_source.csv:2,aba548af-2b2a-47c5-84a2-f0545fb77937
dosen_source.csv:2,7b850c9e-1815-4972-bd13-4980c960d1be
dosen_source.csv:2,2b250bf4-5e81-4b70-8a25-a666a9ed5b43
dosen_source.csv:2,776fffb1-1d50-44bc-83fd-7be89d051c31
dosen_source.csv:2,144f6960-1f35-4e5e-853a-4ba0c8b94296
dosen_source.csv:2,aa25fd96-3da7-43da-8c5f-2f40f2ebe4f5
dosen_source.csv:2,605d3da5-2932-4553-b2b0-b0df9f208e01
dosen_source.csv:2,a926fba7-2487-4257-90b3-0346c73cb353
dosen_source.csv:2,8c8b2261-f8f3-49df-8ff7-ded775708c5d
dosen_source.csv:2,6ca9c7b2-b30a-4de1-a415-640e53cecbe9
dosen_source.csv:2,eb7259be-f72e-4fb3-9be1-76d00dfe0b9c
dosen_source.csv:2,050df155-c3ab-4988-8b31-b58e43b7e46c
dosen_source.csv:2,c0b8c999-f466-47a1-90a3-16678b572fac
dosen_source.csv:2,b4e76f73-dc78-4b03-a191-9cadcfe9d9e2
dosen_source.csv:2,06e84914-bc97-4de1-9095-dd38148a3dc5
dosen_source.csv:2,343e0197-a0c0-4923-8533-840b966deb08
dosen_source.csv:2,793074a3-a0a8-4c53-93ca-1c9a2609d878
dosen_source.csv:2,b0ce79f1-d6ef-40c9-9022-2db7244c1bbb
dosen_source.csv:2,7c501c34-a48f-44a7-ac01-42ad55861745
dosen_source.csv:2,aa287d53-b9d1-4f89-8ec0-4b822243dcf4
dosen_source.csv:2,cb7663fa-5c87-40de-ba22-9b7e13350926
dosen_source.csv:2,649962da-6559-4f8c-bbea-6969988995d6
dosen_source.csv:2,db08fa0c-bcd2-4565-9249-e58381161000
dosen_source.csv:2,d80b5b7c-ecc0-4fbc-8033-9e1411ae1691
dosen_source.csv:2,bd434861-b2e7-4c13-8a54-55d87ae902bd
dosen_source.csv:2,e1b2c578-ec09-45d4-a866-bdda9fa59511
dosen_source.csv:2,3d6bc8dd-3665-4978-83fc-146c8f61095a
dosen_source.csv:2,e9e8df88-f57e-4d51-9267-5836a993eb11
dosen_source.csv:2,1984b0bf-bc42-4a09-8969-448fafddefcc
dosen_source.csv:2,b07d12c8-aa77-4076-85e3-bcfeedafd06a
dosen_source.csv:2,ea4df885-3dc2-41dd-9418-421977139a22
dosen_source.csv:2,b1775c11-87d9-419a-8afc-d730c3ac5f26
dosen_source.csv:2,e18986bf-3610-411a-919a-58caddc49460
dosen_source.csv:2,7a71e9e6-1c66-45fd-847c-37b182710281
dosen_source.csv:2,7a979920-05af-4471-9a2e-eed01edf6e62
dosen_source.csv:2,8dccde02-07ff-48b9-b1d4-cc41b13bae07
dosen_source.csv:2,3b87c81e-5461-463d-80b6-66f762189c0a
dosen_source.csv:2,db6c0b65-348e-4c61-84f3-f9008c4893d0
dosen_source.csv:2,18625e6f-fa09-43de-bd41-cba0ab963727
dosen_source.csv:2,3082de77-05ae-497c-b6c2-2e02a2eef3d4
dosen_source.csv:2,2f4baecb-87ad-4a40-8020-b1342e5784a5
dosen_source.csv:2,1e2cec82-642c-4912-870e-215ecd97a04b
dosen_source.csv:2,ae9a3005-8c05-4df0-a7e5-8b16863c0839
dosen_source.csv:2,1ff5653b-3c87-47a2-a1ce-747335da9c0c
dosen_source.csv:2,16cdb93a-7192-46b3-9187-12e3862958df
dosen_source.csv:2,5571c696-7048-47a5-9e8c-be0991d69aed
dosen_source.csv:2,c7e8dd42-46a2-48d0-9347-dfdaa91e22c4
dosen_source.csv:2,48043db8-2d5a-4808-8e4b-47b31c966a29
dosen_source.csv:2,567ba26a-89aa-4566-af06-a55318665510
dosen_source.csv:2,3bcba417-c9f5-420b-adf9-61d4ffb8e8b8
dosen_source.csv:2,f32f45a9-6888-49b5-9649-7f108eeadf5d
dosen_source.csv:2,8c45b5af-8c3e-4a2e-aa84-77af77ac42a8
dosen_source.csv:2,a6208ecc-f3de-47d0-802a-c53032909e49
dosen_source.csv:2,12bc0e43-001c-43e1-9f85-bceffd977ec9
dosen_source.csv:2,efe936d9-1336-4232-b386-a6d5e4eb7769
dosen_source.csv:2,f3a1d81c-5e58-4ac9-bc9e-a4fa2b07ceab
dosen_source.csv:2,4282e632-269b-4ed7-83a4-b4882703b0a6
dosen_source.csv:3,efdb2eac-e0af-45cf-8634-79b7aff81894
dosen_source.csv:3,8464fa80-209a-48e3-baa8-6045b58266c2
dosen_source.csv:3,a4e6cb68-63a3-42bb-83e3-a1865ea24fb9
dosen_source.csv:3,73bd8922-9307-49ed-9f68-811adb005e80
dosen_source.csv:3,9d361ede-4123-496a-821e-eac768c3c8fe
dosen_source.csv:3,5f5d0d27-4c2e-4f27-91cc-29c32209219c
dosen_source.csv:3,7a041e1f-aa85-4971-a1ba-958b70250e77
dosen_source.csv:3,9e709028-6143-4487-aa9e-a948d33bd9c5
dosen_source.csv:3,68734979-f3f6-4b4a-9bfe-74451d4fc00c
dosen_source.csv:3,5ac329b0-433a-4960-8db8-cb21dd9eb875
dosen_source.csv:3,02e5da02-3c53-4a79-bacf-045e3b50cd51
dosen_source.csv:3,59a91465-ebfa-49fb-892d-de6b3080db42
dosen_source.csv:3,112116c7-2785-40fd-a480-fc9db70d4081
dosen_source.csv:3,2685045a-1ba2-4294-b789-0fd4a4d334ff
dosen_source.csv:3,35e3bfbf-7347-4239-8a58-7f7224793e16
dosen_source.csv:3,3f9b9417-c24c-43ba-ac8f-5ccaaba0cba9
dosen_source.csv:3,67c50f62-3064-4816-8bc2-d65b6c7fcce7
dosen_source.csv:3,b105f5c8-d400-45fe-bbfe-79a223f4f500
dosen_source.csv:3,9bc6a181-b53c-4540-ad7e-9e49ad93a8f1
dosen_source.csv:3,c12bdcc5-f35f-4985-8841-826e76d86d32
dosen_source.csv:3,906ab75e-b829-4c99-8b87-9ec5195b46f7
dosen_source.csv:3,c66b4e2c-24fa-45f6-9ade-21e72e0ef0b3
dosen_source.csv:3,78925d69-f3df-452d-b4c6-987511a4c688
dosen_source.csv:3,bfd2fa15-5c8c-4879-95cc-c737acb2828a
dosen_source.csv:3,9f4fde04-ca68-4a2b-85ad-f4dccab4d9c2
dosen_source.csv:3,6321d3e6-379c-42e4-818b-cae290bff4f1
dosen_source.csv:3,98f27ebd-e3ab-4a6a-8da2-1f2a0d77bd51
dosen_source.csv:3,41bc2823-e069-482c-b236-df76a3d7809a
dosen_source.csv:3,06aedcc6-2be8-4817-82a1-bda4203855b2
dosen_source.csv:3,b5d1ef9f-bb02-477f-8a10-0b13f67327c5
dosen_source.csv:3,fdceadbe-42db-4a90-ab11-7214f1778f49
dosen_source.csv:3,9d7ae5bc-d095-42fd-97ba-c625685901cb
dosen_source.csv:3,57126a37-12d9-4df9-bedc-8bbf291d9efb
dosen_source.csv:3,96ea701b-09db-4495-aaa0-90ca01d8f7ad
dosen_source.csv:3,985d6b23-a7e4-47b5-8a46-2287ea74c2c8
dosen_source.csv:3,08cefbcb-f355-4fc1-a32b-813eb62be45f
dosen_source.csv:3,4d87c94d-2611-4320-bf17-f7a6a901e04e
dosen_source.csv:3,ddd440e5-7256-43f7-9735-d94c1631dafd
dosen_source.csv:3,360d4532-5c81-41de-876b-0f1e49ca1fc7
dosen_source.csv:3,237e47de-a0f3-46e2-81f7-5657c5052288
dosen_source.csv:3,e37eb4c2-838c-4f7e-af91-7438acf357d4
dosen_source.csv:3,b397c973-219e-4214-a453-22741d0635b1
dosen_source.csv:3,a3c6df97-4c54-4046-a2a4-3084ac669248
dosen_source.csv:3,3048987d-7ba8-4c28-9fcf-30fb70242ad4
dosen_source.csv:3,130069d6-ad99-4790-92f1-3198803f2b73
dosen_source.csv:3,1d66dd8c-6908-4645-b270-20a7884007c2
dosen_source.csv:3,13f93c17-31c4-415c-a0d3-cd2a69b7895b
dosen_source.csv:3,7cbdd08b-8b57-4f25-b567-79f2d8c58d16
dosen_source.csv:3,61e55113-5fa9-4713-958f-1bf6395ef50e
dosen_source.csv:3,3c77246a-e8f3-4e61-bc74-5e6f0a8eaf90
dosen_source.csv:3,9b57475c-9f1d-48f7-a9ef-6c33411cd886
dosen_source.csv:3,c3772034-b37e-41fb-a783-7c4ed7f362c5
dosen_source.csv:3,97498220-fccd-418b-b462-5a8edd3b797b
dosen_source.csv:3,68f6df32-7770-441b-ad80-222ecc0db6bf
dosen_source.csv:3,7e4f2b33-755e-45a7-865f-72081ed24039
dosen_source.csv:3,39c812dc-35b8-4b4f-b88e-2625bfb0a267
dosen_source.csv:3,aae8de67-204e-4e91-b3df-657f4523bf90
dosen_source.csv:3,4a6108eb-7ae2-4fe0-a727-4cf6451c019c
dosen_source.csv:3,53a1daeb-e36f-4d4a-a401-2d3263d5e673
dosen_source.csv:3,92a02e8d-d3c5-4a36-8fb4-8c922890f6ff
dosen_source.csv:3,2d498dfd-d48e-4e79-bad5-f3cda3a0591e
dosen_source.csv:3,26f100b6-eb43-42f0-9868-2704310e8ea1
dosen_source.csv:3,0e10d1f6-9f79-4f8c-a8ab-747cc5dfd403
dosen_source.csv:3,66384c7a-7f0a-40af-9320-2f42040be977
dosen_source.csv:3,3c94c206-2c37-4377-b6c9-782d40c62df0
dosen_source.csv:3,4dc31647-1ae5-4f87-b1ec-673862ff4c5c
dosen_source.csv:3,677eb279-3dc4-473e-9c12-ff5aab4f34c9
dosen_source.csv:3,dd1e07e9-b052-4912-a994-4aa8b8fd9e89
dosen_source.csv:3,ae1fe909-820e-4545-96f9-a2e1978833c4
dosen_source.csv:3,b0cf5e28-60f6-4c0e-8425-c1cae06e8c9c
dosen_source.csv:3,bcd53ae9-9e63-4373-9a1e-c4f1329ca190
dosen_source.csv:3,53d13541-a7d8-4250-83c4-85514e675bdd
dosen_source.csv:3,3f20c617-fa73-4dbc-8ec9-82118d6913d1
dosen_source.csv:3,f52b3769-9271-4722-8360-cc90ab9bfdb4
dosen_source.csv:3,68dbd4d1-873f-42d4-b2e0-ec7741dea5e6
dosen_source.csv:3,5b75c6e9-0f28-4f40-b7bc-dfd54a376a8e
dosen_source.csv:3,d65ff7f8-ac01-4841-8ab6-aa55103db18f
dosen_source.csv:3,8d6502a6-c5f0-41b6-9d4e-067a42deb5b0
dosen_source.csv:3,a2327fd3-efc2-4fc8-827a-1ead0c4be252
dosen_source.csv:3,db568ee5-cf25-40ee-a586-9eb86a0b0ef4
dosen_source.csv:3,ee60555f-ee69-48a4-97bc-c26ffdb5a3be
dosen_source.csv:3,66a32c10-813a-40ed-ae99-512717b46cf0
dosen_source.csv:3,0fb8e89f-cddc-43af-933d-920b8957fdcf
dosen_source.csv:3,bb782f52-f2f1-4b37-ab5a-0f074a27ae33
dosen_source.csv:3,5e249f69-e455-4ce9-8f91-aa38c43dbae4
dosen_source.csv:3,f9e04509-c8ed-4dc5-a639-2976286a159a
dosen_source.csv:3,18c380c0-0286-4ff9-8f12-1f9818b748fc
dosen_source.csv:3,c1dd699f-e61a-4e36-8481-f487145e32c0
dosen_source.csv:3,c7f1aac9-1903-4f82-ab0d-808cdab97f79
dosen_source.csv:3,eb49b840-8274-45b2-b0b9-22d9e4db0824
dosen_source.csv:3,42911280-9b9b-46fc-a11a-60241467f053
dosen_source.csv:3,c84b673a-8661-4898-910c-0f170c1f546c
dosen_source.csv:3,de0340ec-9d0c-45a1-85ae-e2e192bc9809
dosen_source.csv:3,1311bc95-7872-4bed-b64b-cf7779cec55e
dosen_source.csv:3,2ee0c2b2-cfb9-4165-a49f-fbc1d10efb84
dosen_source.csv:3,379d39ef-e0dc-4d2c-a32c-c5b59390ab18
dosen_source.csv:3,73e8de5f-6fcf-43eb-bbd8-270d2a15a83b
dosen_source.csv:3,414b3fe0-7878-454e-b9bb-accd928378b9
dosen_source.csv:3,62cd11e2-c0d9-4fbb-bd81-6c2faa2cbbd7
dosen_source.csv:3,1a840d60-6dee-48d2-a11c-771a3ccf1800
dosen_source.csv:3,8cd9b76a-bce7-45b4-8a34-3ff8d4b87a0a
dosen_source.csv:3,b26458c1-29bb-4684-8ec9-7991ac4be933
dosen_source.csv:3,6b480785-1229-4754-a498-f8c202344044
dosen_source.csv:3,2cda2c60-46e1-4209-aa8d-619584916dfe
dosen_source.csv:3,05d5d241-af90-41cd-8330-b4874ab2426f
dosen_source.csv:3,9bb10132-dae4-4ccb-ae1a-786889182afa
dosen_source.csv:3,bc6f3380-71ed-4605-97ba-5b17d6e3e67d
dosen_source.csv:3,b5ce7f2f-5046-45e7-97bf-a8c7c1601575
dosen_source.csv:3,2e891ac0-e664-4b6d-8a75-b05241cdd978
dosen_source.csv:3,bb508414-09cd-432d-8fc8-facf46e6d050
dosen_source.csv:3,bcf13870-2505-4db7-8aad-47c5721d9712
dosen_source.csv:3,0a96b7bd-c69d-4607-926d-d2d71c266b89
dosen_source.csv:3,e449cb3d-fb2b-4a3b-9ae6-c7934a93106e
dosen_source.csv:3,2f068f31-b0fd-4a43-8116-4b1499f843bb
dosen_source.csv:3,c31d073e-0319-4185-a742-907c78425aba
dosen_source.csv:3,26466f74-94f7-4983-9014-2bd4f3808fea
dosen_source.csv:3,20e1e482-a305-4f4e-a2a3-0b736ba4dcc5
dosen_source.csv:3,d3b465f8-edbd-46a4-b075-3f32e375d6f6
dosen_source.csv:3,032656f6-76c2-4eb0-9dee-8fe652580f26
dosen_source.csv:3,ae258f48-ded3-4179-bf97-1231caafd896
dosen_source.csv:3,759c500f-85f5-4685-868d-3916f082422e
dosen_source.csv:3,ad58aaaa-8a62-43da-9dc7-193f20d7d889
dosen_source.csv:3,be0b86ef-c004-4cf7-963a-a51bb30350d5
dosen_source.csv:3,540004c5-b5d6-42f2-b154-fce0a866d793
dosen_source.csv:3,ea25d645-bcae-4eee-bf16-bc2bd0d9ed7c
dosen_source.csv:3,ea1e394d-b133-42cd-aa98-407fc89033fe
dosen_source.csv:3,fb019a6c-a406-4652-8b23-34cd185295a5
dosen_source.csv:3,d7c44892-1d63-42f3-9f7f-8c31e565f748
dosen_source.csv:3,83c34443-f217-476b-a061-7feba783a006
dosen_source.csv:3,d82c030f-c0b1-4645-8051-1f1588fa8043
dosen_source.csv:3,af10cb16-8177-4da9-9d56-aae0ecf6ef4e
dosen_source.csv:3,b3304448-b941-45bd-968a-195459d79687
dosen_source.csv:3,25a682a1-5160-4dfb-ac42-2968a48d3913
dosen_source.csv:3,acaff4c2-1cae-48de-a7bc-045ffb0fc2a5
dosen_source.csv:3,93c29853-5a9f-47fc-bd7f-db699fd0977d
dosen_source.csv:3,02090b4c-e839-4c84-89bf-f651553f2ccd
dosen_source.csv:3,03617b24-fa6a-492d-987a-0d31ca634331
dosen_source.csv:3,91d797c5-1f56-4a32-95c7-d34c64e34b4f
dosen_source.csv:3,548d2aba-9de7-4d50-9f4a-77d46496f722
dosen_source.csv:3,4917411b-20ad-4d6d-8b4a-5fb03158de61
dosen_source.csv:3,b019060e-03c1-4063-b458-6a3a82d67a99
dosen_source.csv:3,04a52226-2beb-4e00-8abc-1fee166610f7
dosen_source.csv:3,c4c5bb83-351d-494e-a0db-3b91bf1b866b
dosen_source.csv:3,a9e21026-2906-4319-ab58-c07c40e8352e
dosen_source.csv:3,de20421e-093a-4539-b6b1-1ba0c24ec760
dosen_source.csv:3,14f890f6-5d38-4875-94e6-cd138e21891f
dosen_source.csv:3,316298b8-a931-4bf6-8917-8847894a8bf0
dosen_source.csv:3,76abadfc-d8f3-4747-9b61-dee25dacc119
dosen_source.csv:3,4cfe9319-26e8-48a6-9b2a-3041e86d14e5
dosen_source.csv:3,2fd979b7-214a-4acb-bd9f-4ff9d3df2f8c
dosen_source.csv:3,b7f73ef9-9c17-4d51-af14-e6a5acd3b441
dosen_source.csv:3,be191923-5ec8-468f-b5e8-5b711478df23
dosen_source.csv:3,e614793e-a27c-4d13-b70c-323081e4bbcc
dosen_source.csv:3,4b060146-0319-4fcf-8a26-9166321c8060
dosen_source.csv:3,01918a96-6994-4e13-96e2-5cb6b9b2387f
dosen_source.csv:3,6992b342-6a7c-4800-a70d-2fc6c076a5f7
dosen_source.csv:3,c403c8bf-9014-4513-adb9-0b754e17a340
dosen_source.csv:3,29fb2560-2e96-4a90-b4fe-2bd6aba7b49b
dosen_source.csv:3,a7592d31-5064-4a5f-87ae-19c6c6edeab6
dosen_source.csv:3,42918fe7-3d9e-4c9c-8acb-d0ec42601224
dosen_source.csv:3,bbf2311c-5c6e-4bbe-a124-0f3647b84021
dosen_source.csv:3,1c0640a5-0f83-41e4-85e8-4203378820ff
dosen_source.csv:3,f255c5e2-992c-47ea-8d7a-7e18da65af87
dosen_source.csv:3,6efc1751-3af7-478e-a9cb-13671c7d4425
dosen_source.csv:3,f1a31487-f1d5-4d9a-82bd-f14b3c18fc7a
dosen_source.csv:3,293acc64-dc15-49df-ab1d-d46c8718340c
dosen_source.csv:3,f1c70d5c-8128-4827-b7f5-6adbf044f2c6
dosen_source.csv:3,f1c69a1d-04e6-4a3c-9ce5-a16179499ebe
dosen_source.csv:3,c40fd841-55de-431b-ae3c-60f18cd78611
dosen_source.csv:3,0afa5e4f-a601-441d-a3f6-b74abf20ad4a
dosen_source.csv:3,30515eee-e7c4-4ce1-a561-018ff9bb6f7e
dosen_source.csv:3,012a8579-0c8b-4107-ac27-689314a8294f
dosen_source.csv:3,3060c68d-179f-41ff-ba87-24fe64c9db0f
dosen_source.csv:3,31ee8e68-ab56-443d-9353-aced35ebe151
dosen_source.csv:3,c93660d5-cd0c-4a8b-899f-596a5672a66e
dosen_source.csv:3,30c679a6-d992-40f5-8a0f-58d9f10d0760
dosen_source.csv:3,7db426dd-2cb8-44b4-98a1-b2700d26de09
dosen_source.csv:3,e85eab41-9bb8-493e-994d-2938b842434f
dosen_source.csv:3,34af7ef5-9ce9-450d-859e-cf30f88d97cd
dosen_source.csv:3,bf891e63-f2b4-465f-8ead-d0c6150f0b56
dosen_source.csv:3,f50e4fb2-1a78-41e4-a3aa-287aa72a6268
dosen_source.csv:3,755844d3-b2ac-4439-ba30-83999b319f96
dosen_source.csv:3,bc3ecfaa-328a-4114-99ec-e08843696cc0
dosen_source.csv:3,ec643c30-fd58-4da5-b963-544f41cd2902
dosen_source.csv:3,a8c0995c-8ec0-4609-980f-917065b5b21f
dosen_source.csv:3,7953a385-5594-407f-928b-de6ae3d600f5
dosen_source.csv:3,0b1ee458-51a6-451c-b8eb-c5a5791124bd
dosen_source.csv:3,24cbf36e-60f3-44f5-b0c0-fbcb56fab578
dosen_source.csv:3,f1b031be-fa50-4d42-9305-ca41509f6b5b
dosen_source.csv:3,58116862-42ff-4570-a02a-0369c644e5c1
dosen_source.csv:3,ffb2c475-cdda-44f5-85c0-ca18b7c5eb2b
dosen_source.csv:3,43342519-a324-4171-bbd3-bf02e33318cf
dosen_source.csv:3,e8c0533c-0c27-4909-ba29-f2c791f07de4
dosen_source.csv:3,5c2cc332-2d1e-471d-b5dd-c2c199845540
dosen_source.csv:3,95105da0-a1de-4112-98c5-23ea0df94c51
dosen_source.csv:3,530faa88-f293-405c-a338-48a6baaae45b
dosen_source.csv:3,e82e7da9-6ddf-4ae7-9ca4-b073222d722d
dosen_source.csv:3,fa78342a-763f-4570-ab53-03be6c0045b0
dosen_source.csv:3,6115b2db-0938-48f3-b7a6-83a0bd1ecb31
dosen_source.csv:3,f9e8fad0-2856-42ef-bb7e-f3f187cd0805
dosen_source.csv:3,a98681bc-b387-4b84-bb0c-7eb0e3ee0e11
dosen_source.csv:3,a9aead9b-7a2f-4992-a7a1-b5d0c7f5ef9b
dosen_source.csv:3,5c689655-7610-4bea-b090-908a2b3d0b39
dosen_source.csv:3,a0cc5c84-05db-4d9e-abfb-8cce469f2aa5
dosen_source.csv:3,42b5ce09-27e2-444d-8364-fc2aa9a9ec27
dosen_source.csv:3,0d4340b7-e7ab-4007-bacb-1aabaf3a2ae9
dosen_source.csv:3,0a3ac7e2-b038-46a0-9dfc-c7b160f3107f
dosen_source.csv:3,fdf0c1bb-40f4-46c3-bf31-3039288b724c
dosen_source.csv:3,36a1f1d3-076c-4832-91bb-57aa4ec2c557
dosen_source.csv:3,e2e17237-41bd-469b-9982-0417b62cc1cd
dosen_source.csv:3,e910c61f-94d6-4324-8a0b-a6ebcd16f91e
dosen_source.csv:3,ba9885c3-3564-4e7d-9a65-142d02ec9860
dosen_source.csv:3,4ded31c9-aa9c-423f-a5d0-46aeaadd74a2
dosen_source.csv:3,7bcd11e5-4b92-4153-88dc-720b13ba7032
dosen_source.csv:3,017c4fae-d700-4cb2-8359-3922826a0a63
dosen_source.csv:3,96041842-04ea-4b59-9c82-c4b8a70c310d
dosen_source.csv:3,6ade9ca5-1d77-4ee9-914e-10080f3189e0
dosen_source.csv:3,01d3c3f0-437c-4b3e-9c88-77d593f3a4a0
dosen_source.csv:3,02a1aec4-f90b-468e-8c5a-244ea108adba
dosen_source.csv:3,dfbb5285-4240-46d0-a3c7-cd8165e87140
dosen_source.csv:3,2dbe0d65-3fdb-4d90-bd17-79e127c9d1b8
dosen_source.csv:3,78300ce5-2a59-41d1-a410-148f2fd334ca
dosen_source.csv:3,7f764e58-2ef7-4aef-8457-9bfef705c522
dosen_source.csv:3,6c2629e1-4eb7-4539-b03d-6a1797508e78
dosen_source.csv:3,c03e7bed-4803-4652-bf70-b2ca44b4f125
dosen_source.csv:3,c858c2ed-7a36-4775-9335-d3419817d7dc
dosen_source.csv:3,e47ccf94-2765-4c65-b4bb-28c36f42ea77
dosen_source.csv:3,eb65b206-2438-4ca3-983d-282ec385ae2b
dosen_source.csv:3,6320887c-6095-442d-8e6f-327f34a89fcf
dosen_source.csv:3,51ae5d18-bd1a-488a-99f3-e4cdd869df2d
dosen_source.csv:3,9855715d-6b02-484c-b3da-33b1f3063bdc
dosen_source.csv:3,fa1b7825-6bf5-477c-9de5-3cea96785204
dosen_source.csv:3,b5046ed8-1974-4fa0-9bcf-fe1ecdc8f110
dosen_source.csv:3,2249f1da-17e5-44bb-9fea-918be2662ad7
dosen_source.csv:3,b017dc1f-c078-4695-97d7-8c9e151fb293
dosen_source.csv:3,e8da0ae7-5fd5-4b6a-bc2f-973afb677d90
dosen_source.csv:3,779ed1fd-83ef-419c-b04c-7de3575a2460
dosen_source.csv:3,526a8e49-e8b9-4a75-9585-1b57301134d1
dosen_source.csv:3,91b44996-e707-44ec-bce7-ef2dca7950eb
dosen_source.csv:3,6c50687b-f921-4fea-b114-b0cf27e8b767
dosen_source.csv:3,483b2424-cf40-4f52-8f11-1c23bb07da66
dosen_source.csv:3,cef7a910-57b5-4ae7-8b9f-f155d7c2cd0c
dosen_source.csv:3,091831b5-d183-488c-998a-d6ba7beff1be
dosen_source.csv:3,c6393d75-fa38-4712-9dd3-2d7694278c85
dosen_source.csv:3,44d49d8d-c9e3-4942-80f4-05272ef28dce
dosen_source.csv:3,cb70d2de-f932-4b27-9525-eaf8f34d6883
dosen_source.csv:3,2aa95cc1-d082-4021-8559-9548dfa63d6e
dosen_source.csv:3,f3c4a734-6588-4f66-90f1-e99c7e7281f7
dosen_source.csv:3,1800dd4a-58ad-435e-a522-96b4d2d546ce
dosen_source.csv:3,c7af4256-402d-49bf-915a-a436c8550bed
dosen_source.csv:3,4b93038a-0673-46af-81d2-5904b2f114cc
dosen_source.csv:3,b4f1d7c5-23c2-4f8b-abce-4d3830e6a8dc
dosen_source.csv:3,17570258-8053-4f87-8a9b-e509a6326350
dosen_source.csv:3,45a8ea41-2515-4365-94a1-89118632d17a
dosen_source.csv:3,b0562920-cfc5-4b7f-8ea9-1f8bfd6c0983
dosen_source.csv:3,da99ed86-bf0e-4622-bcca-3d03abbff890
dosen_source.csv:3,d55ea42d-6e6f-47d7-bac9-51cbc285c617
dosen_source.csv:3,a42e6ec9-bfb4-4d00-83f9-f45e31a605b3
dosen_source.csv:3,eb7db63b-0683-4373-a1b7-cacd04b039ae
dosen_source.csv:3,504e6a8b-5049-4561-ad8f-d52a4beebb9f
dosen_source.csv:3,ae70c842-34da-4f6c-8277-7aa2f22a57c1
dosen_source.csv:3,71aad137-e5a2-4d91-bcea-c94f88c59033
dosen_source.csv:3,a48373aa-444b-4fb0-aa3b-3f7c669aedff
dosen_source.csv:3,4a1c5bcf-0c65-4e54-8e8b-6c661354a322
dosen_source.csv:3,0cd3f6e5-468a-448d-baa4-1c8eeaefd64b
dosen_source.csv:3,f88d80c8-8ffb-4091-ba59-cbef13600cb9
dosen_source.csv:3,bad649b9-e57b-45e1-a617-348300b0b760
dosen_source.csv:3,ad020e9e-10d5-43a8-85b8-1d966bab35f5
dosen_source.csv:3,71fe7fd2-0b10-4ccc-8a5a-5040de4223a1
dosen_source.csv:3,ed49123c-1f9d-46c5-82fd-fcd59152e8a9
dosen_source.csv:3,322b8013-910c-45a6-a5e0-dc2556b4e9a8
dosen_source.csv:3,4bf8f798-66b1-41b3-886f-09cb7881a80c
dosen_source.csv:3,825a3d5b-7bd9-4e5d-9be3-2650bef2150e
dosen_source.csv:3,d200a552-3e6d-46f5-bf93-0523c1622b85
dosen_source.csv:3,c5c925f8-2c74-45c3-a95e-0accaba7c5a1
dosen_source.csv:3,2001be46-70cd-4c08-97ea-2f1b03ae07a4
dosen_source.csv:3,84ba4a91-ef71-4aba-9a77-75ff005bbd57
dosen_source.csv:3,92dede9c-4fa9-492c-8ecb-0433b8427d52
dosen_source.csv:3,8df2964b-f0b8-4af5-abdf-c44e0f7f13bb
dosen_source.csv:3,e7396fd0-3bd9-43d6-81e8-e65aad4a8fee
dosen_source.csv:3,b2c37531-8022-4bb7-89fa-a63c1ed2475a
dosen_source.csv:3,f805eea0-9b57-42fa-a836-c1b242b8f48b
dosen_source.csv:3,513f3f86-fce0-4586-8d8e-7a304758649c
dosen_source.csv:3,83d4d35f-f2f3-48d3-993d-ae8b16c4a38d
dosen_source.csv:3,96620bbd-ece9-4c7a-b64b-69986b5fa3b9
dosen_source.csv:3,e0286531-64ee-49df-9b36-0c87a28618c6
dosen_source.csv:3,68628556-b950-4587-82c6-c9398654392c
dosen_source.csv:3,ed49f1ef-05b4-4b5c-b33e-d53be37f8f79
dosen_source.csv:3,35aefe41-b861-46d6-af1d-448e6bd039cf
dosen_source.csv:3,f963eb47-158d-4b7d-b000-8ed659e1b38f
dosen_source.csv:3,86c5f931-6d9b-45fe-8be4-6944ab4e764f
dosen_source.csv:3,7a383745-4c70-4a31-925d-268419cb421e
dosen_source.csv:3,6a95c2ab-7f9a-4e8a-a042-d09102a12e7c
dosen_source.csv:3,49866212-3c56-446e-9c86-dd07897b8de7
dosen_source.csv:3,a49ac44f-4038-4838-ab9c-96525d618246
dosen_source.csv:3,3f671026-62dc-43c4-9094-c256761bf95d
dosen_source.csv:3,f208404e-711c-4d14-8df1-894335873102
dosen_source.csv:3,be749d3a-edf5-401a-bbd8-726eb3cad3dc
dosen_source.csv:3,e5da6341-c995-4acd-ab39-e0eb7b3c15c1
dosen_source.csv:3,05e942c2-0534-4f07-8e8a-30081a347d0a
dosen_source.csv:3,eda7500b-4094-4a36-8dbd-29621684a028
dosen_source.csv:3,11c296a7-2aa5-4325-bf49-a66101bdb1f4
dosen_source.csv:3,dd260b86-1c07-4ce4-81b5-1adda9fb54eb
dosen_source.csv:3,027f312f-713b-44c8-b546-569db34599f8
dosen_source.csv:3,6b5f1310-8181-4b18-b4b0-525d58e6c845
dosen_source.csv:3,ed9d9d31-a362-4fa3-ae2d-5553c3988208
dosen_source.csv:3,1cf24fb5-f666-490a-9b6f-0320e0950a39
dosen_source.csv:3,550f8f31-ec88-449f-a0fe-fc2f137146da
dosen_source.csv:3,cbaaae42-0c38-4792-b41d-7b6bfbf65f49
dosen_source.csv:3,3499f916-d9c1-4758-af12-3aa40cc702d7
dosen_source.csv:3,cddab2e9-1191-4c64-9da8-332636e27218
dosen_source.csv:3,f19a93c5-5462-480e-acb1-9686ec4bd75c
dosen_source.csv:3,7a049116-28d8-451c-a9e0-c8c09ae1011d
dosen_source.csv:3,1a49e612-0d86-4fb2-93a4-682184803868
dosen_source.csv:3,c05ee7f9-e432-48d2-8bbe-4b109b79c426
dosen_source.csv:3,61e4dba7-99b7-4958-bc56-3a14b82223d8
dosen_source.csv:3,066fe1f6-bc30-4ea2-b4fa-2166da0d22f4
dosen_source.csv:3,6fece9ec-1948-41b3-8c14-5f006fd386de
dosen_source.csv:3,fd97b6af-17ce-49f7-b2c7-479b634af3d2
dosen_source.csv:3,0f2363f2-783e-4fb3-90da-70eec782fb73
dosen_source.csv:3,937813de-2973-4a48-95e1-43f38cc7daee
dosen_source.csv:3,66a43f41-234c-4011-8045-a00d0dc84e12
dosen_source.csv:3,517a4310-3e7a-4411-8c47-a02dcbc28c20
dosen_source.csv:3,8f4f07fe-2311-4699-bc04-9a887224d0ee
dosen_source.csv:3,db9a2e20-763b-4f0f-b969-edb8959d29c5
dosen_source.csv:3,b74edcb0-d3fa-4bcf-9268-5e2a750b9c67
dosen_source.csv:4,ba70938c-7e70-4017-b933-dd6f236741a6
dosen_source.csv:4,fb2995cf-7919-42a0-b150-88ba25d846d7
dosen_source.csv:4,aebaadbc-2a87-4654-b2aa-ea10daedecf0
dosen_source.csv:4,77721c36-43df-436e-8dce-bdcb748fe479
dosen_source.csv:4,d0ab6f8e-7197-4d1d-8421-3533fb554529
dosen_source.csv:4,9fd7724a-bb3b-43fa-a1d1-d8e28c5d94b0
dosen_source.csv:4,7a0815ca-4f82-435c-9360-34b4329612be
dosen_source.csv:4,cb28b677-9f76-4b02-8f22-145e6b43d5d5
dosen_source.csv:4,fd04b71d-cda5-4249-9c5f-34565dea74c9
dosen_source.csv:4,588872a0-94e8-4977-be52-330b30b7693e
dosen_source.csv:4,bcc1141f-68d8-4f27-8d96-860aefdae943
dosen_source.csv:4,f4487e9a-f7f6-4508-a24a-502bf65481ad
dosen_source.csv:4,42f5e489-8bfc-471c-b2b2-5d52ef67c5d1
dosen_source.csv:4,af701c10-ab55-4273-ad18-01068d55e7b6
dosen_source.csv:4,19ea7e12-f3a1-4904-8aba-059133fdf752
dosen_source.csv:4,e285a20b-421f-43eb-a88d-42b337f2f2a0
dosen_source.csv:4,54e22679-3bfd-4586-b67c-4ca0bffa286a
dosen_source.csv:4,f4b99ad0-4540-4560-95ef-f2dfb031247f
dosen_source.csv:4,b84be452-7ba6-4051-b67f-7fffbcdacbf9
dosen_source.csv:4,2079e570-8567-4b5d-be32-dcae48a9d14d
dosen_source.csv:4,601f4542-f100-41c8-8698-61e9f6ea4e12
dosen_source.csv:4,f3c0f331-8c17-4b61-9d63-95d7345db186
dosen_source.csv:4,0c4a744f-6dfc-4d99-8a2f-2197f7c5abb6
dosen_source.csv:4,0c378c50-3efd-43d0-9749-7f76dbb64ec9
dosen_source.csv:4,074fbbbd-f952-40ed-8770-60c3cb5d6cf5
dosen_source.csv:4,4e2e32a1-d8f7-4aea-9f57-94bf9e23efb6
dosen_source.csv:4,6333bad7-e913-4f11-a53f-8caf936f9efa
dosen_source.csv:4,20df94f6-7669-4d1f-802b-a1d1a472ad07
dosen_source.csv:4,d2ded108-43ee-4849-b889-0ba4351935e5
dosen_source.csv:4,4ac0dba0-38d5-4764-9bfa-abafed4120b8
dosen_source.csv:4,8857e2d6-354a-4835-9783-c6f0cb650cbd
dosen_source.csv:4,d5cbaade-b7cf-4172-9895-2011cd905aa0
dosen_source.csv:4,83cf748e-962d-46a6-afc3-ad53d230dae4
dosen_source.csv:4,c1e16f94-7eb5-4643-87e4-bd1e87912d20
dosen_source.csv:4,f27b7dd7-978c-488b-9b77-0a425e4c0baa
dosen_source.csv:4,7f353055-c9c6-4050-9087-7bfb2030dea5
dosen_source.csv:4,7c59e844-58a9-42bd-a740-230b048e7997
dosen_source.csv:4,95e74a65-cf72-4681-a513-6aa341f3476a
dosen_source.csv:4,32e7d59d-7c49-402f-b7e4-b1523f5b225d
dosen_source.csv:4,a5cc5fe4-e1ef-4cf8-9a80-28f3d21650a9
dosen_source.csv:4,b5584386-e66b-4141-89ea-c6f5f32d5c43
dosen_source.csv:4,2d5c9f68-e3a2-4f0a-8bf5-06af984e0b76
dosen_source.csv:4,c78ebf42-625e-4a37-9966-53a7c259c84d
dosen_source.csv:4,32084594-3bb0-4ae5-9b8c-987ca87ba95b
dosen_source.csv:4,fbe75a18-b8a3-450b-8eb6-8b70a035b5a7
dosen_source.csv:4,b60527e4-a189-4a0f-9326-fa5173a6eecc
dosen_source.csv:4,9f8f9d81-434d-4818-b69f-6d414b02b299
dosen_source.csv:4,5db2c480-b253-4edb-8d82-5a0ccd6aa0ea
dosen_source.csv:4,70aa1ab5-4e6b-441d-b5ab-a393a77dbd53
dosen_source.csv:4,77db96a1-d979-4ff7-8457-9e0495d5b161
dosen_source.csv:4,a3b9f807-25ce-4757-b980-49280eaf7038
dosen_source.csv:4,1fa85fdf-a6e1-4b3f-ad11-49aabb422929
dosen_source.csv:4,4e8f229c-b5dc-4587-91bf-d5f414a94850
dosen_source.csv:4,edc4fef4-b908-4e55-ad29-efd163b1cc4a
dosen_source.csv:4,36ca17cb-6936-49aa-9243-306f6d3a0eda
dosen_source.csv:5,b0b86bb9-66ed-47a7-8d44-4bbe73852dc5
dosen_source.csv:5,38bc8fe0-1af9-49c0-bfb5-3cb9aa18f68f
dosen_source.csv:5,be3c798b-7751-47bc-b5d8-01f780b5ed0c
dosen_source.csv:5,28c8569c-1c69-4e0e-8127-48201761ed39
dosen_source.csv:5,b896e2d3-72b7-4346-bdc4-7c004b9b550d
dosen_source.csv:5,e506ff06-c79e-4d4b-b4f0-70178cc51f95
dosen_source.csv:5,9863d005-32e5-4a4f-be74-18ff7c791570
dosen_source.csv:5,7d8d33b9-9b68-49e1-bc9f-222f53735820
dosen_source.csv:5,c8a7178c-c02d-42b1-92f6-65bec3d39677
dosen_source.csv:5,19039348-92d2-42f9-81ab-eb89d6803a1f
dosen_source.csv:5,8d8dbc4b-8678-4d81-9b16-5b570f7986f5
dosen_source.csv:5,b33457d4-0066-4f67-88db-d9b57e953b1b
dosen_source.csv:5,9b4f939c-0c2e-4c52-86cf-f7a41c1a6eac
dosen_source.csv:5,741c1376-77f4-4407-839c-e8603c5f94fd
dosen_source.csv:5,6d6bc8e3-7985-4c40-9c08-0403646b1d04
dosen_source.csv:5,af623d63-9f36-4d05-b450-c20b75d9d4a8
dosen_source.csv:5,6465dc41-b165-40bb-8593-a8efc29c6cf9
dosen_source.csv:5,66999182-466b-4efc-a21d-969758a08a91
dosen_source.csv:5,bcc1141f-68d8-4f27-8d96-860aefdae943
dosen_source.csv:5,3a79358c-e99b-4e3e-acb0-9c8b4fd7c938
dosen_source.csv:5,f541c5cc-225f-4b12-b8ee-6ed360d2e6ac
dosen_source.csv:5,94556059-9a25-4819-9049-92b82fbe1e3d
dosen_source.csv:5,aa5ce0c9-6d39-451c-868a-faff458c3f99
dosen_source.csv:5,1b7e66e9-0b70-4a16-abef-334cd5f8eea4
dosen_source.csv:5,17e381ca-856f-4d35-a536-da213d95060c
dosen_source.csv:5,89132d5c-3dfe-4782-9ff3-fcdab340b429
dosen_source.csv:5,52241d41-008d-4a62-ab4c-3eff48d9e0e1
dosen_source.csv:5,285f9d91-c8d1-4214-9ede-451222ff7bb5
dosen_source.csv:5,b441ae90-4caa-4fc2-89e5-0a65f24d8c87
dosen_source.csv:5,996ded71-f414-42e0-aba1-6e60635c4b64
dosen_source.csv:5,ae411fed-c298-48d4-aaaa-9d51e2237c4b
dosen_source.csv:5,b7d40217-443d-4f58-95b8-d6b93c8d4946
dosen_source.csv:5,9ac70068-1a36-4898-b4b8-5a77c2373e57
dosen_source.csv:5,fd790814-558c-4aac-9574-97bd104e6925
dosen_source.csv:5,e3fb4c11-50b8-4361-a15e-d0cfd37d2508
dosen_source.csv:5,55aed4fc-5585-482f-91c5-21e461a177c7
dosen_source.csv:5,4a7d9625-9367-4d9d-94e5-f652087732f0
dosen_source.csv:5,381bdd10-1dfb-457b-9cce-f7e3865e955e
dosen_source.csv:5,3b18da00-9878-4fdb-880e-5b9f7411b742
dosen_source.csv:5,f7dd1f24-3843-41bb-bec5-29f5bbf79f96
dosen_source.csv:5,ca55000b-376a-4b3e-9ae1-23b1ab56812f
dosen_source.csv:5,9e2b6d6f-1ced-4d3d-ade2-0d8f1ea3fc07
dosen_source.csv:5,d76c2312-6828-4912-a0f7-85e63e68b41a
dosen_source.csv:5,1cc3c10b-a1c8-4d56-8541-ede81c873b6c
dosen_source.csv:5,8ccad605-016d-4dcb-b0e8-8982a6583668
dosen_source.csv:5,f75c08ac-5338-455b-8f14-8156f23a4ab6
dosen_source.csv:5,06da704f-5f0e-4e56-8e5a-792434ed032e
dosen_source.csv:5,72034436-2a92-4ec6-b5ad-337e3cc5a6f4
dosen_source.csv:5,c15ce8be-c649-4ce9-b370-05fbbb806274
dosen_source.csv:5,69c0035d-bfdb-4969-8b3f-49df7c04b9df
dosen_source.csv:5,8cc56f05-dcb0-42d8-9945-734278122740
dosen_source.csv:5,fc5c37fe-3938-40c6-957e-da3472f949a1
dosen_source.csv:5,45d9216b-1b4a-45b5-9951-295a52835215
dosen_source.csv:6,3d79fc55-0a8b-407e-a14c-5311eb4023a9
dosen_source.csv:6,aca414ba-d84a-444b-aa11-3824beb6e70d
dosen_source.csv:6,a60d14f7-0086-467e-b9ec-f2e55e2fc6f2
dosen_source.csv:6,06baf5a3-b65c-4d84-ade9-d4fb9d9d9c60
dosen_source.csv:6,69324943-2fbb-4b9b-9af2-9813cdef9795
dosen_source.csv:6,4ba2739b-ccd2-4daa-b956-8b6158c27768
dosen_source.csv:6,ac8d24c1-c99f-4f25-9144-a7dcfd47795b
dosen_source.csv:6,67ca32b1-f6da-4230-b7c4-4e193102e7dd
dosen_source.csv:6,b062fbdf-a5df-4349-b305-6c92ea9ae044
dosen_source.csv:6,e9e36d4a-fef1-4949-9750-39f850b1d840
dosen_source.csv:6,bbf2311c-5c6e-4bbe-a124-0f3647b84021
dosen_source.csv:6,d17890ab-bb46-4131-8c56-d7e5bcc0396a
dosen_source.csv:6,01591150-2f42-441d-b652-fd1a63254136
dosen_source.csv:6,defa5d18-c0e5-499e-8173-78c9b9d1187c
dosen_source.csv:6,babb12dd-2b1f-4196-927d-f46cba8a6a0d
dosen_source.csv:6,d18c6192-eb63-431b-b3a1-7239cc5933f5
dosen_source.csv:6,f3c0f331-8c17-4b61-9d63-95d7345db186
dosen_source.csv:6,13f920f9-6f6e-462d-befc-54893d2a6799
dosen_source.csv:6,544cddc4-9f80-4c10-8f05-bf906d97a09d
dosen_source.csv:6,725c6e44-6fa0-4a05-9d39-120830a10b27
dosen_source.csv:6,fc2a41a6-fda1-4e31-b2c2-ec106dc4e807
dosen_source.csv:6,9945946d-1cd0-4cac-ab91-87424d47217d
dosen_source.csv:6,e50e494b-9fcd-40c3-99fd-f6fd59026c8b
dosen_source.csv:6,4e2e32a1-d8f7-4aea-9f57-94bf9e23efb6
dosen_source.csv:6,444ce43d-3a0c-43c7-b368-d1cf48c58ac5
dosen_source.csv:6,b900fb49-57a2-4049-83bb-9c2ad143dce0
dosen_source.csv:6,029cfe8a-baf7-45f4-b58a-a59c9963a737
dosen_source.csv:6,7f9211f7-8836-4ec3-b2ff-4851f51dc6b9
dosen_source.csv:6,7e43d5d3-f217-40ed-b256-d1d0c16e376a
dosen_source.csv:6,04546f6d-b176-43eb-8576-b32d556e8ee2
dosen_source.csv:6,63016226-959d-4935-877c-5186217c2479
dosen_source.csv:6,b57838e3-66d1-49e1-8279-2cf33f59a6b6
dosen_source.csv:6,f9e12a1d-7415-4bbf-b376-513c72501a47
dosen_source.csv:6,3b8396f6-39cd-482e-8f43-cb8bd07a20e2
dosen_source.csv:6,e51bf54a-8d87-40dd-8054-cac54620d5d3
dosen_source.csv:6,f2430f6b-2bf3-4f6c-8a9c-14d6cf4b8d01
dosen_source.csv:6,4fb04dc4-787d-4aa3-943c-a11d8a44919f
dosen_source.csv:6,7052c5ca-8c33-40a1-868f-7683bd2f6e59
dosen_source.csv:6,97383f2a-5ecb-45e2-a76e-7ab26ca6ab93
dosen_source.csv:6,2ed9da62-8e6a-417d-a114-18cfb6e30f5a
dosen_source.csv:6,ecb786a1-e56f-4758-8272-1c0124ecaf83
dosen_source.csv:6,26b4c1d3-f479-465e-a0ac-5a55b38a39ad
dosen_source.csv:6,af650022-fd4d-4cbf-98ac-d81052ea3396
dosen_source.csv:6,9f8f9d81-434d-4818-b69f-6d414b02b299
dosen_source.csv:6,0b0525d0-f713-4355-a180-7d7cadf54c11
dosen_source.csv:6,5db2c480-b253-4edb-8d82-5a0ccd6aa0ea
dosen_source.csv:6,e0dcf6b4-d648-417e-b4bf-0fa9d9b0511f
dosen_source.csv:6,c90d614f-140e-40c7-b5fd-3ff11024490c
dosen_source.csv:6,35486a52-3d5a-4a10-bf8e-283202cb6806
dosen_source.csv:6,13093fa3-9993-4a1b-a0db-12b1360c780c
dosen_source.csv:6,5d594e93-92f7-4747-a40c-5f1594292b86
dosen_source.csv:7,dfb22630-a60f-4778-877f-36bdf09e054a
dosen_source.csv:7,7d8d33b9-9b68-49e1-bc9f-222f53735820
dosen_source.csv:7,98d166ef-5d4c-4a01-bfdd-a3ca65231e65
dosen_source.csv:7,a07d7abb-4675-4740-93df-529c138c8044
dosen_source.csv:7,d536ee67-ef58-4797-97fc-c1fe7ec1c0ed
dosen_source.csv:7,8678ab08-8754-4554-b217-11ba5c845cb0
dosen_source.csv:7,b73039aa-d6e3-4768-9bcc-a2c4ba3f3f69
dosen_source.csv:7,c1746955-8edd-4da1-b659-b6b2b2272041
dosen_source.csv:7,b30daee4-aa51-47e2-95bd-229c9f7b5e86
dosen_source.csv:7,0632829c-b2e1-47cd-8932-11e3df096ab6
dosen_source.csv:7,a9502285-9bea-4fda-933f-688fee762a9b
dosen_source.csv:7,622804c8-e752-400f-acb8-19b9ec6b8d50
dosen_source.csv:7,b0b3d17f-028c-49a4-969d-0609b9deba1f
dosen_source.csv:7,446a5fa8-508b-47cc-a18e-ce326e5bd12c
dosen_source.csv:7,b97c6209-3d08-4190-b36d-76854cfb2c98
dosen_source.csv:7,ee4ba39d-c5ce-4287-8ec4-c8ab51588430
dosen_source.csv:7,95eb1157-ccde-4f2b-86be-9dbc4b331319
dosen_source.csv:7,e181efaf-2b93-414b-9a33-31c7ec5612d6
dosen_source.csv:7,7d993e35-e5c7-4c6a-b187-2db88c7f626c
dosen_source.csv:7,d9c3a05d-9431-4a99-adbe-44a66e8d1b8e
dosen_source.csv:7,bc97f90e-4c12-4858-9b26-efdf54743836
dosen_source.csv:7,2063abd5-f60d-44f3-91b5-1a8e9aff0fb4
dosen_source.csv:7,5100a2cc-be31-469f-a7db-635cb71dc997
dosen_source.csv:7,39ea7d77-2afc-4c3e-b705-98ec3096cf34
dosen_source.csv:7,7be722bb-b874-43d0-894e-a3f1ff5b1a53
dosen_source.csv:7,e3e767fa-63a0-4674-ab5d-1defc5a0b4ab
dosen_source.csv:7,a66e3777-6a95-46e7-a525-adc8d1b433a3
dosen_source.csv:8,8464fa80-209a-48e3-baa8-6045b58266c2
dosen_source.csv:8,73bd8922-9307-49ed-9f68-811adb005e80
dosen_source.csv:8,7a041e1f-aa85-4971-a1ba-958b70250e77
dosen_source.csv:8,5ac329b0-433a-4960-8db8-cb21dd9eb875
dosen_source.csv:8,3e741150-e960-4fe2-b2d1-3cdf13b86d2f
dosen_source.csv:8,e2edb3c1-fde6-4d52-bb97-ec59bed6350e
dosen_source.csv:8,3f9b9417-c24c-43ba-ac8f-5ccaaba0cba9
dosen_source.csv:8,c8501de8-c5a8-4487-8051-5d710bc78e5f
dosen_source.csv:8,32743449-d719-45b6-be86-6db50a2e51a4
dosen_source.csv:8,69ed23ee-fdfb-45fb-9619-3d7a91115fd4
dosen_source.csv:8,01a083f3-73c1-44ac-ac48-46b6ccb840aa
dosen_source.csv:8,67c50f62-3064-4816-8bc2-d65b6c7fcce7
dosen_source.csv:8,9bc6a181-b53c-4540-ad7e-9e49ad93a8f1
dosen_source.csv:8,78925d69-f3df-452d-b4c6-987511a4c688
dosen_source.csv:8,3c808ac1-e8c6-44a9-bd24-09bc61d769e5
dosen_source.csv:8,3914e465-3bdc-4c63-96ad-bf2fe9186a04
dosen_source.csv:8,8811062a-ad44-42e7-91f7-b49569ac0a0b
dosen_source.csv:8,ae9c9292-077d-4620-aff1-3387dd770076
dosen_source.csv:8,ceb60c0c-3956-4d00-b7e2-0cc65ab7e279
dosen_source.csv:8,8fedf2bf-3b79-4a17-a144-7266f4731e52
dosen_source.csv:8,11f631e7-7788-434e-9344-07f0b7c5007e
dosen_source.csv:8,9a0eca51-5e2b-49dc-bb0c-5f6ae43c3a19
dosen_source.csv:8,2dba568f-891c-4715-920a-0ac9bd5fb337
dosen_source.csv:8,779871fb-9d4c-44e8-8de1-31ae1cc224e9
dosen_source.csv:8,57126a37-12d9-4df9-bedc-8bbf291d9efb
dosen_source.csv:8,35bbd8cb-81cc-46d7-825e-f6e26c0f004b
dosen_source.csv:8,4fe80a78-1072-4b52-a166-ca45b824ae99
dosen_source.csv:8,32720cbc-217a-443d-9516-23c0299e302e
dosen_source.csv:8,b1d9743e-3233-4314-abb3-c899a6cd5673
dosen_source.csv:8,d1c7670e-eff7-4739-a54a-fbb5b126f787
dosen_source.csv:8,b47706e8-cab3-4300-9597-763b6450f7ab
dosen_source.csv:8,a3c6df97-4c54-4046-a2a4-3084ac669248
dosen_source.csv:8,befd3a59-d0be-44d0-bc99-2f7087ad82a3
dosen_source.csv:8,aa23ef1a-8cf6-40fc-a22b-b6646dead30b
dosen_source.csv:8,973ba194-af2c-446c-91b7-591001ffdda0
dosen_source.csv:8,ce0aa152-f90d-46e6-a3ea-762ca89c2df9
dosen_source.csv:8,ec41ae34-3dbd-4a85-a28b-1c48f1356f7f
dosen_source.csv:8,c3e0b4a5-f00d-4cbd-8329-48a21b060f64
dosen_source.csv:8,cd4c6c4e-24fa-4bf2-952e-5102f9bb119f
dosen_source.csv:8,24b356bb-bbd8-4a74-9845-fc86f0ac9e03
dosen_source.csv:8,420baba3-8b69-40a9-a416-92ee8f31cb89
dosen_source.csv:8,8ad32410-b638-49e2-bf78-715e8210be37
dosen_source.csv:8,b72a505a-251c-41ba-a9af-a6b9710436b2
dosen_source.csv:8,39c812dc-35b8-4b4f-b88e-2625bfb0a267
dosen_source.csv:8,d073d774-2d80-405a-90ca-a9b3d1501fb3
dosen_source.csv:8,0a4243b4-8dfe-4163-ab9b-3d645f835302
dosen_source.csv:8,2d498dfd-d48e-4e79-bad5-f3cda3a0591e
dosen_source.csv:8,984c3935-a0c8-4ef3-98c3-3e45a886f76b
dosen_source.csv:8,1931f2c5-4e55-484f-a8c9-09766ae5d804
dosen_source.csv:8,0db8eb4f-6e0f-4b67-acdb-1077b7323aec
dosen_source.csv:8,a2327fd3-efc2-4fc8-827a-1ead0c4be252
dosen_source.csv:8,7c1aaa6d-6e4f-44cd-8266-3a6556aa0aed
dosen_source.csv:8,3e711a97-871a-424c-95e5-cb80b18ce553
dosen_source.csv:8,cfe28b38-9ded-4334-a7ea-780702404d39
dosen_source.csv:8,b31d251e-62a7-46b6-aeb5-c8031692a3fe
dosen_source.csv:8,a6e38dae-fc88-4671-bc95-eb7411989d0d
dosen_source.csv:8,e8095e2b-7adc-4b27-bdc7-038a7052c69c
dosen_source.csv:8,de0340ec-9d0c-45a1-85ae-e2e192bc9809
dosen_source.csv:8,2ee0c2b2-cfb9-4165-a49f-fbc1d10efb84
dosen_source.csv:8,e685b257-c68c-4dac-9e3b-ce458982957f
dosen_source.csv:8,d7e7f841-e85b-4541-b3bf-841e902ea4ad
dosen_source.csv:8,8aa8d734-b50d-42d9-b8f0-0b3789b6d999
dosen_source.csv:8,c2fd61f6-ba26-40d1-bb83-aaab6e9bf4ef
dosen_source.csv:8,cbab8f67-b057-414e-882d-bf5e1d0795d0
dosen_source.csv:8,afa215ad-1e32-4032-9b08-6561959e58d5
dosen_source.csv:8,5c5efba5-d8ae-49b7-b06d-63ad5fe7934d
dosen_source.csv:8,3f87076c-7e41-4839-8de9-95e1b6880748
dosen_source.csv:8,55532ca6-243a-446b-9184-86f9818afb0a
dosen_source.csv:8,de74964d-575e-4990-9506-8b09dc2e9d2a
dosen_source.csv:8,e2a4464c-29b8-4764-875e-32150741d1b5
dosen_source.csv:8,28b16397-a1a3-48f3-95a4-6ff629157d51
dosen_source.csv:8,20e1e482-a305-4f4e-a2a3-0b736ba4dcc5
dosen_source.csv:8,8bdbab14-ecc6-4dec-8e39-fd05ab08907a
dosen_source.csv:8,e67632a3-82d8-4c66-96f2-3f9d1cc632b4
dosen_source.csv:8,2ae4993c-9247-4a7c-a61c-426c24308904
dosen_source.csv:8,3fcb5459-529b-4522-9054-413dd7849be5
dosen_source.csv:8,3b45996d-6aeb-4e40-8e2d-1443d013c740
dosen_source.csv:8,207b1a8b-e197-4c7c-a8be-cdefe6ae2c3f
dosen_source.csv:8,8a1116d9-4831-4c94-9f72-069441985fe0
dosen_source.csv:8,4982baf0-2dc5-4401-8d58-abc8af5f976b
dosen_source.csv:8,ac1c3ec1-3f14-4055-97b4-11f7bdf851ff
dosen_source.csv:8,f57d2db4-0f7b-414d-880b-1d7721b90112
dosen_source.csv:8,2d03be2f-2985-4d0d-891a-e24e757a8618
dosen_source.csv:8,bcc1141f-68d8-4f27-8d96-860aefdae943
dosen_source.csv:8,16ba4474-2d51-437f-861c-7626d350ec3d
dosen_source.csv:8,9658ef5e-eb7d-46bb-a32a-ed7b16ae113f
dosen_source.csv:8,b6a99afa-77f2-4510-9aef-7c0ff47ee9e5
dosen_source.csv:8,0c29de71-ee59-4591-8f69-d59051a24c11
dosen_source.csv:8,a7956d1f-6026-42f6-82af-57cb2a7848c9
dosen_source.csv:8,0b572ee8-dbdf-44d0-a2dc-0988fc962daa
dosen_source.csv:8,84436a5b-fd26-4639-bf99-5b44ca0f7a5d
dosen_source.csv:8,2545c0a9-0aa0-493f-b596-7544e81590d7
dosen_source.csv:8,e77ca5f9-f13c-4920-a5c8-ba034be8943b
dosen_source.csv:8,6c30c6c7-678a-4598-a036-417867d4a925
dosen_source.csv:8,9aaa45b3-4ead-41fe-8f55-01d4e64dbcec
dosen_source.csv:8,ea5e48fd-9fc5-4df6-9d21-8a37387a3424
dosen_source.csv:8,1bc4d71e-63ee-437a-b336-975a7cb54313
dosen_source.csv:8,085759d2-8355-4ef9-a315-66f0298ef4cb
dosen_source.csv:8,c20f5556-0123-4bff-b045-ee8840fad4bc
dosen_source.csv:8,7b6de617-87ce-4ebc-8e54-d39f90737e21
dosen_source.csv:8,89ca713a-c357-4e71-b273-148b0cb9773e
dosen_source.csv:8,9b0e890f-7436-47a8-bbb0-5f664ddb0be1
dosen_source.csv:8,42b5ce09-27e2-444d-8364-fc2aa9a9ec27
dosen_source.csv:8,0a3ac7e2-b038-46a0-9dfc-c7b160f3107f
dosen_source.csv:8,0eb26706-59e7-4b4f-9cc5-c37c223a60b6
dosen_source.csv:8,e2e17237-41bd-469b-9982-0417b62cc1cd
dosen_source.csv:8,e910c61f-94d6-4324-8a0b-a6ebcd16f91e
dosen_source.csv:8,5942cc1e-cbc7-4f19-89c2-14158c8e45ad
dosen_source.csv:8,e754e362-8d6d-4ec1-9b3f-e4b6d52f6048
dosen_source.csv:8,af59b513-4274-4d80-849f-eb77c10b987b
dosen_source.csv:8,9b01fcb0-7a14-4f7e-b193-6f7e31dfa8a7
dosen_source.csv:8,39b5214d-3be7-4e3f-92b7-4b0209a5a5c3
dosen_source.csv:8,3e408e93-ea62-4ac1-a749-c5f8e5f69ee8
dosen_source.csv:8,91b44996-e707-44ec-bce7-ef2dca7950eb
dosen_source.csv:8,37ab81fa-98e3-4bdf-9779-f7b0cb36a18e
dosen_source.csv:8,cbec6ecc-81ef-4037-9090-bf2520ba5689
dosen_source.csv:8,c4d19d98-b3c6-47d8-895a-7d70fa5285b8
dosen_source.csv:8,7457275b-df9b-4809-afa3-58f0bc5d665e
dosen_source.csv:8,01c34a4e-40fe-4767-acfb-415949976143
dosen_source.csv:8,71f27cb6-d98c-489a-bce7-f5cb0504ad43
dosen_source.csv:8,834880b3-0aeb-4c4d-9d36-2c4364d484fd
dosen_source.csv:8,dbecbaf5-94ea-4f55-bea9-7e426579a1e6
dosen_source.csv:8,6b12f966-c659-4804-b3d9-823143bea1cf
dosen_source.csv:8,375f093c-df7e-43af-90b3-cef3b0737098
dosen_source.csv:8,da99ed86-bf0e-4622-bcca-3d03abbff890
dosen_source.csv:8,d55ea42d-6e6f-47d7-bac9-51cbc285c617
dosen_source.csv:8,9a57a833-1611-44bc-9066-337301d0812c
dosen_source.csv:8,adce60eb-793e-436a-814d-4484f8ffc1d3
dosen_source.csv:8,d1eff141-7f76-4863-8cde-2e3b66138ed5
dosen_source.csv:8,a48373aa-444b-4fb0-aa3b-3f7c669aedff
dosen_source.csv:8,a8a0512c-671f-4024-b96a-d9b637444718
dosen_source.csv:8,3b9c92ef-bbf2-485f-b9be-098ee1ad4636
dosen_source.csv:8,0cd3f6e5-468a-448d-baa4-1c8eeaefd64b
dosen_source.csv:8,f88d80c8-8ffb-4091-ba59-cbef13600cb9
dosen_source.csv:8,a5e978d8-586b-4509-8a8e-40901196fb74
dosen_source.csv:8,f5d57bf3-2094-4ee5-9989-6dbf5612adcc
dosen_source.csv:8,b0743779-bd8d-4311-ba12-b57658b18c9d
dosen_source.csv:8,661ed25c-7a17-4963-b2a1-6d7711d0866f
dosen_source.csv:8,9d72d125-0f49-48f9-b9e1-f4d6307ca351
dosen_source.csv:8,0e258ab8-a162-41ef-a7c8-15559137e477
dosen_source.csv:8,7b90ca4a-878f-4271-8378-92fe346b8d5e
dosen_source.csv:8,f0c262a9-694c-4bd7-a3c0-5d56f090f479
dosen_source.csv:8,8b148029-fc03-4297-b12e-9b78aa21f6a1
dosen_source.csv:8,d06c4575-4bce-4471-a336-52f3defd5881
dosen_source.csv:8,189de0b8-9d16-4d99-948c-72f17967fc85
dosen_source.csv:8,bb0bae5f-8eb7-4ec9-a37b-71b573797313
dosen_source.csv:8,09a8a70a-1a75-459a-ae25-1de371d5448b
dosen_source.csv:8,7db9d30b-b5ab-4983-a05f-02212195e6c4
dosen_source.csv:8,b66e5f99-7eb6-4084-9bf4-f4bdad44d90c
dosen_source.csv:8,32b3238d-cf5e-4d13-87c9-3370ab44fe11
dosen_source.csv:8,3d22992b-c5b5-4acf-9e47-aa97e49db5d1
dosen_source.csv:8,17ec2473-2646-4369-b166-10c70ef4ea7d
dosen_source.csv:8,84ba4a91-ef71-4aba-9a77-75ff005bbd57
dosen_source.csv:8,363f645f-ac7d-4380-ad9a-14b070297a10
dosen_source.csv:8,202f8495-2501-4cd8-bff1-b1232a9b7f1d
dosen_source.csv:8,85be4ac2-bbf9-44e8-82a4-4ad6af7ae264
dosen_source.csv:8,fe975e15-59ef-4f02-86f3-ad50cbbb1ab7
dosen_source.csv:8,7ee6d53c-f15c-4c48-b285-c24f5015502c
dosen_source.csv:8,0a011b12-3224-4a44-9f21-4c9c42104f52
dosen_source.csv:8,56056db2-0964-421c-827b-a2a14bd13e9b
dosen_source.csv:8,22b8134a-90c0-4a87-adc7-64e7fffc5ef8
dosen_source.csv:8,862976b2-74ad-412e-b710-ab6bb4c0cdf5
dosen_source.csv:8,f21d06ec-6f9f-46a3-a20b-1524872a469d
dosen_source.csv:8,a7b21697-7a27-4642-9bce-93d0d6d0f07d
dosen_source.csv:8,349cca70-285a-4a8f-abb7-d9f3e1f43bd9
dosen_source.csv:8,2c991291-137f-4118-8cd2-99d51d040b89
dosen_source.csv:8,c0196613-3532-45f2-9794-37b012cbb295
dosen_source.csv:8,966742c5-ed43-4d56-b69a-b97dcdc1c4c9
dosen_source.csv:8,ecfe1316-6dde-4a90-83ba-0646f0c2295b
dosen_source.csv:8,e0239de3-f5ba-4017-bbb6-592e5e3f387a
dosen_source.csv:8,1c9e80ff-d24a-4821-8722-7e7d5142b874
dosen_source.csv:8,f2531a1d-b779-4ef2-bbe7-a95175a153f4
dosen_source.csv:8,f42e8c9a-e949-4a6a-b6d9-56e188b72f56
dosen_source.csv:8,5e1ae1af-14d0-493d-a7c7-4affb73d817f
dosen_source.csv:8,bb1dc927-014a-4d68-8288-7910b0191ff8
dosen_source.csv:8,2789dabc-99ff-4852-9db7-707413f82d36
dosen_source.csv:8,7a91e6c4-a40d-4475-aa9c-67c7ef4a5390
dosen_source.csv:8,4f14d2e2-1fb6-4416-85ac-ea9fa6bba9a4
dosen_source.csv:8,33f609f3-7051-44c8-98a5-61f7d62d71f5
dosen_source.csv:8,11a4b1f1-24d7-4f36-bdf8-d7249722242a
dosen_source.csv:8,6b685799-5041-4026-9b49-4e6b5420fc53
dosen_source.csv:8,dbda095a-0e70-4dfa-b127-4cb197e35ffd
dosen_source.csv:8,8a5d24f6-a7cb-4347-8d7f-e94c726ece03
dosen_source.csv:8,e4f8324b-cae3-4654-b748-2ab0d0e00dfe
dosen_source.csv:8,4fc20e13-b5b4-4d28-8020-3d767d503d40
dosen_source.csv:8,9b2037ce-677a-4007-a899-320a08c9e674
dosen_source.csv:8,d88366ce-3286-45f4-86b4-62d311d4d81a
dosen_source.csv:8,6eb4efa1-99e1-4e06-863b-80e2384c2e16
dosen_source.csv:8,5e3924d7-126f-46e2-9685-0c44f62234e3
dosen_source.csv:8,4b11af32-d9f6-4ab2-8963-4b5b71c44178
dosen_source.csv:8,10ec3b2d-20c1-49cf-ace0-0ab9b33f52c0
dosen_source.csv:8,f1d92f7a-e093-4409-b6ac-6c191123a8b1
dosen_source.csv:8,01e4c98b-2172-4a4a-9b82-7a50a3b331a6
dosen_source.csv:8,52c50d5c-80e3-47b0-a981-2cb7b5c3a7ed
dosen_source.csv:8,9a1ea084-2c14-4a03-b27b-60be739b767a
dosen_source.csv:8,9132b53a-7426-4321-be3e-3e86dd21b953
dosen_source.csv:8,c969d6ce-7c87-4d5c-9fe6-16ae7da26dfd
dosen_source.csv:8,658c0c18-7ed6-4eb5-bb30-c5ec5233f822
dosen_source.csv:8,7104c3be-6b36-4004-95ea-5f1a62d374f8
dosen_source.csv:8,c216e745-011d-4b9f-84e3-3b7ade58ecfe
dosen_source.csv:8,60d394f1-29e2-4354-adec-cd052c17ef46
dosen_source.csv:8,c8fec631-0064-41f4-b5dc-18d69bdf6f68
dosen_source.csv:8,fb7e6d05-3285-48f3-ba7c-7ca5f1f9e9e9
dosen_source.csv:8,1af7483c-cd5f-43ea-a1a5-18e37ff162ac
dosen_source.csv:8,1fe08deb-f9f1-47b1-8904-13733d8f5287
dosen_source.csv:8,504942af-6473-4e4c-bf6a-6ea6f27831ec
dosen_source.csv:8,2cfa2d3a-08be-443e-aa26-756f1cd79bc8
dosen_source.csv:8,5e31664e-6bcb-4f50-be13-419182516926
dosen_source.csv:8,3060c68d-179f-41ff-ba87-24fe64c9db0f
dosen_source.csv:8,6417d4a8-8477-45aa-8165-ac655246d8b6
dosen_source.csv:8,97507ff4-6cce-4ae9-93fe-98fb5ba0edbf
dosen_source.csv:8,81ae3961-bf12-4095-ba11-296836800459
dosen_source.csv:8,819e6449-472f-4ea9-be62-2231d33e8da9
dosen_source.csv:8,5e35b6b2-324d-4add-ad1a-881d3e7707d4
dosen_source.csv:8,16a517a9-b7a2-4cab-b172-d01d79c06391
dosen_source.csv:8,71229184-899f-42e3-9462-e6b5af87b8f0
dosen_source.csv:8,f16774e4-9de9-40d1-bbab-5066191b417e
dosen_source.csv:8,55794b92-4be2-469d-80a9-cc7550f08dac
dosen_source.csv:8,6ae76be0-b824-40c7-a676-00d2e9250f62
dosen_source.csv:8,42f401fb-2dc4-440a-b4b0-a83ea410150c
dosen_source.csv:8,b20e9bce-bce8-4c5b-8482-cf2cc7b93d0b
dosen_source.csv:8,556f3e6e-6da6-4d4d-b4e0-64a878132aa3
dosen_source.csv:8,d7e517b7-135f-4a7d-9f72-8bfa21e9843f
dosen_source.csv:8,1fe3d2f8-e633-4c72-99e4-bc3167dca69f
dosen_source.csv:8,fe4d898c-7932-4aad-abfb-7345b34ef57d
dosen_source.csv:8,dc54f6d6-7de7-4b66-a84d-7546572c1acc
dosen_source.csv:8,56f78e05-8044-4b4f-b6e8-97461c229220
dosen_source.csv:8,9c9f8d73-2735-46fc-aa35-b0b9c263feab
dosen_source.csv:8,46175005-12e4-465a-8316-668cfc6dd36e
dosen_source.csv:8,d8d03941-1bc9-49a2-81fe-e9c885b0cc8c
dosen_source.csv:8,cea5a503-6886-43c1-b361-76203a974b44
dosen_source.csv:8,436f3e17-8cf6-4d4c-b662-14b1b5879af5
dosen_source.csv:8,9d3c8ee2-1399-4f2b-a117-38015d649a4b
dosen_source.csv:8,4e8e8e2c-4fb2-4af7-95cb-52d45a676c0a
dosen_source.csv:9,d5b7ad15-28d4-4948-b925-6a25e2719b6f
dosen_source.csv:9,b98493d1-7cc2-4cda-b2d4-d44b511fe4b5
dosen_source.csv:9,5f5d0d27-4c2e-4f27-91cc-29c32209219c
dosen_source.csv:9,9e709028-6143-4487-aa9e-a948d33bd9c5
dosen_source.csv:9,68734979-f3f6-4b4a-9bfe-74451d4fc00c
dosen_source.csv:9,f559144b-2ad6-4403-b56c-365f37f82242
dosen_source.csv:9,a75b608d-58e2-4b12-a72f-d846eb132059
dosen_source.csv:9,cca06141-6f6f-4c12-bd48-521dbf54a8cf
dosen_source.csv:9,59a91465-ebfa-49fb-892d-de6b3080db42
dosen_source.csv:9,112116c7-2785-40fd-a480-fc9db70d4081
dosen_source.csv:9,f2abc9ea-d70c-420b-90df-55d6956d3dad
dosen_source.csv:9,69ed23ee-fdfb-45fb-9619-3d7a91115fd4
dosen_source.csv:9,c2777139-23ea-4635-b181-bf64c2e2b151
dosen_source.csv:9,4b590f29-c7e0-4458-ac73-79ca89ab77ba
dosen_source.csv:9,c7e24c71-0536-4753-b211-6dce5cdc2e92
dosen_source.csv:9,9f4fde04-ca68-4a2b-85ad-f4dccab4d9c2
dosen_source.csv:9,8d621462-b511-4a3c-b916-f1442b0d20e5
dosen_source.csv:9,79be3c4d-8bfa-405c-85ce-9357736ac590
dosen_source.csv:9,1454bff9-ab27-451a-ad1b-49e443213a76
dosen_source.csv:9,7b106357-67ce-4ec3-bae5-b02281e17dff
dosen_source.csv:9,4d6eab5e-26b9-4f2f-8867-912f34283df5
dosen_source.csv:9,b940a37e-bdf5-43e0-9cd3-78377fdc2fbf
dosen_source.csv:9,9d7ae5bc-d095-42fd-97ba-c625685901cb
dosen_source.csv:9,96ea701b-09db-4495-aaa0-90ca01d8f7ad
dosen_source.csv:9,379ea21b-0b4b-4da1-94bf-8b105ac42bef
dosen_source.csv:9,85905f8c-96f6-4a34-b9f1-75e88f0e3dbe
dosen_source.csv:9,08cefbcb-f355-4fc1-a32b-813eb62be45f
dosen_source.csv:9,1929e21e-336f-41d8-ac82-d407a77485c0
dosen_source.csv:9,82ec6488-3b04-46cb-b873-158331a86c49
dosen_source.csv:9,38d9af4b-0b3b-439a-b3ef-7740cbba72c6
dosen_source.csv:9,5335f2d8-8066-46e0-ae0a-9349dffb7c80
dosen_source.csv:9,582a8f04-56af-49f0-bd6a-2041ab67dab3
dosen_source.csv:9,1d66dd8c-6908-4645-b270-20a7884007c2
dosen_source.csv:9,aa8f6654-3155-4c04-a216-331d4d35d07d
dosen_source.csv:9,3c77246a-e8f3-4e61-bc74-5e6f0a8eaf90
dosen_source.csv:9,97498220-fccd-418b-b462-5a8edd3b797b
dosen_source.csv:9,439ced30-98bd-40fc-a361-24d92103f36d
dosen_source.csv:9,2c878ba3-4a69-4e74-9a55-ad79866d07a1
dosen_source.csv:9,74876e3e-e70a-4465-8f59-06eb2e3301f3
dosen_source.csv:9,92a02e8d-d3c5-4a36-8fb4-8c922890f6ff
dosen_source.csv:9,2cdcf482-15a2-4369-9697-53b9dc56e512
dosen_source.csv:9,0e10d1f6-9f79-4f8c-a8ab-747cc5dfd403
dosen_source.csv:9,21b3a086-8ef8-4870-b4ce-23ecdcd8a325
dosen_source.csv:9,4dc31647-1ae5-4f87-b1ec-673862ff4c5c
dosen_source.csv:9,a9ef0fcd-c772-484e-908e-bbc1d494cb9e
dosen_source.csv:9,8af7d809-1915-4716-85c5-35214a8e5317
dosen_source.csv:9,e207e3e4-9385-4b26-8535-0a40d6422201
dosen_source.csv:9,408c84ae-053a-41aa-99c2-8a4c5fe5236e
dosen_source.csv:9,b9420fd7-5f40-4ac6-a2cd-2436586fce31
dosen_source.csv:9,81400e77-a30b-4df1-beb7-0cf1027eaf16
dosen_source.csv:9,258371ce-1bc3-499a-aff2-f88cb62149fa
dosen_source.csv:9,b9989ee4-3091-4a7f-8645-cfd90deb3c15
dosen_source.csv:9,53d13541-a7d8-4250-83c4-85514e675bdd
dosen_source.csv:9,bce401f2-94eb-4e01-abe9-e2b8e3f15a0b
dosen_source.csv:9,f52b3769-9271-4722-8360-cc90ab9bfdb4
dosen_source.csv:9,68dbd4d1-873f-42d4-b2e0-ec7741dea5e6
dosen_source.csv:9,5b75c6e9-0f28-4f40-b7bc-dfd54a376a8e
dosen_source.csv:9,7cb329cc-6af8-4a14-a0f3-adaa36965a8d
dosen_source.csv:9,b00eee2b-d293-4e0d-a7f1-2ca957b93ee6
dosen_source.csv:9,c834ffd6-d843-4971-be36-6e54903685a1
dosen_source.csv:9,8ca83f5f-2798-45e8-808e-ace45d061c15
dosen_source.csv:9,fa97221e-500f-48ca-9827-c157c4893f74
dosen_source.csv:9,66a32c10-813a-40ed-ae99-512717b46cf0
dosen_source.csv:9,84b84679-c03f-4629-98bf-47d95d28221c
dosen_source.csv:9,aba0e081-69cb-4a47-a9ea-eb35dd3ad694
dosen_source.csv:9,6267676a-295e-45f1-9ece-3c51c6e1b354
dosen_source.csv:9,dad3e9a9-d0a4-4aba-8d83-240b6916bad8
dosen_source.csv:9,0fb8e89f-cddc-43af-933d-920b8957fdcf
dosen_source.csv:9,e696aaea-6de8-4583-98fc-b7fe8f4cdc8c
dosen_source.csv:9,06baf5a3-b65c-4d84-ade9-d4fb9d9d9c60
dosen_source.csv:9,bb782f52-f2f1-4b37-ab5a-0f074a27ae33
dosen_source.csv:9,510eaba9-70c5-440a-8537-24ecf6e2c743
dosen_source.csv:9,a02705be-b69e-4ae4-87ac-de2def703b18
dosen_source.csv:9,27aa0b74-dac1-4ff8-a797-05ccdf9cde47
dosen_source.csv:9,1311bc95-7872-4bed-b64b-cf7779cec55e
dosen_source.csv:9,414b3fe0-7878-454e-b9bb-accd928378b9
dosen_source.csv:9,50534235-f6f9-49b7-877a-24e75f4b4763
dosen_source.csv:9,c6cbdb84-bd82-41be-8a5a-4265afd6c8a6
dosen_source.csv:9,7bf05986-f5b3-4fa4-b28d-659c59138aeb
dosen_source.csv:9,62cd11e2-c0d9-4fbb-bd81-6c2faa2cbbd7
dosen_source.csv:9,ae1258f3-60c0-4b75-be28-165f793db73a
dosen_source.csv:9,c7f25ced-f539-4838-af7e-aed7e8f91135
dosen_source.csv:9,ffec9e3c-a7ca-4770-90eb-e6d799acb4f8
dosen_source.csv:9,1dc65b71-3a30-4499-86b3-8187dc00082c
dosen_source.csv:9,b26458c1-29bb-4684-8ec9-7991ac4be933
dosen_source.csv:9,b638afed-2406-401a-88fb-3745f26c508c
dosen_source.csv:9,4fb94477-0931-4b16-a24a-9603af5f94af
dosen_source.csv:9,68318f79-3f56-48fe-b430-1098552c9c00
dosen_source.csv:9,97b68b55-525f-49cc-b38b-c9399f008c56
dosen_source.csv:9,c9ac22f2-90fa-40b3-be24-10c6fe20f212
dosen_source.csv:9,2cda2c60-46e1-4209-aa8d-619584916dfe
dosen_source.csv:9,42efac99-7f72-41a4-91e8-c0ce48b44090
dosen_source.csv:9,280afbbc-35d7-449f-9b4c-7620bbbbb263
dosen_source.csv:9,bd8e2a05-39e4-4e3f-8e55-3b73ca5c9877
dosen_source.csv:9,a4dbce25-e9b0-4c7a-9ce8-cb5ed37245db
dosen_source.csv:9,b5ce7f2f-5046-45e7-97bf-a8c7c1601575
dosen_source.csv:9,73b7663a-ad0e-47b1-af56-291c52d17759
dosen_source.csv:9,2e891ac0-e664-4b6d-8a75-b05241cdd978
dosen_source.csv:9,bb508414-09cd-432d-8fc8-facf46e6d050
dosen_source.csv:9,f87bbf3e-494d-493e-8580-710ea7abb064
dosen_source.csv:9,b9812568-0a2c-410c-aed1-cf4d4e96fe24
dosen_source.csv:9,e34f5338-714b-463b-b5d2-d1227a3abfd9
dosen_source.csv:9,cbebed53-f404-4a7e-bc9b-3ac1e1943a2a
dosen_source.csv:9,dbcdc70c-9222-4903-96e4-cb3cfef8b755
dosen_source.csv:9,92b92ba1-0e7b-4dcf-b1e0-54cf7705f2ae
dosen_source.csv:9,bf027671-1d20-4505-a8e9-1016937e841b
dosen_source.csv:9,983fc71e-9e2b-4fc9-8911-c2e488b5136c
dosen_source.csv:9,78414c4b-592f-4add-af07-6a3a5a52d8d8
dosen_source.csv:9,c9d26514-a143-44e1-af80-ae13b084a363
dosen_source.csv:9,032656f6-76c2-4eb0-9dee-8fe652580f26
dosen_source.csv:9,20dc1885-e901-4d5e-b50e-e14614c21f47
dosen_source.csv:9,482ae45e-3523-4a06-8829-dbf5a78e2c26
dosen_source.csv:9,03147b85-b200-4558-826a-d4fc6d142699
dosen_source.csv:9,38b3a601-988b-40f6-9e2b-1fc1fd434c6a
dosen_source.csv:9,759c500f-85f5-4685-868d-3916f082422e
dosen_source.csv:9,97b6ac4e-1b44-4d79-8344-4c9d4604d461
dosen_source.csv:9,d9b73d31-7552-44ff-b6d4-403e5a06a07f
dosen_source.csv:9,7e67f097-c696-4b80-b654-f43ae9ed4cfe
dosen_source.csv:9,fb019a6c-a406-4652-8b23-34cd185295a5
dosen_source.csv:9,84b19069-d0ad-483e-a51a-fa867fcb1c68
dosen_source.csv:9,2d03be2f-2985-4d0d-891a-e24e757a8618
dosen_source.csv:9,af10cb16-8177-4da9-9d56-aae0ecf6ef4e
dosen_source.csv:9,b3304448-b941-45bd-968a-195459d79687
dosen_source.csv:9,25a682a1-5160-4dfb-ac42-2968a48d3913
dosen_source.csv:9,93c29853-5a9f-47fc-bd7f-db699fd0977d
dosen_source.csv:9,eb46cf87-e091-4bb3-a41e-f0b3f22d39ac
dosen_source.csv:9,024ba31a-1603-4f76-b9f0-25db3b680188
dosen_source.csv:9,34fde438-5d2d-44c4-965f-da978550048d
dosen_source.csv:9,548d2aba-9de7-4d50-9f4a-77d46496f722
dosen_source.csv:9,eb109adb-e7b2-430e-ade9-9a580944e29e
dosen_source.csv:9,f84f0a21-2837-4c4e-8742-5b024b22e531
dosen_source.csv:9,7f6f6109-0602-4b55-95af-21c5d86737e8
dosen_source.csv:9,a9e21026-2906-4319-ab58-c07c40e8352e
dosen_source.csv:9,a6198110-dcff-4409-b21d-532f95134be8
dosen_source.csv:9,45209af9-b18c-4627-80ee-66dd3f0e37b1
dosen_source.csv:9,76abadfc-d8f3-4747-9b61-dee25dacc119
dosen_source.csv:9,4cfe9319-26e8-48a6-9b2a-3041e86d14e5
dosen_source.csv:9,524ddcda-9687-4a02-bbe1-073b1bd8a08e
dosen_source.csv:9,edd64ba9-55d9-4e82-9e53-7ee45e686fa1
dosen_source.csv:9,4b060146-0319-4fcf-8a26-9166321c8060
dosen_source.csv:9,cd6f2ecb-3eeb-4c8b-b5aa-c635f7445895
dosen_source.csv:9,6bf9616e-7aef-4ba2-9dd7-ed9fbf2efd11
dosen_source.csv:9,0e2f9678-aafd-4bb9-b1ee-27803b81ec8a
dosen_source.csv:9,2c75d332-d40c-4d8c-86c9-535b49fd56aa
dosen_source.csv:9,5414c837-7de5-4dc8-936d-71c48c61ca93
dosen_source.csv:9,a4d26ea3-e759-451e-b0cf-987c5e867d56
dosen_source.csv:9,a137122d-896c-4878-82f1-d8d09bcadd77
dosen_source.csv:9,6992b342-6a7c-4800-a70d-2fc6c076a5f7
dosen_source.csv:9,1be5eec7-02c5-43f4-8e8e-490dbe7cb474
dosen_source.csv:9,f255c5e2-992c-47ea-8d7a-7e18da65af87
dosen_source.csv:9,9e33ab43-e67d-4a0e-8742-1edbcace0fa7
dosen_source.csv:9,f1a31487-f1d5-4d9a-82bd-f14b3c18fc7a
dosen_source.csv:9,293acc64-dc15-49df-ab1d-d46c8718340c
dosen_source.csv:9,c423db61-42da-485d-b7b9-0a16c17de9f2
dosen_source.csv:9,bd066c98-2c02-40bb-863c-944cf08be3c1
dosen_source.csv:9,7ce68687-2961-4973-a058-725f28cdd712
dosen_source.csv:9,e5f49153-a7ee-48dd-adca-00505d46c556
dosen_source.csv:9,a06baa66-93e3-4a53-ba25-a00aa876a8a7
dosen_source.csv:9,30515eee-e7c4-4ce1-a561-018ff9bb6f7e
dosen_source.csv:9,31ee8e68-ab56-443d-9353-aced35ebe151
dosen_source.csv:9,68f9100f-aeea-457b-8f21-e382fccbbde8
dosen_source.csv:9,d33f05c3-8296-4c09-9c51-e83faa842511
dosen_source.csv:9,468e1f62-74b2-4d6b-923e-9d07bf483d28
dosen_source.csv:9,22f15b3b-0aea-4ca4-bea2-b7022d9483c4
dosen_source.csv:9,fb7e6d05-3285-48f3-ba7c-7ca5f1f9e9e9
dosen_source.csv:9,30c679a6-d992-40f5-8a0f-58d9f10d0760
dosen_source.csv:9,6aa22199-52eb-4204-95d1-2b6c7cb47869
dosen_source.csv:9,7db426dd-2cb8-44b4-98a1-b2700d26de09
dosen_source.csv:9,a337e885-9ba5-43b8-bf56-0416d17c8597
dosen_source.csv:9,f7c4e77c-5597-4837-ac99-df4072522366
dosen_source.csv:9,1f6fefe9-8b73-47aa-a34a-22f462f33e86
dosen_source.csv:9,c15e2569-7e38-4347-87aa-6441349d6c6d
dosen_source.csv:9,fb2008f9-cdae-402e-bee6-1ce5a5cba075
dosen_source.csv:9,11dbcfda-e3ce-4bf2-b836-4de3954f7e81
dosen_source.csv:9,94fb7bf6-4805-4f07-83ce-84a6f50f2ff9
dosen_source.csv:9,2ac48511-089f-4893-9f3b-f1ac33cec89c
dosen_source.csv:9,0f56b980-4192-4aee-9eaa-fe387778ed87
dosen_source.csv:9,9aaa45b3-4ead-41fe-8f55-01d4e64dbcec
dosen_source.csv:9,2935d86a-d576-4ed9-b81f-82a98cd312dd
dosen_source.csv:9,0fd6ae46-b1a1-4fb4-8c7a-b3f5402bf6c1
dosen_source.csv:9,729224a0-0d83-47b6-bb1d-c119b5d2bea8
dosen_source.csv:9,0646d025-dd68-4995-8707-d204f630bd88
dosen_source.csv:9,901d1d65-fa50-4b57-b5c8-16635693d58b
dosen_source.csv:9,0afcd637-aec0-4031-8869-7f59e07ec032
dosen_source.csv:9,ffb2c475-cdda-44f5-85c0-ca18b7c5eb2b
dosen_source.csv:9,018e801e-3373-4d1d-8350-18a15dde6860
dosen_source.csv:9,e8c032d2-6d4f-4a16-b666-6b6c0edd2b15
dosen_source.csv:9,e8c0533c-0c27-4909-ba29-f2c791f07de4
dosen_source.csv:9,5c2cc332-2d1e-471d-b5dd-c2c199845540
dosen_source.csv:9,e17a4348-e2d9-4aa7-b36c-13b16b3f7472
dosen_source.csv:9,4a22f7d1-05f6-4deb-b47e-0e8e7265186c
dosen_source.csv:9,9a2667ae-0570-4ebb-bd6e-e44e916e075e
dosen_source.csv:9,9546ecd0-6363-4906-8590-8038d143a946
dosen_source.csv:9,ff0e4971-d7b4-4e4a-8150-f2020f6a05e6
dosen_source.csv:9,de2aca00-74b0-4046-9ea8-95a40836a75d
dosen_source.csv:9,1ab6dabd-0e87-4e64-a2de-a31dc3fae3e3
dosen_source.csv:9,224d3156-7322-493b-b6d6-bd13ee33aad7
dosen_source.csv:9,d2049668-ae0a-4e62-b8c0-697d0e96b04d
dosen_source.csv:9,d6d9c1f3-f524-478c-926a-113e670ba3a8
dosen_source.csv:9,e2d37465-41c0-4521-b24c-7c59bee92b4d
dosen_source.csv:9,910f5dcd-1614-4c8e-9b91-191e35e526c9
dosen_source.csv:9,e7665b60-ecf8-47da-9ac0-90c702aadd0d
dosen_source.csv:9,ba9885c3-3564-4e7d-9a65-142d02ec9860
dosen_source.csv:9,ae711ce4-7571-4408-af79-6759180f5fa8
dosen_source.csv:9,017c4fae-d700-4cb2-8359-3922826a0a63
dosen_source.csv:9,348f8d5d-bb0c-45c4-883b-990e72130717
dosen_source.csv:9,7e091515-9337-42ed-84e6-aed999101f31
dosen_source.csv:9,16ea88bf-ed3f-417d-ab95-e8736ad968f9
dosen_source.csv:9,ab3678a3-2ba5-4663-9620-b7c89e719876
dosen_source.csv:9,01d3c3f0-437c-4b3e-9c88-77d593f3a4a0
dosen_source.csv:9,2dbe0d65-3fdb-4d90-bd17-79e127c9d1b8
dosen_source.csv:9,7f764e58-2ef7-4aef-8457-9bfef705c522
dosen_source.csv:9,5b23233d-1fcc-44a4-a8c6-bffbdf6ff7b1
dosen_source.csv:9,6c2629e1-4eb7-4539-b03d-6a1797508e78
dosen_source.csv:9,ea9d670b-1fd1-4aa5-a63f-96b1302ef35e
dosen_source.csv:9,e99c9c60-677a-4428-9a76-5d098f68ac96
dosen_source.csv:9,1113c3e9-5d85-47df-a7d9-20f4454217a6
dosen_source.csv:9,05b4fbb0-bc90-4cb5-8f81-e979f5096958
dosen_source.csv:9,9bf02ec9-d608-4da4-bbb5-f297c63cf848
dosen_source.csv:9,a9141512-ec0d-432e-8bd1-85016f973dc5
dosen_source.csv:9,a0eaf29a-6dc5-4ab0-8fbe-842dbfd7a7c8
dosen_source.csv:9,51ae5d18-bd1a-488a-99f3-e4cdd869df2d
dosen_source.csv:9,a2e3e28f-dea5-47b3-bd2a-009515baf961
dosen_source.csv:9,8c3a59a5-d1bd-42c6-9b98-88c0e3e29d1c
dosen_source.csv:9,52a83b1f-56ec-47dc-ab46-5a3676f8b9f3
dosen_source.csv:9,105671a2-9bac-4995-841b-d36aa1756e51
dosen_source.csv:9,cf9950c6-11f3-4768-b380-161aefbab550
dosen_source.csv:9,9855715d-6b02-484c-b3da-33b1f3063bdc
dosen_source.csv:9,21e42ef1-4e62-4cfa-bbb0-c1365030bf05
dosen_source.csv:9,1f21acae-c184-4127-97ba-61423864af68
dosen_source.csv:9,b44ad982-db7d-44ea-a3be-a0a627f8599b
dosen_source.csv:9,504942af-6473-4e4c-bf6a-6ea6f27831ec
dosen_source.csv:9,543b1daf-b416-48a0-9c95-41f4f45136da
dosen_source.csv:9,e9b3048f-e87d-4c77-a98e-678dad28154a
dosen_source.csv:9,fa688b39-4f48-4111-a56a-27db42c4088e
dosen_source.csv:9,b92fbf21-178f-4bf7-8fda-3ba5af8e5a3c
dosen_source.csv:9,68f0bf51-f19b-4902-acc5-148773dce0f2
dosen_source.csv:9,a72bd505-e3f5-43c1-93f1-356f440b4f4d
dosen_source.csv:9,46647b90-3672-44d9-8093-a6eea8d9d7ee
dosen_source.csv:9,4fe23d97-c7f9-41da-8eb6-47c213c41945
dosen_source.csv:9,f5241b0b-a3c7-45b1-bcd2-05da243a0f0b
dosen_source.csv:9,483b2424-cf40-4f52-8f11-1c23bb07da66
dosen_source.csv:9,2101519e-8d00-4581-9e9d-5baa1abe8b69
dosen_source.csv:9,b4470b00-518e-4e05-b7e1-a7879a2a19aa
dosen_source.csv:9,44d49d8d-c9e3-4942-80f4-05272ef28dce
dosen_source.csv:9,526c6324-9c7c-479c-8d83-33c1bf82ce6a
dosen_source.csv:9,feb4b13b-0307-4ff0-aa30-517523c9c0df
dosen_source.csv:9,a9f096b9-a681-4860-a423-80be748725e3
dosen_source.csv:9,9d350077-ce28-44ba-8913-93066dbb30c0
dosen_source.csv:9,5c4937cb-c7ba-4eb5-96e9-be6978f8c8e6
dosen_source.csv:9,6eb8f0a2-d4d5-4d8f-a806-74bff3add6c1
dosen_source.csv:9,b6b84f9d-d013-48d2-9ecc-24794ed3eda5
dosen_source.csv:9,0698d78a-1489-4758-9774-66d9b34ae219
dosen_source.csv:9,ae70c842-34da-4f6c-8277-7aa2f22a57c1
dosen_source.csv:9,8bbe3adf-6bda-4c7d-97ae-25865a8ff182
dosen_source.csv:9,041d5688-be2f-476f-994d-9e51a5e90efc
dosen_source.csv:9,c469b1a8-0eb2-43f4-9d25-84abeb396659
dosen_source.csv:9,7c947f39-0532-4d9a-bca1-e0f6dd36a3ac
dosen_source.csv:9,bad649b9-e57b-45e1-a617-348300b0b760
dosen_source.csv:9,53067678-339c-4b04-9a82-6206682992fa
dosen_source.csv:9,02ee74fa-dcfb-4d38-a9a2-d75fef0c078a
dosen_source.csv:9,71fe7fd2-0b10-4ccc-8a5a-5040de4223a1
dosen_source.csv:9,4adeb9cb-3dc9-443c-8497-63c0fbd2d7d0
dosen_source.csv:9,6b42b933-670e-450c-bd0e-d648dc224c6c
dosen_source.csv:9,9acbfccd-bb97-4d77-bc34-61498d1c1ce2
dosen_source.csv:9,7fcb1961-b3b9-409d-b36e-413ffa007889
dosen_source.csv:9,badd35de-1139-4bc3-8a8e-e15153288e67
dosen_source.csv:9,b75bab36-34d1-42a5-b203-61bb5bf08f87
dosen_source.csv:9,e6e7fa45-1d93-45c9-a8c2-b2107e6802a2
dosen_source.csv:9,fe975e15-59ef-4f02-86f3-ad50cbbb1ab7
dosen_source.csv:9,b2c37531-8022-4bb7-89fa-a63c1ed2475a
dosen_source.csv:9,7ee6d53c-f15c-4c48-b285-c24f5015502c
dosen_source.csv:9,6d224a60-713e-41c0-a0c4-8dfd43016156
dosen_source.csv:9,0d07829e-fc5b-4e84-9efd-cbe285fef7ad
dosen_source.csv:9,8c024ddd-c521-40de-9972-d82d860bbfad
dosen_source.csv:9,30d9209c-f2c8-4720-bc09-2a063ee3b470
dosen_source.csv:9,b571ddd0-8669-44e5-b137-32b67a5aec08
dosen_source.csv:9,645365a3-cd81-44a1-9dc2-75c5939c7843
dosen_source.csv:9,5cbe6d6c-2471-4271-9623-e6db715d587d
dosen_source.csv:10,2995bf1e-3bc9-4db6-9d4f-4d7deb02c5c1
dosen_source.csv:10,51b3ea82-aeaa-4525-8079-adc0032b1d1e
dosen_source.csv:10,a291bcd3-d206-4002-a9ff-9ba1c99443f2
dosen_source.csv:10,7a6cb3f6-71db-45ba-aa26-ecd2ed9be24a
dosen_source.csv:10,726bc5dd-aa9e-4e7a-8fb4-368cf5ec4d43
dosen_source.csv:10,ff418fa2-e2d0-4da2-9548-f8f166486aa9
dosen_source.csv:10,b0b3d17f-028c-49a4-969d-0609b9deba1f
dosen_source.csv:10,0935854d-28af-41bf-bf30-e383a3ac538c
dosen_source.csv:10,a4ef233a-9e3d-41a4-a8dc-d6d201615296
dosen_source.csv:10,06395850-c402-4260-bb41-75e0a5dd84b6
dosen_source.csv:10,b8a92bcc-101d-4407-9e47-84db8f452d56
dosen_source.csv:10,ac1a4665-05bb-404c-b967-9796455f5444
dosen_source.csv:11,89fa855a-b5b8-4a3f-b1a3-7a8bac15b978
dosen_source.csv:11,27ffe0ca-92f8-45f9-91fa-baa9bf79fe82
dosen_source.csv:11,3d79fc55-0a8b-407e-a14c-5311eb4023a9
dosen_source.csv:11,e2edb3c1-fde6-4d52-bb97-ec59bed6350e
dosen_source.csv:11,9390bb77-05ca-4442-aa45-be43c9072bc9
dosen_source.csv:11,35bce063-bcb2-40b6-85ef-23b6241525ab
dosen_source.csv:11,790d73ed-d84a-4e1b-b795-1e4a88e8a2ff
dosen_source.csv:11,d596f2f9-347c-483c-a594-6fdb1157905a
dosen_source.csv:11,9e84589c-631c-4c1a-aeee-65a407d2a66e
dosen_source.csv:11,3320da5c-583d-406b-afae-780a07578e27
dosen_source.csv:11,d4ac4537-7374-4efb-a0c9-811489594cea
dosen_source.csv:11,5e325045-e127-439a-ac7e-79685532d8ea
dosen_source.csv:11,305ce3e0-80ca-4c1e-af6f-e7a862e93376
dosen_source.csv:11,37976873-d409-47c9-b79f-ccc5375ced82
dosen_source.csv:11,3714a29b-8c44-4009-a831-030cd2e32a49
dosen_source.csv:11,2c55f046-df46-4ebe-8c2b-cf7b04059652
dosen_source.csv:11,9f9e3259-a56e-4f83-9120-5cc36437377d
dosen_source.csv:11,2dba568f-891c-4715-920a-0ac9bd5fb337
dosen_source.csv:11,d0028ae0-a16e-412c-bccd-907003fe80c2
dosen_source.csv:11,379ea21b-0b4b-4da1-94bf-8b105ac42bef
dosen_source.csv:11,c9d8397f-2290-4b63-9793-80689f19f7fa
dosen_source.csv:11,3e54c3b0-73ad-41a1-9739-4a766fcee83f
dosen_source.csv:11,18a749cc-4a40-4bca-b8c5-65eeb1b38e3c
dosen_source.csv:11,ed48b9c1-416e-4d05-8feb-d46d2d7a0538
dosen_source.csv:11,d3267c74-c085-4549-a28c-a74bad644c6a
dosen_source.csv:11,befd3a59-d0be-44d0-bc99-2f7087ad82a3
dosen_source.csv:11,354e42d8-5b64-4039-953a-328ef05d1c52
dosen_source.csv:11,2c74e638-84c0-4346-98c2-d10b56e19a98
dosen_source.csv:11,65947e03-6d3e-4700-8630-897b85db470b
dosen_source.csv:11,6a059d2d-43a1-47d3-9e37-4eae389ded27
dosen_source.csv:11,eee8c510-2cba-48cd-83f7-63bbc97a3273
dosen_source.csv:11,fe89b0d5-ac71-46b1-b9a9-24be251f88d5
dosen_source.csv:11,2469e7f1-618d-4c10-93cf-0ecff380192a
dosen_source.csv:11,f5de28b0-070c-486e-b2e1-c875045835ab
dosen_source.csv:11,213953b1-7f88-47a5-b771-22478b72aca0
dosen_source.csv:11,4e86fa15-d9f9-4624-aabe-647ebccbc047
dosen_source.csv:11,d86d39f8-637b-46b2-bc8e-f685538d943b
dosen_source.csv:11,478aedc4-eb74-4740-a041-743d2a07b545
dosen_source.csv:11,e2e60ef0-168f-4dd1-a3a3-12d85f153e31
dosen_source.csv:11,c9103c89-11cc-473e-8321-35a465787b16
dosen_source.csv:11,18602613-18fc-4b08-a961-c914971a9379
dosen_source.csv:11,67bfddce-fc33-49b4-af2f-b01939dc7e07
dosen_source.csv:11,c33bab68-8371-4e77-a367-f1adb2c0416e
dosen_source.csv:11,09336819-ebee-4c77-a98d-4b3074a31ff9
dosen_source.csv:11,8420e328-32ab-4a52-a2e7-0ad4a6a0dda3
dosen_source.csv:11,0d3249b0-b570-45a8-bc8c-a3bb7f30ba45
dosen_source.csv:11,cd6a382c-de7b-4470-802a-4f7081552b43
dosen_source.csv:11,501a32ee-f055-4c46-b7be-44b62958e4ca
dosen_source.csv:11,47070c79-df0c-44fa-861b-a31a08615b19
dosen_source.csv:11,5967a3ca-e8b6-4ef1-a774-f12ea9e3aaa6
dosen_source.csv:11,c952689b-c57f-4e82-ad39-174864a2aa72
dosen_source.csv:11,0fe7a1b4-a55b-4918-a552-1bb1c9878f7a
dosen_source.csv:11,8e2a2189-f4b7-4e31-bc31-436de0bce8fd
dosen_source.csv:11,0d932ef0-56f9-4b42-ae65-b28371a106d1
dosen_source.csv:11,55517024-fd7b-4f27-8085-7cc7a584f42d
dosen_source.csv:11,cdebf732-b221-4f80-8c0a-1827ed988e8e
dosen_source.csv:11,7c1aaa6d-6e4f-44cd-8266-3a6556aa0aed
dosen_source.csv:11,4f337a1e-58ba-45b9-a7e9-a1f10f3ef934
dosen_source.csv:11,09ddb66e-798d-4eeb-865f-d5cb9ba46990
dosen_source.csv:11,c6b76a27-cf31-49c2-9f7a-43fc25ec9b6a
dosen_source.csv:11,c9ea791b-30b5-4c3f-9ed4-1d97b73ff849
dosen_source.csv:11,aa6e4451-c570-488a-9652-b69724ff17d0
dosen_source.csv:11,0e3b45ef-653f-462c-98ca-0262cfcbc68a
dosen_source.csv:11,fb2f4076-8375-416c-a0c1-5bf941e21766
dosen_source.csv:11,3529e92a-36f5-4072-9402-f60e259c4c4f
dosen_source.csv:11,917188e6-5785-4d0b-9b7b-fecb8a022ed1
dosen_source.csv:11,304cb8ca-9d40-4919-aed8-74802158037e
dosen_source.csv:11,4490f6e5-843b-4b9e-a75c-3bf4e7e646e8
dosen_source.csv:11,9fd7724a-bb3b-43fa-a1d1-d8e28c5d94b0
dosen_source.csv:11,e8095e2b-7adc-4b27-bdc7-038a7052c69c
dosen_source.csv:11,eff2a89d-58da-4f97-b0f3-4ba573a204f7
dosen_source.csv:11,a304da38-3a93-4db6-a63d-f92074a3866f
dosen_source.csv:11,1c07d8b8-d469-4665-a68e-77bcccf240ca
dosen_source.csv:11,09c4a316-8b98-4488-8eae-64b05aa8b39a
dosen_source.csv:11,63d6cbd3-2097-4181-a2f6-7488a2384b8d
dosen_source.csv:11,ec270476-6a0c-4cf8-926a-6e3467e55741
dosen_source.csv:11,e237cf64-fd2d-4652-accf-61fc7c9dc22e
dosen_source.csv:11,4c58e2e7-f9b3-4148-b386-a30294134ee5
dosen_source.csv:11,9e55a26a-0f21-431a-a692-a81956de45f1
dosen_source.csv:11,5ff09daa-6677-4259-89f7-41dff18d5c64
dosen_source.csv:11,4c71aed8-a1c9-4e13-9e32-4930c8339b02
dosen_source.csv:11,63836426-015a-42bb-9ee6-046351924cca
dosen_source.csv:11,e169aca7-521a-4723-b108-4781053f87c4
dosen_source.csv:11,5c67ea75-fb3a-49bd-9a85-d89fd1a3f4ed
dosen_source.csv:11,9179aecb-329f-4777-ae8a-d3d555c5117a
dosen_source.csv:11,3f81a114-55ca-49f0-8fe2-5b968ada69d8
dosen_source.csv:11,456c3e27-b868-4263-bdd4-7439f0a8e2e1
dosen_source.csv:11,30627e6a-288f-42dd-b3f9-1487f46ffa1b
dosen_source.csv:11,e1470c19-967f-4e34-ab4c-5582387d6313
dosen_source.csv:11,7dbf2ef1-8612-40a4-a394-7c5b42025978
dosen_source.csv:11,a1aa9961-d645-496b-b3d3-a327efbf8812
dosen_source.csv:11,38369dcc-5ef5-414c-9316-961d38ec34fe
dosen_source.csv:11,07760a46-c32e-4793-9bec-35cd5eae7ee1
dosen_source.csv:11,55532ca6-243a-446b-9184-86f9818afb0a
dosen_source.csv:11,01c2662e-9daf-4e72-9233-df11673d5c9a
dosen_source.csv:11,1f12cb9e-edc1-4f28-8d8a-85bb54daed5f
dosen_source.csv:11,929e6578-aa3a-4da7-a189-9c63d361740e
dosen_source.csv:11,69324943-2fbb-4b9b-9af2-9813cdef9795
dosen_source.csv:11,4ba2739b-ccd2-4daa-b956-8b6158c27768
dosen_source.csv:11,efc36807-0a26-48a3-899e-6ca906250a9c
dosen_source.csv:11,500ca1bb-5524-45a7-91c2-3718db036ba5
dosen_source.csv:11,d1cc8772-40f5-4883-9eb6-b8886c4c77b0
dosen_source.csv:11,ec9e6e03-40ed-456f-bab2-f8ed6ff34d64
dosen_source.csv:11,c9d26514-a143-44e1-af80-ae13b084a363
dosen_source.csv:11,1e4f42b4-ea3e-45fa-ab72-ebd9b3e49239
dosen_source.csv:11,d9828f06-bf62-44ec-b38f-bcbaf4d94412
dosen_source.csv:11,be43c61c-7e00-4a38-8bb6-b079e4d1f13d
dosen_source.csv:11,8582be38-fd14-4671-ab92-efa8b159ae68
dosen_source.csv:11,951e2b14-2f45-4fd6-87e3-4ff1a3243e50
dosen_source.csv:11,f8dddd3d-957a-424c-b100-6fbf3c69811b
dosen_source.csv:11,f3f3f377-6a62-4ddc-b1e0-8bad87b78e9c
dosen_source.csv:11,b946726a-5928-49bb-8e58-7f2b6cca5dc7
dosen_source.csv:11,fe89b8ef-27b1-4449-9afd-aaee146d1faa
dosen_source.csv:11,1210eb8d-cfd1-4311-bf11-5a5ef055f2d7
dosen_source.csv:11,7a03d7ed-d438-4272-9f5a-b95460056b50
dosen_source.csv:11,86ee8de6-8b8c-4680-bc9d-7e2a13cffdf2
dosen_source.csv:11,72466173-22b8-4df8-8eb1-2894077bcff9
dosen_source.csv:11,d7809785-ef28-45a2-a685-ba35783ace52
dosen_source.csv:11,f1097eb8-cc6b-4707-8755-b9347e28d723
dosen_source.csv:11,59224031-75f7-455b-91db-2a970654659e
dosen_source.csv:11,86a4449b-addd-470c-8169-c900d7ab9e4d
dosen_source.csv:11,4960d14e-fd10-4ef2-9161-c05ee87790db
dosen_source.csv:11,7e427d38-b52a-4ae5-850b-10388f95e7c6
dosen_source.csv:11,fce51e74-d0da-4428-9c7a-edc9e9f2d5b2
dosen_source.csv:11,462a3adc-2eeb-474f-81fc-04158bcc2d1e
dosen_source.csv:11,360b7703-7b79-4fa8-8e6b-3d1978bf9e8a
dosen_source.csv:11,62b17f58-a5f5-47e2-bc82-11c7fb7d73e4
dosen_source.csv:11,4043339f-e9af-4168-bd36-bb32c7a5bf64
dosen_source.csv:11,b57e9650-0384-4d58-bafe-d9142c1befcb
dosen_source.csv:11,9923000c-d969-47d5-82a9-898d6edec656
dosen_source.csv:11,311c5ffb-6fa9-4ab5-8cc0-371974be4785
dosen_source.csv:11,20fd57e6-6b20-42d4-8c70-4265780ee2d2
dosen_source.csv:11,15998653-3a22-485b-9a80-fe1c30486ec5
dosen_source.csv:11,ef479eb9-d146-4b61-b18b-18a7c4d8abf2
dosen_source.csv:11,aa31c1ab-d78f-4daa-af5f-49feb2bfa07b
dosen_source.csv:11,7231188b-1ffd-4478-a7e0-9aefe96466b4
dosen_source.csv:11,e51338ed-fa76-406c-8fc5-c25e412bf891
dosen_source.csv:11,3830ee8e-aae0-41db-885d-9407a777b625
dosen_source.csv:11,4841c5cb-5aca-444f-9b5f-32eef8914348
dosen_source.csv:11,1f99db33-b4ae-4c94-a784-df8415604f40
dosen_source.csv:11,a1914c9e-47c0-45cf-96f7-9f087267a34d
dosen_source.csv:11,e9e36d4a-fef1-4949-9750-39f850b1d840
dosen_source.csv:11,5de5a4ef-2fd8-4501-b757-ca2006913050
dosen_source.csv:11,0ba81e91-f788-4b24-b8f1-67359d84d5a5
dosen_source.csv:11,465399f7-6ddf-4b4a-86de-491488be9441
dosen_source.csv:11,b9c8fad4-a885-4e6c-a2e9-a125a722d374
dosen_source.csv:11,f1fdcd8c-ec72-4e9f-ab5d-95aa52a0be3d
dosen_source.csv:11,22eb7e0f-26fe-4ad7-98dd-ae6238c1388c
dosen_source.csv:11,e8ad4aaf-5ac5-430c-848a-b237a32709a7
dosen_source.csv:11,13e120bb-60fe-4cd5-bad2-c59278d4b3f5
dosen_source.csv:11,4c415794-c4c9-4b1a-bb2a-09d6b6f3e59b
dosen_source.csv:11,644c5c06-d83a-48e8-b4d9-e2a553de3131
dosen_source.csv:11,87ea453f-aff6-45ff-a3d2-2a5d872a43a2
dosen_source.csv:11,9d8013bd-940d-4bd0-927d-bd5d3fa5b5c8
dosen_source.csv:11,1cd3611c-8d17-4998-a8de-eb27ead66ca2
dosen_source.csv:11,4d881b53-62d6-4774-8adb-28c52577c70b
dosen_source.csv:11,f7780dea-2668-4142-993f-11cfd0775186
dosen_source.csv:11,15fd6bcd-5864-45a5-9665-c661cb453a16
dosen_source.csv:11,6c30c6c7-678a-4598-a036-417867d4a925
dosen_source.csv:11,e4844bc2-f2b9-49ae-85de-fa2d2c686fe2
dosen_source.csv:11,5f651e63-2eb7-43aa-866f-ff49dc25a79a
dosen_source.csv:11,276d0133-a53e-46cc-877f-ffd98002cff4
dosen_source.csv:11,3719b5dd-9ebe-4795-93bd-01121b993f8a
dosen_source.csv:11,931b2654-9fea-42e8-ad8f-c71fb8d432c4
dosen_source.csv:11,47389b37-a808-4ea6-bbc1-f0621eababaf
dosen_source.csv:11,93a20bf4-d326-4f8b-bdbf-2c3e43f636e3
dosen_source.csv:11,d0ac4284-f153-4d76-8444-80f21f5ca41b
dosen_source.csv:11,085759d2-8355-4ef9-a315-66f0298ef4cb
dosen_source.csv:11,04c34d63-f5a0-4f34-92bd-c85c9996e1af
dosen_source.csv:11,1389a1e0-8bc1-41e2-acf5-8e484ec161bf
dosen_source.csv:11,e588c11c-b2e0-4c92-a133-8a636a2a2e9b
dosen_source.csv:11,3aebeac6-9817-4466-accf-855fcefb04e7
dosen_source.csv:11,13f920f9-6f6e-462d-befc-54893d2a6799
dosen_source.csv:11,544cddc4-9f80-4c10-8f05-bf906d97a09d
dosen_source.csv:11,4b5c7a10-852f-43b9-bdfa-7e52882458cd
dosen_source.csv:11,de2aca00-74b0-4046-9ea8-95a40836a75d
dosen_source.csv:11,224d3156-7322-493b-b6d6-bd13ee33aad7
dosen_source.csv:11,32bd22eb-64c8-4c14-83e5-609e5f5f4292
dosen_source.csv:11,910f5dcd-1614-4c8e-9b91-191e35e526c9
dosen_source.csv:11,e7665b60-ecf8-47da-9ac0-90c702aadd0d
dosen_source.csv:11,a775f57c-8e14-4e8a-8c1a-deac9028a9fb
dosen_source.csv:11,ae711ce4-7571-4408-af79-6759180f5fa8
dosen_source.csv:11,70d2c1b2-951c-4e65-bc82-6e6505b59d03
dosen_source.csv:11,b900fb49-57a2-4049-83bb-9c2ad143dce0
dosen_source.csv:11,348f8d5d-bb0c-45c4-883b-990e72130717
dosen_source.csv:11,ed869a7b-d267-441c-bf27-3a247f37835e
dosen_source.csv:11,4b3e5208-d384-4516-9d87-d8001681159a
dosen_source.csv:11,3882f3a6-fa59-4eaa-8313-c5a56f264705
dosen_source.csv:11,6020f048-a3b2-416f-9bb3-751e805c9d93
dosen_source.csv:11,af631d6a-2a3f-43c0-9a8c-cd3efdaa115e
dosen_source.csv:11,0ca88108-c18a-43cc-871d-06a25fb351ec
dosen_source.csv:11,b66fcac4-a07b-4b91-8148-6c9d3899fccf
dosen_source.csv:11,50531593-1219-4848-841d-60ba327a387d
dosen_source.csv:11,9c206515-711a-4219-9567-9e2e3447e4b0
dosen_source.csv:11,cf702786-b449-4482-aa4a-e5a5eee5a405
dosen_source.csv:11,091abdaa-518c-4919-966c-57482a3a6aa0
dosen_source.csv:11,fafc408c-92ee-47ac-885a-a50e04a1739a
dosen_source.csv:11,92a9eb53-49bb-42f0-beee-f00db8d05ba9
dosen_source.csv:11,0972925c-e97b-43ed-99c2-dbd1b1061363
dosen_source.csv:11,3ed04095-2b99-4e95-a5f7-28c0e061604d
dosen_source.csv:11,4fb04dc4-787d-4aa3-943c-a11d8a44919f
dosen_source.csv:11,7c99ace1-0469-401e-9a17-5202219452d1
dosen_source.csv:11,542aacf6-81af-4fe8-a0df-3b82d2f70a74
dosen_source.csv:11,034414ff-ec5d-45b1-b435-ea6fab68413d
dosen_source.csv:11,bfe0a100-8e34-4a04-8c06-923e3b60ed48
dosen_source.csv:11,4309e159-0f9e-4229-b67a-0dad8a44b4ef
dosen_source.csv:11,469e2ae6-3a8a-4ba9-8d02-ab2458e5b7d4
dosen_source.csv:11,c255d7d8-d3ca-4f45-8839-3db52d14cfae
dosen_source.csv:11,94f94a38-1260-43bc-87f5-d2a3da47ad41
dosen_source.csv:11,d1415551-a2ba-4031-94cd-cccfa339bd92
dosen_source.csv:11,202d4ab4-72d0-45e2-96ff-d3cd3f930412
dosen_source.csv:11,a8b406d7-37cb-4583-819e-4d0f5fcbf872
dosen_source.csv:11,7f353055-c9c6-4050-9087-7bfb2030dea5
dosen_source.csv:11,5012c948-77ae-4ca7-9fe6-1d99691757e9
dosen_source.csv:11,e0e977fa-39db-4396-8d4f-b2046b298ccf
dosen_source.csv:11,e7ef300b-4d20-468b-8c73-9881d609c9f5
dosen_source.csv:11,37042a63-8207-4a37-89da-8cf00e1abcd7
dosen_source.csv:11,03129474-ccbf-4a1d-86c6-418b4f880c35
dosen_source.csv:11,1ba52031-80e1-409a-84d0-b652c4956ff6
dosen_source.csv:11,72d93b57-2db9-4ec5-b43a-3b5c42c10ee3
dosen_source.csv:11,76b9c5ff-303b-41b6-b3db-1a24cca68a10
dosen_source.csv:11,76d8e5cd-931a-4757-aa12-bb46e63e9baf
dosen_source.csv:11,5b8524d6-f83b-4091-9402-2e3415576ef9
dosen_source.csv:11,badd35de-1139-4bc3-8a8e-e15153288e67
dosen_source.csv:11,3d22992b-c5b5-4acf-9e47-aa97e49db5d1
dosen_source.csv:11,17a63e31-3623-44a4-a0e7-c4f90cac9c4f
dosen_source.csv:11,af650022-fd4d-4cbf-98ac-d81052ea3396
dosen_source.csv:11,f973a3d4-e7f3-480a-b469-750a28c57e88
dosen_source.csv:11,a2ce60b5-9d60-49d9-a07f-56e7120b1e75
dosen_source.csv:11,6253808c-6fd5-4a5d-970f-c5c6cdc71fcc
dosen_source.csv:11,48193ee8-59ba-4ada-ae5d-f2a49bbcb083
dosen_source.csv:11,90ca10d8-0366-40bb-97a8-f8bd68c11fb0
dosen_source.csv:11,fd6371d2-0b39-4c3a-ba78-4c2f912d7775
dosen_source.csv:11,7940bf45-b029-42b3-aacf-7d68b257e02e
dosen_source.csv:11,cf967dc1-72b0-4d75-a4cf-183edaa73f0b
dosen_source.csv:11,005fddcc-186f-436f-9055-fd30000fc0da
dosen_source.csv:11,a37fd8e5-2e09-4ed4-ab8a-4e1a6111d19e
dosen_source.csv:11,dd445ae7-85ed-432a-b7b5-5054a5b4d721
dosen_source.csv:11,1bcea69e-53ab-4cb9-b2b5-411da91d7a80
dosen_source.csv:11,c2956471-6018-4942-9118-6d3e97eed96f
dosen_source.csv:11,d88c27f1-ff71-4d9b-a1d5-d1869ffdb7d3
dosen_source.csv:11,40cfb8cf-2b74-49c3-8052-0936f7a75fbd
dosen_source.csv:11,2dd4060e-983d-4017-a4fe-23beb3e7a251
dosen_source.csv:11,8e02b4b2-5b45-4b8b-98ac-b8e7c53d8e59
dosen_source.csv:11,a3a096dc-1b07-4dfd-873a-dc2ea872edc9
dosen_source.csv:11,0dd0ac88-0008-4157-9f1b-d10edf1b1f04
dosen_source.csv:11,59fccc55-f7aa-4c79-9c5b-deafd3a7918c
dosen_source.csv:12,3456f1e7-4b99-41ea-8d0b-da69d60ebf3a
dosen_source.csv:12,233a26dd-0e1f-49ea-be4d-f01438b7b648
dosen_source.csv:12,5bf5021f-659c-4a6e-ba04-ef0a8e30554f
dosen_source.csv:12,b54deb5f-02a8-44f9-81bd-ff487c040d29
dosen_source.csv:12,9b833582-6a6b-43cc-bdcd-a3724d371908
dosen_source.csv:12,b5ab1dc9-6409-4756-bd3b-735f5932ec9a
dosen_source.csv:12,140a9d4b-13eb-4c09-a2ed-9c185733fdce
dosen_source.csv:12,f2f8d6d6-aadc-49ba-b0b1-612a6c9894a8
dosen_source.csv:12,2fbe434c-389c-45a4-bfa4-d244766ffb01
dosen_source.csv:12,df421f68-d9d7-4b06-9187-d4d22e94534e
dosen_source.csv:12,712c100a-5a52-42d8-9bf4-0b7942d22543
dosen_source.csv:12,d7bb8d38-574c-401c-bae2-cdd353c25eba
dosen_source.csv:12,df01a6e4-ed5d-4c17-86ed-d22192348db9
dosen_source.csv:12,0b00b3c4-64ad-4ff0-a44e-119f7345b3d0
dosen_source.csv:12,65ae9b73-74cf-42aa-b3ff-02e94aee9a9b
dosen_source.csv:12,bc98c8f9-c03a-4151-9a63-9c1f880e8869
dosen_source.csv:12,89a5d828-1eb2-4084-a989-2483c6103ece
dosen_source.csv:12,a886592b-1dcd-42bd-a88d-bee2bd8fc52a
dosen_source.csv:12,482b101c-3e99-457d-bfc3-86f1ee550da5
dosen_source.csv:12,179f7bb9-5720-474a-b536-9b241930edef
dosen_source.csv:12,eb4d5203-9658-4ef1-a912-36e33bca6826
dosen_source.csv:12,d3d2e439-93d8-45b6-8867-9204a077ffc8
dosen_source.csv:12,41eea37c-1b9c-481b-a30f-5183b9c09871
dosen_source.csv:12,54f5c872-b386-4d30-9964-1f4332391932
dosen_source.csv:12,c221add9-f8f8-472b-83f3-995d514707d5
dosen_source.csv:12,35259522-e52f-43ed-9eb6-4ac94feaa2d4
dosen_source.csv:12,48c08e62-9153-4f76-ad2a-1e31268d82b2
dosen_source.csv:12,20c74b65-d290-45f4-b221-0fa42a47be07
dosen_source.csv:12,64ecc60e-9b46-457f-b7b8-3a13cf6dd62e
dosen_source.csv:12,c70d8c2d-7d01-4a19-b51d-79fe221161bb
dosen_source.csv:12,1b72d9d4-df0d-489c-b623-10831429bc05
dosen_source.csv:12,58f5186f-e9ec-44f9-b8b4-adce59cac023
dosen_source.csv:12,8055196d-7f7f-4496-bdb9-9c94e8004d92
dosen_source.csv:12,b7f4f88d-87ee-42d7-b43a-c3a79fa41a37
dosen_source.csv:12,b03b8dc1-3ff6-4cdf-b049-0708f820438e
dosen_source.csv:12,2248f19e-b547-401c-8cce-095227de1e32
dosen_source.csv:12,3b8812c0-62e7-4da2-8d91-f6f9aa423739
dosen_source.csv:12,166491d3-07f8-417f-b2c3-cf4d38e650ae
dosen_source.csv:12,5217f607-3420-403b-bbf2-9a133f195433
dosen_source.csv:12,638717db-8f87-4a60-91a4-29eaf11acfba
dosen_source.csv:12,5b67d929-5618-4ef5-ba9d-d489348f5aa8
dosen_source.csv:12,7ff7b188-3122-4cd2-aea8-0c7299430fec
dosen_source.csv:12,28eaec6b-1411-4d3d-85a2-315c9b2381e9
dosen_source.csv:12,ffb60acb-dfda-4811-b6c1-7ee7dfb46218
dosen_source.csv:12,046cab8d-0dca-4b52-a7a5-e685e19a09c5
dosen_source.csv:12,90dd1937-de72-42c3-8ee9-dc111059c82d
dosen_source.csv:12,f337d625-3667-4084-a5c9-c392762bee8e
dosen_source.csv:12,c92b8aef-e95f-4c24-afb5-bbb589de20ee
dosen_source.csv:12,d9dfd164-24ea-4e35-8cda-ea72b9bb5c70
dosen_source.csv:12,23c3a328-8a2e-4d83-b8d7-c2544521bb06
dosen_source.csv:12,89214320-9a02-436c-8fc0-47d405837b49
dosen_source.csv:12,5f59183b-fb24-4e96-bc72-5900eb80daf2
dosen_source.csv:12,884ca4bc-b448-41bd-8c9e-9681a6bf74df
dosen_source.csv:12,505caf8a-44bf-4b7e-ac6a-ca7827559bcf
dosen_source.csv:12,fbca3930-3325-44f0-ac4a-731dbec98c0e
dosen_source.csv:12,715ce166-2643-4dbd-9dd5-2a7bbc149572
dosen_source.csv:12,542c9252-0258-4d94-a61e-a213ebc5d036
dosen_source.csv:12,644a46a5-9ae3-436b-9f8c-c3e0a5e32c24
dosen_source.csv:12,93348d3a-d7f1-447f-a77e-76cc5106daba
dosen_source.csv:12,51d92c48-455d-4b0b-a848-beee1b3c8520
dosen_source.csv:12,9c11cdca-330f-4a0f-8df1-f69271135202
dosen_source.csv:12,62787fe5-7c42-464b-a9aa-cca593dd5d3b
dosen_source.csv:12,fb90e63e-7f2d-4460-bcdb-fa2d82444f23
dosen_source.csv:12,665dbcf7-1d1e-4ded-888f-bdcc09bb5ee6
dosen_source.csv:12,63d56dab-9b4e-4c9d-9d9e-32c448cd65b1
dosen_source.csv:12,d38e08c2-9a0f-4a6c-af44-e322cf52181d
dosen_source.csv:12,ee5dbb09-2cd5-41f6-8b97-cf5c5660022e
dosen_source.csv:12,85f99118-7506-445b-9263-446eb4e8fd4b
dosen_source.csv:12,594353d5-de63-4d26-bbac-2294729014ae
dosen_source.csv:12,68575928-729f-4439-9238-1cd5d3794eed
dosen_source.csv:12,214c902f-acf0-429a-ad10-9c3ec708b65e
dosen_source.csv:12,46d9598b-ecbf-440d-9264-5d3688b5b93f
dosen_source.csv:12,2511380c-6e79-4d94-a6ee-61bacc72d432
dosen_source.csv:12,6b5d5626-b278-48a3-ae8c-1513407ad1b2
dosen_source.csv:12,3529e92a-36f5-4072-9402-f60e259c4c4f
dosen_source.csv:12,5364aa09-aab3-4805-bc26-95d6b81e9f54
dosen_source.csv:12,82bcd8d6-3909-4ece-9bb9-099567400c52
dosen_source.csv:12,b1329bbb-920c-4f40-9fb5-804c33979081
dosen_source.csv:12,462cff45-2d4b-4b0f-8103-e00837cdf8ba
dosen_source.csv:12,7d62848b-800f-4ced-8321-0baded4a3ad3
dosen_source.csv:12,9d4bd1f3-db6d-4449-9ad6-aae9468dd5ba
dosen_source.csv:12,3125a47a-621b-4fd5-a61e-4246589b1ee7
dosen_source.csv:12,de071c57-1df9-4f89-a509-2e86fe70c3b3
dosen_source.csv:12,a22d4fb2-2c21-452b-81f8-e273cebada1a
dosen_source.csv:12,0ab43374-d8a2-47e2-a06d-3aa7e6a96aa5
dosen_source.csv:12,cdff7835-8f39-45ce-afb3-83b5ee15b2b6
dosen_source.csv:12,be8bf3f5-5c20-41a0-bc96-a6f23016f7be
dosen_source.csv:12,5f217fed-0f51-42fd-a481-fa1fed0ab73b
dosen_source.csv:12,5c67ea75-fb3a-49bd-9a85-d89fd1a3f4ed
dosen_source.csv:12,9671269a-7c5d-454c-81a7-ae043f1e7fbb
dosen_source.csv:12,6fb74fb9-828f-4c9b-a044-2f2391eee162
dosen_source.csv:12,af0100ba-90db-458d-9823-c2ce0c171af2
dosen_source.csv:12,d73cfb7b-4acb-457a-b4c3-5a18a3430f71
dosen_source.csv:12,82f85ee2-2c99-46df-bd14-cf5aed6c43a6
dosen_source.csv:12,67a9ab88-845d-4667-9018-b3b17496c1a6
dosen_source.csv:12,e7c58209-db93-467b-aae6-ddf3b7371f37
dosen_source.csv:12,79bc4d87-4406-4716-acfd-50c1e042e9f5
dosen_source.csv:12,10f792f1-e200-448e-aa63-c4082dd215dd
dosen_source.csv:12,f87bbf3e-494d-493e-8580-710ea7abb064
dosen_source.csv:12,b9812568-0a2c-410c-aed1-cf4d4e96fe24
dosen_source.csv:12,90823bb1-5b13-41f1-8d9c-9a164d80d011
dosen_source.csv:12,a661619f-86ca-4fed-af33-bed1f4af2d0b
dosen_source.csv:12,96c536ca-ff00-4ccd-9a0d-5d48a5b5a274
dosen_source.csv:12,1811dd64-995f-40a0-84ca-9f16a5d7b4fc
dosen_source.csv:12,ceb3dd6d-f8a6-4577-84c8-51df4622b480
dosen_source.csv:12,50799ae8-75bf-4ab2-9da2-7a811bff14ea
dosen_source.csv:12,f9f1c436-89b8-48f8-ab04-d655fd48ceaa
dosen_source.csv:12,573e042d-4708-42ff-ad12-d2789fe39ccd
dosen_source.csv:12,59af7fca-d3e6-45cb-b54d-9a18af99093f
dosen_source.csv:12,5753a339-ddc7-4814-a660-9915c08da18d
dosen_source.csv:12,1cefe859-8b3a-4d22-a3a1-e2f6f7dac02c
dosen_source.csv:12,e61ada72-cda5-453e-8eb6-1ec924bc7d0a
dosen_source.csv:12,ba29ffe5-1680-4066-b5f1-3f045856a00f
dosen_source.csv:12,872c3c09-bd4f-4659-b381-8c5ae8fede04
dosen_source.csv:12,8a31de29-e2fe-4fd6-9446-1ce21f5c02f4
dosen_source.csv:12,6d3a167d-03c5-418c-99d8-025ca24270a2
dosen_source.csv:12,ee3f6ccb-c82d-4094-8179-b3a5630a43fc
dosen_source.csv:12,d864a04f-5e1b-4783-ba1e-733361bf8c61
dosen_source.csv:12,e3311885-16f5-4673-99b5-ba180256950d
dosen_source.csv:12,db76a37a-e0fe-4501-afda-95ed693a0024
dosen_source.csv:12,b43793d6-27d4-4f49-ab21-9d0ce61d0c7f
dosen_source.csv:12,c4dc67f1-e5a6-4573-ba3f-c63d8ad5074d
dosen_source.csv:12,72a0ddd1-52dc-46a6-b9ff-84ab90899b1b
dosen_source.csv:12,fbb05322-7054-4306-a545-9a208ad87d74
dosen_source.csv:12,cd6f2ecb-3eeb-4c8b-b5aa-c635f7445895
dosen_source.csv:12,e4ae4812-6a10-4378-b7c2-6415ff20b699
dosen_source.csv:12,62db4f60-8def-4144-b58b-ad832b6d39c1
dosen_source.csv:12,cdbaa978-66ae-4f62-b392-3c05d7e236b8
dosen_source.csv:12,0e2dbb58-279e-4dbf-8df9-0e604fb250e1
dosen_source.csv:12,83c39acf-6340-43e9-b2a7-5ea7d168cb0b
dosen_source.csv:12,fcc91622-e2b8-4cff-b1a9-ae8714d8abc9
dosen_source.csv:12,1bc8e77d-eb67-4ac1-86c4-d5cedcbc5e08
dosen_source.csv:12,6580006c-6278-4d3f-a404-71ca3f7b23b8
dosen_source.csv:12,aabb9d6b-ed9f-4f92-947b-542563adb11a
dosen_source.csv:12,4ba050a3-2eb1-44dc-9a7e-6cc48664630d
dosen_source.csv:12,4c415794-c4c9-4b1a-bb2a-09d6b6f3e59b
dosen_source.csv:12,9d8013bd-940d-4bd0-927d-bd5d3fa5b5c8
dosen_source.csv:12,ea9169bb-fe63-46d1-982c-3d5280ef0fc1
dosen_source.csv:12,7a6cb3f6-71db-45ba-aa26-ecd2ed9be24a
dosen_source.csv:12,a0dfad00-9474-448d-8d71-ae4d9efebd1f
dosen_source.csv:12,15fd6bcd-5864-45a5-9665-c661cb453a16
dosen_source.csv:12,51183516-b642-4eea-a3f2-2539e65d8322
dosen_source.csv:12,65473fc9-6cea-4b14-b1f4-03c18bee9757
dosen_source.csv:12,4b7b9133-692e-4781-ad42-458b288a16be
dosen_source.csv:12,97d7ca7a-9cda-4ca2-843e-82726f9caf8b
dosen_source.csv:12,6f0d018d-89f4-4976-8ba0-287413c12e04
dosen_source.csv:12,0a947231-c57c-475e-92f7-0604796226be
dosen_source.csv:12,b0557487-3aeb-474d-8c87-43d007117a67
dosen_source.csv:12,ca352a15-a999-4a78-a648-f2454f53b230
dosen_source.csv:12,f1ff6a5f-e2a0-467a-bcc7-f4a982dbec69
dosen_source.csv:12,e99c9c60-677a-4428-9a76-5d098f68ac96
dosen_source.csv:12,17315d4a-38ea-4f07-8a7f-19551b88d208
dosen_source.csv:12,082c8749-8ac1-4d73-9468-7bd72b9f4bd0
dosen_source.csv:12,8a870d60-4a61-496b-bb44-28e164ecad9c
dosen_source.csv:12,3ff3f876-efba-4fe1-8559-5ec2a02cba5f
dosen_source.csv:12,103309ff-6368-4420-8d58-83447701f42a
dosen_source.csv:12,abdda60f-ccff-4571-a954-895f5185fcf3
dosen_source.csv:12,03ac96e9-0de2-4791-b0cc-07db268ad7ec
dosen_source.csv:12,3f54cf1a-b82c-4e38-bd8e-d478ec3146f1
dosen_source.csv:12,8f560a32-69ef-442c-ab9b-d258fb2ae9fc
dosen_source.csv:12,561f919d-79f2-4534-8d47-85e7276120b3
dosen_source.csv:12,171a610f-98fd-40b1-aa2f-1f966f99b96a
dosen_source.csv:12,4b0ee65c-7ab6-4c10-ad83-1c7019cb0aa0
dosen_source.csv:12,fae7d082-9752-44c8-ba20-564d8c653d9a
dosen_source.csv:12,fc5a740e-31ba-4825-be39-d250752379ff
dosen_source.csv:12,3dc7e9bc-df04-49f8-81c3-961cf352c6d9
dosen_source.csv:12,00565a66-ac0d-4c01-871c-bc4011e2b13d
dosen_source.csv:12,5560181e-2948-4203-b18a-9e0497956703
dosen_source.csv:12,2ccb8baa-404c-40fd-b2c4-135405cf127b
dosen_source.csv:12,d90fde72-3880-4612-bb12-2eee939cabfe
dosen_source.csv:12,4e32d6e6-59d0-4d04-b5f9-9027bd984dc8
dosen_source.csv:12,1e7f5536-63df-4ced-b89c-4bc99ee4bfba
dosen_source.csv:12,d3c86d72-19f6-4eac-8a9b-a046885ea326
dosen_source.csv:12,27e1739e-7add-44fe-b662-f5b9ae1eb1de
dosen_source.csv:12,3367a276-d59b-4d37-b918-983223f20f60
dosen_source.csv:12,96192d57-86f8-4639-8da9-32e2166d09a8
dosen_source.csv:12,6969cceb-aeee-45be-bb75-72ab43a05c5c
dosen_source.csv:12,804eb748-79bd-49e0-a0ed-0f9c52b85513
dosen_source.csv:12,2e21a26a-30ae-4d88-a1bd-2ddcd15c42e9
dosen_source.csv:12,c3638ada-8184-4769-9c52-ab792f19fc7a
dosen_source.csv:12,7c3fa267-5458-437e-babc-2baa60b1110a
dosen_source.csv:12,0be6fc82-27e6-4e9e-898d-217afe09b3c0
dosen_source.csv:12,50e9ae5d-4c14-4194-b2c4-5bae6b27606c
dosen_source.csv:12,5b8524d6-f83b-4091-9402-2e3415576ef9
dosen_source.csv:12,d3f5d2f4-3756-4676-a298-b371bf50fbc9
dosen_source.csv:12,c564849a-800f-41d4-8ec4-579ab362d23b
dosen_source.csv:12,3e5e96ba-d15a-4f50-936a-d4f516873503
dosen_source.csv:12,8dc3a136-fa40-44df-9780-830de4d09133
dosen_source.csv:12,f764f943-7c59-48c4-9336-eb1bfa81f8a2
dosen_source.csv:12,6fe879cc-8ffa-41f8-aacd-fdd909c6b15c
dosen_source.csv:12,918b24e8-15a4-4bd6-b13e-5a4ff55916ee
dosen_source.csv:12,c7beed35-6d8a-461a-a3cf-f165fde3164d
dosen_source.csv:12,4bb231e7-51c4-4f11-ba1c-284e7a62a689
dosen_source.csv:12,759d4120-a326-451c-bb4a-0d28fc2e64aa
dosen_source.csv:12,2bcd18b7-ec3e-4055-aa0f-fd8998958090
dosen_source.csv:12,830656e0-d6b1-40bb-9213-72ff05566c54
dosen_source.csv:12,892c8b2f-a2e6-49fc-97ec-10fa5e341241
dosen_source.csv:12,43fea593-f73d-4d59-8665-854835d3fff4
dosen_source.csv:12,735aa105-db2c-4106-a6ca-6b6af518e51a
dosen_source.csv:12,e0d3cf12-6c93-4228-bdb1-ba31f3cdeddc
dosen_source.csv:12,3bf18392-9512-4de6-b5da-65d71041f0c2
dosen_source.csv:12,129cddfc-758e-4c90-a003-ddf4b4b80d9a
dosen_source.csv:12,54dd0b32-7e2e-4351-b168-3cf43d424eab
dosen_source.csv:12,e7982293-4a68-4c89-b862-80d28440fa15
dosen_source.csv:12,5cd9d6a6-8864-42c4-9427-0c8160bbf719
dosen_source.csv:12,fb2cf89d-94d3-4b2b-b65b-dee80c79d151
dosen_source.csv:13,00eb36c2-816b-4a4c-ab4e-21f71028b761
dosen_source.csv:13,dd903de5-ff79-4ebe-bbd3-9ac4dc7ae21a
dosen_source.csv:13,b54deb5f-02a8-44f9-81bd-ff487c040d29
dosen_source.csv:13,28b32fda-78bf-4677-880b-98d7e38f84b8
dosen_source.csv:13,36b773b0-e31b-4732-9a15-0272d7aca7a4
dosen_source.csv:13,d56f572c-7586-4555-ad43-d9a69eb79462
dosen_source.csv:13,f3482be3-0a7f-40c0-8f6a-a2cc54322475
dosen_source.csv:13,2d19047c-7ca6-4da7-bf99-c66b309ed9e7
dosen_source.csv:13,b35522f8-4cfb-4582-8059-bb8b8632967b
dosen_source.csv:13,63478321-4856-47ca-b47c-cd9bc4cef08d
dosen_source.csv:13,a81e644a-46f3-4ba0-8c20-156002e2de84
dosen_source.csv:13,a8c52230-ae0b-4c04-8c47-af8dbce3adbc
dosen_source.csv:13,a9d3c2c3-f724-4033-a507-e96cb006be96
dosen_source.csv:13,c74ac84e-d0af-4b98-ad86-155f445a6e70
dosen_source.csv:13,d40c5626-d6ab-4316-a864-622319d2b128
dosen_source.csv:13,d4a40e9f-ff7e-49d4-8130-5a116c728260
dosen_source.csv:13,312807ea-65dd-4cd4-aa03-d04c763e1b0b
dosen_source.csv:13,ed4774a2-1830-4919-8c97-2350cccbdf0e
dosen_source.csv:13,afdf5382-8f26-4d4f-ac44-4ae63334c344
dosen_source.csv:13,f333a838-02c1-43cd-84d0-5c23d8d9f29d
dosen_source.csv:13,eb4d5203-9658-4ef1-a912-36e33bca6826
dosen_source.csv:13,fdceadbe-42db-4a90-ab11-7214f1778f49
dosen_source.csv:13,ed1e9d8a-bf5c-4b10-a728-b60cec6a40e0
dosen_source.csv:13,4b1505be-e1a1-4525-a745-26eb6fc44bea
dosen_source.csv:13,40c32394-081d-4e14-875c-1d841d9c02fe
dosen_source.csv:13,37f4b3fa-f993-463b-a43d-badc3fd2c8da
dosen_source.csv:13,d5ff66ff-8b8b-4e44-9f05-0a3cdcb7e1a7
dosen_source.csv:13,4082914a-2970-4411-a277-2ff8312df289
dosen_source.csv:13,790d06ce-4183-4e95-8e02-6c91f3c0f7d1
dosen_source.csv:13,abbe998a-91b5-4137-95f3-9f9629f1e7ec
dosen_source.csv:13,5590b833-d59d-443a-826d-aefafe382dbd
dosen_source.csv:13,4bc2c2a1-fe81-429e-9bf9-88074db223f9
dosen_source.csv:13,3da0826b-518e-429d-8095-7d9d69acfb73
dosen_source.csv:13,ea9f4ebf-a8df-420e-b5f4-5c15fccbe24f
dosen_source.csv:13,d0615bd5-3568-4d5b-a2e0-fb45741d622b
dosen_source.csv:13,dc29e8c9-8f99-4054-ac87-df58a718ed78
dosen_source.csv:13,0fe7c44d-4af1-489c-9a10-967f8e18533f
dosen_source.csv:13,c5657137-a007-4c3c-895b-0257e631e8f5
dosen_source.csv:13,0f5509a2-840d-4ec8-941a-0f3991af0488
dosen_source.csv:13,1026bb7a-9824-4bcc-b2c4-1c01934735ee
dosen_source.csv:13,b0ea8bad-fdd0-414f-ac9d-311ff9ffe89e
dosen_source.csv:13,ce0aa152-f90d-46e6-a3ea-762ca89c2df9
dosen_source.csv:13,09ab0231-0105-4b40-95f0-5f8a75616a89
dosen_source.csv:13,736fb1b7-19aa-4d9c-a986-1a8ab9d5e81c
dosen_source.csv:13,94f72404-5af9-4e8d-9ce0-111d0b7c42e0
dosen_source.csv:13,cf88c74d-627b-48d2-a1c0-fbcd35fbe71a
dosen_source.csv:13,6f57aa61-5e77-45fb-90f5-7d577270b2d9
dosen_source.csv:13,19dbda33-7e5f-44fa-b3e6-347658befdc3
dosen_source.csv:13,30185cc8-dc7a-45c1-8046-a3b9a9e2f562
dosen_source.csv:13,a0f447e0-9e6a-401c-b447-e3c1d9f9d0d1
dosen_source.csv:13,6744bd01-b3c1-44fa-92c3-7bad66bd208f
dosen_source.csv:13,729e89ef-1d8f-4cea-a6f3-daa3e2c837bd
dosen_source.csv:13,26f100b6-eb43-42f0-9868-2704310e8ea1
dosen_source.csv:13,79d9c9e9-4572-447a-9d56-06b1b0846bb5
dosen_source.csv:13,884ca4bc-b448-41bd-8c9e-9681a6bf74df
dosen_source.csv:13,d4139c12-00a8-49c7-abcb-86cc2b28d6d5
dosen_source.csv:13,a9dcc780-92af-43c6-9fa2-0e2940aa1c54
dosen_source.csv:13,5c03cbe4-692d-4555-bc61-4081dff0ade7
dosen_source.csv:13,b7a4dd3d-3e98-41f7-a79c-019101562f12
dosen_source.csv:13,c24d8dd0-84c3-4bc0-82c9-4160d1f88a36
dosen_source.csv:13,412e3bb2-ec3e-40ba-a1b9-8fed8c30d640
dosen_source.csv:13,554a5426-33f3-4d5f-9663-73a9bdf01d59
dosen_source.csv:13,e00e669f-506a-46fe-8f04-b2fc85c255fa
dosen_source.csv:13,a89c20db-5369-4407-a2d7-4af2192beac9
dosen_source.csv:13,4d0c86fa-1119-4092-b3ab-d55651972724
dosen_source.csv:13,5fd6fcd3-a543-4284-be24-1bed875716ff
dosen_source.csv:13,e6af2aa4-9749-4a20-bf6a-17c70081b985
dosen_source.csv:13,b8cd3a8d-6cb3-495b-9e8c-5a7219ebeacd
dosen_source.csv:13,b758221e-4470-4be3-93aa-ddd6d5e1681f
dosen_source.csv:13,20e12b24-1496-41a5-8014-551e28cf5115
dosen_source.csv:13,78520be4-898d-4233-aeb4-e54f3fbdd729
dosen_source.csv:13,80aeadfd-66d0-48f4-b00f-430c3e35090e
dosen_source.csv:13,de170319-d30a-4318-9a94-19527a06f901
dosen_source.csv:13,76289c36-5441-4cd6-b05a-6bd9ecfe7301
dosen_source.csv:13,2ce5cbad-b09f-4cbb-b391-277d5631f990
dosen_source.csv:13,c582f745-d498-49e4-817c-7837567cbd5d
dosen_source.csv:13,edb6d677-c23f-485b-ab61-da2bc426fd9c
dosen_source.csv:13,a643beb8-9f32-4b48-af79-0acc54a35a8a
dosen_source.csv:13,783888a9-e802-482d-8ca7-76331b6e7b8e
dosen_source.csv:13,ccf2c306-3697-4e84-9a81-2aa1cb0afa87
dosen_source.csv:13,a233d839-bf00-4179-a80a-b07b81fd5897
dosen_source.csv:13,0833b67a-01ab-4816-bd0b-a85652c51fbc
dosen_source.csv:13,aa64d7b2-8f8a-4825-8d57-995d98d4a414
dosen_source.csv:13,f8c12ddb-e4e5-4e78-b32a-d0ddf40e679f
dosen_source.csv:13,724c6947-f910-4eae-ad91-bca8331ffb6d
dosen_source.csv:13,70be719e-6a3e-4953-88e7-1b2776bfa8b2
dosen_source.csv:13,55c8c569-8143-4c2c-a59f-d31ba4e8b927
dosen_source.csv:13,318b06f8-fe97-4940-b112-a8d796d28299
dosen_source.csv:13,86f626d5-c4df-49e7-888d-d51160cfb107
dosen_source.csv:13,2b47746f-8214-401f-9e4a-50f82aa111f7
dosen_source.csv:13,fc849270-1ced-4e31-bf2a-7deef752ed68
dosen_source.csv:13,f1a1212b-e5f8-4610-a595-41edf512768f
dosen_source.csv:13,820f0a64-f0c0-4412-9cac-938f91b45c2e
dosen_source.csv:13,1e616477-da7e-4d65-a4a5-5d09df21c11e
dosen_source.csv:13,84ff1293-564f-4b95-a7db-ceab6af40b97
dosen_source.csv:13,9279d68a-84fb-4c7a-81cd-09d06a6ece19
dosen_source.csv:13,f009f7cc-0743-442d-8a73-07d12f997d99
dosen_source.csv:13,6038484d-da8c-4238-a955-ffecd8bea9f5
dosen_source.csv:13,1e74d729-8de0-4034-9074-910a500a7946
dosen_source.csv:13,11fe9471-58be-42b4-b8ea-430c9dff6dd4
dosen_source.csv:13,91effcdb-9218-4d54-8402-098f59dc5648
dosen_source.csv:13,34304610-c817-4289-9be2-099f4ecc0e18
dosen_source.csv:13,701dbc29-b3e4-4df3-987d-1214c84e30c4
dosen_source.csv:13,b5cb9fb6-27f7-4ac6-afc2-a7273af1e15f
dosen_source.csv:13,dcd31150-0075-4c4a-b625-1fe996966592
dosen_source.csv:13,62c06cc7-8c9d-47ef-a707-51dbe3b3d2ab
dosen_source.csv:13,9fb8e03b-9367-4d3c-a98b-0b1e362d8137
dosen_source.csv:13,794b45c3-1c95-4175-98a3-f6bb8361a553
dosen_source.csv:13,2ce67512-6965-4f42-9bc5-c203d4bfdd78
dosen_source.csv:13,b8917266-b83c-428a-b607-ebb9a44eda9f
dosen_source.csv:13,6ccbe7a7-9d6b-4cd9-a7f5-c9f7b6ac086c
dosen_source.csv:13,4419c3df-db00-406b-92e7-65bce963951b
dosen_source.csv:13,867e4ed2-72b8-45b5-8353-8c24ff280059
dosen_source.csv:13,cd8f628c-bbdb-4eaa-a98e-85d6c6c6aafe
dosen_source.csv:13,e67632a3-82d8-4c66-96f2-3f9d1cc632b4
dosen_source.csv:13,38c859b5-eabd-427b-b9d1-3dc2f4ee12b0
dosen_source.csv:13,e1f793c5-7009-4692-bf71-7d916aadca32
dosen_source.csv:13,13ba044c-e3b9-4c45-8e29-07a87572c8d1
dosen_source.csv:13,a92170f7-ab24-478a-920a-29537394a41f
dosen_source.csv:13,4993a5c2-af5d-4dba-a3ef-87f082a11f7f
dosen_source.csv:13,9555d698-16e3-443a-ab42-b8763e336bb3
dosen_source.csv:13,d88f48d2-6a30-4e2d-bd05-eb036cd79305
dosen_source.csv:13,c1f843fb-7334-4b9a-95b1-1766db00109e
dosen_source.csv:13,d3cd2283-82aa-45d6-8542-ae1f7d536792
dosen_source.csv:13,df0412fc-5836-4b11-afe1-a900d0219fac
dosen_source.csv:13,470156c2-c241-4f97-b4f4-695833530aba
dosen_source.csv:13,37816498-250b-4c09-9c41-a22de6d0eaf9
dosen_source.csv:13,47fee23a-9446-4216-b112-0173ea8b6ae8
dosen_source.csv:13,60d9899d-0d20-42be-9223-6921b261ebaf
dosen_source.csv:13,d54df95f-0b02-4c90-a78b-21904b676f13
dosen_source.csv:13,2645ad38-30b1-4d52-b376-47f3b4833cb4
dosen_source.csv:13,3fc5b8ff-272a-4ef4-b1d2-4d67ef93aacc
dosen_source.csv:13,17ecbb55-2c4b-49f0-9641-a50e99622271
dosen_source.csv:13,93dcf970-f3b5-418b-b534-5e0133bb3383
dosen_source.csv:13,4d5597a6-120f-44d9-879f-b1d0a4bc2ee2
dosen_source.csv:13,e98c6ba5-1e71-4f22-96aa-d3f5ebbba06f
dosen_source.csv:13,3e0ec8fd-2985-45bc-b557-358c05a4d37d
dosen_source.csv:13,a6198110-dcff-4409-b21d-532f95134be8
dosen_source.csv:13,7598b504-958a-429f-9ed7-b9552e5927b7
dosen_source.csv:13,29ed0afe-5410-4a3d-900b-3ae1bd486971
dosen_source.csv:13,8131239b-5c20-413a-b942-f618af362aaf
dosen_source.csv:13,5ef257ff-f383-4888-9b06-d502dd1f17d5
dosen_source.csv:13,fbb05322-7054-4306-a545-9a208ad87d74
dosen_source.csv:13,a1a8fca0-2614-49e7-a90b-1a6498acd691
dosen_source.csv:13,105c1fdf-7ef4-4d93-95fd-75df79fce7d4
dosen_source.csv:13,ddb73adf-5516-4cf7-8c05-4ab4e5647821
dosen_source.csv:13,7729e584-a21b-4fce-a9d1-9a21ccc0cbc4
dosen_source.csv:13,96a0ba85-c680-4274-ae0d-8d18806a07d4
dosen_source.csv:13,b62a4549-71bc-4c2d-aa74-21455a5ec6a9
dosen_source.csv:13,4ba050a3-2eb1-44dc-9a7e-6cc48664630d
dosen_source.csv:13,f9fc5f7b-8bdd-446d-bca0-9e3966e88987
dosen_source.csv:13,9d364ee1-eb08-459a-a8a1-fbd2d3666250
dosen_source.csv:13,55ad020c-cec9-4bb0-8c16-92fd5aaa07de
dosen_source.csv:13,efaeca76-e520-496f-a630-0d43dff5a7ac
dosen_source.csv:13,babb12dd-2b1f-4196-927d-f46cba8a6a0d
dosen_source.csv:13,61faaf35-0f9f-40c2-986d-21af788c3286
dosen_source.csv:13,4602fe77-a89a-4f97-a3da-d9b21e2155b2
dosen_source.csv:13,edf2ce6e-9798-40f8-8e65-0d320a0e0d83
dosen_source.csv:13,ee72cb9d-a0f0-413b-a17c-6b74669f4635
dosen_source.csv:13,3afcc473-a8c6-48d4-aee7-cab8407f18c9
dosen_source.csv:13,d8558300-61dd-4cae-9c9f-c122a5efdc1a
dosen_source.csv:13,ae4c7f62-0395-48a7-a7e4-a37da710a3c7
dosen_source.csv:13,2db5622d-1dd1-4591-b30e-4a54cd19372a
dosen_source.csv:13,888eaacb-30fe-4ecf-9c2f-53eb56d09c9c
dosen_source.csv:13,d9aa89e7-4688-4637-b30e-7c5bad4ab1be
dosen_source.csv:13,5be30c33-eb91-4ee4-98a6-da0604d93a28
dosen_source.csv:13,c3b4cf61-837f-4dd6-9860-7774fa51ada4
dosen_source.csv:13,2eb00003-30a1-430b-a7ed-ed496bc9e060
dosen_source.csv:13,9e12d413-6fb5-4a88-a504-a7e830e8db67
dosen_source.csv:13,ccd114d4-04d0-45ad-b7ab-c2b1bb920182
dosen_source.csv:13,73962d2c-f6e2-449e-a9b5-cd5baa91b926
dosen_source.csv:13,30121152-72a6-407e-a410-c42974b9702d
dosen_source.csv:13,54945dc0-e92a-4ba8-a50d-c1fe52f723f6
dosen_source.csv:13,fbaec499-c3ad-4522-ba57-327a179716ba
dosen_source.csv:13,0b1ee458-51a6-451c-b8eb-c5a5791124bd
dosen_source.csv:13,24cbf36e-60f3-44f5-b0c0-fbcb56fab578
dosen_source.csv:13,851aa713-f292-412f-8736-46e08b12742f
dosen_source.csv:13,da8de9f8-0b35-46f1-bd13-f198b5abf15a
dosen_source.csv:13,97d9467e-83d2-4e51-a242-a846ea2cd935
dosen_source.csv:13,177d8536-2114-4e43-9bbd-51fcb708d2cc
dosen_source.csv:13,9a2667ae-0570-4ebb-bd6e-e44e916e075e
dosen_source.csv:13,dce9b628-ca3e-4c48-bad4-4ea3bca2992a
dosen_source.csv:13,00678040-c489-44a0-ad67-ffeff263da22
dosen_source.csv:13,9b44be7b-6eb0-4d22-89c5-514df1328deb
dosen_source.csv:13,ea8bfed4-2048-4284-842b-d7a6b6310d78
dosen_source.csv:13,617a1bfd-7cc2-40e2-926f-ebdcfdfcb6c7
dosen_source.csv:13,adec5bf9-385b-450b-8a3b-888d506b17f4
dosen_source.csv:13,444ce43d-3a0c-43c7-b368-d1cf48c58ac5
dosen_source.csv:13,89d73aaa-ff98-4901-afa0-f66f0b9f88c2
dosen_source.csv:13,ee0edba3-8949-46da-b6ee-1a2f467fba68
dosen_source.csv:13,81e0358a-1de6-4787-8e1c-711e01b95c07
dosen_source.csv:13,4ef5e7b1-231c-47ef-9d3d-418e4facf392
dosen_source.csv:13,ed4e50ca-370f-4b8c-934e-b7ecf5c2c4f2
dosen_source.csv:13,7e43d5d3-f217-40ed-b256-d1d0c16e376a
dosen_source.csv:13,04546f6d-b176-43eb-8576-b32d556e8ee2
dosen_source.csv:13,cf9950c6-11f3-4768-b380-161aefbab550
dosen_source.csv:13,64b3ec08-225b-4e7f-b22f-154a681ba5e4
dosen_source.csv:13,4bf1b6c0-ecbf-4028-97f7-330e831cf27b
dosen_source.csv:13,d2ba3609-dc94-4c82-a2f2-a31b59f4c3de
dosen_source.csv:13,0b14a6bc-82c1-4891-a444-fd235c530405
dosen_source.csv:13,c0ed15c5-5dda-4eab-91b3-a1ff8f2f2b80
dosen_source.csv:13,8187ef88-791e-493a-955d-0136352f7d04
dosen_source.csv:13,676f76e1-4f1e-4ec6-8012-2c8264d40bca
dosen_source.csv:13,6ef1a510-647d-48a1-a51a-b1ff3d35f00f
dosen_source.csv:13,e11c41d6-74bc-4ba3-ab87-34e60263106a
dosen_source.csv:13,0a517bf6-e5e3-4940-860a-944fb89b8f27
dosen_source.csv:13,418f0125-4634-40b6-a30a-0e68dbd8eb07
dosen_source.csv:13,2dd171ec-2580-4835-8ba5-efbc789dcc98
dosen_source.csv:13,682c647d-eceb-495b-a7e5-989b9e960901
dosen_source.csv:13,5d4e8ee5-7f81-4c6b-858b-05f09c69a8d7
dosen_source.csv:13,a0e9b8c4-0d29-4ba5-a24a-cda801128bdb
dosen_source.csv:13,e31c3975-fa83-476e-a64e-eb77222e297a
dosen_source.csv:13,70f66177-e1af-42d5-84f4-14625cdb2af5
dosen_source.csv:13,87a8344a-1bde-4b3f-a6e0-a6073c46eddd
dosen_source.csv:13,c5ce22fe-a1b0-47ca-a550-badbf5d75595
dosen_source.csv:13,2224cbe0-236c-4dac-b120-ebf8c6636ab8
dosen_source.csv:13,9425de73-f417-4f62-b2d2-a4df515f6bd3
dosen_source.csv:13,115689c4-d7e8-4ca3-a3b6-d364925ac54c
dosen_source.csv:13,32e746a5-93ac-4ea2-9457-ce8ef379f8a3
dosen_source.csv:13,ae82087c-a06a-4d00-9692-74f36c0bcfaf
dosen_source.csv:13,dcbef654-70e0-45f6-8aa3-ae131f0936ab
dosen_source.csv:13,0aa0c73b-8919-4297-8249-1f4a3008c7e8
dosen_source.csv:13,dcc4d163-4d65-4360-ba40-1f1438bc0025
dosen_source.csv:13,df6e383d-6b69-4e39-8dc5-965d902b7c06
dosen_source.csv:13,be4dd0d0-7ac4-41f3-9fa5-0f36dc2d550d
dosen_source.csv:13,cb133fc5-c9b1-4c57-8d45-ce0eb03bfb14
dosen_source.csv:13,7ff6dfc8-5498-4e71-a60e-51172c046c19
dosen_source.csv:13,07f89758-b187-4962-87c5-a32b102299cf
dosen_source.csv:13,944f02e5-d954-4c9e-8de6-fd30f5c5a4c0
dosen_source.csv:13,dd5418c4-3473-4afd-a592-bb0aa3f0367f
dosen_source.csv:13,b9e107d1-21e8-402c-a877-d8c7db94ee66
dosen_source.csv:13,cf80704a-ad7e-4de5-bc32-83921b177ef6
dosen_source.csv:13,b377dc7d-ac42-4dec-9f6b-18b745f8d1b0
dosen_source.csv:13,54921013-87bd-41cf-9240-bdcc9d117def
dosen_source.csv:13,4b631ba0-4a0f-4438-b0fa-1850b9998348
dosen_source.csv:13,93408b2c-6ce7-4ec0-8512-e51bfb8acc2c
dosen_source.csv:13,1d1c5fd7-683b-48e5-b810-394165e655ac
dosen_source.csv:13,48193ee8-59ba-4ada-ae5d-f2a49bbcb083
dosen_source.csv:13,a504d3db-57c1-4cfd-8af6-e006c274de11
dosen_source.csv:13,f61b461e-615a-4b6b-a429-e2fb25c84a90
dosen_source.csv:13,93e1eee0-c9a0-4645-8aa0-7e8e295c3940
dosen_source.csv:13,0b0525d0-f713-4355-a180-7d7cadf54c11
dosen_source.csv:13,de50e0a8-0bae-4d38-b458-428e72981671
dosen_source.csv:14,223fb9fa-e048-4117-8d55-c81d4427074f
dosen_source.csv:14,eafa08a8-76ec-4c54-ab9c-750314997f4e
dosen_source.csv:14,4855a6eb-a7f4-48c3-a17f-5fe3e51946c0
dosen_source.csv:14,1aff4a2e-a957-4de5-9bcc-6872f1ab4c33
dosen_source.csv:14,2de2ffbf-23b3-4ed8-b4b3-21b68498b5a6
dosen_source.csv:14,c618337f-e9f3-4868-b9ed-e05be990bb44
dosen_source.csv:14,ab4dfba8-9d1b-4d7f-9986-66f38500250e
dosen_source.csv:14,a1bbda55-d4d1-4a28-abfa-f41888262005
dosen_source.csv:14,e0c96db6-7eac-4cf4-9910-715e5bc2b525
dosen_source.csv:14,8d756ac2-946b-4434-b725-42d7c51f623e
dosen_source.csv:14,4169d2f2-eafb-414f-8c68-7f5662739bbb
dosen_source.csv:14,c12bdcc5-f35f-4985-8841-826e76d86d32
dosen_source.csv:14,aeb198ee-1adc-4db8-bd62-d5cc510d5ace
dosen_source.csv:14,9f4fde04-ca68-4a2b-85ad-f4dccab4d9c2
dosen_source.csv:14,69397d21-f888-4652-85e7-d0f38257b481
dosen_source.csv:14,59fe900d-9a78-4e67-8674-48ecd89b11f8
dosen_source.csv:14,237e47de-a0f3-46e2-81f7-5657c5052288
dosen_source.csv:14,0bc0242d-e83c-4a26-a07e-513a5b6497ac
dosen_source.csv:14,ad8c9a3f-e440-4ee8-b8ff-b039a0a7a0ed
dosen_source.csv:14,49daac86-af38-43ca-aff0-0093cf35b3d6
dosen_source.csv:14,babd28f3-3df7-4a5a-94bb-599d716f71f6
dosen_source.csv:14,dbcf54ab-6db3-4cc8-930c-85b939e41163
dosen_source.csv:14,5d72058d-f9bc-4b74-b969-2900d0f744d4
dosen_source.csv:14,68f6df32-7770-441b-ad80-222ecc0db6bf
dosen_source.csv:14,0459d203-ecc5-4213-af3d-fdc4a4c9125c
dosen_source.csv:14,e93fd883-b6be-43cd-99c0-f204f707bf9e
dosen_source.csv:14,54123ca3-3435-4a5d-9c61-b2ae49dece3c
dosen_source.csv:14,e9a13107-3462-4e28-abeb-06a25318a74a
dosen_source.csv:14,291e3501-c450-4697-b779-9580b8116eb2
dosen_source.csv:14,7e4f2b33-755e-45a7-865f-72081ed24039
dosen_source.csv:14,cae46aa6-f76b-4edc-b84c-b3c0859f1f00
dosen_source.csv:14,d10c22fb-bb68-4393-9348-1b40a7a81d23
dosen_source.csv:14,d63cb334-49b6-4d3a-8aff-c47a20f69022
dosen_source.csv:14,60e02531-646b-452c-9b7c-28291d6f9562
dosen_source.csv:14,68926673-2a18-4855-b0fd-6c7d97f13de8
dosen_source.csv:14,fc339dab-e721-4e94-b9e1-37dc0804b13b
dosen_source.csv:14,bcd53ae9-9e63-4373-9a1e-c4f1329ca190
dosen_source.csv:14,6f19c3cc-3d31-4895-9312-624a7dcd5182
dosen_source.csv:14,4cc6342c-25d5-4e8c-85e2-32c72873be2b
dosen_source.csv:14,aba0e081-69cb-4a47-a9ea-eb35dd3ad694
dosen_source.csv:14,973e3ebf-ef1e-4e0e-a10d-1eac4f5bcddf
dosen_source.csv:14,20c7498b-a66c-4f60-af50-4b5e788a5e9e
dosen_source.csv:14,c59f8fd0-9a4d-4cea-b7ac-464e3bdc681b
dosen_source.csv:14,372557e8-9503-43c5-94d7-03d5acb9f527
dosen_source.csv:14,1fb8015e-81cf-474a-beb6-50201ca5ff1b
dosen_source.csv:14,387acae1-6502-49c2-b38f-8616fcd31a0c
dosen_source.csv:14,055823af-9672-4dec-a570-92e0050dc649
dosen_source.csv:14,5450f8d6-d951-449f-ac80-ff9ba5fb9656
dosen_source.csv:14,a5b12b92-08d2-44c8-a48e-73de75f63431
dosen_source.csv:14,7bf05986-f5b3-4fa4-b28d-659c59138aeb
dosen_source.csv:14,1be87e23-78fa-4b1b-847e-8933d4a6e369
dosen_source.csv:14,f1979a72-fc7e-466e-a1bc-dc2b9a180b9e
dosen_source.csv:14,182ee2d5-368b-4549-8a6a-abd2fce447f5
dosen_source.csv:14,5426ae4c-978e-4c4b-a9a6-ffaf09cb3443
dosen_source.csv:14,3699f533-3864-482c-b72a-c0a917c30db1
dosen_source.csv:14,d14a5150-1797-4857-b728-f4eff2502eaf
dosen_source.csv:14,45ac65de-9d0d-4d32-b0d7-d896b03350dd
dosen_source.csv:14,563c4837-21b6-46b6-a3b3-0debbb7b8c72
dosen_source.csv:14,0e0c869f-eadc-4e89-a43a-7efe541942ab
dosen_source.csv:14,75d51d2d-2326-4d5e-add7-82dbe31b2da8
dosen_source.csv:14,9ffc2d53-04d6-446a-8281-4b359e4d8035
dosen_source.csv:14,a60fa661-0b66-4a3b-83f8-24d1b2505c6f
dosen_source.csv:14,4b656e74-6760-4dc5-8799-85bb84ca1435
dosen_source.csv:14,303416b2-4c77-4983-bf06-c5f828cf3f0c
dosen_source.csv:14,8af538ce-1a7d-40a7-b524-441edf97f462
dosen_source.csv:14,acaff4c2-1cae-48de-a7bc-045ffb0fc2a5
dosen_source.csv:14,03617b24-fa6a-492d-987a-0d31ca634331
dosen_source.csv:14,4a9b8689-ff41-4418-a254-94f501583c26
dosen_source.csv:14,4917411b-20ad-4d6d-8b4a-5fb03158de61
dosen_source.csv:14,04a52226-2beb-4e00-8abc-1fee166610f7
dosen_source.csv:14,c99e020c-00df-4d0d-9721-12596cc83cdd
dosen_source.csv:14,fbf4cbb1-99f9-47ea-9979-6b83f9d3e33c
dosen_source.csv:14,29ed0afe-5410-4a3d-900b-3ae1bd486971
dosen_source.csv:14,ef04e352-54a6-4e27-83fd-ad4daf5ec3f5
dosen_source.csv:14,c820b14f-02a1-465a-887b-dd1c4041bd25
dosen_source.csv:14,b7f73ef9-9c17-4d51-af14-e6a5acd3b441
dosen_source.csv:14,a7592d31-5064-4a5f-87ae-19c6c6edeab6
dosen_source.csv:14,c423db61-42da-485d-b7b9-0a16c17de9f2
dosen_source.csv:14,e2687b82-67d2-480e-b256-5f82d6dd74e2
dosen_source.csv:14,0afa5e4f-a601-441d-a3f6-b74abf20ad4a
dosen_source.csv:14,e5f49153-a7ee-48dd-adca-00505d46c556
dosen_source.csv:14,13e120bb-60fe-4cd5-bad2-c59278d4b3f5
dosen_source.csv:14,617149ce-9c70-4b4f-83d9-309ed575b883
dosen_source.csv:14,7c9b4c0d-bb3e-4566-9ba3-0f9dc4d83449
dosen_source.csv:14,bf891e63-f2b4-465f-8ead-d0c6150f0b56
dosen_source.csv:14,f50e4fb2-1a78-41e4-a3aa-287aa72a6268
dosen_source.csv:14,acb1a480-46e0-4f53-8383-d0362f7236f9
dosen_source.csv:14,ff5a35a8-833d-4674-9b84-44178773bc48
dosen_source.csv:14,95336dec-76dd-4536-b7a9-b33de695a5b5
dosen_source.csv:14,57b50bde-0b98-464d-9033-421c3487e0f9
dosen_source.csv:14,43668fa9-6800-42a0-93c3-52b586234200
dosen_source.csv:14,8eee0d63-2cfd-41d4-acd2-0c00baba13f1
dosen_source.csv:14,e17a4348-e2d9-4aa7-b36c-13b16b3f7472
dosen_source.csv:14,be0888d2-9cc9-40ea-b5bf-76f503011078
dosen_source.csv:14,de0b082f-19b2-40cd-b1c6-051b3abf4764
dosen_source.csv:14,f21488dd-c3d1-4f6c-8ef1-1ff10b0da56c
dosen_source.csv:14,4ded31c9-aa9c-423f-a5d0-46aeaadd74a2
dosen_source.csv:14,7f9211f7-8836-4ec3-b2ff-4851f51dc6b9
dosen_source.csv:14,81e0358a-1de6-4787-8e1c-711e01b95c07
dosen_source.csv:14,85edc4be-b3f2-40dc-9960-e8934b06caf2
dosen_source.csv:14,e8f48b23-90b2-441a-8d4f-6ff87a049ec8
dosen_source.csv:14,549e4826-1dee-4686-9527-156708bdac3c
dosen_source.csv:14,8491df04-47cc-4219-999c-ffd7778e1231
dosen_source.csv:14,5bb680f1-aedb-401c-9c26-4c82e343a18d
dosen_source.csv:14,23151db1-2a9c-4539-a14c-c03d2ad6d8c5
dosen_source.csv:14,d34ddf2c-0030-4bcd-8184-1a2d6275179a
dosen_source.csv:14,5abd1abd-360f-4a70-b1f9-0f8612b990bf
dosen_source.csv:14,976374e3-3dc8-4dc4-990e-44a122b1c719
dosen_source.csv:14,37ec4862-f4f8-4bdd-a98d-535920006b7e
dosen_source.csv:14,2249f1da-17e5-44bb-9fea-918be2662ad7
dosen_source.csv:14,ab16d217-e5b9-4d7f-8700-eb7c6236b4da
dosen_source.csv:14,acb576df-bfe7-411a-a109-6abaee93c2cf
dosen_source.csv:14,d6f2411e-67c4-4d8f-ae79-1e636b1829f5
dosen_source.csv:14,a305ebc6-fc70-45ee-9648-0be199f213fc
dosen_source.csv:14,8187ef88-791e-493a-955d-0136352f7d04
dosen_source.csv:14,c4e572ce-8476-410c-a913-b8e9c3cd882c
dosen_source.csv:14,4cd40896-f8a3-4264-b385-61863b9b5e27
dosen_source.csv:14,be240f98-b02b-4eb3-aa7b-e2201c5f5890
dosen_source.csv:14,a44ad40c-c6ee-45ca-926c-f7b5c14e018f
dosen_source.csv:14,091831b5-d183-488c-998a-d6ba7beff1be
dosen_source.csv:14,c6393d75-fa38-4712-9dd3-2d7694278c85
dosen_source.csv:14,a6d76eff-e0ca-434e-a8d6-24b52e994deb
dosen_source.csv:14,cb70d2de-f932-4b27-9525-eaf8f34d6883
dosen_source.csv:14,c19c8035-013d-4ba5-81f1-f9ddf8e92739
dosen_source.csv:14,b4f1d7c5-23c2-4f8b-abce-4d3830e6a8dc
dosen_source.csv:14,626f38fe-b8cb-466e-8a82-5ef3213bac21
dosen_source.csv:14,27538022-fd21-4fa4-bdbb-f32204a75d65
dosen_source.csv:14,ae69fc7a-3139-4f59-a7b9-b328d5a8e540
dosen_source.csv:14,8a9f703f-1003-4a27-8bb7-0ab578ebdb94
dosen_source.csv:14,daa52303-554f-43b9-aa49-e6dcd036bc14
dosen_source.csv:14,c4f32e3e-da59-4f76-8325-935a098e4ed7
dosen_source.csv:14,89b16f12-68fb-4fab-87a8-22dc285d656a
dosen_source.csv:14,f5bca401-ecee-4f42-9c71-f042600740b0
dosen_source.csv:14,af20688c-39ac-44fa-86de-5868a3dd3f62
dosen_source.csv:14,a64683e3-26fe-4067-a53f-035d697eed9a
dosen_source.csv:14,6233e2ac-37e5-4c0c-a773-95ef4cf6b7d5
dosen_source.csv:14,3f2f1d78-d38f-4af0-9ab3-99408704578e
dosen_source.csv:14,53067678-339c-4b04-9a82-6206682992fa
dosen_source.csv:14,45fd0b2b-5c91-4cb5-bfd5-1ffb96c20cd9
dosen_source.csv:14,3bd7bb2d-2b5f-4544-a03c-8601509c0258
dosen_source.csv:14,22eefe9d-d0dc-4777-8810-8b9c676b4087
dosen_source.csv:14,877fc33e-66bf-4f20-b2f2-b3db869c822f
dosen_source.csv:14,582dbc10-e366-4f06-875a-c3e3e59d400a
dosen_source.csv:14,84ba4a91-ef71-4aba-9a77-75ff005bbd57
dosen_source.csv:14,c8cc1d78-d92e-4121-99c4-57eaafa6d0cd
dosen_source.csv:14,bf568f04-a920-4455-b281-19abe1c12864
dosen_source.csv:14,8c20c317-299f-4538-ae52-83346d79a88a
dosen_source.csv:14,83a40f05-9bbb-4634-b4bd-36ae81bd2bdc
dosen_source.csv:14,dcc06791-90c5-4ea3-bd59-3a3beb4ffabf
dosen_source.csv:14,ba12e839-6698-4c90-9d16-3da10ecf1c27
dosen_source.csv:14,8f2dc174-2571-4b3b-b3f5-7324cfdfe21d
dosen_source.csv:14,0a3a6be4-749f-4260-8b99-06f665aa52bb
dosen_source.csv:14,f98875e5-c2d4-473c-ac9b-c11ecffca9ed
dosen_source.csv:15,80281c11-cf92-49b3-9f66-0e9c706c810b
dosen_source.csv:15,1324e69d-121d-4d15-9dc7-f246c670b6d5
dosen_source.csv:15,98e1ada8-27cc-4f4c-af1b-9d38c9fac8ed
dosen_source.csv:15,b2e9e099-b46c-4175-898d-167a14b65131
dosen_source.csv:15,f2f8d6d6-aadc-49ba-b0b1-612a6c9894a8
dosen_source.csv:15,2c957878-b921-4046-a67b-9b7ee0ee2f2c
dosen_source.csv:15,03580df9-87b6-46f4-9c34-bf310edd3f47
dosen_source.csv:15,531ac418-be53-466b-96dc-5c5254b0ef83
dosen_source.csv:15,4e38e807-c1e9-4cea-9993-644b4f97074c
dosen_source.csv:15,05718a68-f36f-470c-ab27-af6cfc4e9d5a
dosen_source.csv:15,4b1505be-e1a1-4525-a745-26eb6fc44bea
dosen_source.csv:15,bb1dc927-014a-4d68-8288-7910b0191ff8
dosen_source.csv:15,fe1d4c2f-6bce-430b-982a-717a1389eb52
dosen_source.csv:15,36e678ab-58d3-4e0e-b41f-614c20ea32df
dosen_source.csv:15,285631c9-6b57-480c-b8b8-a88aa08416cc
dosen_source.csv:15,60e02531-646b-452c-9b7c-28291d6f9562
dosen_source.csv:15,3e90e280-fde1-423f-a5c7-a955f31421af
dosen_source.csv:15,3d67bcbe-6d20-4023-8688-50981e8e7d47
dosen_source.csv:15,767a989d-da4e-492c-8866-8837ea9ce6c6
dosen_source.csv:15,1fb8015e-81cf-474a-beb6-50201ca5ff1b
dosen_source.csv:15,22aa84d4-c44e-4563-86a1-8f8ea9c43a11
dosen_source.csv:15,0dd76858-2017-452b-b890-102d096f8cc5
dosen_source.csv:15,0e2c121e-5353-4621-ae2b-b580f8116fb4
dosen_source.csv:15,b0363af8-a1a9-4fef-9224-b60884924ecb
dosen_source.csv:15,7e3cd2bd-fbe5-43d6-a6b0-82e6498ff603
dosen_source.csv:15,092528a6-9a0a-48ab-acd4-199788b73f20
dosen_source.csv:15,cb99d8c4-d756-43f1-9dc4-ff7e04101801
dosen_source.csv:15,1d9ceba7-efbf-4ec3-a8d1-c0a09cf15867
dosen_source.csv:15,7b7831d1-e7c4-47f8-8f90-c8a52d4cb1f4
dosen_source.csv:15,4fc20e13-b5b4-4d28-8020-3d767d503d40
dosen_source.csv:15,cc8c24ec-3af1-45e3-9af1-35b07376f66f
dosen_source.csv:15,75948108-8420-457d-bb28-702224c43095
dosen_source.csv:15,2e81a4fb-9a49-46c4-953f-13befc96643c
dosen_source.csv:15,d7be27ac-3cdb-4579-b25e-76b883e09158
dosen_source.csv:15,e2a4464c-29b8-4764-875e-32150741d1b5
dosen_source.csv:15,a0ec628c-6aba-4b8c-9863-e2cc5dea367e
dosen_source.csv:15,c115dee6-3e52-48af-b001-074106e44671
dosen_source.csv:15,6f930b39-f101-4549-b6e9-9bdd3ab50314
dosen_source.csv:15,e36c5c78-2343-4290-8351-9d475c17f29e
dosen_source.csv:15,ca09ddc6-b15d-4bf0-8398-08cf6bb5d565
dosen_source.csv:15,26466f74-94f7-4983-9014-2bd4f3808fea
dosen_source.csv:15,e50dd76c-38ba-4f23-8f32-89a3eb318ae8
dosen_source.csv:15,75d51d2d-2326-4d5e-add7-82dbe31b2da8
dosen_source.csv:15,7040a03b-35f4-4739-9778-4a47c330e688
dosen_source.csv:15,db78ca6f-682a-4a99-90da-9203f28c94a2
dosen_source.csv:15,3197d48d-55e2-4f5a-94c7-283eba5ebe5b
dosen_source.csv:15,42b57b30-a48b-43e2-9f1a-6d6ec414bc84
dosen_source.csv:15,ad58aaaa-8a62-43da-9dc7-193f20d7d889
dosen_source.csv:15,8cc34f67-3152-45b8-8451-8784d0651537
dosen_source.csv:15,f57d2db4-0f7b-414d-880b-1d7721b90112
dosen_source.csv:15,1d8c5974-0d47-4d30-b139-62fc13e8c4af
dosen_source.csv:15,714dde23-4c4d-433e-86a8-d09058ba0144
dosen_source.csv:15,5e050607-8a7c-42c3-85d1-57ffb07cc9f8
dosen_source.csv:15,e4ae4812-6a10-4378-b7c2-6415ff20b699
dosen_source.csv:15,7dc6c767-055f-4697-a4ae-085cbb8841df
dosen_source.csv:15,68f9100f-aeea-457b-8f21-e382fccbbde8
dosen_source.csv:15,db51cca5-2c45-4619-8448-dd3b99b01155
dosen_source.csv:15,22abad77-0b20-421b-ac70-eb81b204a74c
dosen_source.csv:15,d91ec7d2-de48-482d-90d1-3477c960b65b
dosen_source.csv:15,91e21ab9-5689-43e2-bded-89c7aa108f2b
dosen_source.csv:15,57627513-0792-4ff0-8946-ea89ab72e173
dosen_source.csv:15,2f703f90-5d71-40ca-b84d-761983cb723b
dosen_source.csv:15,208c89ca-d365-4a8c-8ed1-e205f2343bb8
dosen_source.csv:15,f08c0c00-2ade-4979-b8d2-53a7086cc171
dosen_source.csv:15,ed38beae-7ef5-4008-b8c8-b53bc43179f7
dosen_source.csv:15,f04faee3-c203-4b55-9e2a-d1e2618d6217
dosen_source.csv:15,bc228f38-cce9-4df5-9566-8fde344a7a62
dosen_source.csv:15,f7ebbb1a-f03a-4c2d-b0a1-09c9854147c5
dosen_source.csv:15,6f7f9995-23e8-482d-85f6-e671f5278892
dosen_source.csv:15,1b206af9-53f8-4c5e-b900-8ff33cc4d183
dosen_source.csv:15,9dfff127-fb7e-4356-8d9b-952ec8f2f437
dosen_source.csv:15,a127a963-39df-4150-b9ea-4c20c5e67127
dosen_source.csv:15,2751770c-7d4d-4ce4-8f9e-84f1c0e7c069
dosen_source.csv:15,6c50687b-f921-4fea-b114-b0cf27e8b767
dosen_source.csv:15,77ca454e-9e26-4e55-af0f-8d744c099290
dosen_source.csv:15,5da94ed3-7054-4e3f-a129-555e0abd63de
dosen_source.csv:15,f9c21210-22cc-4efa-b95a-6a9f3baf4ddc
dosen_source.csv:15,8f5a737c-b132-46af-8e0d-e051facf96c5
dosen_source.csv:15,dc060ea8-84db-4a37-bbcd-b7391c60da81
dosen_source.csv:15,90f4b716-87e0-4d9b-baa5-16af4a14279d
dosen_source.csv:15,2171d9f3-04d1-43df-a0b8-49c59e407f0b
dosen_source.csv:15,ee5fc924-9c32-42f3-bcb6-8687ea971575
dosen_source.csv:15,0921a6ca-edbe-4ac8-9bbe-5ca6773727e4
dosen_source.csv:15,f586ab7a-cde2-4c50-bae2-a35fa3a4770a
dosen_source.csv:15,ee862fb3-8432-41af-af3c-4459eb10a366
dosen_source.csv:15,6b4a6d55-b84f-45cf-955c-eb9cdeddc2ca
dosen_source.csv:15,717d9c91-3513-4db0-bd15-377f3cabc17f
dosen_source.csv:15,363f645f-ac7d-4380-ad9a-14b070297a10
dosen_source.csv:15,902ac779-c88b-4caf-b525-1dff77725a64
dosen_source.csv:15,4dba87de-7367-45a8-86e2-7a002b2550b9
dosen_source.csv:15,e790d3c4-c8c2-4dba-9ef7-983db9d85a02
dosen_source.csv:15,cff2985d-a33a-49b9-be8f-bab4f0a42b97
dosen_source.csv:15,fdd026d8-51e9-44c0-bbbd-1dc46f1d954b
dosen_source.csv:15,dab9db1d-b67c-4b5c-91d6-98e41f6b3a9c
dosen_source.csv:15,b60527e4-a189-4a0f-9326-fa5173a6eecc
dosen_source.csv:15,6f48fc86-14ef-48b4-a098-d7e6ace29540
dosen_source.csv:16,d115b796-117a-42b3-bcf4-0431c661f8ea
dosen_source.csv:16,d3138bae-f29a-4dc8-88d7-5ce020677cfd
dosen_source.csv:16,9426f6da-06f2-4370-a604-b774cd72bf27
dosen_source.csv:16,6ba13910-f6a2-4eea-8780-ed87b212123a
dosen_source.csv:16,85489e0c-e720-417d-a8c1-4d17776874b9
dosen_source.csv:16,58f5186f-e9ec-44f9-b8b4-adce59cac023
dosen_source.csv:16,9463721b-c331-4ba9-adc7-1427be1d039e
dosen_source.csv:16,3541a402-95e8-4134-a2f7-d93a74442e04
dosen_source.csv:16,582a8f04-56af-49f0-bd6a-2041ab67dab3
dosen_source.csv:16,53e4e90e-0e46-4ce2-ae5c-818aa672a0a3
dosen_source.csv:16,11fcda9d-3e4d-4636-b1b3-ad406ac5dad4
dosen_source.csv:16,940af9f4-b5cf-4eba-b134-a688c4c7848f
dosen_source.csv:16,2083892c-b3ec-4fb3-8ef0-ba24842c5026
dosen_source.csv:16,d073d774-2d80-405a-90ca-a9b3d1501fb3
dosen_source.csv:16,96a10438-3cac-4cca-a9b3-2938d650c710
dosen_source.csv:16,af09d4d3-665c-40d4-b916-1dd5759bc371
dosen_source.csv:16,eca0c93a-b0d9-457e-8f49-8ea22ed446ef
dosen_source.csv:16,b2e9893a-6a79-43be-a5d2-0a88a2437f58
dosen_source.csv:16,b5c4e7bc-7cfc-4495-bcae-52dfb5d8e4db
dosen_source.csv:16,d4af83df-53d0-4264-bfff-c4091be5a451
dosen_source.csv:16,4f60d662-a7ed-4782-9f29-1e252fb77fb3
dosen_source.csv:16,90b21d9c-8e1e-4dd6-bcd1-a7e5a8101512
dosen_source.csv:16,5fe3a11d-7163-45ae-8368-b0560f4e4924
dosen_source.csv:16,752a6ba7-c7df-45bd-8dd2-17420d138135
dosen_source.csv:16,80aeadfd-66d0-48f4-b00f-430c3e35090e
dosen_source.csv:16,514341fe-a59f-45d2-a23c-3f95fe12c464
dosen_source.csv:16,bf26cb1f-ee10-4fc9-ae1c-beee0c033ac8
dosen_source.csv:16,58f18b8e-447a-4960-b8da-c412d32df172
dosen_source.csv:16,0fe7a1b4-a55b-4918-a552-1bb1c9878f7a
dosen_source.csv:16,8eb93e27-3748-4795-bbca-1a17b4ad1945
dosen_source.csv:16,a0575471-0191-4e2b-a152-794cab268ba9
dosen_source.csv:16,918feeb7-e63b-4e13-93e1-73422b4282dc
dosen_source.csv:16,249149b7-0f5a-415c-9694-ab63e70decc4
dosen_source.csv:16,09b00e30-79d4-4a02-9a53-5e11404785df
dosen_source.csv:16,c7f1aac9-1903-4f82-ab0d-808cdab97f79
dosen_source.csv:16,d40639a4-ca76-43e1-917b-426e7a19f741
dosen_source.csv:16,c9a25485-dc61-4b0c-8e47-7f08ab08248f
dosen_source.csv:16,eb49b840-8274-45b2-b0b9-22d9e4db0824
dosen_source.csv:16,d9333256-5676-44dd-a3b1-9be80fecb397
dosen_source.csv:16,3f02334a-8172-498c-b24c-8acbc8ca674d
dosen_source.csv:16,b49f5db5-7381-4ac5-85ad-3323e3cdefbe
dosen_source.csv:16,a304da38-3a93-4db6-a63d-f92074a3866f
dosen_source.csv:16,2fd2db2c-5867-4cb0-8d43-5003d7c30b7d
dosen_source.csv:16,09c4a316-8b98-4488-8eae-64b05aa8b39a
dosen_source.csv:16,34bfac03-cdb5-488c-b401-55dd40bf2472
dosen_source.csv:16,e0b3b0c4-0110-4170-a25b-39dd840e4cf3
dosen_source.csv:16,e5aa3790-14a7-470f-babc-4aef66f00bc5
dosen_source.csv:16,8610fbfb-f801-4834-972a-ea6eb80f8020
dosen_source.csv:16,764890e5-e0f4-4acc-82cc-02dd2cef23d9
dosen_source.csv:16,19d7751e-86e1-40f6-810c-44e2295fda93
dosen_source.csv:16,be8bf3f5-5c20-41a0-bc96-a6f23016f7be
dosen_source.csv:16,7b33d3f7-6350-4673-9814-218cee3ab70a
dosen_source.csv:16,b0c17f5e-5ac2-4e01-9a64-8e7e32462e0e
dosen_source.csv:16,a033754a-72f1-4990-b47e-9d0e7a541cd7
dosen_source.csv:16,f9459bbc-7fd4-433a-81a0-c719a932e6fc
dosen_source.csv:16,e1470c19-967f-4e34-ab4c-5582387d6313
dosen_source.csv:16,3642d5fe-a83e-44b9-8284-9f197405e7dc
dosen_source.csv:16,2762d353-3f9f-445a-b8c2-62dd5c0debcb
dosen_source.csv:16,557c8da7-c693-4cad-90f1-a76610345f90
dosen_source.csv:16,77ef3e7e-5d10-4e3e-a737-354244682be4
dosen_source.csv:16,a8a23220-931d-4638-9822-b065b15f6e64
dosen_source.csv:16,8d66306a-a4e7-4af4-899b-feb3b001caa1
dosen_source.csv:16,33d54661-980a-4a2c-a308-b652c6b1f39a
dosen_source.csv:16,eebc9840-635a-4f5b-ba4a-6668b417a16b
dosen_source.csv:16,8304f360-c489-41d6-aaea-c6e80715a5d3
dosen_source.csv:16,6c4260ab-1131-4401-b1cc-1655a9f3a168
dosen_source.csv:16,28e3fadb-a9ee-4fca-b25e-f814e4da3671
dosen_source.csv:16,8a1116d9-4831-4c94-9f72-069441985fe0
dosen_source.csv:16,201fdb28-5c90-402f-a280-deab4589dde4
dosen_source.csv:16,021edfbb-6c46-4bac-bf5b-be1516967c94
dosen_source.csv:16,ea25d645-bcae-4eee-bf16-bc2bd0d9ed7c
dosen_source.csv:16,1c532948-17b9-4667-99b0-a8cc91d2f6db
dosen_source.csv:16,e1b173cf-7dca-4af6-a32d-801dbc848af8
dosen_source.csv:16,b89851fa-fb5e-48cc-a208-7cd10fd43205
dosen_source.csv:16,16a517a9-b7a2-4cab-b172-d01d79c06391
dosen_source.csv:16,aa486f94-d00f-482f-8075-ad03d15514e1
dosen_source.csv:16,c455d4c5-57de-4f3e-8af2-85d0b93e5585
dosen_source.csv:16,858ca5f5-6474-4669-83cb-c8975d804268
dosen_source.csv:16,4b93808b-0108-4845-8b15-454142e7c588
dosen_source.csv:16,24401061-a029-44fb-bf5a-18821beaa4e6
dosen_source.csv:16,a5f8ee29-cdb4-495c-ae72-7691f367c41a
dosen_source.csv:16,43146188-c1c4-45b1-8028-6900ebde4fb4
dosen_source.csv:16,d5af1c7f-6083-4efd-b7bf-6d232cd47f0a
dosen_source.csv:16,62b17f58-a5f5-47e2-bc82-11c7fb7d73e4
dosen_source.csv:16,cb1fbff9-0194-4de3-bad9-808368ea3442
dosen_source.csv:16,2c75d332-d40c-4d8c-86c9-535b49fd56aa
dosen_source.csv:16,1f99db33-b4ae-4c94-a784-df8415604f40
dosen_source.csv:16,6a827fa8-4132-4249-841a-4d18b0a92842
dosen_source.csv:16,465399f7-6ddf-4b4a-86de-491488be9441
dosen_source.csv:16,f0e4cc20-7a01-4ee4-9d87-c5533c27a958
dosen_source.csv:16,9bd011c1-e032-49d4-a109-b9dadf1e5069
dosen_source.csv:16,f4323b21-379d-48bb-ad39-6062a1bc0d2f
dosen_source.csv:16,84f32b83-b879-43ee-93ab-d9ec7d24a683
dosen_source.csv:16,994552df-db4b-40f8-beb1-d95c0ff67546
dosen_source.csv:16,87ea453f-aff6-45ff-a3d2-2a5d872a43a2
dosen_source.csv:16,434170e4-e2a0-42cb-9fe2-ce43ffbf7a9f
dosen_source.csv:16,9d0a0ff2-133c-4582-b571-1c5972e626ee
dosen_source.csv:16,d8558300-61dd-4cae-9c9f-c122a5efdc1a
dosen_source.csv:16,e18c4036-934d-459b-9610-3ca6db4b6f81
dosen_source.csv:16,fef63bc2-5c1b-4c3e-a41f-c7e076efd2a2
dosen_source.csv:16,18063bab-761b-4e31-b496-48443a7f75fe
dosen_source.csv:16,379bf773-2989-4fda-9e56-eacc89d7b35e
dosen_source.csv:16,c15e2569-7e38-4347-87aa-6441349d6c6d
dosen_source.csv:16,e43b6338-6588-41fd-8444-ae2de01c9811
dosen_source.csv:16,4b1e9189-1e44-4c01-b29d-cf97856ebbfe
dosen_source.csv:16,cc1ef79f-2e64-482e-8c8b-42c95759c236
dosen_source.csv:16,2d1b6a75-a3a7-4eed-ab32-5407330b3f25
dosen_source.csv:16,d541c150-0efd-4c5b-ab6c-a0433253bc16
dosen_source.csv:16,95773d8e-4cee-46e4-94af-a479a2adce7a
dosen_source.csv:16,f69a4d1e-61da-4c0b-8211-3f21154aad64
dosen_source.csv:16,08d33aba-e75e-467e-8284-79bb87f40cc2
dosen_source.csv:16,9bc285d9-03a3-49a6-a876-3b58aab0de30
dosen_source.csv:16,a9c3cce9-398e-4dbd-874c-d1d94b1e062d
dosen_source.csv:16,fdc97035-f5e8-4189-8b11-9aa0d66829d9
dosen_source.csv:16,7894c0a8-f50b-4849-8362-3dd703ba9b6b
dosen_source.csv:16,84c907f5-16af-46b2-b208-bc5774b106f8
dosen_source.csv:16,acc584d6-6f14-47de-a045-e639be045f18
dosen_source.csv:16,ab3678a3-2ba5-4663-9620-b7c89e719876
dosen_source.csv:16,65e955ef-d2a5-4572-b1d8-a541a8df56f3
dosen_source.csv:16,22cb011a-f63f-45fb-974c-fdbf0be03a58
dosen_source.csv:16,78e2c1b6-d757-4af2-b1f0-850ea733443f
dosen_source.csv:16,1467a5db-eb14-4d28-bf74-5762b67bf24f
dosen_source.csv:16,976374e3-3dc8-4dc4-990e-44a122b1c719
dosen_source.csv:16,37ec4862-f4f8-4bdd-a98d-535920006b7e
dosen_source.csv:16,8567336b-64e6-4282-996b-e7aaf085fa42
dosen_source.csv:16,c15d2d87-81ce-4b2d-8a09-b3262dd0d201
dosen_source.csv:16,9d613141-9209-4deb-b79e-4943097b9b49
dosen_source.csv:16,c0ed15c5-5dda-4eab-91b3-a1ff8f2f2b80
dosen_source.csv:16,cbec6ecc-81ef-4037-9090-bf2520ba5689
dosen_source.csv:16,fafc408c-92ee-47ac-885a-a50e04a1739a
dosen_source.csv:16,e91e6d3a-3073-45dd-8876-ae1155039794
dosen_source.csv:16,a0dc917b-f79e-442c-a6db-4861a5dfbdcf
dosen_source.csv:16,cef7a910-57b5-4ae7-8b9f-f155d7c2cd0c
dosen_source.csv:16,681b5dde-d544-4001-97a8-1be25c33f43f
dosen_source.csv:16,526c6324-9c7c-479c-8d83-33c1bf82ce6a
dosen_source.csv:16,df2ad203-f1fc-4fbb-b3e6-fc46275c61c2
dosen_source.csv:16,869f8415-fe04-413d-b718-2a85a9fbec53
dosen_source.csv:16,cd3e1e2f-f4f7-491d-8330-2d9eb8baab93
dosen_source.csv:16,94f94a38-1260-43bc-87f5-d2a3da47ad41
dosen_source.csv:16,7f40ea50-c6eb-45c4-8905-10b0cce7d1e5
dosen_source.csv:16,107b7d95-2032-4dbf-afbe-577cbf8c662d
dosen_source.csv:16,d200a552-3e6d-46f5-bf93-0523c1622b85
dosen_source.csv:16,cff6d2ac-f291-49a8-afa6-3520540b7c36
dosen_source.csv:16,2224f588-28ad-4607-8dbb-6beea55f49f8
dosen_source.csv:16,6b05eb3a-f9fa-4688-ae04-9e505a3158f7
dosen_source.csv:16,30ee47e6-d6f9-42fe-84cb-635fd959d8b0
dosen_source.csv:16,76e20761-45a5-4e38-9bf5-26575fce4200
dosen_source.csv:16,81890203-6bfd-4c3c-b52e-748849fe622b
dosen_source.csv:16,8ac323db-e562-42cd-b544-e76afd91d3b1
dosen_source.csv:16,b60527e4-a189-4a0f-9326-fa5173a6eecc
dosen_source.csv:16,3ef87338-390e-4ba7-90ec-baee458417bd
dosen_source.csv:16,acfb5b3d-f6cc-4d7c-8f70-0e513e9f0cc4
dosen_source.csv:16,70952266-bfe2-4188-b219-24ad8d881223
dosen_source.csv:16,9ed69d5a-169d-4553-a8ee-97af9c3ffb1c
dosen_source.csv:16,519fdeb2-4cad-48a9-b202-2b29bf5d5986
dosen_source.csv:17,bf5a87f1-4b4b-408c-bba1-964abfca3971
dosen_source.csv:17,40189f64-4098-4046-af6e-d26bd5a574f6
dosen_source.csv:17,4d90c180-86c6-4657-aee0-8a30ee643057
dosen_source.csv:17,a8a314f2-9a69-4ad7-8d00-3b515e2c066b
dosen_source.csv:17,821d15d1-d20f-423a-9c32-967a6b6bc53d
dosen_source.csv:17,f711acb4-9bca-4edd-830c-71e22509e723
dosen_source.csv:17,18866d10-6ccc-4a32-a3fb-b7bad9a3e818
dosen_source.csv:17,8b051b1a-b146-4276-8a5a-e3a2fb6846f2
dosen_source.csv:17,c4d324c8-cd79-4862-8b79-afbc49d43f08
dosen_source.csv:17,b2a31906-cc35-4aab-9ab6-a1dcc28d2ef4
dosen_source.csv:17,5e9c0f78-521b-4a89-808c-8fbcb6bb68f1
dosen_source.csv:17,b024e61a-7778-4810-bc52-1b7777982445
dosen_source.csv:17,824951aa-b7f5-42d4-b1d0-79afd69b8b3a
dosen_source.csv:17,5a148178-20d6-4b07-a3ab-3c968598898f
dosen_source.csv:17,ee1b3041-79fc-4d63-892c-08e80902b0b5
dosen_source.csv:17,b1c56383-24e8-4e32-b8c3-cb56e8d44c86
dosen_source.csv:17,fdb0111e-edd8-4bfd-b9ea-04b4cffc9be7
dosen_source.csv:17,d99f67f0-4be8-4784-99d8-c81855395473
dosen_source.csv:17,97ffd23b-ab2f-4c7f-a49b-12db3d652564
dosen_source.csv:17,e5f681b0-e2b2-4ac0-93ca-830cbed9de72
dosen_source.csv:17,ac3f95c5-b050-4932-b406-c22a5a86b842
dosen_source.csv:17,5c8a77bd-df5b-4432-a57a-36de919e9660
dosen_source.csv:17,0679e1cb-ffec-472e-80c0-5621740db38f
dosen_source.csv:17,44720cd4-c146-4892-9f7d-30e065b1eac9
dosen_source.csv:17,ad596a87-530a-4300-add0-55506cb3afd4
dosen_source.csv:17,7df90cf6-7046-434d-b81b-601869823100
dosen_source.csv:17,9d97e481-019f-4c53-96a2-931a1465185d
dosen_source.csv:17,b299bef5-d1c6-4b81-a7b4-b1fb1c69c34d
dosen_source.csv:17,69c485db-2389-4403-8748-8de11169fc76
dosen_source.csv:17,5b199e3d-be00-40e9-9334-532d6bcf3405
dosen_source.csv:17,d05f9596-47fb-4dcb-9ace-4c3ada9ef389
dosen_source.csv:17,b118ea57-a666-4dfe-bc0b-cecba90c1aab
dosen_source.csv:17,df87939a-f2b2-4003-a187-182c6e79d34b
dosen_source.csv:17,6dbbc5f6-b6eb-4b7c-9415-40a096d43fb8
dosen_source.csv:17,5e7c8964-46bf-4d57-b031-a7a94dbbb067
dosen_source.csv:17,e0d87aca-8b93-481e-91ad-8c062af997ff
dosen_source.csv:17,3198a524-b129-4c6a-a27c-844c9d61faf2
dosen_source.csv:17,7328ead6-e312-48aa-8ceb-84396e5adcff
dosen_source.csv:17,5039c31d-1457-4bec-a947-1263c01fdd5e
dosen_source.csv:17,22f029b6-ef4e-428c-a31b-2d67500788cb
dosen_source.csv:17,b3b7d1fc-a2f9-4acc-ae69-a725e36553d5
dosen_source.csv:17,9e196333-614a-4548-aa64-561a7c6178ca
dosen_source.csv:17,f94f1606-0e89-4b99-bb56-8472ae8c9e4e
dosen_source.csv:17,308f929a-d11e-4b44-9fd8-47396eaca20a
dosen_source.csv:17,7fcc3cf5-372a-4e5b-b436-146c0ab6c7af
dosen_source.csv:17,f7a62126-fc8a-408e-9d0a-06c20463d29a
dosen_source.csv:17,d25c91cc-4503-4265-8d7f-a354db750fe8
dosen_source.csv:17,333e6aa3-b832-4f60-a511-c5703fafde48
dosen_source.csv:17,4857b515-9471-49fc-9ce7-e7c335128785
dosen_source.csv:17,acb1d417-8980-4d0d-8e48-6446531777a4
dosen_source.csv:17,75d4b377-5078-4c6b-838a-4072024bd742
dosen_source.csv:17,16857370-438f-4732-8a3d-fe7a3dbbdc29
dosen_source.csv:17,a77943f0-1b58-4b5a-9f72-0423ce520e88
dosen_source.csv:17,bfcc3673-213d-445e-87a9-cbe5ce47d9ee
dosen_source.csv:17,14985aff-f067-4de1-8db5-b690806d54c4
dosen_source.csv:17,6d1b1633-385a-4748-8ac2-6615914daacc
dosen_source.csv:17,8fdba2e0-bbf0-46d9-bd1d-d23844389b58
dosen_source.csv:17,a6c7c4e2-028f-4674-8bce-8b1bd9762de5
dosen_source.csv:17,a5c9a3c2-b998-425a-8a81-ec2962127352
dosen_source.csv:17,42dd9ed8-1d36-4a87-8790-0ecbda013a00
dosen_source.csv:17,47162344-2c98-4b88-8103-ba3d54525dec
dosen_source.csv:17,fa5e027c-6d03-4a8b-9bbf-a193586a64a9
dosen_source.csv:17,223708dc-95c2-4b26-9234-8463ad4f6a6c
dosen_source.csv:17,e9ab7083-f6e7-444b-a337-c9622a035a49
dosen_source.csv:17,c4f3aee6-3acb-4ed5-b741-5fcae60baabd
dosen_source.csv:17,c7ddd58b-1e3b-4831-9086-ea0066915e1e
dosen_source.csv:17,de759f4f-1f32-40e9-9854-690c97c1a4ed
dosen_source.csv:17,f72ff38d-8bec-4674-958e-d4a1fb400d36
dosen_source.csv:17,a07d7abb-4675-4740-93df-529c138c8044
dosen_source.csv:17,e9c55127-608d-435d-bd98-fcb3c96706c5
dosen_source.csv:17,72994ff7-a199-41c3-8192-97d17fcbf088
dosen_source.csv:17,101b3ae2-d67c-4a37-bac9-fa097da50d46
dosen_source.csv:17,6b1b62b7-3e88-4b8e-b94f-20e5b7b61fb3
dosen_source.csv:17,836107ef-218a-46db-9277-22299fdeacce
dosen_source.csv:17,003827f5-3700-4918-ba73-3121feedb2bd
dosen_source.csv:17,f13b62e0-7d6e-4640-8a10-4ece61a33d76
dosen_source.csv:17,4c61bc9b-23fc-4101-be84-85edb94a5df9
dosen_source.csv:17,c7ef7b05-540c-4647-9ad8-d554eea65d55
dosen_source.csv:17,3bcaaafa-e4c6-47c4-9f6b-1a70e39721d2
dosen_source.csv:17,c54a0f22-25d2-4e28-8519-07a91245ed98
dosen_source.csv:17,b7017d97-d809-4351-b568-46d9c67a1ca4
dosen_source.csv:17,807a282e-51bb-49a8-a1ca-5b5be158f307
dosen_source.csv:17,b1e97f80-7d73-4a69-8a72-bca8ba90bd0d
dosen_source.csv:17,c97d7271-9911-4edc-82cc-584f1015e9ba
dosen_source.csv:17,21666958-820b-4e95-89b6-d0e2c569f4c7
dosen_source.csv:17,272e2976-1c6b-46ce-80b5-f7deb67120c6
dosen_source.csv:17,6558d2da-2a48-4e36-9f96-1f349a82b338
dosen_source.csv:17,46de7c64-162f-4219-a509-dc7852e9dac3
dosen_source.csv:17,4460dbaf-4e49-42f5-9035-19b6e578324f
dosen_source.csv:17,ec73ad4e-8b3f-40fd-9f1e-9cbd6f876ebe
dosen_source.csv:17,fd59daba-ef19-40c4-ae2d-b888af59b50d
dosen_source.csv:17,0ffa8570-3bc5-4fda-b612-78c610e0821b
dosen_source.csv:17,7792e7eb-17f9-46ad-ac7f-c57aa4eab36b
dosen_source.csv:17,af24575e-5097-4f39-9863-d19bc5c9b35c
dosen_source.csv:17,91a577ae-218a-41de-a00c-3d62992f637f
dosen_source.csv:17,f2d0d3fe-dc71-487f-a810-82e5f786ac7a
dosen_source.csv:17,61a49fd0-f972-41fb-9649-f7c5e0ed2e7f
dosen_source.csv:17,fa626f1b-ace2-409c-b88d-845c00007c2c
dosen_source.csv:17,969ace0d-d628-44ee-9973-df00656395a1
dosen_source.csv:17,e231b943-17e4-4f8a-85c6-3b4b1fa6e95e
dosen_source.csv:17,3c2bc00f-8b94-4a5e-aaed-6fdb0f6d724d
dosen_source.csv:17,ea9169bb-fe63-46d1-982c-3d5280ef0fc1
dosen_source.csv:17,e4222ed1-5e58-499b-864c-bd5e7035f157
dosen_source.csv:17,78e2210e-f3e9-43bc-98d0-a9015a58977a
dosen_source.csv:17,de836179-92e1-4dab-a130-e7ecc220960d
dosen_source.csv:17,9fdc2d43-d5ba-43fc-b12c-7faf56ace332
dosen_source.csv:17,67ec22bf-c4a0-4fd0-91d5-97e6e8491ddf
dosen_source.csv:17,71ebfff8-643b-4967-bbe4-3c72bf9b4ee4
dosen_source.csv:17,2b51d571-4e87-40df-8c92-68ddbcd4b3ac
dosen_source.csv:17,cf0f8141-a73c-4fb8-9622-bdc27faf2659
dosen_source.csv:17,76d2adf7-4570-42f9-970f-e0755561681a
dosen_source.csv:17,372bca5c-9495-4d6a-9c1e-4b43911295e3
dosen_source.csv:17,6af604c6-d7e8-4b90-834d-38edab82b91d
dosen_source.csv:17,65222661-05be-43f4-b2ed-586f29a2fd32
dosen_source.csv:17,f3ec10eb-b0ba-4a2d-adb9-7e9a6d56dbae
dosen_source.csv:17,6891284e-87ac-4497-a32d-289e98fd028a
dosen_source.csv:17,ec9ea5e4-578b-45d4-9310-6c6d8b006807
dosen_source.csv:17,f3340af2-a119-48c1-9b38-249450624462
dosen_source.csv:17,472212a7-1251-446a-8ffa-12f4dd59f506
dosen_source.csv:17,dff619fa-1a78-4fe6-970f-50b52c8a5ae5
dosen_source.csv:17,933dc5eb-b3ff-495a-be1a-7af98af5e7af
dosen_source.csv:17,22a6a8d2-e97d-42eb-8b81-6c822bd5a3b9
dosen_source.csv:17,e7eedad0-4d29-447b-a7bc-1f0cc3bc5ff3
dosen_source.csv:17,91a57090-64aa-4681-9459-7fbbfd22b88c
dosen_source.csv:17,984494df-5b78-4656-8155-1067bba80a4c
dosen_source.csv:17,da427b36-f8df-437e-94f6-bcbdbe27ceaa
dosen_source.csv:17,4f5826b5-d452-4494-92d0-7f3105735743
dosen_source.csv:17,3c852c94-2e4b-49e4-a883-015212709a88
dosen_source.csv:17,b97c6209-3d08-4190-b36d-76854cfb2c98
dosen_source.csv:17,3948563b-545f-47c5-ac06-d249adc39412
dosen_source.csv:17,00961475-c879-4888-8ca0-035ef336d5e3
dosen_source.csv:17,78d28b50-8d07-436f-b53b-9a4c8c05135b
dosen_source.csv:17,4085349e-8516-4fd5-9530-e2a924f1f9eb
dosen_source.csv:17,ff05b115-7740-482f-bed3-655f50ca3b13
dosen_source.csv:17,550db69e-92a1-41b5-8d6b-bcf665d61483
dosen_source.csv:17,ba3f3dce-3f32-457a-ba43-6c7c06e17627
dosen_source.csv:17,d323150a-6b38-4f4a-8783-c56861553b34
dosen_source.csv:17,73eb8624-8146-4710-a578-f38b0b788fe4
dosen_source.csv:17,fa0244cb-78ad-4471-a590-836f8bb713db
dosen_source.csv:17,63adca4d-4b10-4a6f-b8d4-801c8a97752f
dosen_source.csv:17,56fd7f9b-c083-4917-92a5-0f4418f14a98
dosen_source.csv:17,06537b83-52b6-415a-9dca-6e0cf30fc584
dosen_source.csv:17,4cf0c6c7-81fc-4188-8c77-a88fb1de1cae
dosen_source.csv:17,4e44351d-0ce4-4d30-a798-2cef6d4d295d
dosen_source.csv:17,4fd0fe44-278a-463a-9e76-4e12126ec5b0
dosen_source.csv:17,e3fb4c11-50b8-4361-a15e-d0cfd37d2508
dosen_source.csv:17,613459d4-cb17-40b2-80f5-8805c368cc12
dosen_source.csv:17,97a06a0b-49c3-4be0-a2e1-c2f3b7a7e200
dosen_source.csv:17,32221892-2e6f-4917-a040-c5353378be44
dosen_source.csv:17,9a852792-8160-4a9e-a6b1-ce9369990e8d
dosen_source.csv:17,90952c2c-2e89-4692-8900-aad7bb37b614
dosen_source.csv:17,9f9ac5c2-a474-406b-a29f-bb7c61ef1937
dosen_source.csv:17,93651cc9-540b-4ef5-ae86-6fdeec8d961c
dosen_source.csv:17,f4cad8b1-80e2-49ca-80c7-52156d48256d
dosen_source.csv:17,bbccb52b-a848-4213-9da8-e97b822602ed
dosen_source.csv:17,2be613eb-8d48-4825-aa51-c7bcc0ea5704
dosen_source.csv:17,af4c0a52-4004-4c91-935b-5ebd1970cf71
dosen_source.csv:17,2334ade3-8dca-44e3-bd97-b0e87aed4f5d
dosen_source.csv:17,6f3ee0df-f5ed-4ebe-aa91-ad752d98b825
dosen_source.csv:17,b12e7142-9ff5-4c0b-aaf2-b3b7f2b8ddc1
dosen_source.csv:17,61a8598c-87e2-4b36-b405-1d1ee4cfae86
dosen_source.csv:17,76bb8514-efcb-456b-9545-3fe0044c05f0
dosen_source.csv:17,79dad65f-71df-43f9-b9e9-6d7d9ca64ac1
dosen_source.csv:17,153dd214-ce7d-4541-b245-5f6fcef18b2e
dosen_source.csv:17,3124892d-f2ee-44d6-97a8-fd3d2f955022
dosen_source.csv:17,4b6e776d-6927-41e9-9549-61143de7d9e1
dosen_source.csv:17,e0561d87-de0d-49ee-a0ca-420127fd02db
dosen_source.csv:17,7cd1e99c-f297-4b2f-bade-e9ecfad59325
dosen_source.csv:17,9114807f-6e02-427e-95f0-53d93bb90c02
dosen_source.csv:17,cb49a3fc-6fe2-4c0b-b1f4-0d01f9694fd4
dosen_source.csv:17,aee8129f-e545-48e4-8afe-9bbbc51b9cc9
dosen_source.csv:17,5091d120-6e62-458d-b155-306c0c86c9f4
dosen_source.csv:17,1559f0db-6d06-45b6-b82d-d3f1100ea23e
dosen_source.csv:17,c1f6f91d-248c-45d0-b047-5c05d238b24b
dosen_source.csv:17,a5476765-002c-4013-a759-73780b1bace7
dosen_source.csv:17,89209293-9257-43ce-8850-eb95cad5d1ac
dosen_source.csv:17,f519b830-cda1-4f29-a28e-9cce10b4ce84
dosen_source.csv:17,a16cdd40-4f1d-456f-97e8-65f5bc496681
dosen_source.csv:17,e31218be-5598-4e15-9cbf-068f84e07b43
dosen_source.csv:17,e21eab49-e148-4c72-b5e8-99db1eca2c1c
dosen_source.csv:17,517bd2c2-aae1-4c41-971f-4235bfb754bb
dosen_source.csv:17,d1343052-9367-4197-9952-74957ab8218e
dosen_source.csv:17,9c6f7a32-f158-435c-b6c7-503ee06e4ec5
dosen_source.csv:17,a4ef233a-9e3d-41a4-a8dc-d6d201615296
dosen_source.csv:17,36472dd8-fd8f-451a-8d62-9875813a10f0
dosen_source.csv:17,4ddcd165-9e65-4bf8-a5e3-6f97a8db1d65
dosen_source.csv:17,17e9efa5-9594-43df-a9dc-602e57b57536
dosen_source.csv:17,034ac662-3aaf-4f5c-bad6-287cb558910e
dosen_source.csv:17,6d9dca3a-dc65-4ffa-becc-544f3b760968
dosen_source.csv:17,939cd872-2807-40df-a48a-fca3640d2a9e
dosen_source.csv:17,a554d9bf-996b-4f14-a8e5-9ee521b2b39c
dosen_source.csv:17,32e58ed2-b1d6-463d-b96b-8544fdd51573
dosen_source.csv:17,77ed5a36-0b62-473e-961c-d1152523c6fc
dosen_source.csv:17,4d627f26-9d27-4c9d-9c5a-d8ed8d346629
dosen_source.csv:17,36aa69f8-d5e5-4f9a-9337-e710629dc6ab
dosen_source.csv:17,f77733b4-257c-4c74-88c9-5a7012859de9
dosen_source.csv:17,94808c12-aa19-4b97-a859-9109729cbc32
dosen_source.csv:17,1dfb844b-aa86-403f-8ef3-ca2b8e7cbbfb
dosen_source.csv:17,fe68f388-e590-40fb-8bee-7cebb2f71883
dosen_source.csv:17,5ab62555-d5db-476e-87da-c32d896beb19
dosen_source.csv:17,1adb3a7f-4511-42cc-973a-76fdb7bf1c3f
dosen_source.csv:17,497329b0-da20-4f83-9d23-4702dd6e4bf6
dosen_source.csv:17,894b8277-b557-481e-b849-577b06c1cb74
dosen_source.csv:18,d115b796-117a-42b3-bcf4-0431c661f8ea
dosen_source.csv:18,e0c96db6-7eac-4cf4-9910-715e5bc2b525
dosen_source.csv:18,c95cd019-264a-41de-a0f0-960ffba3c892
dosen_source.csv:18,6ba13910-f6a2-4eea-8780-ed87b212123a
dosen_source.csv:18,25c17fc2-446b-48e7-9684-7aa2cca7cdf2
dosen_source.csv:18,a3ad93a4-c059-4c7e-b883-86e7a208d640
dosen_source.csv:18,cad5e7ff-9de0-4289-8b29-3fb780658310
dosen_source.csv:18,2083892c-b3ec-4fb3-8ef0-ba24842c5026
dosen_source.csv:18,49f211fe-83c0-4b87-92b7-d6aa8fb3a026
dosen_source.csv:18,db7153c0-9230-4bf4-906a-ac173da6b1c3
dosen_source.csv:18,d33ab0ad-6a8d-429b-8f58-6c8135588350
dosen_source.csv:18,06baf5a3-b65c-4d84-ade9-d4fb9d9d9c60
dosen_source.csv:18,249149b7-0f5a-415c-9694-ab63e70decc4
dosen_source.csv:18,fe47de60-a47d-449f-9803-851c36e35435
dosen_source.csv:18,043d53a6-1c23-455d-864b-5a607a0d4d02
dosen_source.csv:18,ad4db10f-9b2a-4fa3-9beb-9fb9887eaac3
dosen_source.csv:18,37cfea07-202a-4dc7-9478-9625dfe58cc2
dosen_source.csv:18,52207338-e862-41a0-a9c9-fc6b7a9d8925
dosen_source.csv:18,a7730e20-0623-42c6-a80a-ea57c3beb295
dosen_source.csv:18,635c1cdb-badb-4d4e-b69e-f44fe989269c
dosen_source.csv:18,1d56d4bf-e5bf-4708-b42f-2389cf0f61aa
dosen_source.csv:18,ed2a9f6f-3701-49ca-9e74-7edb7e1a8e15
dosen_source.csv:18,73faee47-adff-47b1-96e7-23bc00139cdf
dosen_source.csv:18,5ea0250a-dbe4-4365-a0ef-7fc7a2967ef3
dosen_source.csv:18,2d1b6a75-a3a7-4eed-ab32-5407330b3f25
dosen_source.csv:18,f62c4a08-0749-4f1a-bf95-d461c694c689
dosen_source.csv:18,95a151e1-e712-44a3-9d62-9232d2ec78b7
dosen_source.csv:18,b93c59c5-57d5-4843-856b-230abed5af3d
dosen_source.csv:18,a24e309a-27dc-475e-9bed-c29e611ec9c0
dosen_source.csv:18,20b4c13c-9056-4df0-aa17-1d8b2a6b23f5
dosen_source.csv:18,23f23025-f171-493b-84ff-e790eaa5fef6
dosen_source.csv:18,720df880-16b9-4b71-98d8-38e990aeac68
dosen_source.csv:18,c6e96a9c-b6ea-4a7e-b72e-5c44caed7632
dosen_source.csv:18,5c4937cb-c7ba-4eb5-96e9-be6978f8c8e6
dosen_source.csv:18,8b816e5d-a00e-4ca4-abc4-a22d304b6446
dosen_source.csv:18,5d124f98-3deb-4a36-ae94-fa3f345feb8d
dosen_source.csv:18,cb102866-53f1-4766-babe-aceb8e72b045
dosen_source.csv:18,8eb92263-1918-4569-ab47-8f3cb314d45b
dosen_source.csv:18,5aee3111-beca-4055-9efd-377ef344cd55
dosen_source.csv:18,37041e22-d31c-472e-a9a6-ea915f3b91d7
dosen_source.csv:19,b31e54e0-a020-4c16-aa9e-43d5112875a6
dosen_source.csv:19,9fd7724a-bb3b-43fa-a1d1-d8e28c5d94b0
dosen_source.csv:19,0464edad-7b87-4973-8b10-aadd4c1a3aac
dosen_source.csv:19,bfbc67a8-57ed-4bc7-96de-e8589e2fc252
dosen_source.csv:19,2008c44f-8ba0-4e7c-8f1f-075385314e38
dosen_source.csv:19,993bad50-1c07-4778-9b0d-9883fa1b2928
dosen_source.csv:19,35186911-f7f5-43c3-9651-0add87e6a75e
dosen_source.csv:19,e0d56c71-2079-4944-a658-05e6a06abdda
dosen_source.csv:19,22920735-141b-4833-806b-85e78508c219
dosen_source.csv:19,4300237d-bfbd-4211-97a2-8b28c1432489
dosen_source.csv:19,4cbcc3e1-d94f-4fc7-8cba-1db2e0e1a4fd
dosen_source.csv:19,013a742e-f05d-485a-b7d3-f2c56cdc74c1
dosen_source.csv:19,903d8a7b-bae7-45ba-9846-24655ed4bdf7
dosen_source.csv:19,4b082c5a-2d9b-4ee5-a5f3-2a6158b372c2
dosen_source.csv:19,1613ea09-211a-42d0-8cf6-5a29b762f730
dosen_source.csv:19,3224f543-9da3-4669-befb-73115e8532ca
dosen_source.csv:19,082c8749-8ac1-4d73-9468-7bd72b9f4bd0
dosen_source.csv:19,345a6b56-f8cd-4cdd-b042-4f70ccfd410b
dosen_source.csv:19,4a6c0908-db97-4eba-83e1-fd9b1b7442cf
dosen_source.csv:19,9d2efc67-32c9-4da8-b5c3-6f564d81fdd2
dosen_source.csv:19,0b2a70ee-9821-4f09-8f17-f02178e8da8f
dosen_source.csv:19,7273f9c2-81bd-4f80-9215-a851f28409b5
dosen_source.csv:19,14de01d0-e16e-4ff7-b5e4-ac233d2d9a22
dosen_source.csv:19,af59b513-4274-4d80-849f-eb77c10b987b
dosen_source.csv:19,4d2b81e8-8cb5-441a-8c06-ccb4ed9b6473
dosen_source.csv:19,1309e9e7-b532-47bd-97ad-aaf764c10a67
dosen_source.csv:19,f523a0f2-bc8f-4a3d-ba4d-75a54ea1b1a5
dosen_source.csv:19,e0590878-644a-4953-9568-9210c57e4b7f
dosen_source.csv:19,f24d1dfb-9568-4bf1-92eb-ff502270d15a
dosen_source.csv:19,ecb786a1-e56f-4758-8272-1c0124ecaf83
dosen_source.csv:19,0ca88108-c18a-43cc-871d-06a25fb351ec
dosen_source.csv:19,d1acce38-aca2-4278-9000-75f61fe842f6
dosen_source.csv:19,356585cc-af14-4ad5-baf5-e94532b2a465
dosen_source.csv:20,c31f9876-2d93-48eb-88b9-3adb29013486
dosen_source.csv:20,bf5a87f1-4b4b-408c-bba1-964abfca3971
dosen_source.csv:20,40189f64-4098-4046-af6e-d26bd5a574f6
dosen_source.csv:20,cc53c739-36e7-4daa-992a-71d858038976
dosen_source.csv:20,609c08e0-7ef1-453b-a625-dea5f46e70b0
dosen_source.csv:20,1db04961-38ec-46da-85fe-9e0ae7fe2748
dosen_source.csv:20,f28e76f1-c3de-45bd-94db-9e780d263691
dosen_source.csv:20,cca63c91-dc5e-4c0d-8ab5-7cab70720fb5
dosen_source.csv:20,4cdfb570-4bb9-4cf3-8c31-57d03112681b
dosen_source.csv:20,fdb45b1b-330e-493e-a855-5564d4dfd89e
dosen_source.csv:20,18866d10-6ccc-4a32-a3fb-b7bad9a3e818
dosen_source.csv:20,9ccc5c2d-f136-45aa-b5e9-67b15d98cc24
dosen_source.csv:20,204b883e-29bf-4ef5-950f-986ac20c0eeb
dosen_source.csv:20,676240f1-ea48-4756-8cf4-6dcad11b58ce
dosen_source.csv:20,76776666-b929-4ba9-85aa-6af7adab8aa1
dosen_source.csv:20,be5067f2-c436-4221-9abf-690c9aa261a4
dosen_source.csv:20,c62f64fe-07fb-481a-81a3-fb3d3b1dd970
dosen_source.csv:20,99dd4941-02d3-4d7d-9833-3c123a534f4e
dosen_source.csv:20,61c5b0df-bf43-405d-bb34-b685f39f0ea0
dosen_source.csv:20,81fe6ed8-9188-4128-9405-2622e3c2143f
dosen_source.csv:20,38bc8fe0-1af9-49c0-bfb5-3cb9aa18f68f
dosen_source.csv:20,ef4bffd9-b2ff-4056-830b-592ddacf4489
dosen_source.csv:20,ac863fc0-6e31-4b46-872e-cc8d0a739b24
dosen_source.csv:20,5c84d2a3-8a74-4a41-859d-08343c890828
dosen_source.csv:20,2291d7e1-e64d-4a36-94f4-1de67bce8b11
dosen_source.csv:20,076ad51c-a155-4591-b9c2-fae9c3dcdfcb
dosen_source.csv:20,824951aa-b7f5-42d4-b1d0-79afd69b8b3a
dosen_source.csv:20,1a883cc5-eff3-489f-b68f-199faf793f8c
dosen_source.csv:20,32d1d515-284b-4c67-9f62-777374c46329
dosen_source.csv:20,34db06f4-1177-4a2a-9d27-513711a181f6
dosen_source.csv:20,1bbf2bc9-687f-4b3a-939a-c19eeaf05530
dosen_source.csv:20,81e24e5f-0266-4dca-8700-60bc2e8b5dd1
dosen_source.csv:20,08fb6e03-345b-4cfb-b49f-fd0692ad1c12
dosen_source.csv:20,ed8be9b8-ab63-41a8-b2be-19b87ccab1d9
dosen_source.csv:20,c8810df5-ea52-4f23-946a-4d97c27dfb1a
dosen_source.csv:20,ee1b3041-79fc-4d63-892c-08e80902b0b5
dosen_source.csv:20,d4eabf1c-f57d-4497-810e-9afcee79cc42
dosen_source.csv:20,c75e272f-9165-47f7-aae8-58999a0fbda6
dosen_source.csv:20,5e8df2ab-ac65-4dfd-a1d6-722081e3b7c3
dosen_source.csv:20,ac3f95c5-b050-4932-b406-c22a5a86b842
dosen_source.csv:20,e40df66c-ee23-4c3f-abb5-bdf43bafbd4b
dosen_source.csv:20,a5a7d248-409c-437e-8a41-500300ac8bf9
dosen_source.csv:20,89bd4d4d-6442-43eb-8fae-13dc1366f406
dosen_source.csv:20,9d14d6ec-3d8f-479d-ae98-2261fc663ba3
dosen_source.csv:20,ac31b080-85ac-4b95-97e0-ec9f1f69b29a
dosen_source.csv:20,b689fc4d-0949-467c-bfd2-4ed3b7513a1c
dosen_source.csv:20,f8392de8-4749-4be7-8dc5-60f64abf30af
dosen_source.csv:20,7bea92dc-9d42-4b45-8837-285d0339c753
dosen_source.csv:20,51e3dda4-80b2-41f1-9d15-c6aa0e7af2f5
dosen_source.csv:20,a7034cc1-8ba6-4939-9ca4-6d978360118a
dosen_source.csv:20,2995bf1e-3bc9-4db6-9d4f-4d7deb02c5c1
dosen_source.csv:20,30d0475f-b9a1-4fae-8e49-75add6791934
dosen_source.csv:20,073af729-a1ad-4770-a8d3-c3f42f61f342
dosen_source.csv:20,897bccd4-a6e0-41cf-a99c-4e13168827b8
dosen_source.csv:20,aa6e221d-f191-4401-ba8e-ee1d22d02916
dosen_source.csv:20,4ab82389-da9b-4d63-9713-c707ebc7f2c0
dosen_source.csv:20,9aadeb3e-5bbf-4f79-87e3-b2eb8301fc03
dosen_source.csv:20,32907c87-6612-4577-8d7e-d1c117d20b29
dosen_source.csv:20,a9246211-16b6-4710-826c-079874edc6f6
dosen_source.csv:20,df87939a-f2b2-4003-a187-182c6e79d34b
dosen_source.csv:20,4cd0803d-4eed-460b-9450-3bd12136b72c
dosen_source.csv:20,0ab2714c-617d-437f-b89f-3aebc618032d
dosen_source.csv:20,40b98e58-b2f4-4d19-89ba-e2e1fd49b041
dosen_source.csv:20,e54cd78d-ad8d-4cea-8918-f3afc5e07121
dosen_source.csv:20,9863d005-32e5-4a4f-be74-18ff7c791570
dosen_source.csv:20,328c18b5-18a1-4bed-8dc3-f498c704a454
dosen_source.csv:20,feeab986-f7e2-4955-8974-8a3c1375fd61
dosen_source.csv:20,6dbbc5f6-b6eb-4b7c-9415-40a096d43fb8
dosen_source.csv:20,27bc199a-6496-487b-83b0-48588bc83063
dosen_source.csv:20,2b7fb932-2585-4bdb-8cb4-44ae9e730dac
dosen_source.csv:20,5135253f-0717-43b5-89e1-33bbf9ba9185
dosen_source.csv:20,2333352f-a925-488d-b84b-a490d5da0a14
dosen_source.csv:20,3198a524-b129-4c6a-a27c-844c9d61faf2
dosen_source.csv:20,e1220bbf-ae51-4572-949d-bcba2359e8dc
dosen_source.csv:20,395666c6-14dd-45a0-a2f9-63f38b23a1f5
dosen_source.csv:20,cc090b14-bc64-4d94-9e86-66614e48a5fc
dosen_source.csv:20,0ee530ca-9b94-4540-ac23-ac4a7adb9fde
dosen_source.csv:20,588ec1d3-1510-4866-bb55-fcff35f6ebcb
dosen_source.csv:20,d1d6758c-ec2f-4945-9a4f-8af3009c496b
dosen_source.csv:20,9e196333-614a-4548-aa64-561a7c6178ca
dosen_source.csv:20,588b2e4a-2ecb-422d-8a19-4edff2732428
dosen_source.csv:20,b33457d4-0066-4f67-88db-d9b57e953b1b
dosen_source.csv:20,4e81f30a-3b03-427a-89b6-ec839f722e3f
dosen_source.csv:20,96b65d57-b136-4096-973a-72e30738f370
dosen_source.csv:20,acb1d417-8980-4d0d-8e48-6446531777a4
dosen_source.csv:20,c973f576-71b1-466a-8c9a-5e0a3bc38548
dosen_source.csv:20,242e6f21-3cc1-475c-87e2-ca08d2d0f893
dosen_source.csv:20,1eaacbb4-dd6c-4274-aebf-94eaea7f9335
dosen_source.csv:20,49ab29c0-65cf-4cd1-bf68-2d242c5a70a7
dosen_source.csv:20,d5980b01-1dc7-4f55-b9fa-fd4ea11d6201
dosen_source.csv:20,c5caa468-2a38-4f62-890d-2f5c635a2c2d
dosen_source.csv:20,a6c7c4e2-028f-4674-8bce-8b1bd9762de5
dosen_source.csv:20,1c89e761-571e-442b-8b95-d718c7d77cfc
dosen_source.csv:20,a0dfebdc-60f7-4359-a239-8129175acc10
dosen_source.csv:20,87dd001d-140f-40c4-9acc-464f2afb3279
dosen_source.csv:20,0bc46634-0475-40f5-ab1e-fa78cd5f913c
dosen_source.csv:20,e46e7662-d6f6-4ba3-bc35-ffb6d1131f18
dosen_source.csv:20,f7b08c55-a22f-48b1-8579-079e1344b3b2
dosen_source.csv:20,e5360938-7270-4dd7-b860-2793c5bbeaf1
dosen_source.csv:20,82f098f6-efe5-4fc7-8093-ee8a818387c8
dosen_source.csv:20,8aa5d3e5-5e00-4168-ba9e-fea260bc51ce
dosen_source.csv:20,29c3daff-222a-4edd-8802-cb7fa71b2afb
dosen_source.csv:20,c4f3aee6-3acb-4ed5-b741-5fcae60baabd
dosen_source.csv:20,bf539112-0050-49bb-a7c9-a15635cf3d34
dosen_source.csv:20,a291bcd3-d206-4002-a9ff-9ba1c99443f2
dosen_source.csv:20,1c47e569-116d-4268-9922-c4b37e7156dc
dosen_source.csv:20,87480789-9512-46d0-a730-42f38001903d
dosen_source.csv:20,62b6b096-608e-403d-a323-99a90d90d842
dosen_source.csv:20,4547cd78-9672-4e3c-8a19-955c2f2c96ad
dosen_source.csv:20,1392403d-2ceb-4bb7-a4a1-0067db91901c
dosen_source.csv:20,28701e15-4af9-4711-8bde-63e682f3493f
dosen_source.csv:20,a05c5291-c677-4cf6-a354-3322239c1e14
dosen_source.csv:20,373ef780-1acc-4735-8d6f-33bd4ab87985
dosen_source.csv:20,3c140720-4b5f-41ac-af03-9061d939abda
dosen_source.csv:20,83128993-f5ef-42ce-ac52-9e339c74938c
dosen_source.csv:20,dacb6256-505c-404c-a966-629f47dfd4a9
dosen_source.csv:20,f3ab4535-212a-4887-bb51-6b84a8e1c2a9
dosen_source.csv:20,668f9688-44bb-4ef6-a5da-0ad3bbfa522f
dosen_source.csv:20,4c61bc9b-23fc-4101-be84-85edb94a5df9
dosen_source.csv:20,a0bc6f43-88ee-4df3-a276-8020e9fbc6ec
dosen_source.csv:20,663576c0-ab7e-41a6-be6f-1a8d666dde24
dosen_source.csv:20,eb534467-f941-4e87-b066-8c23310dee1b
dosen_source.csv:20,557e12c5-f348-479a-b21f-a44919732a8d
dosen_source.csv:20,4103415e-34aa-488c-9216-31ceed47f806
dosen_source.csv:20,58d23578-1b9a-4db7-9d98-78cbaa4ddbc9
dosen_source.csv:20,08e5103b-6273-48a3-b1ad-5116970aabea
dosen_source.csv:20,9ca0734a-8b45-489a-9aa0-5075ff448e5c
dosen_source.csv:20,4460dbaf-4e49-42f5-9035-19b6e578324f
dosen_source.csv:20,d4081805-dcaa-4218-bfcb-e3bc6fdb7923
dosen_source.csv:20,208ae3a1-36bf-4c2a-b195-65dae1ff189e
dosen_source.csv:20,c66b719b-43d8-415a-9f60-1e13a1b5d69e
dosen_source.csv:20,34951e58-c4f8-4993-becb-7d9cefe30ce4
dosen_source.csv:20,c3675b3e-e87a-41f8-94c6-57a8c305b165
dosen_source.csv:20,739a2c78-0333-4419-91fd-4784291dd8a5
dosen_source.csv:20,5828726f-bc0f-4c13-997b-7388d5fd1ff0
dosen_source.csv:20,9b7d8e78-cbc5-48aa-baf2-84ecfeae7691
dosen_source.csv:20,2c94b0b4-355f-4b3d-a7e0-36d061909b55
dosen_source.csv:20,b525ca8a-ab46-44c6-870b-54e78879b077
dosen_source.csv:20,367ecc98-bb34-432c-84aa-3db4f00d4117
dosen_source.csv:20,512d36a7-86ee-4b59-84b9-17cd7f7ed510
dosen_source.csv:20,99d7cd2e-8486-4604-ae6d-785e7b0c3271
dosen_source.csv:20,b4eeabbe-209c-48bf-bc4a-2cb7d29e0180
dosen_source.csv:20,5d816238-e933-4c2c-b075-9265a9b416ba
dosen_source.csv:20,12096797-379a-4818-9f91-1c11f4db77fc
dosen_source.csv:20,4d8c7c0e-7cfc-4b0e-a03c-c1c55ee0d79b
dosen_source.csv:20,61cff8fe-3888-411c-8321-e5a13c8cf1d0
dosen_source.csv:20,00961475-c879-4888-8ca0-035ef336d5e3
dosen_source.csv:20,c26200ed-6d5a-4d65-a002-64ccc977ad75
dosen_source.csv:20,fe5e05e7-396e-4018-bc10-d8631ba7c115
dosen_source.csv:20,e004389f-6bab-4824-ad19-a0f31a52483e
dosen_source.csv:20,689062b8-80de-4d41-8ecc-7ca1a54889df
dosen_source.csv:20,c24fa43b-61d7-433c-b811-eb65bdca9cd8
dosen_source.csv:20,202d44b5-8ab0-443e-9701-0e48c90e17b6
dosen_source.csv:20,7e5cd01f-4a4a-49f6-b25e-5366f3495be2
dosen_source.csv:20,8277df08-9c24-4d88-9fb0-a1aacdb6cd64
dosen_source.csv:20,215d9c72-634a-403e-99bc-b493ee5571a0
dosen_source.csv:20,dfe13799-9c51-492d-bc7c-4965b1ff9281
dosen_source.csv:20,aa5ce0c9-6d39-451c-868a-faff458c3f99
dosen_source.csv:20,d2446f0d-84d8-40ae-97f0-8effce6428e7
dosen_source.csv:20,287ae330-0e76-489d-b0cd-caa977359a6a
dosen_source.csv:20,83aa0f61-6772-4454-a9ec-725b552d5e9d
dosen_source.csv:20,07ec0ea2-fae5-4d14-a8a9-10da331ce759
dosen_source.csv:20,6c4b2571-8583-4a24-a62d-e25c85331b5f
dosen_source.csv:20,1d42ba73-cd21-4642-b683-9f4ddb9f8706
dosen_source.csv:20,cab51a00-bf20-43dc-a101-a21d4a29b66c
dosen_source.csv:20,81e7c7eb-00f5-4a0f-a013-73ec515fad8c
dosen_source.csv:20,d0ac9753-7f64-4efd-8896-901798ca7cd7
dosen_source.csv:20,472212a7-1251-446a-8ffa-12f4dd59f506
dosen_source.csv:20,f557af0a-4ab4-405f-9192-56cccaa2dcb0
dosen_source.csv:20,0a7ea35f-bb17-4182-aa59-698ab65f3b83
dosen_source.csv:20,ab3fffbf-90ac-4fd1-a178-b71e2c444aed
dosen_source.csv:20,80a54ff0-1cb4-45b6-a0ba-b2f521287a3b
dosen_source.csv:20,f9a458d8-acd3-43f3-8a66-627056ab788c
dosen_source.csv:20,e36e49fb-cf98-4d2d-8b9e-997468b9fb35
dosen_source.csv:20,d24b3690-878d-463e-be4b-813b229e30ba
dosen_source.csv:20,763e592d-f86a-47e4-a14e-3fa1b81724b6
dosen_source.csv:20,4f87055d-6e90-48a8-b460-be8f3165e1af
dosen_source.csv:20,aec1744b-8ed2-4ae1-8b89-1493c398bcff
dosen_source.csv:20,b441ae90-4caa-4fc2-89e5-0a65f24d8c87
dosen_source.csv:20,ce2fd21f-a5f7-4da7-abb8-68c89fd18e18
dosen_source.csv:20,de6a1f68-e07a-4f96-bf24-dda24552152f
dosen_source.csv:20,a86d7ec2-27ac-40f5-8e5a-9ff1608fbd15
dosen_source.csv:20,9e95d06c-3bc5-4c7b-8b99-b0cac940072b
dosen_source.csv:20,ebbfd8ed-8e11-4025-953c-df8a38d74736
dosen_source.csv:20,933d8b20-69a6-4341-aa10-9833be93ec41
dosen_source.csv:20,1688c267-9a99-4884-a73d-e06937e11bd3
dosen_source.csv:20,f74838eb-24dd-4986-a1e9-2588bcef95f0
dosen_source.csv:20,e46be5a4-c4a0-45ad-ade8-a6d791075dc3
dosen_source.csv:20,818f6a01-b94a-462b-8314-287d876a1ac9
dosen_source.csv:20,ffb239ea-d4a3-4b99-b613-0cc028a577b2
dosen_source.csv:20,adc7c359-bef6-4fb7-9acd-8b9dab167cf4
dosen_source.csv:20,d278bdd5-8695-4a9e-a14b-042d102424f3
dosen_source.csv:20,3d2acd8b-d26a-4621-9398-76521c2090b9
dosen_source.csv:20,16cc629c-f316-4b24-bb42-de2e5a472c6f
dosen_source.csv:20,fd7fe310-55c7-49da-84bb-43906143edc7
dosen_source.csv:20,8e2255ed-694d-4fdd-8f1f-600203a699bf
dosen_source.csv:20,d1a005f2-9370-413b-937f-f9c5ebac876d
dosen_source.csv:20,7453d5ae-be29-4cdf-9269-7dcdf24500d2
dosen_source.csv:20,78d28b50-8d07-436f-b53b-9a4c8c05135b
dosen_source.csv:20,e85ea571-af12-4256-baf8-b059c9c24873
dosen_source.csv:20,3622378c-4884-4c21-aaa7-62f47bafc1f1
dosen_source.csv:20,f87e50a8-a259-4550-91b4-1364475cd038
dosen_source.csv:20,67ccadc3-9806-49af-a3ba-98c82eb44bec
dosen_source.csv:20,d8fbfd70-f07c-4218-ae01-be4ae5c83bc8
dosen_source.csv:20,e598af78-0120-4ec3-982b-dffbe0e64de0
dosen_source.csv:20,b320c866-e0a1-46fd-b089-cc5d826a7c3a
dosen_source.csv:20,9432e4dc-1626-471a-9aa8-312d8a93e3c9
dosen_source.csv:20,02d86b76-649b-4a1d-8a1a-bdb6a40c283f
dosen_source.csv:20,767363b3-f67d-41dc-8f45-95c86ee98c3d
dosen_source.csv:20,c5276e40-1410-47d5-85cc-a62034e0b0fb
dosen_source.csv:20,9bc54495-7da2-4152-8aa9-febe1b95638a
dosen_source.csv:20,65ff9315-dfe6-4498-a5f6-797bbf054517
dosen_source.csv:20,f96b2b6f-58ac-4f40-aa04-9963229b09f0
dosen_source.csv:20,d6eccf43-6b4b-4f39-ad92-63640caff74f
dosen_source.csv:20,af9615fe-8c75-447b-8f7c-4a92c6d26757
dosen_source.csv:20,171a610f-98fd-40b1-aa2f-1f966f99b96a
dosen_source.csv:20,56a65394-baf6-454f-b5d0-fb337dc18d79
dosen_source.csv:20,18277734-0a03-4b65-ba51-b8f92e43f658
dosen_source.csv:20,d945e24f-9730-4ab9-90fe-ec3e3251510d
dosen_source.csv:20,469c74e4-87ca-414e-8173-3de18716c15a
dosen_source.csv:20,0e313dc4-d43e-499a-9ff3-14e76533d1e4
dosen_source.csv:20,095b82b2-8dba-4c49-bad3-884dbf342281
dosen_source.csv:20,695d3154-4f28-4bbc-8c62-e07c89792e67
dosen_source.csv:20,f0c03749-0488-476e-a624-35aef3f228db
dosen_source.csv:20,d350bb1e-cedc-48d9-957e-11e1246db69c
dosen_source.csv:20,bd434861-b2e7-4c13-8a54-55d87ae902bd
dosen_source.csv:20,b031f133-c2c7-4564-b0df-74ddb55e51c3
dosen_source.csv:20,bdb66611-005f-4097-88ec-3dfc0e715561
dosen_source.csv:20,71c088aa-bd60-417e-8c3b-1b57556bad60
dosen_source.csv:20,94ed6a70-f9f4-4ec2-9822-187abb098a1d
dosen_source.csv:20,54abf109-e86e-4ea2-859c-9259190b3e94
dosen_source.csv:20,95e012d6-4445-4c8b-b771-fb56becb5884
dosen_source.csv:20,59e2bf83-8ea2-476d-869b-374fdd4f3218
dosen_source.csv:20,3411c04c-57d2-438f-9040-eff692d7f390
dosen_source.csv:20,c7b1b0c0-3d08-42c9-a8c5-48b0594c8a98
dosen_source.csv:20,2873dc60-e004-43ba-8c43-66a556889097
dosen_source.csv:20,3bc36b08-0226-4b34-b3b7-51c8512e1a2f
dosen_source.csv:20,49b0a8cf-e21f-4cc2-9e93-8e382a10f888
dosen_source.csv:20,0973912d-b2e2-4b1d-8015-4d62eaf998bf
dosen_source.csv:20,b6f730f8-8283-4080-9350-2939ce15d67f
dosen_source.csv:20,8bf6ba36-891d-4307-ad40-d04b4de2d0ae
dosen_source.csv:20,22330640-7a1a-4b00-ab64-cc96e32b744a
dosen_source.csv:20,d4da08a6-9780-46df-a041-5df0b55f0e67
dosen_source.csv:20,518af648-c1f4-49ee-ab97-d43b22621986
dosen_source.csv:20,4c9b1186-04f7-4927-9328-8ddfeb867451
dosen_source.csv:20,60d26fbb-3584-41d9-a02c-efc48134cd14
dosen_source.csv:20,76bb8514-efcb-456b-9545-3fe0044c05f0
dosen_source.csv:20,54e2cda6-a8b0-40d0-979e-5e6c7004ec23
dosen_source.csv:20,2c049dae-ad5a-447c-9ed6-d16864baa2b3
dosen_source.csv:20,76375f55-71b6-4143-ba74-3ae61fa45950
dosen_source.csv:20,eab2c2b7-0bc2-4c52-86d1-96256e68e192
dosen_source.csv:20,201f760d-6d2c-4fff-9456-1eb26fbc97f4
dosen_source.csv:20,186d6a6f-4948-4917-a767-e091d83c0dfe
dosen_source.csv:20,0935854d-28af-41bf-bf30-e383a3ac538c
dosen_source.csv:20,25bc2509-9564-4d81-80b0-6a903cadf513
dosen_source.csv:20,42bcc304-2ffe-437c-877a-85c731e6526b
dosen_source.csv:20,e31218be-5598-4e15-9cbf-068f84e07b43
dosen_source.csv:20,d6939ba4-3162-4c39-9eae-d690bf36a64a
dosen_source.csv:20,041650ff-f0eb-408f-9946-a26796099273
dosen_source.csv:20,e68e4c9e-c86c-4d95-bdab-7e0d6973089c
dosen_source.csv:20,95e52fa8-bff6-445a-9682-3887ad0f1a71
dosen_source.csv:20,ddc0630c-ebd3-4f98-811f-8d64dcd39f05
dosen_source.csv:20,7b850c9e-1815-4972-bd13-4980c960d1be
dosen_source.csv:20,90630390-f53e-4de2-b8a2-5a377b421cee
dosen_source.csv:20,718019c0-6bd4-4591-99cb-b72cf7761cf2
dosen_source.csv:20,e13f8c3e-ae83-4da0-a19e-3a4279c48f51
dosen_source.csv:21,9f9e3259-a56e-4f83-9120-5cc36437377d
dosen_source.csv:21,9ae298ba-6d43-4f95-ae43-2e58aff8bcc5
dosen_source.csv:21,ef2f8dbe-c481-4a19-b052-ad2d00065d7d
dosen_source.csv:21,b0f5884e-cddb-4d81-8821-ef12d0172224
dosen_source.csv:21,e96b3016-3ea4-40b5-801d-9bb871485d92
dosen_source.csv:21,85775f9b-3af2-4f58-a98b-344d5046d147
dosen_source.csv:21,00471b5d-534e-4ccd-83f2-727352da9719
dosen_source.csv:21,6d192c13-5091-4e5f-887e-6430a9c31c35
dosen_source.csv:21,d2e98463-acb2-42fb-ae3b-07831f7e5238
dosen_source.csv:21,6ab9e015-621f-4ef8-b8e0-411b33b8760b
dosen_source.csv:21,b11b2e7f-3e5c-4e61-ade2-3b33f76eab26
dosen_source.csv:21,8872d8ca-476a-4a43-a30f-8afc187ff6ae
dosen_source.csv:21,5dbce274-d39b-40f1-9309-9cf19b326173
dosen_source.csv:21,39f035a7-231f-4c49-b31b-41bfc9843ef9
dosen_source.csv:21,5ea0250a-dbe4-4365-a0ef-7fc7a2967ef3
dosen_source.csv:21,6abadea0-50a6-430a-9764-fbc99ac85035
dosen_source.csv:21,a71458ba-871b-48c5-a212-c1874e5e2d40
dosen_source.csv:21,be7113fb-4876-451a-807e-05c1586a1845
dosen_source.csv:21,073c2e34-3817-4fca-8e98-06ad89c4addb
dosen_source.csv:21,ce9f60f4-dde7-488d-a82e-a831ffcfa119
dosen_source.csv:21,90219c62-92e1-40db-b300-e248b20a4409
dosen_source.csv:21,807a9178-b863-4202-b2a1-2c13c0fa97ef
dosen_source.csv:21,d0337113-7d55-4445-873f-13b12125cb35
dosen_source.csv:21,0707161f-35d0-4b21-8f6d-b9c542510c09
dosen_source.csv:21,7130459c-a86d-4b8c-8db0-66867c0a4868
dosen_source.csv:21,91993012-57af-4e6b-b9b4-ff92a09f36df
dosen_source.csv:21,2fa546a4-fc4c-48bf-a920-988cc83ba505
dosen_source.csv:21,7e89ef02-4df5-4bb5-8a34-fc2a8b272794
dosen_source.csv:21,4eb82f00-5fd9-438d-9de2-15f439286d61
dosen_source.csv:21,9cd9a491-ba28-4db3-9e71-43c3ae644f0d
dosen_source.csv:21,49e43d30-42eb-42ec-ba55-68d3d7f84886
dosen_source.csv:21,ea5e60b7-1ef5-4125-a89a-438f00b18a97
dosen_source.csv:21,f156b70d-52b9-4dba-89c1-be3e63b059c2
dosen_source.csv:21,df2ad203-f1fc-4fbb-b3e6-fc46275c61c2
dosen_source.csv:21,06185680-1085-4d70-aba6-33dc69b6ee3e
dosen_source.csv:21,e2c8c120-1dc1-4740-acfe-2852920fcb12
dosen_source.csv:21,f2b5b22c-de48-4830-94e0-114f5946dd4f
dosen_source.csv:21,0ee0c579-a7c7-4d96-a296-7302cd3cdedc
dosen_source.csv:21,d0487a3a-0dd3-45b4-b73e-649896f3050f
dosen_source.csv:21,78cb3345-b698-4114-84bd-dc3d353f95b5
dosen_source.csv:21,c6b208bb-7976-4a31-b745-8006b75f67f5
dosen_source.csv:21,8cc3fc6a-d457-432c-9ece-42b8890f6ad0
dosen_source.csv:21,e83c74cd-44bc-4dbb-9d9b-399e5b65ae6b
dosen_source.csv:21,5d124f98-3deb-4a36-ae94-fa3f345feb8d
dosen_source.csv:21,cff2985d-a33a-49b9-be8f-bab4f0a42b97
dosen_source.csv:21,90d5822b-78c6-4512-b6bd-a054213cd055
dosen_source.csv:22,d5b7ad15-28d4-4948-b925-6a25e2719b6f
dosen_source.csv:22,89fa855a-b5b8-4a3f-b1a3-7a8bac15b978
dosen_source.csv:22,230dec31-e859-482e-acb8-4aab1b76710d
dosen_source.csv:22,b15136cd-02bc-45da-8e29-2efb136b38d4
dosen_source.csv:22,b98493d1-7cc2-4cda-b2d4-d44b511fe4b5
dosen_source.csv:22,d472493e-c636-4650-87c7-3d478574b3f8
dosen_source.csv:22,d115b796-117a-42b3-bcf4-0431c661f8ea
dosen_source.csv:22,c618337f-e9f3-4868-b9ed-e05be990bb44
dosen_source.csv:22,f559144b-2ad6-4403-b56c-365f37f82242
dosen_source.csv:22,a03f3e8c-22e2-484f-a2ac-3596474d12a8
dosen_source.csv:22,cca06141-6f6f-4c12-bd48-521dbf54a8cf
dosen_source.csv:22,3eeee840-6509-40a3-865d-0ddd6af573d5
dosen_source.csv:22,e0c96db6-7eac-4cf4-9910-715e5bc2b525
dosen_source.csv:22,6144a3bc-b214-4886-894a-b25e3510a240
dosen_source.csv:22,6ceabf26-bf8f-46a7-992a-1139038acb7e
dosen_source.csv:22,d17ce0ee-7229-4c13-935b-33dfa3ccfde8
dosen_source.csv:22,b105f5c8-d400-45fe-bbfe-79a223f4f500
dosen_source.csv:22,c7e24c71-0536-4753-b211-6dce5cdc2e92
dosen_source.csv:22,14dd2a3c-1291-44d6-90e5-338d3ebc215c
dosen_source.csv:22,03580df9-87b6-46f4-9c34-bf310edd3f47
dosen_source.csv:22,6ba13910-f6a2-4eea-8780-ed87b212123a
dosen_source.csv:22,85489e0c-e720-417d-a8c1-4d17776874b9
dosen_source.csv:22,4d6eab5e-26b9-4f2f-8867-912f34283df5
dosen_source.csv:22,513c3d1f-7356-4507-8e93-bf673ce9b74a
dosen_source.csv:22,06aedcc6-2be8-4817-82a1-bda4203855b2
dosen_source.csv:22,75e9831d-9b05-44c3-aed2-469f84a9a5d1
dosen_source.csv:22,25c17fc2-446b-48e7-9684-7aa2cca7cdf2
dosen_source.csv:22,53c3a348-522a-4c82-b405-fc11232f4c6e
dosen_source.csv:22,38d9af4b-0b3b-439a-b3ef-7740cbba72c6
dosen_source.csv:22,5335f2d8-8066-46e0-ae0a-9349dffb7c80
dosen_source.csv:22,a60d14f7-0086-467e-b9ec-f2e55e2fc6f2
dosen_source.csv:22,aa8f6654-3155-4c04-a216-331d4d35d07d
dosen_source.csv:22,783c65f6-aeab-4166-8f6d-7053501b1bd8
dosen_source.csv:22,940af9f4-b5cf-4eba-b134-a688c4c7848f
dosen_source.csv:22,2c878ba3-4a69-4e74-9a55-ad79866d07a1
dosen_source.csv:22,44401c36-c0ad-4fef-af9c-c34cb9836632
dosen_source.csv:22,ce4a9e2d-c4df-424a-b8c6-0028773b3d41
dosen_source.csv:22,ae95263e-bee5-43ab-9acb-8fcea56df725
dosen_source.csv:22,2083892c-b3ec-4fb3-8ef0-ba24842c5026
dosen_source.csv:22,cbeecd98-3db6-4a14-9346-d342cdf494e7
dosen_source.csv:22,a278b63f-88aa-4bdc-9eef-e9b3dc47163a
dosen_source.csv:22,96a10438-3cac-4cca-a9b3-2938d650c710
dosen_source.csv:22,d63cb334-49b6-4d3a-8aff-c47a20f69022
dosen_source.csv:22,3e5bb3f0-5375-42f6-b703-f03b328e9fbc
dosen_source.csv:22,e207e3e4-9385-4b26-8535-0a40d6422201
dosen_source.csv:22,b9420fd7-5f40-4ac6-a2cd-2436586fce31
dosen_source.csv:22,c2d2a660-f932-435f-ba9f-4e1fa1560821
dosen_source.csv:22,258371ce-1bc3-499a-aff2-f88cb62149fa
dosen_source.csv:22,a2e93b01-35f2-4711-b197-9d9761b9ad64
dosen_source.csv:22,bce401f2-94eb-4e01-abe9-e2b8e3f15a0b
dosen_source.csv:22,7963306b-e26d-4f6b-8923-821f9f502bbf
dosen_source.csv:22,0d932ef0-56f9-4b42-ae65-b28371a106d1
dosen_source.csv:22,49f211fe-83c0-4b87-92b7-d6aa8fb3a026
dosen_source.csv:22,32ad481e-473c-41ec-983d-79d21edb3380
dosen_source.csv:22,db7153c0-9230-4bf4-906a-ac173da6b1c3
dosen_source.csv:22,3767e7fd-ce96-41a7-90ce-c93c441daf7e
dosen_source.csv:22,d33ab0ad-6a8d-429b-8f58-6c8135588350
dosen_source.csv:22,fa97221e-500f-48ca-9827-c157c4893f74
dosen_source.csv:22,84b84679-c03f-4629-98bf-47d95d28221c
dosen_source.csv:22,dad3e9a9-d0a4-4aba-8d83-240b6916bad8
dosen_source.csv:22,e005be13-f641-42f4-a517-7d07e2dbc68b
dosen_source.csv:22,8d8ef8a9-f116-4e8f-ac81-b02102bcc9e6
dosen_source.csv:22,249149b7-0f5a-415c-9694-ab63e70decc4
dosen_source.csv:22,8a3dd43f-2c3f-4cf8-9d74-b8de863a5459
dosen_source.csv:22,b530cb92-552b-4e46-944e-b31692cb7565
dosen_source.csv:22,efc6e4a3-0e98-4362-8895-e0419f57c16f
dosen_source.csv:22,15c0f983-bc9f-4cbe-b547-ec791b40a6fb
dosen_source.csv:22,8a449d25-c7b1-4b9d-9675-6bb3bf42c535
dosen_source.csv:22,c80699d1-ee3f-4974-a62d-0bd3a96a2377
dosen_source.csv:22,50534235-f6f9-49b7-877a-24e75f4b4763
dosen_source.csv:22,c6cbdb84-bd82-41be-8a5a-4265afd6c8a6
dosen_source.csv:22,c7f25ced-f539-4838-af7e-aed7e8f91135
dosen_source.csv:22,ffec9e3c-a7ca-4770-90eb-e6d799acb4f8
dosen_source.csv:22,8610fbfb-f801-4834-972a-ea6eb80f8020
dosen_source.csv:22,19d7751e-86e1-40f6-810c-44e2295fda93
dosen_source.csv:22,80679ef3-4d55-44f2-a85e-bdc874a724ea
dosen_source.csv:22,11fe9471-58be-42b4-b8ea-430c9dff6dd4
dosen_source.csv:22,182ee2d5-368b-4549-8a6a-abd2fce447f5
dosen_source.csv:22,7493a309-5ec4-4d91-9c35-8c09d89a6c90
dosen_source.csv:22,97b68b55-525f-49cc-b38b-c9399f008c56
dosen_source.csv:22,a4dbce25-e9b0-4c7a-9ce8-cb5ed37245db
dosen_source.csv:22,f1f1b428-9df8-4db2-a4ce-a9109f74aab8
dosen_source.csv:22,1c2fa25d-df24-4fe7-afb8-144457ac797d
dosen_source.csv:22,3631aa39-80f6-468a-a387-42faef48fa03
dosen_source.csv:22,4419c3df-db00-406b-92e7-65bce963951b
dosen_source.csv:22,77ef3e7e-5d10-4e3e-a737-354244682be4
dosen_source.csv:22,53d77be9-c66e-4032-8be6-1f6128d9a8eb
dosen_source.csv:22,cbebed53-f404-4a7e-bc9b-3ac1e1943a2a
dosen_source.csv:22,b4fa4406-cfae-473d-92a6-fe51a0590e03
dosen_source.csv:22,2a5acf5b-94bd-41c6-8f08-21e31c1e5ccf
dosen_source.csv:22,1076fac6-4887-4608-b011-83fea64cbf98
dosen_source.csv:22,bf027671-1d20-4505-a8e9-1016937e841b
dosen_source.csv:22,78414c4b-592f-4add-af07-6a3a5a52d8d8
dosen_source.csv:22,482ae45e-3523-4a06-8829-dbf5a78e2c26
dosen_source.csv:22,f3f3f377-6a62-4ddc-b1e0-8bad87b78e9c
dosen_source.csv:22,d9b73d31-7552-44ff-b6d4-403e5a06a07f
dosen_source.csv:22,a9d8fdaa-4caa-4428-b128-0c524f44f638
dosen_source.csv:22,0ba86fa9-4896-49d4-a79b-5e4fcf9c7e31
dosen_source.csv:22,02090b4c-e839-4c84-89bf-f651553f2ccd
dosen_source.csv:22,ea88c82c-600d-4e1d-ad86-138f99f6f05c
dosen_source.csv:22,90af9ef2-06f7-4807-88c5-1ef51d28d08b
dosen_source.csv:22,3e0ec8fd-2985-45bc-b557-358c05a4d37d
dosen_source.csv:22,30d8bf3c-bf92-4231-b14b-633aa1268a59
dosen_source.csv:22,0e2f9678-aafd-4bb9-b1ee-27803b81ec8a
dosen_source.csv:22,15998653-3a22-485b-9a80-fe1c30486ec5
dosen_source.csv:22,105c1fdf-7ef4-4d93-95fd-75df79fce7d4
dosen_source.csv:22,9e33ab43-e67d-4a0e-8742-1edbcace0fa7
dosen_source.csv:22,0ba81e91-f788-4b24-b8f1-67359d84d5a5
dosen_source.csv:22,88e6d226-5480-41f4-8ecd-09d592d9bce8
dosen_source.csv:22,7ce68687-2961-4973-a058-725f28cdd712
dosen_source.csv:22,e18c4036-934d-459b-9610-3ca6db4b6f81
dosen_source.csv:22,1b8dfe45-be6c-4bb9-8afb-28ebf88fbd42
dosen_source.csv:22,c3b4cf61-837f-4dd6-9860-7774fa51ada4
dosen_source.csv:22,9e12d413-6fb5-4a88-a504-a7e830e8db67
dosen_source.csv:22,6360964b-6833-4e05-9594-2f0af03d74fb
dosen_source.csv:22,016a1420-745e-497f-b6f6-f1804f8fa17b
dosen_source.csv:22,a775f57c-8e14-4e8a-8c1a-deac9028a9fb
dosen_source.csv:22,2dbe0d65-3fdb-4d90-bd17-79e127c9d1b8
dosen_source.csv:22,073c2e34-3817-4fca-8e98-06ad89c4addb
dosen_source.csv:22,4b3e5208-d384-4516-9d87-d8001681159a
dosen_source.csv:22,8c3a59a5-d1bd-42c6-9b98-88c0e3e29d1c
dosen_source.csv:22,cf9950c6-11f3-4768-b380-161aefbab550
dosen_source.csv:22,3b8396f6-39cd-482e-8f43-cb8bd07a20e2
dosen_source.csv:22,b44ad982-db7d-44ea-a3be-a0a627f8599b
dosen_source.csv:22,16a3910d-93cb-495e-86f2-d1cdc4058f02
dosen_source.csv:22,5cbe6d6c-2471-4271-9623-e6db715d587d
dosen_source.csv:22,c6e96a9c-b6ea-4a7e-b72e-5c44caed7632
dosen_source.csv:22,9303bdd8-a332-43ca-abeb-fdfc4510185e
dosen_source.csv:22,3bef6ca7-33dc-482c-b87f-55bf421d2994
dosen_source.csv:22,3b85886a-388b-4216-a25e-c1f98e88285e
dosen_source.csv:22,a72bd505-e3f5-43c1-93f1-356f440b4f4d
dosen_source.csv:22,46647b90-3672-44d9-8093-a6eea8d9d7ee
dosen_source.csv:22,b101e117-dcf9-4342-a80c-72ed52acbee5
dosen_source.csv:22,feb4b13b-0307-4ff0-aa30-517523c9c0df
dosen_source.csv:22,38310332-d96e-46c0-8fb1-dc393143dfe8
dosen_source.csv:22,43007116-6de3-4c4f-bf1c-57908166da01
dosen_source.csv:22,7267991f-ca25-4ae9-8f00-8f897155c1df
dosen_source.csv:22,ad70c3c6-27f9-41ae-b37a-a11f464e78a5
dosen_source.csv:22,9d350077-ce28-44ba-8913-93066dbb30c0
dosen_source.csv:22,2d95d581-fe1a-4997-87d2-50f775631bcd
dosen_source.csv:22,b9262f01-1103-4992-84dc-b3e4a5a21e5b
dosen_source.csv:22,55bd1ed4-342c-4eb2-9cfe-1564438b340f
dosen_source.csv:22,ad020e9e-10d5-43a8-85b8-1d966bab35f5
dosen_source.csv:22,2dadabcc-4a75-46d3-a827-ce433526698c
dosen_source.csv:22,e83c74cd-44bc-4dbb-9d9b-399e5b65ae6b
dosen_source.csv:22,02ee74fa-dcfb-4d38-a9a2-d75fef0c078a
dosen_source.csv:22,fa29692a-2e54-42f1-b778-e0dcf997af06
dosen_source.csv:22,3470ccc5-ee7b-4795-9b67-1ec7cac91344
dosen_source.csv:22,63e441d1-7ba7-4a0c-8b9d-083fa7587e29
dosen_source.csv:22,ecd18532-f133-49e5-a6f4-f8b2d2efb54f
dosen_source.csv:22,8a1314cf-87ea-4b51-84d8-b01ccd170db8
dosen_source.csv:22,6c94af0c-591c-4e19-98f9-3e36ec48bc63
dosen_source.csv:22,c515b9ee-bb2a-46d9-9b2c-1837d2067008
dosen_source.csv:22,30fe05ca-9987-4973-90b1-8de2895640f1
dosen_source.csv:22,05104511-f6cc-40ff-bf51-639125cb848b
dosen_source.csv:22,8af538ce-1a7d-40a7-b524-441edf97f462
dosen_source.csv:22,3d81b993-ad80-4714-a22c-094c3172c118
dosen_source.csv:22,8ca83f5f-2798-45e8-808e-ace45d061c15
dosen_source.csv:22,97b6ac4e-1b44-4d79-8344-4c9d4604d461
dosen_source.csv:22,ad77b9f8-777f-4bc4-bbc0-8645f5c7c2db
dosen_source.csv:22,92b92ba1-0e7b-4dcf-b1e0-54cf7705f2ae
dosen_source.csv:22,261f174c-9ed3-4a48-9bec-1f29af3897f4
dosen_source.csv:22,c115dee6-3e52-48af-b001-074106e44671
dosen_source.csv:22,df2ad203-f1fc-4fbb-b3e6-fc46275c61c2
dosen_source.csv:22,f84f0a21-2837-4c4e-8742-5b024b22e531
dosen_source.csv:22,408c84ae-053a-41aa-99c2-8a4c5fe5236e
dosen_source.csv:22,a233d839-bf00-4179-a80a-b07b81fd5897
dosen_source.csv:22,1baa4e57-f0f7-447d-910a-59e410f63441
dosen_source.csv:22,6b00d511-3f6c-4b18-a571-ec36de961edf
dosen_source.csv:22,4cd40896-f8a3-4264-b385-61863b9b5e27
dosen_source.csv:22,55e489fb-71d5-4fc0-b41b-a53131b3b966
dosen_source.csv:22,cb004010-9eaa-4066-a60a-c04619003ab0
dosen_source.csv:22,7b33d3f7-6350-4673-9814-218cee3ab70a
dosen_source.csv:22,79d9c9e9-4572-447a-9d56-06b1b0846bb5
dosen_source.csv:22,43146188-c1c4-45b1-8028-6900ebde4fb4
dosen_source.csv:22,b940a37e-bdf5-43e0-9cd3-78377fdc2fbf
dosen_source.csv:22,7dbf2ef1-8612-40a4-a394-7c5b42025978
dosen_source.csv:22,70c04806-daed-4164-a3c8-08eead7d4f4e
dosen_source.csv:22,1d3d363f-773f-4441-b118-360322a1d094
dosen_source.csv:22,eca0c93a-b0d9-457e-8f49-8ea22ed446ef
dosen_source.csv:22,31ee8e68-ab56-443d-9353-aced35ebe151
dosen_source.csv:22,18c90d08-c2a3-482d-8e56-f87430da2f1c
dosen_source.csv:22,edd64ba9-55d9-4e82-9e53-7ee45e686fa1
dosen_source.csv:22,9463721b-c331-4ba9-adc7-1427be1d039e
dosen_source.csv:22,59224031-75f7-455b-91db-2a970654659e
dosen_source.csv:22,ed2a9f6f-3701-49ca-9e74-7edb7e1a8e15
dosen_source.csv:22,a0eaf29a-6dc5-4ab0-8fbe-842dbfd7a7c8
dosen_source.csv:22,b9565c04-a8cd-4deb-a1c6-2ed87d6fbe49
dosen_source.csv:22,37cfea07-202a-4dc7-9478-9625dfe58cc2
dosen_source.csv:22,fa539c23-757f-4225-8e0c-24967a73af0d
dosen_source.csv:22,2645ad38-30b1-4d52-b376-47f3b4833cb4
dosen_source.csv:22,029cfe8a-baf7-45f4-b58a-a59c9963a737
dosen_source.csv:22,d8a57a07-f61e-4c46-8fd5-556de0b648c1
dosen_source.csv:22,ac8d24c1-c99f-4f25-9144-a7dcfd47795b
dosen_source.csv:22,7a4dc76a-529e-4f3c-a1b9-2323d2fd21b2
dosen_source.csv:22,694e9fef-220a-46a4-9ab6-b6b5710006ef
dosen_source.csv:22,a8b614cb-0880-49e0-ab15-2160cd8ffba7
dosen_source.csv:22,fe47de60-a47d-449f-9803-851c36e35435
dosen_source.csv:22,2347b50c-8aff-4474-a8ff-d247b0128828
dosen_source.csv:22,31664c05-1aab-4fd8-9574-84061b357d5d
dosen_source.csv:22,ed32e199-e9b1-4d02-a4f0-b0a1b0f1b55e
dosen_source.csv:23,9986f8d8-822c-4300-8871-0f53f5a68c5e
dosen_source.csv:23,f711acb4-9bca-4edd-830c-71e22509e723
dosen_source.csv:23,e612d425-085f-404b-b15f-443a6326cb1e
dosen_source.csv:23,c62f64fe-07fb-481a-81a3-fb3d3b1dd970
dosen_source.csv:23,82a738fc-c6b5-4b8c-a9a1-6ac79ab80bd8
dosen_source.csv:23,5a148178-20d6-4b07-a3ab-3c968598898f
dosen_source.csv:23,d99f67f0-4be8-4784-99d8-c81855395473
dosen_source.csv:23,4de3c005-890e-43ea-8811-440091342638
dosen_source.csv:23,89bd4d4d-6442-43eb-8fae-13dc1366f406
dosen_source.csv:23,ad596a87-530a-4300-add0-55506cb3afd4
dosen_source.csv:23,1e32303b-7b19-4d09-99bc-e60a6387ba59
dosen_source.csv:23,f337d625-3667-4084-a5c9-c392762bee8e
dosen_source.csv:23,7a6d586b-1a59-440c-a651-8aaddac0243f
dosen_source.csv:23,5b199e3d-be00-40e9-9334-532d6bcf3405
dosen_source.csv:23,8ab2aa54-23c0-41d1-b0d2-a3b4f14233ca
dosen_source.csv:23,272e5a61-e5d5-4c7f-ab4a-07b0e977d3b2
dosen_source.csv:23,3462fb2d-5de3-457a-ad00-bc83508b8ea7
dosen_source.csv:23,b118ea57-a666-4dfe-bc0b-cecba90c1aab
dosen_source.csv:23,df87939a-f2b2-4003-a187-182c6e79d34b
dosen_source.csv:23,ee03923c-7e1d-4c35-8700-bf42e940f99f
dosen_source.csv:23,d0c26e8a-8c35-4bc9-9d7a-d743df669628
dosen_source.csv:23,5e7c8964-46bf-4d57-b031-a7a94dbbb067
dosen_source.csv:23,6a0f10bf-f9c5-460b-86ca-ba08247d29e8
dosen_source.csv:23,418566ee-6df1-4c01-86ed-1bbc41c9830b
dosen_source.csv:23,d742035d-a3f7-4f4f-9162-a7581a0df7a2
dosen_source.csv:23,c5111fb1-4c01-47d4-8a8d-cc16f71d6328
dosen_source.csv:23,f8f5a769-f69a-4c34-8e50-6a01e8cf8c48
dosen_source.csv:23,21388e18-a142-479c-bb0c-044917c7dc0b
dosen_source.csv:23,63d6cbd3-2097-4181-a2f6-7488a2384b8d
dosen_source.csv:23,f94f1606-0e89-4b99-bb56-8472ae8c9e4e
dosen_source.csv:23,308f929a-d11e-4b44-9fd8-47396eaca20a
dosen_source.csv:23,7fcc3cf5-372a-4e5b-b436-146c0ab6c7af
dosen_source.csv:23,9e3f180e-2c64-4df1-80e4-82e18e1d17a0
dosen_source.csv:23,333e6aa3-b832-4f60-a511-c5703fafde48
dosen_source.csv:23,75d4b377-5078-4c6b-838a-4072024bd742
dosen_source.csv:23,784aaee1-a8fc-4bb7-825d-abfa9aef3776
dosen_source.csv:23,a5c9a3c2-b998-425a-8a81-ec2962127352
dosen_source.csv:23,c7a15b99-5803-4e1d-a067-add4fbb35f96
dosen_source.csv:23,42dd9ed8-1d36-4a87-8790-0ecbda013a00
dosen_source.csv:23,b6efbbad-51ce-4d16-9f04-2f8d9b120a27
dosen_source.csv:23,032d7ffb-fc9d-4270-947b-6f004ed213c1
dosen_source.csv:23,223708dc-95c2-4b26-9234-8463ad4f6a6c
dosen_source.csv:23,aeb02979-c258-4d82-ac64-5b34099dac63
dosen_source.csv:23,b494472f-be3e-4930-872c-6fc61195f521
dosen_source.csv:23,d2f280d2-f963-4302-b329-b1a324e1757b
dosen_source.csv:23,c7ddd58b-1e3b-4831-9086-ea0066915e1e
dosen_source.csv:23,efc36807-0a26-48a3-899e-6ca906250a9c
dosen_source.csv:23,573e042d-4708-42ff-ad12-d2789fe39ccd
dosen_source.csv:23,50de3547-5dd9-4122-be53-4d36fe5b5d54
dosen_source.csv:23,836107ef-218a-46db-9277-22299fdeacce
dosen_source.csv:23,3c60e8b7-666e-43b1-b8a6-5b05ebcc46ce
dosen_source.csv:23,b7017d97-d809-4351-b568-46d9c67a1ca4
dosen_source.csv:23,c97d7271-9911-4edc-82cc-584f1015e9ba
dosen_source.csv:23,cbba4a3d-766d-4dd0-a748-05b0ff3d90dd
dosen_source.csv:23,2e3e97b2-eb39-4108-93e6-5fab9087fee2
dosen_source.csv:23,cf032d33-b1e5-4a02-bbe7-5f3f1c927d83
dosen_source.csv:23,d7809785-ef28-45a2-a685-ba35783ace52
dosen_source.csv:23,0f8044c6-a2b8-4452-a5a6-d8d56ab9f2af
dosen_source.csv:23,8a5a4301-7506-41a1-88f7-618402d0129c
dosen_source.csv:23,bcc1141f-68d8-4f27-8d96-860aefdae943
dosen_source.csv:23,1375e15b-e9ae-4936-abcc-47b3a83e8b6e
dosen_source.csv:23,49496e13-1a0f-4351-9568-53d941602408
dosen_source.csv:23,46de7c64-162f-4219-a509-dc7852e9dac3
dosen_source.csv:23,b43793d6-27d4-4f49-ab21-9d0ce61d0c7f
dosen_source.csv:23,1e553d4f-fc25-4eb6-974a-17dbadd7799e
dosen_source.csv:23,ac1a4665-05bb-404c-b967-9796455f5444
dosen_source.csv:23,7a76d7a0-d376-48d7-b5ce-1094fcea9d3e
dosen_source.csv:23,bbc01565-e2d8-4f2e-9762-6a4031f29e0c
dosen_source.csv:23,993bad50-1c07-4778-9b0d-9883fa1b2928
dosen_source.csv:23,7c7e2b05-e4ef-4ef2-974a-562437d502cf
dosen_source.csv:23,e25af9ad-7230-4bf7-9b11-b154c82011ca
dosen_source.csv:23,9923000c-d969-47d5-82a9-898d6edec656
dosen_source.csv:23,7792e7eb-17f9-46ad-ac7f-c57aa4eab36b
dosen_source.csv:23,cf853c04-d6a3-4c96-ae84-409615805bc8
dosen_source.csv:23,788c1dd9-3083-483d-aaa9-cc5109014575
dosen_source.csv:23,aee1178e-3537-42bb-a4ff-e765c26e23bd
dosen_source.csv:23,d69b856f-c9a8-45f1-87be-139d8a633788
dosen_source.csv:23,8469cf19-e867-4bb6-9dbc-20f5c11e333f
dosen_source.csv:23,00e8cdef-35dd-4545-b720-176d92432c28
dosen_source.csv:23,fcc91622-e2b8-4cff-b1a9-ae8714d8abc9
dosen_source.csv:23,7a3a4840-34a6-4d5b-8de5-fb101bf79fe2
dosen_source.csv:23,969ace0d-d628-44ee-9973-df00656395a1
dosen_source.csv:23,e8ad4aaf-5ac5-430c-848a-b237a32709a7
dosen_source.csv:23,22920735-141b-4833-806b-85e78508c219
dosen_source.csv:23,197b0970-05c7-4dff-b4d9-58538740bbf2
dosen_source.csv:23,3c2bc00f-8b94-4a5e-aaed-6fdb0f6d724d
dosen_source.csv:23,de836179-92e1-4dab-a130-e7ecc220960d
dosen_source.csv:23,20a57b56-ca83-411b-bfbb-f157577342d1
dosen_source.csv:23,67ec22bf-c4a0-4fd0-91d5-97e6e8491ddf
dosen_source.csv:23,e86d348d-8fdb-4a49-9919-3c49c250560c
dosen_source.csv:23,8fde81ed-d0d3-4291-8e9f-d2be3dee6e0a
dosen_source.csv:23,ca83684e-22b1-45d8-917e-44f225a3d9ed
dosen_source.csv:23,1be11fae-084e-4821-8653-6e03e3fb0c43
dosen_source.csv:23,f3ec10eb-b0ba-4a2d-adb9-7e9a6d56dbae
dosen_source.csv:23,5a2adebd-76c1-48d3-824d-4b7560be77a5
dosen_source.csv:23,d838785e-b195-4c9a-a25b-ba4237572cdc
dosen_source.csv:23,9bc285d9-03a3-49a6-a876-3b58aab0de30
dosen_source.csv:23,70d2c1b2-951c-4e65-bc82-6e6505b59d03
dosen_source.csv:23,b06a5385-c585-4087-b565-d0cfc3659139
dosen_source.csv:23,96032b51-b43f-427b-9845-405b31eb01b8
dosen_source.csv:23,ae29548a-ffdf-4a1c-bfa2-e276b56e89b6
dosen_source.csv:23,c4b4f378-5863-4f0e-97ff-2c26889d6962
dosen_source.csv:23,9022b4b0-e8fd-4e2f-932e-7b568d4959ba
dosen_source.csv:23,3c852c94-2e4b-49e4-a883-015212709a88
dosen_source.csv:23,feaad4cd-329d-40af-bc6b-b1d77a2f4d92
dosen_source.csv:23,82011b68-051b-48e5-b510-2ed3585d336f
dosen_source.csv:23,73eb8624-8146-4710-a578-f38b0b788fe4
dosen_source.csv:23,fa0244cb-78ad-4471-a590-836f8bb713db
dosen_source.csv:23,db96df48-5f91-4f36-8cf2-e658792d260f
dosen_source.csv:23,63adca4d-4b10-4a6f-b8d4-801c8a97752f
dosen_source.csv:23,4d667978-a2fe-40c7-b1a5-b4787259f216
dosen_source.csv:23,bff20aeb-8fac-42aa-9a90-3885e01ebe21
dosen_source.csv:23,e19bf7c3-9021-475e-be49-08d8ad3c032b
dosen_source.csv:23,4cf0c6c7-81fc-4188-8c77-a88fb1de1cae
dosen_source.csv:23,53211a23-4c7a-47e3-825d-d31d8de70757
dosen_source.csv:23,4fd0fe44-278a-463a-9e76-4e12126ec5b0
dosen_source.csv:23,70276ab4-f158-458b-b494-af166b811320
dosen_source.csv:23,613459d4-cb17-40b2-80f5-8805c368cc12
dosen_source.csv:23,2da1bf04-afc5-40b7-8dd8-cef3d56cc614
dosen_source.csv:23,90952c2c-2e89-4692-8900-aad7bb37b614
dosen_source.csv:23,14f57ec6-b5e9-4264-a38e-c5d24463d4dd
dosen_source.csv:23,4ab896ea-630c-4ef4-bdee-86c47e6cc5ef
dosen_source.csv:23,f4cad8b1-80e2-49ca-80c7-52156d48256d
dosen_source.csv:23,f523a0f2-bc8f-4a3d-ba4d-75a54ea1b1a5
dosen_source.csv:23,06931238-6ae0-4be0-88ba-6c091dd1e375
dosen_source.csv:23,b052ca2a-70e5-4177-ae5a-df9c313185da
dosen_source.csv:23,3661f783-0123-46b2-94ee-7cccafe6eb86
dosen_source.csv:23,01945017-1de5-4717-ab97-1cc0754b1db8
dosen_source.csv:23,e0590878-644a-4953-9568-9210c57e4b7f
dosen_source.csv:23,a0d805a9-33aa-4709-8423-904634f23291
dosen_source.csv:23,fbeb6cbf-955f-4259-9ba3-76fef45521cd
dosen_source.csv:23,153dd214-ce7d-4541-b245-5f6fcef18b2e
dosen_source.csv:23,3124892d-f2ee-44d6-97a8-fd3d2f955022
dosen_source.csv:23,e0561d87-de0d-49ee-a0ca-420127fd02db
dosen_source.csv:23,e7b99310-c699-432c-8cd2-ff256189a897
dosen_source.csv:23,5091d120-6e62-458d-b155-306c0c86c9f4
dosen_source.csv:23,7f1cd821-2812-4963-b33f-cc34fc7c9458
dosen_source.csv:23,89209293-9257-43ce-8850-eb95cad5d1ac
dosen_source.csv:23,a16cdd40-4f1d-456f-97e8-65f5bc496681
dosen_source.csv:23,70bf3759-9f14-4795-a1b6-27d72017bc12
dosen_source.csv:23,2ccc14a3-1db8-48b0-9d88-d72530fb50b0
dosen_source.csv:23,56e9351e-41b3-442e-bb7b-5ccce45d1175
dosen_source.csv:23,66fec294-114e-4b67-b77c-9387ae70b4a1
dosen_source.csv:23,43d619ff-4965-4fbc-a14f-779074afe034
dosen_source.csv:23,b2186464-d805-4736-a14c-9b4aa358adb9
dosen_source.csv:23,f8528629-a562-42fa-8034-419b0ca6e2f8
dosen_source.csv:23,c15ce8be-c649-4ce9-b370-05fbbb806274
dosen_source.csv:23,d6c86ceb-0229-4818-9346-4bca1a70f230
dosen_source.csv:23,e7d8ab0d-e080-4bf8-8ed3-a43d19d1a7b0
dosen_source.csv:23,034ac662-3aaf-4f5c-bad6-287cb558910e
dosen_source.csv:23,afe90634-3aaf-4f45-badd-9ddfed1468aa
dosen_source.csv:24,2f1e4824-3f54-4ded-86bf-a686b6c088f6
dosen_source.csv:24,2d1ff54e-e72e-48d3-826a-bdced1eba3b2
dosen_source.csv:24,9f5bfe51-edbf-4eb0-90ab-ee162d0008eb
dosen_source.csv:24,fbc86470-bee9-4e01-ad39-ed75a57c7d56
dosen_source.csv:24,09659972-668b-43d5-8627-63982290d1e8
dosen_source.csv:24,28b32fda-78bf-4677-880b-98d7e38f84b8
dosen_source.csv:24,3cba2cca-5fed-4d12-963b-96623f7509f6
dosen_source.csv:24,f21b2833-f601-4992-9179-786c814ca90f
dosen_source.csv:24,b5ab1dc9-6409-4756-bd3b-735f5932ec9a
dosen_source.csv:24,d56f572c-7586-4555-ad43-d9a69eb79462
dosen_source.csv:24,dd91ed20-a01b-4063-b388-d5517c3ff8e1
dosen_source.csv:24,140a9d4b-13eb-4c09-a2ed-9c185733fdce
dosen_source.csv:24,158d2e57-158e-416d-b77f-7f6d0696bbc8
dosen_source.csv:24,2fbe434c-389c-45a4-bfa4-d244766ffb01
dosen_source.csv:24,32743449-d719-45b6-be86-6db50a2e51a4
dosen_source.csv:24,35bce063-bcb2-40b6-85ef-23b6241525ab
dosen_source.csv:24,ee1c65f6-e5a9-4c0b-a822-e5f8922d52ea
dosen_source.csv:24,5a2a2ebf-7aa1-40c9-9827-eca6a2585656
dosen_source.csv:24,37ac532f-80fd-43be-94a7-66e84e139dbb
dosen_source.csv:24,3787dd28-a926-46cd-9207-66b6820fd936
dosen_source.csv:24,790d73ed-d84a-4e1b-b795-1e4a88e8a2ff
dosen_source.csv:24,f9c1f4fa-2f4d-47c3-988e-7c905969e108
dosen_source.csv:24,f60ea329-e40c-4a0a-8c6b-53f7134dbf96
dosen_source.csv:24,e9cea5fc-29a3-457d-a9ff-5e375b365936
dosen_source.csv:24,7c4d71d5-9762-4e06-b716-2724e8c98583
dosen_source.csv:24,e285fd41-8032-424c-88f4-f01abdbc5582
dosen_source.csv:24,3320da5c-583d-406b-afae-780a07578e27
dosen_source.csv:24,3914e465-3bdc-4c63-96ad-bf2fe9186a04
dosen_source.csv:24,297005dc-267d-4c6d-8256-4f05da1a6ec7
dosen_source.csv:24,85cd26c6-2fea-4157-b56f-db4f6ec3205a
dosen_source.csv:24,1a8ad180-3744-4f49-ab27-3c7a0843680d
dosen_source.csv:24,d4fada44-592f-40ab-9a8e-81518e85f4d1
dosen_source.csv:24,290758dc-7a40-45ef-a792-d11e0166acc9
dosen_source.csv:24,96e2d840-aa92-4054-a0f8-cee30a38bcab
dosen_source.csv:24,a6fdf44b-bd1b-429e-9873-0d147373bd82
dosen_source.csv:24,a6bc6474-263a-4bb9-a72f-1665bcecfbfe
dosen_source.csv:24,84b5186e-05be-4027-ace0-58356dc3094f
dosen_source.csv:24,631f25ad-2acc-4dc0-b7bf-38b1db1d6be8
dosen_source.csv:24,37976873-d409-47c9-b79f-ccc5375ced82
dosen_source.csv:24,3714a29b-8c44-4009-a831-030cd2e32a49
dosen_source.csv:24,e122addf-3fb1-4b76-af17-65b7e0ef43ec
dosen_source.csv:24,e7100b03-19c7-4466-8e32-e75e66b0d5c7
dosen_source.csv:24,33feedfc-4bea-4635-8deb-72cab54f6f21
dosen_source.csv:24,d0028ae0-a16e-412c-bccd-907003fe80c2
dosen_source.csv:24,41eea37c-1b9c-481b-a30f-5183b9c09871
dosen_source.csv:24,a1b34f65-cc12-46ad-b085-2c3fcae2a39b
dosen_source.csv:24,1926c090-cdc0-4985-9cf3-0bd5a7170a4b
dosen_source.csv:24,2c8ce99e-4aa9-4c33-9bcc-8c6bd854e3b4
dosen_source.csv:24,5a15dcc0-867a-48fc-a74c-a5b74dcad3fd
dosen_source.csv:24,779305ea-209c-438c-acf6-9b90185715d4
dosen_source.csv:24,779871fb-9d4c-44e8-8de1-31ae1cc224e9
dosen_source.csv:24,fd6d308a-33c9-44a6-8246-feab0af9d4d4
dosen_source.csv:24,d5ff66ff-8b8b-4e44-9f05-0a3cdcb7e1a7
dosen_source.csv:24,32720cbc-217a-443d-9516-23c0299e302e
dosen_source.csv:24,54acc9b3-77db-483f-b88a-bf67d9d1a73d
dosen_source.csv:24,c70d8c2d-7d01-4a19-b51d-79fe221161bb
dosen_source.csv:24,3da0826b-518e-429d-8095-7d9d69acfb73
dosen_source.csv:24,3e54c3b0-73ad-41a1-9739-4a766fcee83f
dosen_source.csv:24,1c9b5329-ef0b-4e42-86e3-e9bc5d81e6d5
dosen_source.csv:24,18a749cc-4a40-4bca-b8c5-65eeb1b38e3c
dosen_source.csv:24,8055196d-7f7f-4496-bdb9-9c94e8004d92
dosen_source.csv:24,ed48b9c1-416e-4d05-8feb-d46d2d7a0538
dosen_source.csv:24,7e42b6bf-00eb-46c9-aada-3e28794c4140
dosen_source.csv:24,88c32131-420d-4c61-8e2b-6869cafbe77f
dosen_source.csv:24,55ce681b-7a6f-44dc-8140-a4986857fe19
dosen_source.csv:24,0f5509a2-840d-4ec8-941a-0f3991af0488
dosen_source.csv:24,b03b8dc1-3ff6-4cdf-b049-0708f820438e
dosen_source.csv:24,f2c1e6e9-7182-41b3-bdfb-edca5bd3c399
dosen_source.csv:24,1026bb7a-9824-4bcc-b2c4-1c01934735ee
dosen_source.csv:24,9d2f04f4-6227-4d33-9f0d-52d19f408a9f
dosen_source.csv:24,b0ea8bad-fdd0-414f-ac9d-311ff9ffe89e
dosen_source.csv:24,369b9604-0158-491e-a486-82f5969d9e94
dosen_source.csv:24,0ecea755-034b-4614-9cf6-d5c9c563bead
dosen_source.csv:24,13c4065e-0187-4d75-a252-85a358d9e012
dosen_source.csv:24,ae864947-d442-43b2-b036-4dfd48045b4f
dosen_source.csv:24,8a71250c-c37e-4e9b-a320-c553d23d7e96
dosen_source.csv:24,0abf6689-70f6-4387-bcdc-9795302e246c
dosen_source.csv:24,2c74e638-84c0-4346-98c2-d10b56e19a98
dosen_source.csv:24,3cb76708-b448-481e-bae7-9f523e4494dd
dosen_source.csv:24,2d6eb551-55a1-45d1-ad57-f2cd725ab480
dosen_source.csv:24,a61a2284-9429-456b-9e51-22be384cc9d6
dosen_source.csv:24,6f245be8-0abe-48e6-8cb4-bededed02b36
dosen_source.csv:24,23150287-9655-49ce-9f72-b8671c5ad9fc
dosen_source.csv:24,fe89b0d5-ac71-46b1-b9a9-24be251f88d5
dosen_source.csv:24,cd4c6c4e-24fa-4bf2-952e-5102f9bb119f
dosen_source.csv:24,9daea3e4-d4f5-4ec8-ba3c-502a0ed3f4c7
dosen_source.csv:24,bc6e3bb0-4913-4005-884b-233ad8ecf585
dosen_source.csv:24,4de3c005-890e-43ea-8811-440091342638
dosen_source.csv:24,5f8bea24-c534-47e8-8ed1-edeb4e029149
dosen_source.csv:24,e52ad34e-9ce3-4a68-aa91-d14317e868f1
dosen_source.csv:24,d86d39f8-637b-46b2-bc8e-f685538d943b
dosen_source.csv:24,92bdfbf9-a931-49d4-bb31-0b81de9fff49
dosen_source.csv:24,82d64fd2-01a6-44d2-829d-febd03a8902d
dosen_source.csv:24,ab90dbd5-5b92-4ca1-8801-54d25c3c1999
dosen_source.csv:24,68c65290-962a-4b4e-bc88-fb3aff0d082f
dosen_source.csv:24,bcf742be-d8f8-4894-85db-87ed517449f3
dosen_source.csv:24,56630330-e0fd-4e5d-95d9-c43837abd3c7
dosen_source.csv:24,18602613-18fc-4b08-a961-c914971a9379
dosen_source.csv:24,304619a3-0213-4986-8592-c2f1a3398af2
dosen_source.csv:24,522f5f8b-0ad7-4448-b9b5-54b882666941
dosen_source.csv:24,505caf8a-44bf-4b7e-ac6a-ca7827559bcf
dosen_source.csv:24,6bd720db-8f03-42af-8347-e4f6f2f165d5
dosen_source.csv:24,d4139c12-00a8-49c7-abcb-86cc2b28d6d5
dosen_source.csv:24,a9dcc780-92af-43c6-9fa2-0e2940aa1c54
dosen_source.csv:24,548e148e-1b2d-4687-9d7c-633e9f290b2d
dosen_source.csv:24,20cdea06-27b5-4723-a56f-08a8ab67e342
dosen_source.csv:24,c33bab68-8371-4e77-a367-f1adb2c0416e
dosen_source.csv:24,715ce166-2643-4dbd-9dd5-2a7bbc149572
dosen_source.csv:24,eea9c910-b586-4ac0-9abb-a326b2d6ae03
dosen_source.csv:24,09336819-ebee-4c77-a98d-4b3074a31ff9
dosen_source.csv:24,b4fb9895-1906-49eb-ac81-39a27ad8b769
dosen_source.csv:24,d8fe1a73-13f0-4add-94ca-87fc7ea04f28
dosen_source.csv:24,e00e669f-506a-46fe-8f04-b2fc85c255fa
dosen_source.csv:24,a54ec21f-6a77-47e7-847b-6fe76037f31a
dosen_source.csv:24,325fdb4e-c7f0-4e41-9adc-a9ae42fca047
dosen_source.csv:24,2226bff8-4533-4295-aa3c-3f3edb55375c
dosen_source.csv:24,4d0c86fa-1119-4092-b3ab-d55651972724
dosen_source.csv:24,e6af2aa4-9749-4a20-bf6a-17c70081b985
dosen_source.csv:24,b8cd3a8d-6cb3-495b-9e8c-5a7219ebeacd
dosen_source.csv:24,bda48271-3a90-4951-9643-b60efa7876a7
dosen_source.csv:24,01e1c1c7-5efb-4281-98cf-9276986f9be1
dosen_source.csv:24,6a1e4ce1-030a-4e9d-861f-e5472bf16317
dosen_source.csv:24,7884fce3-0f5d-417a-baca-8a7269203c52
dosen_source.csv:24,771930bf-c088-4e68-b4f5-398df15d3df6
dosen_source.csv:24,5967a3ca-e8b6-4ef1-a774-f12ea9e3aaa6
dosen_source.csv:24,1c6f846d-07b3-4c38-82f4-ac72d3269bea
dosen_source.csv:24,1d7d38f1-b3c5-4ece-be16-1aba5ba13dfa
dosen_source.csv:24,c582f745-d498-49e4-817c-7837567cbd5d
dosen_source.csv:24,e16f5458-fbd8-40b7-af6b-76e216bc9d42
dosen_source.csv:24,8e2a2189-f4b7-4e31-bc31-436de0bce8fd
dosen_source.csv:24,3d500afa-7391-4039-86e3-7005204bacb4
dosen_source.csv:24,f94a081a-a07c-4444-b3b4-10069d5aad59
dosen_source.csv:24,c83a5dc0-7652-44f2-8ad6-81f6a5ec54de
dosen_source.csv:24,0db8eb4f-6e0f-4b67-acdb-1077b7323aec
dosen_source.csv:24,ee5dbb09-2cd5-41f6-8b97-cf5c5660022e
dosen_source.csv:24,0329e3dc-2142-4465-ac16-4a0d32a24e9a
dosen_source.csv:24,9e10c8fa-0293-4d64-8e3b-883cb6b01b5e
dosen_source.csv:24,09ddb66e-798d-4eeb-865f-d5cb9ba46990
dosen_source.csv:24,3b03ff01-6c61-4b18-85d0-a13f9ade9453
dosen_source.csv:24,215028ff-5472-4eae-a327-41fe681d2d1c
dosen_source.csv:24,c6b76a27-cf31-49c2-9f7a-43fc25ec9b6a
dosen_source.csv:24,4e6985f3-7379-4993-b67a-94dd4bf3d52a
dosen_source.csv:24,70c3e4cd-9d1b-4cc2-8554-97213923234e
dosen_source.csv:24,31793254-e92c-4b44-84a7-8b35df0adede
dosen_source.csv:24,1d8f3318-5cbb-4e6e-b7d8-4f93d7796999
dosen_source.csv:24,e3fa95c7-0a89-46b6-a5dc-af1f6830aacc
dosen_source.csv:24,596679dd-6438-46fd-9db9-49fc9b76a71b
dosen_source.csv:24,aa6e4451-c570-488a-9652-b69724ff17d0
dosen_source.csv:24,2bb15635-cc2f-4b75-8dc0-4a6407955208
dosen_source.csv:24,da5f2dd1-5e95-41da-bd2c-09a4f7cfbb87
dosen_source.csv:24,fb2f4076-8375-416c-a0c1-5bf941e21766
dosen_source.csv:24,6b5d5626-b278-48a3-ae8c-1513407ad1b2
dosen_source.csv:24,3529e92a-36f5-4072-9402-f60e259c4c4f
dosen_source.csv:24,603669a8-898e-4f29-b171-c3a4118b9996
dosen_source.csv:24,304cb8ca-9d40-4919-aed8-74802158037e
dosen_source.csv:24,4490f6e5-843b-4b9e-a75c-3bf4e7e646e8
dosen_source.csv:24,ad777e08-d526-448b-8309-bb7a49abc9ad
dosen_source.csv:24,854f7371-b679-451a-9148-2f776ec9ea57
dosen_source.csv:24,498a8f78-4ec4-48c8-9689-3dec078327fe
dosen_source.csv:24,66944bd8-38d4-46db-ab3b-5e2151257e04
dosen_source.csv:24,fe76ce4d-c03a-4826-8b58-db2e8bfa2b38
dosen_source.csv:24,9a9f7e9e-4d97-4595-8230-a8b640322a96
dosen_source.csv:24,73883936-25ed-4f8d-a62f-11c7d7ad0dc2
dosen_source.csv:24,1ca30246-286f-4846-a7a0-b7a130871041
dosen_source.csv:24,2b47746f-8214-401f-9e4a-50f82aa111f7
dosen_source.csv:24,00462e93-c97d-450f-9b93-a41abc26b27a
dosen_source.csv:24,14e97585-a28a-4ea5-ad1d-a148fc2a540c
dosen_source.csv:24,8bb8f5c4-9992-47bd-9474-42896cbe3873
dosen_source.csv:24,b9eecec1-faf3-4c5f-a246-89900d55ff0e
dosen_source.csv:24,fc849270-1ced-4e31-bf2a-7deef752ed68
dosen_source.csv:24,46d8bb92-1e67-4739-b552-9639af7ccb40
dosen_source.csv:24,edb1c895-facf-4370-8e1e-bdcf3d0141e2
dosen_source.csv:24,7d62848b-800f-4ced-8321-0baded4a3ad3
dosen_source.csv:24,b1b294fa-141c-496a-8197-4fc1de7c87bd
dosen_source.csv:24,1c07d8b8-d469-4665-a68e-77bcccf240ca
dosen_source.csv:24,12795358-76d2-4841-bf45-3283dfb32c50
dosen_source.csv:24,ff87ceb0-abc0-42d5-b4c3-e686aeba8cb7
dosen_source.csv:24,632eec1e-85ff-4fbe-833b-a9d1aa06d634
dosen_source.csv:24,e1bd5ec1-8f5c-4f20-b71d-76e908d64e0a
dosen_source.csv:24,358dbdbe-cc8c-4857-8273-795939c8f237
dosen_source.csv:24,7614dc64-9c87-4a73-9b9e-52a0d9b081a6
dosen_source.csv:24,2bcaf6c1-0fd3-4d66-a0f7-3fbeab44c8b2
dosen_source.csv:24,846a7f29-b380-4f80-affa-1110fbf3c89b
dosen_source.csv:24,194809f3-55e6-4498-a741-6f71ecb7230f
dosen_source.csv:24,cdff7835-8f39-45ce-afb3-83b5ee15b2b6
dosen_source.csv:24,31feb684-9645-40fe-badd-284a0c7d9c5b
dosen_source.csv:24,f650520f-11de-4d07-ba8e-9160efaa3ec9
dosen_source.csv:24,3f81a114-55ca-49f0-8fe2-5b968ada69d8
dosen_source.csv:24,26c87634-d10c-47a6-8d0b-6b0b1d0e5eec
dosen_source.csv:24,16857370-438f-4732-8a3d-fe7a3dbbdc29
dosen_source.csv:24,f69822d3-4d46-47a8-ac76-86c10220af62
dosen_source.csv:24,07fa28da-e789-4381-a2d5-2178b1d840d6
dosen_source.csv:24,d73cfb7b-4acb-457a-b4c3-5a18a3430f71
dosen_source.csv:24,dcd31150-0075-4c4a-b625-1fe996966592
dosen_source.csv:24,fe426b22-32d7-42cf-9a0e-d7678c0fa1e8
dosen_source.csv:24,9002afe9-e2fc-42c2-9953-a6c93a6a5c84
dosen_source.csv:24,a1aa9961-d645-496b-b3d3-a327efbf8812
dosen_source.csv:24,2d5f14b6-1996-473f-993b-4cdba6cf3a4f
dosen_source.csv:24,e7c58209-db93-467b-aae6-ddf3b7371f37
dosen_source.csv:24,a833562e-008d-4921-b45d-fd1b7f21d6a7
dosen_source.csv:24,40fc6583-f395-4259-8ef2-341604fcc614
dosen_source.csv:24,07760a46-c32e-4793-9bec-35cd5eae7ee1
dosen_source.csv:24,8baf62d9-ba32-4716-90a3-b6508b2aef83
dosen_source.csv:24,8e035e80-8a9c-434a-8bb9-ccf7a9a445e7
dosen_source.csv:24,bc910ba5-bf4c-4818-b053-603a4396aca0
dosen_source.csv:24,35ea9d9e-7dde-4ad0-8903-a43690e3769c
dosen_source.csv:24,aef503f0-3809-4f1e-a2c2-cc471636377f
dosen_source.csv:24,ca26f834-862d-472c-927f-e61028d6875c
dosen_source.csv:24,e83c7720-f851-40e3-a613-97f3371f3591
dosen_source.csv:24,6fa6f576-63a1-46d1-8676-63bd78e7b569
dosen_source.csv:24,61ad27bc-c630-4192-ada4-d9a8a51cf688
dosen_source.csv:24,d3a44a23-d914-4506-91dd-f591b5cb40e9
dosen_source.csv:24,d2e1167c-f89c-4152-88b0-02a784090925
dosen_source.csv:24,4715edf4-5ed6-40c8-9b05-996f2e8a8920
dosen_source.csv:24,94472283-9983-42db-bc93-5fa6036b7906
dosen_source.csv:24,5bb3393c-4b18-46e8-bdfe-8b3ab7b62be0
dosen_source.csv:24,d86e7584-df17-4904-9236-f1c0e8ef4ccb
dosen_source.csv:24,c5584d86-bc35-48bc-9698-30421c48350f
dosen_source.csv:24,500ca1bb-5524-45a7-91c2-3718db036ba5
dosen_source.csv:24,44e8b6d6-d187-4933-929e-a74f8a4daad2
dosen_source.csv:24,50799ae8-75bf-4ab2-9da2-7a811bff14ea
dosen_source.csv:24,d327c3fd-bef6-433c-94f2-f38ef0adf421
dosen_source.csv:24,38c859b5-eabd-427b-b9d1-3dc2f4ee12b0
dosen_source.csv:24,1bd64b49-7603-4587-aa12-27bcc29c8f6e
dosen_source.csv:24,4ef47ba2-a9a4-46ed-af29-ea695a91c99b
dosen_source.csv:24,59af7fca-d3e6-45cb-b54d-9a18af99093f
dosen_source.csv:24,0197ede7-e2a2-4091-8611-386779b1ac7a
dosen_source.csv:24,d9828f06-bf62-44ec-b38f-bcbaf4d94412
dosen_source.csv:24,1f09c8a8-0164-41f3-ae31-259ff285f3f1
dosen_source.csv:24,8bb96409-b6c7-4c42-af5d-49efbda87cc7
dosen_source.csv:24,f7e88169-921b-458d-9b3a-c12c1bac0015
dosen_source.csv:24,bb76da17-1ad9-4442-87c0-1c5ecfb7be9d
dosen_source.csv:24,d70fc78c-c0e9-40e9-8e2a-bb17fcbc2c78
dosen_source.csv:24,c66d8468-4709-4183-a290-8c432f21f71c
dosen_source.csv:24,a3bdcbf8-c17f-4da1-bfe5-ff20c89a9e63
dosen_source.csv:24,b946726a-5928-49bb-8e58-7f2b6cca5dc7
dosen_source.csv:24,75b87477-d5be-408a-8199-d2ad66444c45
dosen_source.csv:24,207b1a8b-e197-4c7c-a8be-cdefe6ae2c3f
dosen_source.csv:24,ebd544e1-1a3b-465b-9379-ab099727ff27
dosen_source.csv:24,dadab187-9580-4905-b132-5b60301a0b6f
dosen_source.csv:24,fe89b8ef-27b1-4449-9afd-aaee146d1faa
dosen_source.csv:24,fb3781bf-28dc-49a9-bfa5-d1d55230cbd8
dosen_source.csv:24,6a15798b-f442-44b7-8679-ff163f18aa36
dosen_source.csv:24,c994a076-75e7-4a95-98eb-bb494a2ff1e9
dosen_source.csv:24,122d076f-6d54-4328-97d6-7d605fc2dcfd
dosen_source.csv:24,5352c088-06d1-44f1-a929-824475b620d0
dosen_source.csv:24,47fee23a-9446-4216-b112-0173ea8b6ae8
dosen_source.csv:24,d6864d7b-a886-42b3-8e60-893df4e7e30c
dosen_source.csv:24,8b5d1289-4f5b-45bb-8ef9-c1d92936572e
dosen_source.csv:24,75164593-3125-46db-a19f-cf90d968f759
dosen_source.csv:24,17ecbb55-2c4b-49f0-9641-a50e99622271
dosen_source.csv:24,3396602e-524a-4a84-978c-3e17181669f3
dosen_source.csv:24,dee88615-6e5c-4c49-969e-753fcb551b1d
dosen_source.csv:24,ff57c994-a82d-4d42-9cfe-7a4ee27aaeda
dosen_source.csv:24,db76a37a-e0fe-4501-afda-95ed693a0024
dosen_source.csv:24,3e4ef970-69e6-4836-87e8-c55d8d99423a
dosen_source.csv:24,16ba4474-2d51-437f-861c-7626d350ec3d
dosen_source.csv:24,5a9755f0-8c9b-4dbe-adf7-a5a6623f43cc
dosen_source.csv:24,b8f4bd94-988c-46cc-b27f-4e727265f5d0
dosen_source.csv:24,e614793e-a27c-4d13-b70c-323081e4bbcc
dosen_source.csv:24,259f950b-4d13-4b89-b29b-91182ce3c6ca
dosen_source.csv:24,8131239b-5c20-413a-b942-f618af362aaf
dosen_source.csv:24,17547324-fcbb-42d1-ba06-3450ff89fc30
dosen_source.csv:24,5ef257ff-f383-4888-9b06-d502dd1f17d5
dosen_source.csv:24,10bf7dc8-187f-4a1c-8623-9d663f703b47
dosen_source.csv:24,e999bcff-5121-4a9e-bb9b-1ae63cd13c46
dosen_source.csv:24,8184132b-5e84-462f-84b0-05932bad6378
dosen_source.csv:24,b0b9d915-5406-4970-83e7-9399368b9caa
dosen_source.csv:24,62db4f60-8def-4144-b58b-ad832b6d39c1
dosen_source.csv:24,1633eb7b-c748-41ea-9a35-4235466a8540
dosen_source.csv:24,cb568b75-211f-4b37-9e83-aa0e8f854f0e
dosen_source.csv:24,e58369de-cf1e-4b04-a94e-e3b5a1068d16
dosen_source.csv:24,6d92778b-378a-4499-bc43-6cda8f04e30f
dosen_source.csv:24,74e9d945-3aba-40fb-9302-e04aae69f8d5
dosen_source.csv:24,2aceedfc-73e9-49b5-831a-b3fdc2ecba5e
dosen_source.csv:24,edb24a07-3a1f-4459-89dd-73949d61000d
dosen_source.csv:24,b97ce6cd-e859-4410-a144-3658c74820e9
dosen_source.csv:24,b62a4549-71bc-4c2d-aa74-21455a5ec6a9
dosen_source.csv:24,3efe4bdc-7ecf-45d9-8ff8-7b0886769b5a
dosen_source.csv:24,43aa4cfb-708b-44ab-be68-c80f0aa99c7a
dosen_source.csv:24,c93660d5-cd0c-4a8b-899f-596a5672a66e
dosen_source.csv:24,efaeca76-e520-496f-a630-0d43dff5a7ac
dosen_source.csv:24,c8d79089-3bd6-40eb-a878-ee068629d208
dosen_source.csv:24,61faaf35-0f9f-40c2-986d-21af788c3286
dosen_source.csv:24,4d881b53-62d6-4774-8adb-28c52577c70b
dosen_source.csv:24,ed0fd421-8143-41f7-b8c3-8214a412ee92
dosen_source.csv:24,ae4c7f62-0395-48a7-a7e4-a37da710a3c7
dosen_source.csv:24,ede43ff3-4923-4665-9417-33235e5ac613
dosen_source.csv:24,7adfbaca-86f3-4deb-bd61-36a9da911091
dosen_source.csv:24,a626e6ac-ce6d-4f83-af19-7706f060cf0c
dosen_source.csv:24,d9aa89e7-4688-4637-b30e-7c5bad4ab1be
dosen_source.csv:24,8b52d4ac-1638-41f4-990f-fc88f7e08f2d
dosen_source.csv:24,3719b5dd-9ebe-4795-93bd-01121b993f8a
dosen_source.csv:24,2eb00003-30a1-430b-a7ed-ed496bc9e060
dosen_source.csv:24,54945dc0-e92a-4ba8-a50d-c1fe52f723f6
dosen_source.csv:24,455b3c11-80bb-40c6-b312-37797198be90
dosen_source.csv:24,cf7db0d4-479a-4885-b6a0-6ca8a192c147
dosen_source.csv:24,14299f0f-8eef-4d9a-bbcf-9c2fb180c09f
dosen_source.csv:24,dbeb23bf-3f4f-4ff7-8ea7-8d11b397e3d7
dosen_source.csv:24,a4896d2b-a139-475b-9937-75f8a9458c44
dosen_source.csv:24,f3dca7d4-797a-4a3b-98e8-20455b2f2f1a
dosen_source.csv:24,014aa681-d920-4ee8-a1ef-34b8d0d6391c
dosen_source.csv:24,4d25a63d-364d-4747-bc6b-9b1c03138443
dosen_source.csv:24,2f703f90-5d71-40ca-b84d-761983cb723b
dosen_source.csv:24,aa2ac529-f8e0-4924-afed-7bba32cf4d46
dosen_source.csv:24,37259263-c90a-4eb1-8ff4-8051831d5f4d
dosen_source.csv:24,3d698c46-e566-4f23-abfa-715a35e464e7
dosen_source.csv:24,e05dbed9-53fb-459e-9cc1-185b7738d851
dosen_source.csv:24,85ef2be4-8ba4-4837-a691-7cfd026285c5
dosen_source.csv:24,539b6a1b-fa95-4934-8bb7-068e6cd5490e
dosen_source.csv:24,17eca31f-135c-461a-bae5-4d386fcb9161
dosen_source.csv:24,73454de6-c98a-4854-8568-9a5bc4fb6f86
dosen_source.csv:24,496a5cfa-a981-4f92-bf92-99d55c3288a9
dosen_source.csv:24,67030cc7-4c72-4a29-b048-9332728bf276
dosen_source.csv:24,fe6eb66f-f19a-4181-be74-b3f08cd24d86
dosen_source.csv:24,65bacb91-83ab-4743-af0d-2adc54ff6f95
dosen_source.csv:24,a0d860ed-7304-49f0-bedb-2fe0c4f46984
dosen_source.csv:24,64b3ec08-225b-4e7f-b22f-154a681ba5e4
dosen_source.csv:24,e4f5ad99-a12a-41a1-81ee-62259e3b6242
dosen_source.csv:24,4bf1b6c0-ecbf-4028-97f7-330e831cf27b
dosen_source.csv:24,103309ff-6368-4420-8d58-83447701f42a
dosen_source.csv:24,9c206515-711a-4219-9567-9e2e3447e4b0
dosen_source.csv:24,d2ba3609-dc94-4c82-a2f2-a31b59f4c3de
dosen_source.csv:24,f6ccc302-4922-4a14-b075-bebad832fcc5
dosen_source.csv:24,e5b593d2-54ab-4d95-8ca8-21893e15d89d
dosen_source.csv:24,e092af45-ab5f-4937-8d54-fd6e4a14f66e
dosen_source.csv:24,11c96d1e-2076-4997-b630-cc9b6008ed98
dosen_source.csv:24,fbda02f4-0df1-4dd2-b85d-1d4ac92b0bf2
dosen_source.csv:24,0972925c-e97b-43ed-99c2-dbd1b1061363
dosen_source.csv:24,0a517bf6-e5e3-4940-860a-944fb89b8f27
dosen_source.csv:24,27999306-bad8-4208-8374-277e434f5db2
dosen_source.csv:24,ffc1e05f-5295-4047-8376-3c08df8e17b9
dosen_source.csv:24,634cca6d-fc62-43f4-8e19-0a0ab1581fa6
dosen_source.csv:24,0b8ed92a-5c52-42dd-8836-26f90f289847
dosen_source.csv:24,034414ff-ec5d-45b1-b435-ea6fab68413d
dosen_source.csv:24,4fde3c20-200d-4a74-8a4c-efeca7ca4212
dosen_source.csv:24,191ab0df-6661-43e5-a411-db271e009b24
dosen_source.csv:24,77ff5f22-a5f2-4d85-b4cc-4ed557d859b7
dosen_source.csv:24,b166a179-ca8f-4727-8c59-687957e42e92
dosen_source.csv:24,d32083b7-15ea-4374-a4fb-966e85d6cfb8
dosen_source.csv:24,b5660313-b2de-4194-bb97-9e0e83831aa0
dosen_source.csv:24,743b15a1-4180-4c1b-9a79-71daf4851e89
dosen_source.csv:24,728ab9a0-9ff3-4d13-be82-cbc75e6990a1
dosen_source.csv:24,842f376e-5314-451c-ad46-443b137b4f60
dosen_source.csv:24,e31c3975-fa83-476e-a64e-eb77222e297a
dosen_source.csv:24,f58dfb62-6b93-4d5b-bd85-5f6717ec713a
dosen_source.csv:24,76eae676-5469-43f5-bd9b-e1df2a508d65
dosen_source.csv:24,9a57a833-1611-44bc-9066-337301d0812c
dosen_source.csv:24,d1415551-a2ba-4031-94cd-cccfa339bd92
dosen_source.csv:24,816298ec-4dac-4781-b50e-f5aa8601e324
dosen_source.csv:24,8db4f143-ab67-4205-a879-06cb81bc5d9e
dosen_source.csv:24,b899a44b-5850-4fc3-bcdc-799d0bf1a281
dosen_source.csv:24,e05ad3ec-eeb7-4d56-bb24-854c8f882850
dosen_source.csv:24,dcbef654-70e0-45f6-8aa3-ae131f0936ab
dosen_source.csv:24,e0e977fa-39db-4396-8d4f-b2046b298ccf
dosen_source.csv:24,9f78ce4a-5a7a-4ecc-9be2-4d27dd215ad1
dosen_source.csv:24,956c79df-f335-4e67-94bd-f11150b66962
dosen_source.csv:24,18984998-74d4-4686-ac8e-a11a21ebfcd1
dosen_source.csv:24,423282d2-5f2c-4929-b734-aadbd26814ed
dosen_source.csv:24,38e2866b-c26b-4e90-a11c-37c09055acd9
dosen_source.csv:24,f7c1d438-8e34-4c22-86e7-4f682eb2a472
dosen_source.csv:24,df6e383d-6b69-4e39-8dc5-965d902b7c06
dosen_source.csv:24,b55a1ad1-bf43-45f1-9e6e-eeb2d7d171da
dosen_source.csv:24,9421e8d7-5989-4bfd-b3d8-79d42afb1301
dosen_source.csv:24,6ba03110-db94-487a-b389-c2dec4396be6
dosen_source.csv:24,bfde94b2-e90b-46a5-b6e5-a5a782e4b5f5
dosen_source.csv:24,e5946250-b152-45bb-b038-d0980618a55d
dosen_source.csv:24,9b0727a4-5eaf-4a4a-8197-dc372cf8b4a0
dosen_source.csv:24,25d84acd-b314-4c1f-a6d5-a4baa127aaea
dosen_source.csv:24,bf1b5965-6e00-48bd-8074-fba909488967
dosen_source.csv:24,72d93b57-2db9-4ec5-b43a-3b5c42c10ee3
dosen_source.csv:24,0974e697-a983-4436-bb5f-6801a342a3a1
dosen_source.csv:24,f640f2c4-e11e-40a8-9b6b-ac1a98dae3bd
dosen_source.csv:24,b76afde7-9b13-45c6-aeab-6cde63a058ed
dosen_source.csv:24,50e60d14-729a-419e-a534-22c0a02a5d5f
dosen_source.csv:24,743996d0-8632-422f-aaf9-3ff2d035cd71
dosen_source.csv:24,f61b461e-615a-4b6b-a429-e2fb25c84a90
dosen_source.csv:24,93e1eee0-c9a0-4645-8aa0-7e8e295c3940
dosen_source.csv:25,00eb36c2-816b-4a4c-ab4e-21f71028b761
dosen_source.csv:25,8458b2ee-ff09-4a1c-8e68-369691ef684e
dosen_source.csv:25,98e1ada8-27cc-4f4c-af1b-9d38c9fac8ed
dosen_source.csv:25,8dfe1535-e51c-4c45-9a9d-b89a5145b812
dosen_source.csv:25,95e55859-3ec4-4567-8290-e76df3b00955
dosen_source.csv:25,906ab75e-b829-4c99-8b87-9ec5195b46f7
dosen_source.csv:25,d4a40e9f-ff7e-49d4-8130-5a116c728260
dosen_source.csv:25,71c66348-2f4a-40c5-8051-a8b8fa9517f4
dosen_source.csv:25,3e8208a7-cbed-4f27-a76c-a363278cf9df
dosen_source.csv:25,69397d21-f888-4652-85e7-d0f38257b481
dosen_source.csv:25,40c32394-081d-4e14-875c-1d841d9c02fe
dosen_source.csv:25,790d06ce-4183-4e95-8e02-6c91f3c0f7d1
dosen_source.csv:25,d4b4f16c-a4df-41ec-b6c7-2611d0956848
dosen_source.csv:25,930887d0-7665-4e80-b488-dcebfffd841a
dosen_source.csv:25,fe1d4c2f-6bce-430b-982a-717a1389eb52
dosen_source.csv:25,736fb1b7-19aa-4d9c-a986-1a8ab9d5e81c
dosen_source.csv:25,a0f447e0-9e6a-401c-b447-e3c1d9f9d0d1
dosen_source.csv:25,0459d203-ecc5-4213-af3d-fdc4a4c9125c
dosen_source.csv:25,54123ca3-3435-4a5d-9c61-b2ae49dece3c
dosen_source.csv:25,e9a13107-3462-4e28-abeb-06a25318a74a
dosen_source.csv:25,7e4f2b33-755e-45a7-865f-72081ed24039
dosen_source.csv:25,cdeb339a-659a-44aa-a6db-af7056991bad
dosen_source.csv:25,ae6eba85-6358-428f-bfdb-c3f677266d88
dosen_source.csv:25,412e3bb2-ec3e-40ba-a1b9-8fed8c30d640
dosen_source.csv:25,554a5426-33f3-4d5f-9663-73a9bdf01d59
dosen_source.csv:25,9be8e25b-2709-48b6-9f26-d60f429a1497
dosen_source.csv:25,409e645a-0731-49d9-a714-7b0ddf02b74e
dosen_source.csv:25,ae721bae-9621-42d0-ad5f-cbbaefd81090
dosen_source.csv:25,6f19c3cc-3d31-4895-9312-624a7dcd5182
dosen_source.csv:25,f5e7dc42-039f-4893-80f2-736c7504b0fa
dosen_source.csv:25,edb6d677-c23f-485b-ab61-da2bc426fd9c
dosen_source.csv:25,125dd3c0-ec8b-402b-a4bd-3921a5aec6ba
dosen_source.csv:25,aa64d7b2-8f8a-4825-8d57-995d98d4a414
dosen_source.csv:25,724c6947-f910-4eae-ad91-bca8331ffb6d
dosen_source.csv:25,dd6e3759-282f-46eb-84fa-313ccb46ccb8
dosen_source.csv:25,3af73009-1d5c-4b8d-b048-b9525c9bbcc3
dosen_source.csv:25,1fb8015e-81cf-474a-beb6-50201ca5ff1b
dosen_source.csv:25,c1dd699f-e61a-4e36-8481-f487145e32c0
dosen_source.csv:25,a81cc4f6-29f3-4ac0-9e5d-34998f313011
dosen_source.csv:25,1ff18020-8445-453e-8417-78b0546d4d97
dosen_source.csv:25,0dd76858-2017-452b-b890-102d096f8cc5
dosen_source.csv:25,055823af-9672-4dec-a570-92e0050dc649
dosen_source.csv:25,27aa0b74-dac1-4ff8-a797-05ccdf9cde47
dosen_source.csv:25,a0a5d29e-4fa4-43bd-bf1d-a3e5f18ce8e4
dosen_source.csv:25,1ca30246-286f-4846-a7a0-b7a130871041
dosen_source.csv:25,820f0a64-f0c0-4412-9cac-938f91b45c2e
dosen_source.csv:25,23974013-f2eb-486f-bf2d-0d04d7a6673f
dosen_source.csv:25,faad3a8f-4609-4275-b979-434c658baac5
dosen_source.csv:25,6b480785-1229-4754-a498-f8c202344044
dosen_source.csv:25,3699f533-3864-482c-b72a-c0a917c30db1
dosen_source.csv:25,271aeff3-2c7c-4e0c-bc9f-d0660df1e47c
dosen_source.csv:25,d14a5150-1797-4857-b728-f4eff2502eaf
dosen_source.csv:25,6ccbe7a7-9d6b-4cd9-a7f5-c9f7b6ac086c
dosen_source.csv:25,ca09ddc6-b15d-4bf0-8398-08cf6bb5d565
dosen_source.csv:25,563c4837-21b6-46b6-a3b3-0debbb7b8c72
dosen_source.csv:25,534f5c74-dda7-411b-9434-87643da72841
dosen_source.csv:25,d3b465f8-edbd-46a4-b075-3f32e375d6f6
dosen_source.csv:25,54d4ae1a-6246-4ab8-8e2d-3f611afe8175
dosen_source.csv:25,e67632a3-82d8-4c66-96f2-3f9d1cc632b4
dosen_source.csv:25,2c4704d6-3221-4794-9e51-de62645555dc
dosen_source.csv:25,6f130a46-6907-4436-ae35-cbea2805a17a
dosen_source.csv:25,77293f70-ee93-422c-bd7b-579644cf33db
dosen_source.csv:25,9555d698-16e3-443a-ab42-b8763e336bb3
dosen_source.csv:25,03147b85-b200-4558-826a-d4fc6d142699
dosen_source.csv:25,d88f48d2-6a30-4e2d-bd05-eb036cd79305
dosen_source.csv:25,7c918494-f613-4d1d-84b0-878dbf4d347f
dosen_source.csv:25,a3bdcbf8-c17f-4da1-bfe5-ff20c89a9e63
dosen_source.csv:25,db78ca6f-682a-4a99-90da-9203f28c94a2
dosen_source.csv:25,205bf9bd-1242-4ca4-9a3a-3fd301969290
dosen_source.csv:25,ad58aaaa-8a62-43da-9dc7-193f20d7d889
dosen_source.csv:25,1928b29a-2abd-44b2-a346-fe271ae4a03a
dosen_source.csv:25,746c9cb2-a14b-43f7-9baf-1b56c5aaf06d
dosen_source.csv:25,df0412fc-5836-4b11-afe1-a900d0219fac
dosen_source.csv:25,1a631259-0b50-434d-b23a-1b28eec8b5f0
dosen_source.csv:25,8a1c5f24-1f03-4b29-941a-d18d9e97df35
dosen_source.csv:25,e1b173cf-7dca-4af6-a32d-801dbc848af8
dosen_source.csv:25,5df361e1-883f-4e30-9171-a8a3c9f6560a
dosen_source.csv:25,ecd9ce66-9e1f-4c82-bf33-9377403d1414
dosen_source.csv:25,047d1c97-ed22-42c4-ad4b-4948814fa89a
dosen_source.csv:25,60d9899d-0d20-42be-9223-6921b261ebaf
dosen_source.csv:25,d54df95f-0b02-4c90-a78b-21904b676f13
dosen_source.csv:25,eb46cf87-e091-4bb3-a41e-f0b3f22d39ac
dosen_source.csv:25,087d5cc7-f528-4cb8-bfa5-71d1f9dd6041
dosen_source.csv:25,c92e2a12-2363-4756-badb-192a63d12252
dosen_source.csv:25,c820b14f-02a1-465a-887b-dd1c4041bd25
dosen_source.csv:25,2ca4bb35-26bb-45bb-9369-c46fd300319d
dosen_source.csv:25,213de62d-8c00-4680-a9ad-b4f1c6b43ca3
dosen_source.csv:25,7729e584-a21b-4fce-a9d1-9a21ccc0cbc4
dosen_source.csv:25,2aceedfc-73e9-49b5-831a-b3fdc2ecba5e
dosen_source.csv:25,f77c1c29-0eeb-44b7-95e4-9b415898182d
dosen_source.csv:25,f22c4963-0ca8-49a8-be44-c1dc180fbea3
dosen_source.csv:25,9fba140f-9564-416b-96cf-8560f3b063d0
dosen_source.csv:25,6e992f7f-78e1-407b-9d18-2177684c61ce
dosen_source.csv:25,afcd10e9-947f-4b6f-a02d-9b0ef950ad6b
dosen_source.csv:25,c0ebd1cd-c93c-47ba-8253-1563b6ef3200
dosen_source.csv:25,8b52d4ac-1638-41f4-990f-fc88f7e08f2d
dosen_source.csv:25,d91ec7d2-de48-482d-90d1-3477c960b65b
dosen_source.csv:25,95336dec-76dd-4536-b7a9-b33de695a5b5
dosen_source.csv:25,e5dde85a-f0dd-4724-a8e1-2005cc83cb56
dosen_source.csv:25,847ef15d-6815-43b4-bb31-c514d00d2b15
dosen_source.csv:25,208c89ca-d365-4a8c-8ed1-e205f2343bb8
dosen_source.csv:25,3d698c46-e566-4f23-abfa-715a35e464e7
dosen_source.csv:25,e05dbed9-53fb-459e-9cc1-185b7738d851
dosen_source.csv:25,ed4e50ca-370f-4b8c-934e-b7ecf5c2c4f2
dosen_source.csv:25,94a454c5-795b-4c59-bd18-d95285ad0a1e
dosen_source.csv:25,564129ed-e87a-4be9-9f98-841660b44c40
dosen_source.csv:25,457ea154-5907-475d-bb30-2bcfa3b2f4d6
dosen_source.csv:25,7ab2352f-d16b-487d-a9a4-2e473b0a9377
dosen_source.csv:25,881c4441-0ff8-4609-a321-b5c70f029e64
dosen_source.csv:25,fe6eb66f-f19a-4181-be74-b3f08cd24d86
dosen_source.csv:25,bfaceddc-5aa0-4889-ab98-b634af86bff3
dosen_source.csv:25,5afc754b-496a-4ff7-9810-82e408aba894
dosen_source.csv:25,5cf8b410-c2c4-4e20-b9c7-6d6202d47d69
dosen_source.csv:25,7ab6772b-a9b9-4cde-bba3-07ca57040823
dosen_source.csv:25,8187ef88-791e-493a-955d-0136352f7d04
dosen_source.csv:25,1b8e6e94-3a1d-451b-86dc-ffbb1fb0c334
dosen_source.csv:25,32773292-c76d-4897-b8a0-867bede3a7f8
dosen_source.csv:25,b5660313-b2de-4194-bb97-9e0e83831aa0
dosen_source.csv:25,f5bca401-ecee-4f42-9c71-f042600740b0
dosen_source.csv:25,70f66177-e1af-42d5-84f4-14625cdb2af5
dosen_source.csv:25,115689c4-d7e8-4ca3-a3b6-d364925ac54c
dosen_source.csv:25,89747dcf-fc3c-434d-ad20-c424bac9cf57
dosen_source.csv:25,0c08691f-8ea5-470a-8465-ade60e959d60
dosen_source.csv:25,be4dd0d0-7ac4-41f3-9fa5-0f36dc2d550d
dosen_source.csv:25,7ff6dfc8-5498-4e71-a60e-51172c046c19
dosen_source.csv:25,2324493c-ecb7-4050-b34c-6dd8c4ab324d
dosen_source.csv:25,90f4b716-87e0-4d9b-baa5-16af4a14279d
dosen_source.csv:25,ee5fc924-9c32-42f3-bcb6-8687ea971575
dosen_source.csv:25,e937f258-a326-45ec-b3d0-5b5643f1e11d
dosen_source.csv:25,d7dffeaa-03ba-4f08-a4f7-162f43ec75a3
dosen_source.csv:25,eecf2012-812e-40af-93a6-e3296a02617c
dosen_source.csv:25,cf80704a-ad7e-4de5-bc32-83921b177ef6
dosen_source.csv:25,582dbc10-e366-4f06-875a-c3e3e59d400a
dosen_source.csv:25,db01e64d-4dd2-4d84-8384-665ccb5e61d2
dosen_source.csv:25,809204a4-e7b1-4115-b067-06c29b79326c
dosen_source.csv:25,04924228-69b4-4960-88e1-cad4e50d5071
dosen_source.csv:25,54921013-87bd-41cf-9240-bdcc9d117def
dosen_source.csv:25,1741e804-c849-4bfa-a872-53e82a6f9864
dosen_source.csv:25,4b631ba0-4a0f-4438-b0fa-1850b9998348
dosen_source.csv:25,7e30c9fb-0492-4063-a586-c5e0bb379b09
dosen_source.csv:25,bdc1a503-1391-4e86-b45b-b22832287c66
dosen_source.csv:25,4dba87de-7367-45a8-86e2-7a002b2550b9
dosen_source.csv:25,8a1314cf-87ea-4b51-84d8-b01ccd170db8
dosen_source.csv:25,96620bbd-ece9-4c7a-b64b-69986b5fa3b9
dosen_source.csv:25,2108f30d-5f0a-457c-83be-78fb71982cab
dosen_source.csv:25,7b3a00e3-757b-4df0-86f1-9cb48f126f45
dosen_source.csv:25,c8cc1d78-d92e-4121-99c4-57eaafa6d0cd
dosen_source.csv:25,e0286531-64ee-49df-9b36-0c87a28618c6
dosen_source.csv:25,277fbc6c-1bbd-47db-8654-9089cb617235
dosen_source.csv:25,b51e6aa6-1ed5-4d49-89bf-d5fada37a652
dosen_source.csv:25,8bc591c9-88e8-457d-ae8c-34fff8bb42fb
dosen_source.csv:25,b4332c96-5a1e-4f5f-87be-249ed80cee98
dosen_source.csv:25,b2b6b385-619b-4ff9-b4fa-c8001abe8adf
dosen_source.csv:25,5dce5e2c-cce4-41a5-ba3e-bddb02b9ec7f
dosen_source.csv:25,b60527e4-a189-4a0f-9326-fa5173a6eecc
dosen_source.csv:25,16e923e3-811c-49fe-a1c8-71d39d328d65
dosen_source.csv:25,cf51b420-e902-4c2c-954c-8ca27f629722
dosen_source.csv:25,389635d2-63b0-4c1a-82c2-76988a455fc0
dosen_source.csv:25,f52e1c38-f9e6-47fd-b7aa-916c07fff274
dosen_source.csv:26,9e709028-6143-4487-aa9e-a948d33bd9c5
dosen_source.csv:26,395f1a62-9eaa-4368-a7c4-e2d9f408b635
dosen_source.csv:26,85905f8c-96f6-4a34-b9f1-75e88f0e3dbe
dosen_source.csv:26,c0b5236f-3042-4c35-a30c-175698d72693
dosen_source.csv:26,3c77246a-e8f3-4e61-bc74-5e6f0a8eaf90
dosen_source.csv:26,7403c449-3b81-40df-b492-2c13ac502bb6
dosen_source.csv:26,fa47e637-196b-42d4-bc5b-40defe3fc9e2
dosen_source.csv:26,0e10d1f6-9f79-4f8c-a8ab-747cc5dfd403
dosen_source.csv:26,a9693f4f-1ebb-42a6-91f8-acccce51f998
dosen_source.csv:26,752a6ba7-c7df-45bd-8dd2-17420d138135
dosen_source.csv:26,9cdc24fb-48dc-4164-9494-f55ac8360daf
dosen_source.csv:26,ae920d4c-a5a3-493e-a5f2-8cfc87641cd7
dosen_source.csv:26,2dc4434f-8bad-425e-b4ed-484752776a0f
dosen_source.csv:26,6abc4729-289d-4956-894e-ccc7e63f0da5
dosen_source.csv:26,318b06f8-fe97-4940-b112-a8d796d28299
dosen_source.csv:26,fe47de60-a47d-449f-9803-851c36e35435
dosen_source.csv:26,239d3059-de54-4bd5-a3f0-29366c1584db
dosen_source.csv:26,75948108-8420-457d-bb28-702224c43095
dosen_source.csv:26,90ff63ca-1098-43d8-bdef-cb2582269d30
dosen_source.csv:26,abfc9d03-85e0-48b1-951c-6a57c91a2a2a
dosen_source.csv:26,cbcb285d-fe7b-4a30-a998-aa2b6f4a8a3e
dosen_source.csv:26,7e67f097-c696-4b80-b654-f43ae9ed4cfe
dosen_source.csv:26,86ee8de6-8b8c-4680-bc9d-7e2a13cffdf2
dosen_source.csv:26,4494e521-af5b-4ff0-bb87-13eeb81df7b9
dosen_source.csv:26,8a1c5f24-1f03-4b29-941a-d18d9e97df35
dosen_source.csv:26,2dd00c4c-76e1-41ef-86e7-c3207497caf2
dosen_source.csv:26,858ca5f5-6474-4669-83cb-c8975d804268
dosen_source.csv:26,cf457add-450c-4add-8124-5b14b722ebb8
dosen_source.csv:26,51203dab-ca8f-49a6-8a12-de1d260dca40
dosen_source.csv:26,6961230c-1065-440f-b6e6-a2aff40b14e1
dosen_source.csv:26,994552df-db4b-40f8-beb1-d95c0ff67546
dosen_source.csv:26,49052866-0636-4577-86c7-c8b769ae06c2
dosen_source.csv:26,18063bab-761b-4e31-b496-48443a7f75fe
dosen_source.csv:26,4569fbe1-7a87-4b2d-b2d2-70d1950cf293
dosen_source.csv:26,bdbd4b65-870e-45e7-a519-602ab6d00ea1
dosen_source.csv:26,e7b1ce6b-5001-4b76-a5db-6435287ef6a2
dosen_source.csv:26,6360964b-6833-4e05-9594-2f0af03d74fb
dosen_source.csv:26,8bb408c2-406a-4976-8313-5350240701b0
dosen_source.csv:26,2b8b5761-fe64-4bef-a9f4-5e76bd334ea4
dosen_source.csv:26,26b611c5-9b90-4a25-814f-befe0279948f
dosen_source.csv:26,f74838eb-24dd-4986-a1e9-2588bcef95f0
dosen_source.csv:26,091abdaa-518c-4919-966c-57482a3a6aa0
dosen_source.csv:26,a0dc917b-f79e-442c-a6db-4861a5dfbdcf
dosen_source.csv:26,483b2424-cf40-4f52-8f11-1c23bb07da66
dosen_source.csv:26,cef7a910-57b5-4ae7-8b9f-f155d7c2cd0c
dosen_source.csv:26,44d49d8d-c9e3-4942-80f4-05272ef28dce
dosen_source.csv:26,cb70d2de-f932-4b27-9525-eaf8f34d6883
dosen_source.csv:26,a8dbc38a-4ed7-43ed-a57f-f1f7ae77c221
dosen_source.csv:26,abde0d0b-fa4e-4d29-8f87-ac2b68a361ea
dosen_source.csv:26,f5e70317-c4e9-4333-9d30-94716e46be3e
dosen_source.csv:26,779d89cc-7b0a-48eb-8d34-3296bf9ae1bb
dosen_source.csv:26,bdc1a503-1391-4e86-b45b-b22832287c66
dosen_source.csv:26,ef1a85db-1323-4611-b85e-9b8cbd9fb417
dosen_source.csv:26,1ee876fa-81a5-42e1-aadb-fc111a7e0210
dosen_source.csv:26,5857458d-b291-4d92-a322-9e6f46cbd4b5
dosen_source.csv:26,c515b9ee-bb2a-46d9-9b2c-1837d2067008
dosen_source.csv:26,92f41baf-7c2f-4d84-afeb-2278a6db9e95
dosen_source.csv:26,0fd0aa3e-4ec2-4085-a5fc-3d35121d7617
dosen_source.csv:26,ff288e71-e3ec-4b66-950f-525117a81edf
dosen_source.csv:27,8458b2ee-ff09-4a1c-8e68-369691ef684e
dosen_source.csv:27,cae5b9fa-8631-49ba-9d83-919437ea77dc
dosen_source.csv:27,439ced30-98bd-40fc-a361-24d92103f36d
dosen_source.csv:27,74876e3e-e70a-4465-8f59-06eb2e3301f3
dosen_source.csv:27,677eb279-3dc4-473e-9c12-ff5aab4f34c9
dosen_source.csv:27,81400e77-a30b-4df1-beb7-0cf1027eaf16
dosen_source.csv:27,a2e93b01-35f2-4711-b197-9d9761b9ad64
dosen_source.csv:27,5e249f69-e455-4ce9-8f91-aa38c43dbae4
dosen_source.csv:27,e24011f2-cf64-4197-b281-dcc15854a22f
dosen_source.csv:27,1c2fa25d-df24-4fe7-afb8-144457ac797d
dosen_source.csv:27,05c72b6f-5c13-4179-bdbe-0f44cddfca66
dosen_source.csv:27,90af9ef2-06f7-4807-88c5-1ef51d28d08b
dosen_source.csv:27,06131641-cdd7-4252-91d0-0d169002c369
dosen_source.csv:27,1a1f5b2f-d3e6-48c2-b4cb-23a10548e3ca
dosen_source.csv:27,50636c89-1d3a-4ba2-87d3-25a277ed9486
dosen_source.csv:27,14a96ff2-d272-41b4-aaf3-8bd912041d62
dosen_source.csv:27,0a491abc-e9d4-4d42-bc92-15cb679783be
dosen_source.csv:27,1a34dd6c-1eba-4d60-995c-5db91d76a640
dosen_source.csv:27,41c028b4-2497-4492-8888-c910ce45aa22
dosen_source.csv:27,6626ea51-c098-4281-a2ac-cb93487e09fb
dosen_source.csv:27,353934ad-d744-4133-b97f-96bfd76d583a
dosen_source.csv:27,b4470b00-518e-4e05-b7e1-a7879a2a19aa
dosen_source.csv:27,39171036-2df2-41c4-8d20-00b9e01d0ec0
dosen_source.csv:27,8b14cfb7-e436-45c9-aba6-19336759a03c
dosen_source.csv:27,37e0777b-9d09-48c0-87fb-e5b5c332ee99
dosen_source.csv:27,07c88298-7b6a-46a0-a951-7e0a7b1993d9
dosen_source.csv:27,a504d3db-57c1-4cfd-8af6-e006c274de11
dosen_source.csv:27,5b1b576f-fbb2-4e68-8b06-c98974c6a86e
dosen_source.csv:27,ec2a04b3-f090-4c53-a2f5-9872cf45bb2f
dosen_source.csv:27,393d6de5-6317-49e1-a9b8-044b26b1a299
dosen_source.csv:27,5cde1bc1-6e53-489a-b5ca-b1b3b78a6fac
dosen_source.csv:27,e94fb824-5b69-4447-9892-d0c3a6c636aa
dosen_source.csv:27,3b024aed-6603-4f53-aa9d-e26a28cf5dd2
dosen_source.csv:27,085c6ad1-cee4-4f08-9c02-f59df8428508
dosen_source.csv:27,8fabf665-d39d-49dc-8354-0a6787e7c00d
dosen_source.csv:27,85310f20-4591-47ed-8882-2ef790eb5079
dosen_source.csv:27,0408539a-b9dc-4077-b26e-2c07afbb7340
dosen_source.csv:27,5bd99fa9-5d7c-4b7d-8943-04042eaaa419
dosen_source.csv:27,0c42c180-fc10-4900-b79b-d68687cd2c1e
dosen_source.csv:27,742168b6-41cc-4efe-8d4f-3c3d891771d9
dosen_source.csv:27,a74d1410-6268-4eb6-9a82-309652df5b88
dosen_source.csv:28,90823bb1-5b13-41f1-8d9c-9a164d80d011
dosen_source.csv:28,2f6f4056-a724-4229-8837-96bc5ad5b8dc
dosen_source.csv:28,db1266b3-d1bc-4bb5-bbdb-3fe4c5e50e9b
dosen_source.csv:28,bb40ad08-88d9-46b8-aa7a-dbe5ca8e1570
dosen_source.csv:28,ca7e50e9-6231-40e3-a91c-046edf724fe8
dosen_source.csv:28,0aa11b55-3cb8-4f6f-bc8e-09adc4eed65e
dosen_source.csv:28,1386cf8b-5079-4d78-884b-b004f2e6e65a
dosen_source.csv:28,55a5a7d0-ee20-457c-bcc8-b1b8e140d97f
dosen_source.csv:28,6a3cab1e-e03a-4df7-9e44-390be74ede19
dosen_source.csv:28,3d7f8a62-d0e7-4452-a939-83dcd627b13e
dosen_source.csv:29,e40df66c-ee23-4c3f-abb5-bdf43bafbd4b
dosen_source.csv:29,cfb8d7bf-85fa-40eb-a251-ad2f76220c91
dosen_source.csv:29,1f41b79a-dbac-459a-9b17-330093e2af8d
dosen_source.csv:29,58d23578-1b9a-4db7-9d98-78cbaa4ddbc9
dosen_source.csv:29,8678ab08-8754-4554-b217-11ba5c845cb0
dosen_source.csv:29,202d44b5-8ab0-443e-9701-0e48c90e17b6
dosen_source.csv:29,6365a72a-4f47-4860-b20b-9503cb8f4ea6
dosen_source.csv:29,400a9952-ce5e-497a-a89f-a293a29a4091
dosen_source.csv:29,ffb239ea-d4a3-4b99-b613-0cc028a577b2
dosen_source.csv:29,ede37525-62c9-4bf1-8b9b-a5c0e3541178
dosen_source.csv:29,3948563b-545f-47c5-ac06-d249adc39412
dosen_source.csv:29,00961475-c879-4888-8ca0-035ef336d5e3
dosen_source.csv:29,16cc629c-f316-4b24-bb42-de2e5a472c6f
dosen_source.csv:29,0d644cbe-c637-4d2e-af2d-8cfcf1f0aab9
dosen_source.csv:29,59b484e6-ae53-4189-bd49-b4f8d80ccd48
dosen_source.csv:29,7cc45545-1d39-4b8c-ad37-6b3fc97bb496
dosen_source.csv:29,c1239d98-839f-4847-a95a-6e0998c52c85
dosen_source.csv:29,f87e50a8-a259-4550-91b4-1364475cd038
dosen_source.csv:29,e598af78-0120-4ec3-982b-dffbe0e64de0
dosen_source.csv:29,f0c03749-0488-476e-a624-35aef3f228db
dosen_source.csv:29,9bcab189-9229-4b55-a001-f412cdcb8aec
dosen_source.csv:29,f5cdfc4e-8eca-4cd6-9b33-e5ae3ed1f4ad
dosen_source.csv:29,52f256a3-f180-4d67-a97f-a0d205116e06
dosen_source.csv:29,06da704f-5f0e-4e56-8e5a-792434ed032e
dosen_source.csv:29,be65b5e1-6170-4bfd-90b3-c9859f2b9e39
dosen_source.csv:29,a2b97ab6-94ba-42b9-8f0b-2abc7872dda7
dosen_source.csv:29,b9b874f5-0e8d-4220-ba2b-3dbd49c8c550
dosen_source.csv:29,13090d2f-64f7-4526-8de1-40b757d70e53
dosen_source.csv:29,55b8f962-ce8f-4fec-9adb-fcd966337407
dosen_source.csv:29,fca9b14a-db58-4ac3-9117-2caae0c76bee
dosen_source.csv:29,dd2a88cc-002e-4345-aa9a-128841677adf
dosen_source.csv:29,396fe130-5e2f-4418-b961-a22303be8a79
dosen_source.csv:29,35d40922-87a5-4ddd-ab5d-f25bfb1a2ee7
dosen_source.csv:30,f02b1d90-742e-4b2a-8d38-7bf9c0fd8f79
dosen_source.csv:30,11a21806-d9c6-4bc1-b8ec-b36e2857a0eb
dosen_source.csv:30,2f1e4824-3f54-4ded-86bf-a686b6c088f6
dosen_source.csv:30,54c75e3f-223b-471f-bb4e-6fd66c4be531
dosen_source.csv:30,923d3975-49e6-49d9-a0db-842bc7418d9f
dosen_source.csv:30,464fb12d-a717-4537-b22c-387d4fbc923f
dosen_source.csv:30,21808c33-ad33-44ff-a9dc-fbb7641f4b9a
dosen_source.csv:30,469564a9-f1bd-4387-8d7a-128f937c4318
dosen_source.csv:30,37ac532f-80fd-43be-94a7-66e84e139dbb
dosen_source.csv:30,dc6e9e0a-dba6-4e5c-9e94-f37f0790e351
dosen_source.csv:30,cfdb9fdc-a2ff-465b-8ebe-518ffafb3556
dosen_source.csv:30,f9c1f4fa-2f4d-47c3-988e-7c905969e108
dosen_source.csv:30,037e2223-b7e0-4279-90cc-ebcf304eb30a
dosen_source.csv:30,f60ea329-e40c-4a0a-8c6b-53f7134dbf96
dosen_source.csv:30,7c4d71d5-9762-4e06-b716-2724e8c98583
dosen_source.csv:30,3c808ac1-e8c6-44a9-bd24-09bc61d769e5
dosen_source.csv:30,031c2fed-30ec-4d43-8bb6-14d2e4f4a233
dosen_source.csv:30,0b00b3c4-64ad-4ff0-a44e-119f7345b3d0
dosen_source.csv:30,85cd26c6-2fea-4157-b56f-db4f6ec3205a
dosen_source.csv:30,8811062a-ad44-42e7-91f7-b49569ac0a0b
dosen_source.csv:30,96e2d840-aa92-4054-a0f8-cee30a38bcab
dosen_source.csv:30,f6bc83af-74eb-4f42-aeb7-a77d428ce7a0
dosen_source.csv:30,21d28f96-d60f-4a8a-8d20-c04e8ed79300
dosen_source.csv:30,5a15dcc0-867a-48fc-a74c-a5b74dcad3fd
dosen_source.csv:30,cde65a7d-bb6f-4236-8fc7-5a856fbbe33e
dosen_source.csv:30,c9d8397f-2290-4b63-9793-80689f19f7fa
dosen_source.csv:30,d1c7670e-eff7-4739-a54a-fbb5b126f787
dosen_source.csv:30,1c9b5329-ef0b-4e42-86e3-e9bc5d81e6d5
dosen_source.csv:30,c3340844-b876-46d1-adf2-f754066468b3
dosen_source.csv:30,19466a7f-4af3-4954-bf11-ff6f9d2853bc
dosen_source.csv:30,9d2f04f4-6227-4d33-9f0d-52d19f408a9f
dosen_source.csv:30,8bfb31d0-13a3-49d0-b35d-d4397d731c82
dosen_source.csv:30,9a201247-8fac-47c7-8734-9044afeaf715
dosen_source.csv:30,31830c8b-798a-4d9c-a9ac-a070a6d3e921
dosen_source.csv:30,94ef1b5c-b9c4-4da6-ab41-96bf5c999bb0
dosen_source.csv:30,cad5e7ff-9de0-4289-8b29-3fb780658310
dosen_source.csv:30,6f245be8-0abe-48e6-8cb4-bededed02b36
dosen_source.csv:30,23150287-9655-49ce-9f72-b8671c5ad9fc
dosen_source.csv:30,e76b5fff-52e7-4856-9036-ed54496a288e
dosen_source.csv:30,02b1695d-f938-48b4-9605-16bb0159b98a
dosen_source.csv:30,5f8bea24-c534-47e8-8ed1-edeb4e029149
dosen_source.csv:30,607b3b8c-ac7b-4bc4-935a-21bb82f8a868
dosen_source.csv:30,b72a505a-251c-41ba-a9af-a6b9710436b2
dosen_source.csv:30,0a4243b4-8dfe-4163-ab9b-3d645f835302
dosen_source.csv:30,fbca3930-3325-44f0-ac4a-731dbec98c0e
dosen_source.csv:30,017647c5-951c-432f-b0c2-743268ace1ca
dosen_source.csv:30,548e148e-1b2d-4687-9d7c-633e9f290b2d
dosen_source.csv:30,363eddbb-1ac8-43c6-a415-0ec84f684db4
dosen_source.csv:30,8dfe3dbc-a22f-4763-be09-5eb617b4d8e0
dosen_source.csv:30,c2d2a660-f932-435f-ba9f-4e1fa1560821
dosen_source.csv:30,9c11cdca-330f-4a0f-8df1-f69271135202
dosen_source.csv:30,8614a4f9-04fc-430c-99ab-367dff51df3e
dosen_source.csv:30,9be8e25b-2709-48b6-9f26-d60f429a1497
dosen_source.csv:30,cb3a3ccc-a168-4343-ba5f-5d6f81c0dc6f
dosen_source.csv:30,8cbd0ce4-7ce1-4e4f-b8de-244c264fca24
dosen_source.csv:30,3b03ff01-6c61-4b18-85d0-a13f9ade9453
dosen_source.csv:30,ad77b9f8-777f-4bc4-bbc0-8645f5c7c2db
dosen_source.csv:30,e3fa95c7-0a89-46b6-a5dc-af1f6830aacc
dosen_source.csv:30,596679dd-6438-46fd-9db9-49fc9b76a71b
dosen_source.csv:30,ec1bf2aa-8407-41fc-b410-574666961b98
dosen_source.csv:30,ad777e08-d526-448b-8309-bb7a49abc9ad
dosen_source.csv:30,5f48a6de-03ea-47e7-87c3-27a7850eba19
dosen_source.csv:30,5b0705c2-5bdb-4855-9b3d-1a403143c739
dosen_source.csv:30,0d9391fa-5167-457a-9277-8afda38cf8fc
dosen_source.csv:30,e1bd5ec1-8f5c-4f20-b71d-76e908d64e0a
dosen_source.csv:30,ec270476-6a0c-4cf8-926a-6e3467e55741
dosen_source.csv:30,049574fc-5d71-4305-8fa3-a05ff7851f9d
dosen_source.csv:30,7983af3a-220d-439b-851e-331efc3bd615
dosen_source.csv:30,5ff09daa-6677-4259-89f7-41dff18d5c64
dosen_source.csv:30,194809f3-55e6-4498-a741-6f71ecb7230f
dosen_source.csv:30,3f9de9d9-5c08-4ad2-9bf8-f8a335b96b35
dosen_source.csv:30,4ef5c52e-d96b-4241-be45-54e902205dbd
dosen_source.csv:30,4d22f37b-7b13-4eeb-a75e-145b10574e6a
dosen_source.csv:30,bc667708-bc71-43c2-8305-188916713da6
dosen_source.csv:30,33523b8e-2101-4307-94f2-4fe0e900969d
dosen_source.csv:30,26c87634-d10c-47a6-8d0b-6b0b1d0e5eec
dosen_source.csv:30,6fb74fb9-828f-4c9b-a044-2f2391eee162
dosen_source.csv:30,3f9ff980-e587-4e94-8769-d0145445c94f
dosen_source.csv:30,3f87076c-7e41-4839-8de9-95e1b6880748
dosen_source.csv:30,8a1442e7-a879-4f8f-b267-a6a83f2c5eeb
dosen_source.csv:30,e93f5dbe-af86-489c-a86b-2ed4732aa8f7
dosen_source.csv:30,12803c4a-518a-4f96-ac5a-064c9bc28072
dosen_source.csv:30,fe426b22-32d7-42cf-9a0e-d7678c0fa1e8
dosen_source.csv:30,10f792f1-e200-448e-aa63-c4082dd215dd
dosen_source.csv:30,cb50a104-bc03-4261-bf77-5477e7b90ba8
dosen_source.csv:30,74108e1e-d339-4a9e-9a40-d03b1d57ae08
dosen_source.csv:30,2ce67512-6965-4f42-9bc5-c203d4bfdd78
dosen_source.csv:30,35ea9d9e-7dde-4ad0-8903-a43690e3769c
dosen_source.csv:30,ca26f834-862d-472c-927f-e61028d6875c
dosen_source.csv:30,1495c274-9655-49b0-91ad-12f718b02f40
dosen_source.csv:30,f42a410b-5812-4d7b-89f3-dc4002739f0f
dosen_source.csv:30,4715edf4-5ed6-40c8-9b05-996f2e8a8920
dosen_source.csv:30,c123eaa3-e139-488c-9342-b48276638f68
dosen_source.csv:30,046ca1c7-6569-4a0c-afbb-147f6a68dcf6
dosen_source.csv:30,dcdf9cab-fb33-4cd8-9b01-1f75f2008958
dosen_source.csv:30,be43c61c-7e00-4a38-8bb6-b079e4d1f13d
dosen_source.csv:30,8582be38-fd14-4671-ab92-efa8b159ae68
dosen_source.csv:30,e8b80907-4f12-4a73-9e30-dcb67dac0d62
dosen_source.csv:30,3d31bb6e-1069-48f1-be5b-0537bc3841be
dosen_source.csv:30,ec1de69a-3aa3-4423-9726-c468a14a51c1
dosen_source.csv:30,0a953870-1abf-4c71-ac70-c97caa448c34
dosen_source.csv:30,fb3781bf-28dc-49a9-bfa5-d1d55230cbd8
dosen_source.csv:30,1928b29a-2abd-44b2-a346-fe271ae4a03a
dosen_source.csv:30,6a15798b-f442-44b7-8679-ff163f18aa36
dosen_source.csv:30,c994a076-75e7-4a95-98eb-bb494a2ff1e9
dosen_source.csv:30,3396602e-524a-4a84-978c-3e17181669f3
dosen_source.csv:30,a44ac129-23d3-4d97-b2bc-e5cefc365446
dosen_source.csv:30,73bcfa66-6d6e-48d1-9eb4-49032ab031a4
dosen_source.csv:30,56f94c34-8d22-4bc3-8971-294ca7adda23
dosen_source.csv:30,d7668977-c547-4dad-8046-0ae3a3256c5b
dosen_source.csv:30,4b77e9eb-6ed4-4204-91f1-be18a17f990c
dosen_source.csv:30,cf853c04-d6a3-4c96-ae84-409615805bc8
dosen_source.csv:30,ef479eb9-d146-4b61-b18b-18a7c4d8abf2
dosen_source.csv:30,b73d4476-4d37-4303-a5d3-6ead0aa85dd6
dosen_source.csv:30,747bd647-2b53-4d8b-8612-af81e7690ebc
dosen_source.csv:30,74e9d945-3aba-40fb-9302-e04aae69f8d5
dosen_source.csv:30,9b3b8519-1a59-47b6-aed9-f4b69c8b2dac
dosen_source.csv:30,f84301ea-8b70-4f5f-8101-72fe3c348a80
dosen_source.csv:30,260cc39b-8059-4607-bb3f-d9b2ef69516b
dosen_source.csv:30,b155c7e4-ea85-46cd-bdd2-624c22634d86
dosen_source.csv:30,aa98ec6f-da00-4e4f-94e2-8128f2304829
dosen_source.csv:30,c63a9d20-197a-4feb-b7dd-3fa09524e977
dosen_source.csv:30,80996eb7-33a5-4d99-bf38-716f662c9313
dosen_source.csv:30,4921212a-2431-488f-befe-2469304b37c9
dosen_source.csv:30,100a1e07-75d8-49ab-916a-828f12493637
dosen_source.csv:30,7adfbaca-86f3-4deb-bd61-36a9da911091
dosen_source.csv:30,77b64073-3ff3-4635-8a47-fac387211812
dosen_source.csv:30,b6ef7b01-ddb4-4fb4-8c49-2ebc8ba0b60d
dosen_source.csv:30,47389b37-a808-4ea6-bbc1-f0621eababaf
dosen_source.csv:30,52c69ed2-29ad-4963-9527-0f60d1d2cab4
dosen_source.csv:30,b30d6bca-d569-4d1b-907a-69d60a0bc9a4
dosen_source.csv:30,cf7db0d4-479a-4885-b6a0-6ca8a192c147
dosen_source.csv:30,e5dde85a-f0dd-4724-a8e1-2005cc83cb56
dosen_source.csv:30,3544f53a-846d-40bc-a1e1-44265498f0e5
dosen_source.csv:30,38e7f200-8508-475b-b483-635950bbf18d
dosen_source.csv:30,4d25a63d-364d-4747-bc6b-9b1c03138443
dosen_source.csv:30,4b5c7a10-852f-43b9-bdfa-7e52882458cd
dosen_source.csv:30,aa2ac529-f8e0-4924-afed-7bba32cf4d46
dosen_source.csv:30,3650438b-da1a-4786-a156-993916949049
dosen_source.csv:30,0eb26706-59e7-4b4f-9cc5-c37c223a60b6
dosen_source.csv:30,0b1ed717-e1dd-4555-ae8e-8a160dbd6405
dosen_source.csv:30,95a151e1-e712-44a3-9d62-9232d2ec78b7
dosen_source.csv:30,14b8c08d-68f1-4ed2-8967-9f8e2b89ab54
dosen_source.csv:30,2aaff19f-51d2-41c9-85e6-531307c97b91
dosen_source.csv:30,61d7f1e3-dab7-497f-a93b-9df86c5fdd3e
dosen_source.csv:30,e754e362-8d6d-4ec1-9b3f-e4b6d52f6048
dosen_source.csv:30,98962d04-def3-4c76-89df-cfd0eb50aad2
dosen_source.csv:30,1e518ea4-7f0d-4e58-a87d-06134d7c3fc8
dosen_source.csv:30,1625dd9e-6e19-4f2f-b13b-b92507e10a7a
dosen_source.csv:30,eccd2d13-df8d-4829-90e2-e8e81ef06a51
dosen_source.csv:30,354a0790-6f8d-4e91-8b79-a04d0d2ca32c
dosen_source.csv:30,31929982-6aa8-48d9-8c8a-5479020de1af
dosen_source.csv:30,d6f2411e-67c4-4d8f-ae79-1e636b1829f5
dosen_source.csv:30,a305ebc6-fc70-45ee-9648-0be199f213fc
dosen_source.csv:30,273a6a73-1c1b-4a82-ab9b-c19ec8e66d28
dosen_source.csv:30,f6ccc302-4922-4a14-b075-bebad832fcc5
dosen_source.csv:30,ceadf2ab-5934-4e65-9af8-3090ed93fb04
dosen_source.csv:30,fbda02f4-0df1-4dd2-b85d-1d4ac92b0bf2
dosen_source.csv:30,d7f6003a-c88e-456f-97a6-5fd06472fb5c
dosen_source.csv:30,27999306-bad8-4208-8374-277e434f5db2
dosen_source.csv:30,191ab0df-6661-43e5-a411-db271e009b24
dosen_source.csv:30,3899694f-0f78-4675-ba13-db2cc362d0b9
dosen_source.csv:30,f8a2a5a0-9ec3-4094-94c4-a90fa85a7608
dosen_source.csv:30,43007116-6de3-4c4f-bf1c-57908166da01
dosen_source.csv:30,0fe29076-0e01-4056-af9e-2da443f92799
dosen_source.csv:30,469e2ae6-3a8a-4ba9-8d02-ab2458e5b7d4
dosen_source.csv:30,c255d7d8-d3ca-4f45-8839-3db52d14cfae
dosen_source.csv:30,b0a325ce-d9c1-4957-a738-3967dddd2ce5
dosen_source.csv:30,b62058fe-3cf0-44a8-bd1b-1e4cc08be402
dosen_source.csv:30,4912229f-55ec-4ed3-92c3-75a0cfde0b50
dosen_source.csv:30,816298ec-4dac-4781-b50e-f5aa8601e324
dosen_source.csv:30,8db4f143-ab67-4205-a879-06cb81bc5d9e
dosen_source.csv:30,0d75d09d-32a5-41b7-977d-e83623a2621d
dosen_source.csv:30,1e7f5536-63df-4ced-b89c-4bc99ee4bfba
dosen_source.csv:30,b9262f01-1103-4992-84dc-b3e4a5a21e5b
dosen_source.csv:30,5012c948-77ae-4ca7-9fe6-1d99691757e9
dosen_source.csv:30,27e1739e-7add-44fe-b662-f5b9ae1eb1de
dosen_source.csv:30,8ede8df8-c758-4d4a-b42a-943742f41f08
dosen_source.csv:30,6ba03110-db94-487a-b389-c2dec4396be6
dosen_source.csv:30,8b148029-fc03-4297-b12e-9b78aa21f6a1
dosen_source.csv:30,e5946250-b152-45bb-b038-d0980618a55d
dosen_source.csv:30,9b0727a4-5eaf-4a4a-8197-dc372cf8b4a0
dosen_source.csv:30,03129474-ccbf-4a1d-86c6-418b4f880c35
dosen_source.csv:30,dbd42bbf-5086-4b24-970f-38f27873b07e
dosen_source.csv:30,acc44a02-5b93-4e94-b5f1-4bd2e2566302
dosen_source.csv:30,340e4ef8-761a-4794-85eb-921a8173657e
dosen_source.csv:30,85be4ac2-bbf9-44e8-82a4-4ad6af7ae264
dosen_source.csv:30,4f0b9113-c6f8-45d2-be35-9991ca283ad3
dosen_source.csv:30,3e5e96ba-d15a-4f50-936a-d4f516873503
dosen_source.csv:30,50e60d14-729a-419e-a534-22c0a02a5d5f
dosen_source.csv:30,91da463c-ebf6-4da8-b446-cead3150f62e
dosen_source.csv:30,49e2179c-037a-443f-9a5f-27703c22a1fa
dosen_source.csv:30,bc371e78-41e2-4d5d-9ae6-6de49f671e6a
dosen_source.csv:30,c94216b0-c9c2-4d58-b0c3-e68d65b2b649
dosen_source.csv:30,fd0222c0-8b84-4f73-b16f-9a70a1451718
dosen_source.csv:30,ed0daf22-c6b4-4021-895b-8fd99293e704
dosen_source.csv:30,9c519a1f-312b-4a26-9124-def5f7c633c1
dosen_source.csv:30,999d9a1f-8e41-4f15-b514-cd9fc1f1ca88
dosen_source.csv:30,5bd1ecd2-dce4-4fc9-865d-8af15ce9398f
dosen_source.csv:30,1200d0a6-7305-4d43-9ab2-9769395af395
dosen_source.csv:30,3747f598-8ea5-460b-b392-e9ebad26016e
dosen_source.csv:30,13a16f99-9edc-43cf-921b-002263e7ebd3
dosen_source.csv:30,f459d7c4-71f5-43f0-ade1-98177bfb09c2
dosen_source.csv:30,5476b1fe-52d9-4e22-b4d6-3c34e6b5e900
dosen_source.csv:30,0e98c662-fcce-4443-9200-92718683480e
dosen_source.csv:31,1b07feb2-cea3-4db7-aabd-ce56e11a58a3
dosen_source.csv:31,2b399e3d-0aa4-445b-94a1-a11f6c2f9b9a
dosen_source.csv:31,af44c265-9100-4f9b-9b29-8c35e415128f
dosen_source.csv:31,80281c11-cf92-49b3-9f66-0e9c706c810b
dosen_source.csv:31,a1bbda55-d4d1-4a28-abfa-f41888262005
dosen_source.csv:31,2b424d74-fd1d-46e5-82e7-84d5c1c5e6b0
dosen_source.csv:31,8dfe1535-e51c-4c45-9a9d-b89a5145b812
dosen_source.csv:31,f2abc9ea-d70c-420b-90df-55d6956d3dad
dosen_source.csv:31,3e741150-e960-4fe2-b2d1-3cdf13b86d2f
dosen_source.csv:31,923d3975-49e6-49d9-a0db-842bc7418d9f
dosen_source.csv:31,95e55859-3ec4-4567-8290-e76df3b00955
dosen_source.csv:31,b2e9e099-b46c-4175-898d-167a14b65131
dosen_source.csv:31,2c957878-b921-4046-a67b-9b7ee0ee2f2c
dosen_source.csv:31,b35522f8-4cfb-4582-8059-bb8b8632967b
dosen_source.csv:31,01a083f3-73c1-44ac-ac48-46b6ccb840aa
dosen_source.csv:31,8d756ac2-946b-4434-b725-42d7c51f623e
dosen_source.csv:31,531ac418-be53-466b-96dc-5c5254b0ef83
dosen_source.csv:31,c035b522-47ae-4e3b-9023-022ee1cac9cc
dosen_source.csv:31,c66b4e2c-24fa-45f6-9ade-21e72e0ef0b3
dosen_source.csv:31,71c66348-2f4a-40c5-8051-a8b8fa9517f4
dosen_source.csv:31,75685f9c-85b6-4edc-9c4f-7e5238d6e645
dosen_source.csv:31,6321d3e6-379c-42e4-818b-cae290bff4f1
dosen_source.csv:31,41bc2823-e069-482c-b236-df76a3d7809a
dosen_source.csv:31,05718a68-f36f-470c-ab27-af6cfc4e9d5a
dosen_source.csv:31,7559fb01-4e01-45a2-b646-db56a877e270
dosen_source.csv:31,f333a838-02c1-43cd-84d0-5c23d8d9f29d
dosen_source.csv:31,69397d21-f888-4652-85e7-d0f38257b481
dosen_source.csv:31,ed1e9d8a-bf5c-4b10-a728-b60cec6a40e0
dosen_source.csv:31,59fe900d-9a78-4e67-8674-48ecd89b11f8
dosen_source.csv:31,c221add9-f8f8-472b-83f3-995d514707d5
dosen_source.csv:31,37f4b3fa-f993-463b-a43d-badc3fd2c8da
dosen_source.csv:31,dc29e8c9-8f99-4054-ac87-df58a718ed78
dosen_source.csv:31,f99d323a-9d88-4531-9f85-9e0f1a694d89
dosen_source.csv:31,d76c3fc2-81fc-4ffb-beca-03758e7a248b
dosen_source.csv:31,85fd0f4a-eda8-466c-bb25-8f2b0f72f029
dosen_source.csv:31,f79b2d99-bb55-4fe3-b322-c1d668331bba
dosen_source.csv:31,36e678ab-58d3-4e0e-b41f-614c20ea32df
dosen_source.csv:31,cf88c74d-627b-48d2-a1c0-fbcd35fbe71a
dosen_source.csv:31,7c47cdd8-8b73-4227-8604-9d581dbf6213
dosen_source.csv:31,fe83db5a-cd75-4a3b-86f6-fe14c5a9205d
dosen_source.csv:31,19dbda33-7e5f-44fa-b3e6-347658befdc3
dosen_source.csv:31,7403c449-3b81-40df-b492-2c13ac502bb6
dosen_source.csv:31,4b2ece84-42d1-4e89-b15c-ddf876806e11
dosen_source.csv:31,420baba3-8b69-40a9-a416-92ee8f31cb89
dosen_source.csv:31,8ad32410-b638-49e2-bf78-715e8210be37
dosen_source.csv:31,fa47e637-196b-42d4-bc5b-40defe3fc9e2
dosen_source.csv:31,03e1584a-fdfb-4ce1-b253-1768e5a6aac4
dosen_source.csv:31,b535bc8c-a4c9-4ad6-bb4b-ae242d4ecb1b
dosen_source.csv:31,285631c9-6b57-480c-b8b8-a88aa08416cc
dosen_source.csv:31,89749f09-676c-4e6e-a79f-e6bdaee0f5e0
dosen_source.csv:31,5b28c071-30fa-4bbd-91f6-4b781a9e373e
dosen_source.csv:31,68926673-2a18-4855-b0fd-6c7d97f13de8
dosen_source.csv:31,48b49bd6-f139-4ae3-8329-94f25c28110a
dosen_source.csv:31,5fd6fcd3-a543-4284-be24-1bed875716ff
dosen_source.csv:31,261f174c-9ed3-4a48-9bec-1f29af3897f4
dosen_source.csv:31,3e90e280-fde1-423f-a5c7-a955f31421af
dosen_source.csv:31,01e1c1c7-5efb-4281-98cf-9276986f9be1
dosen_source.csv:31,ae721bae-9621-42d0-ad5f-cbbaefd81090
dosen_source.csv:31,20e12b24-1496-41a5-8014-551e28cf5115
dosen_source.csv:31,f5e7dc42-039f-4893-80f2-736c7504b0fa
dosen_source.csv:31,3d67bcbe-6d20-4023-8688-50981e8e7d47
dosen_source.csv:31,767a989d-da4e-492c-8866-8837ea9ce6c6
dosen_source.csv:31,9e0083ec-002c-4aaf-9721-d9e968619f8b
dosen_source.csv:31,8d6502a6-c5f0-41b6-9d4e-067a42deb5b0
dosen_source.csv:31,0833b67a-01ab-4816-bd0b-a85652c51fbc
dosen_source.csv:31,deb4f0b2-150f-4846-80e4-4c91c347d5a3
dosen_source.csv:31,10f3977f-32f0-4668-86a6-11443e286d7c
dosen_source.csv:31,a81cc4f6-29f3-4ac0-9e5d-34998f313011
dosen_source.csv:31,1ff18020-8445-453e-8417-78b0546d4d97
dosen_source.csv:31,4ba7be20-099d-43ef-94bd-c301002e6ebf
dosen_source.csv:31,0e2c121e-5353-4621-ae2b-b580f8116fb4
dosen_source.csv:31,8ca4cc62-9b9a-4a59-832f-de6ca83fac20
dosen_source.csv:31,7e3cd2bd-fbe5-43d6-a6b0-82e6498ff603
dosen_source.csv:31,b1b294fa-141c-496a-8197-4fc1de7c87bd
dosen_source.csv:31,820f0a64-f0c0-4412-9cac-938f91b45c2e
dosen_source.csv:31,1d9ceba7-efbf-4ec3-a8d1-c0a09cf15867
dosen_source.csv:31,0464edad-7b87-4973-8b10-aadd4c1a3aac
dosen_source.csv:31,f009f7cc-0743-442d-8a73-07d12f997d99
dosen_source.csv:31,23974013-f2eb-486f-bf2d-0d04d7a6673f
dosen_source.csv:31,f1979a72-fc7e-466e-a1bc-dc2b9a180b9e
dosen_source.csv:31,6438e32b-27ad-48ca-8c76-b519aa9946f6
dosen_source.csv:31,cc8c24ec-3af1-45e3-9af1-35b07376f66f
dosen_source.csv:31,8aa8d734-b50d-42d9-b8f0-0b3789b6d999
dosen_source.csv:31,3d8fad87-a2a4-43c8-a20f-7f6aa586d579
dosen_source.csv:31,afa215ad-1e32-4032-9b08-6561959e58d5
dosen_source.csv:31,d7be27ac-3cdb-4579-b25e-76b883e09158
dosen_source.csv:31,db08d244-774f-40c5-bc03-26d23ddaf0ee
dosen_source.csv:31,cb50a104-bc03-4261-bf77-5477e7b90ba8
dosen_source.csv:31,8105bb89-326f-4612-a374-28149386b4fc
dosen_source.csv:31,962b2a2e-3a7f-4df1-8ea0-63f2d3837c03
dosen_source.csv:31,271aeff3-2c7c-4e0c-bc9f-d0660df1e47c
dosen_source.csv:31,929e6578-aa3a-4da7-a189-9c63d361740e
dosen_source.csv:31,8d5c6c3b-f0ae-482b-9213-4ac8ecc9fc19
dosen_source.csv:31,b55680fd-54e9-4742-bb1c-a6a7a70e4b88
dosen_source.csv:31,9eb7fcde-7fe9-43aa-a228-b3c1b84f7bf7
dosen_source.csv:31,45ac65de-9d0d-4d32-b0d7-d896b03350dd
dosen_source.csv:31,28b16397-a1a3-48f3-95a4-6ff629157d51
dosen_source.csv:31,e36c5c78-2343-4290-8351-9d475c17f29e
dosen_source.csv:31,ca09ddc6-b15d-4bf0-8398-08cf6bb5d565
dosen_source.csv:31,534f5c74-dda7-411b-9434-87643da72841
dosen_source.csv:31,75d51d2d-2326-4d5e-add7-82dbe31b2da8
dosen_source.csv:31,2ec27928-d1d1-45e4-b5d6-79573df1b3f9
dosen_source.csv:31,7040a03b-35f4-4739-9778-4a47c330e688
dosen_source.csv:31,2c4704d6-3221-4794-9e51-de62645555dc
dosen_source.csv:31,2ae4993c-9247-4a7c-a61c-426c24308904
dosen_source.csv:31,6f130a46-6907-4436-ae35-cbea2805a17a
dosen_source.csv:31,3fcb5459-529b-4522-9054-413dd7849be5
dosen_source.csv:31,303416b2-4c77-4983-bf06-c5f828cf3f0c
dosen_source.csv:31,3b45996d-6aeb-4e40-8e2d-1443d013c740
dosen_source.csv:31,6f64f9d3-1efc-4fbb-82b8-da7d835506e9
dosen_source.csv:31,7c918494-f613-4d1d-84b0-878dbf4d347f
dosen_source.csv:31,a519aac0-ceff-431e-8ab7-3200f19e0789
dosen_source.csv:31,db78ca6f-682a-4a99-90da-9203f28c94a2
dosen_source.csv:31,205bf9bd-1242-4ca4-9a3a-3fd301969290
dosen_source.csv:31,77ade8b3-7656-4960-a246-fa578a49eb00
dosen_source.csv:31,ad58aaaa-8a62-43da-9dc7-193f20d7d889
dosen_source.csv:31,746c9cb2-a14b-43f7-9baf-1b56c5aaf06d
dosen_source.csv:31,1a631259-0b50-434d-b23a-1b28eec8b5f0
dosen_source.csv:31,ecd9ce66-9e1f-4c82-bf33-9377403d1414
dosen_source.csv:31,047d1c97-ed22-42c4-ad4b-4948814fa89a
dosen_source.csv:31,c3c1a231-b954-4ac5-94cf-30548f7a3d13
dosen_source.csv:31,d6864d7b-a886-42b3-8e60-893df4e7e30c
dosen_source.csv:31,ff57c994-a82d-4d42-9cfe-7a4ee27aaeda
dosen_source.csv:31,52207338-e862-41a0-a9c9-fc6b7a9d8925
dosen_source.csv:31,eb109adb-e7b2-430e-ade9-9a580944e29e
dosen_source.csv:31,56f94c34-8d22-4bc3-8971-294ca7adda23
dosen_source.csv:31,a7730e20-0623-42c6-a80a-ea57c3beb295
dosen_source.csv:31,5e050607-8a7c-42c3-85d1-57ffb07cc9f8
dosen_source.csv:31,fab8b221-b8fe-473c-b69b-657b97b8de58
dosen_source.csv:31,67ca32b1-f6da-4230-b7c4-4e193102e7dd
dosen_source.csv:31,635c1cdb-badb-4d4e-b69e-f44fe989269c
dosen_source.csv:31,c820b14f-02a1-465a-887b-dd1c4041bd25
dosen_source.csv:31,2ca4bb35-26bb-45bb-9369-c46fd300319d
dosen_source.csv:31,213de62d-8c00-4680-a9ad-b4f1c6b43ca3
dosen_source.csv:31,0a3dd577-3255-4a42-b857-ca38c99e363f
dosen_source.csv:31,6bf9616e-7aef-4ba2-9dd7-ed9fbf2efd11
dosen_source.csv:31,c7129df0-58e8-4b74-b65b-ed4c84b65951
dosen_source.csv:31,5414c837-7de5-4dc8-936d-71c48c61ca93
dosen_source.csv:31,ea4d5ba3-2fd3-4ef1-a557-a4967bcf2ce1
dosen_source.csv:31,65b0b728-e231-4801-95c9-0ed59cf611ae
dosen_source.csv:31,84436a5b-fd26-4639-bf99-5b44ca0f7a5d
dosen_source.csv:31,685bbf68-e779-492f-966c-7fd07161a6c3
dosen_source.csv:31,e2687b82-67d2-480e-b256-5f82d6dd74e2
dosen_source.csv:31,a06baa66-93e3-4a53-ba25-a00aa876a8a7
dosen_source.csv:31,f22c4963-0ca8-49a8-be44-c1dc180fbea3
dosen_source.csv:31,3efe4bdc-7ecf-45d9-8ff8-7b0886769b5a
dosen_source.csv:31,9fba140f-9564-416b-96cf-8560f3b063d0
dosen_source.csv:31,6e992f7f-78e1-407b-9d18-2177684c61ce
dosen_source.csv:31,c0ebd1cd-c93c-47ba-8253-1563b6ef3200
dosen_source.csv:31,4602fe77-a89a-4f97-a3da-d9b21e2155b2
dosen_source.csv:31,c63a9d20-197a-4feb-b7dd-3fa09524e977
dosen_source.csv:31,a337e885-9ba5-43b8-bf56-0416d17c8597
dosen_source.csv:31,fb2008f9-cdae-402e-bee6-1ce5a5cba075
dosen_source.csv:31,ac717071-a33d-457c-a6b3-09cb084f4320
dosen_source.csv:31,acb1a480-46e0-4f53-8383-d0362f7236f9
dosen_source.csv:31,5be30c33-eb91-4ee4-98a6-da0604d93a28
dosen_source.csv:31,90936548-71e0-4deb-a932-5cb52ad6cef6
dosen_source.csv:31,956d645b-81e3-4d83-8d1f-58b19dfd7091
dosen_source.csv:31,d91ec7d2-de48-482d-90d1-3477c960b65b
dosen_source.csv:31,13d4168f-86f9-481f-a82a-9089b34ffeef
dosen_source.csv:31,91e21ab9-5689-43e2-bded-89c7aa108f2b
dosen_source.csv:31,8eee0d63-2cfd-41d4-acd2-0c00baba13f1
dosen_source.csv:31,0afcd637-aec0-4031-8869-7f59e07ec032
dosen_source.csv:31,e588c11c-b2e0-4c92-a133-8a636a2a2e9b
dosen_source.csv:31,31ad72ac-77b3-460a-ae54-d0cf06d56afb
dosen_source.csv:31,847ef15d-6815-43b4-bb31-c514d00d2b15
dosen_source.csv:31,fdc97035-f5e8-4189-8b11-9aa0d66829d9
dosen_source.csv:31,bc9cf93e-0f08-4df0-951b-3676b98ec8ac
dosen_source.csv:31,cd4cb649-7923-44d5-b0a6-fc7167af279f
dosen_source.csv:31,4184ade2-8f03-405f-9342-31cbf96c1c4f
dosen_source.csv:31,94a454c5-795b-4c59-bd18-d95285ad0a1e
dosen_source.csv:31,564129ed-e87a-4be9-9f98-841660b44c40
dosen_source.csv:31,457ea154-5907-475d-bb30-2bcfa3b2f4d6
dosen_source.csv:31,a24e309a-27dc-475e-9bed-c29e611ec9c0
dosen_source.csv:31,881c4441-0ff8-4609-a321-b5c70f029e64
dosen_source.csv:31,bfaceddc-5aa0-4889-ab98-b634af86bff3
dosen_source.csv:31,2d3ace92-1dc4-474e-9d66-7f5b0d109f5f
dosen_source.csv:31,d02a5fd7-b5c1-4558-b065-befd7f18d7ca
dosen_source.csv:31,01c276d8-f66e-46e7-93ff-833255f5c984
dosen_source.csv:31,b6695d4a-4303-42b6-917c-cdb9579e0434
dosen_source.csv:31,0916fca5-83c2-4b3c-877c-18ffebd3b5c6
dosen_source.csv:31,0b14a6bc-82c1-4891-a444-fd235c530405
dosen_source.csv:31,ea5e60b7-1ef5-4125-a89a-438f00b18a97
dosen_source.csv:31,b30e1d18-be65-435d-b74d-903ca4f7295d
dosen_source.csv:31,2751770c-7d4d-4ce4-8f9e-84f1c0e7c069
dosen_source.csv:31,762bdbd0-b395-4a42-805f-9ce891039a96
dosen_source.csv:31,77ca454e-9e26-4e55-af0f-8d744c099290
dosen_source.csv:31,a3c83b12-8b38-4fcf-9624-196eb6d79265
dosen_source.csv:31,a44ad40c-c6ee-45ca-926c-f7b5c14e018f
dosen_source.csv:31,375f093c-df7e-43af-90b3-cef3b0737098
dosen_source.csv:31,a0e9b8c4-0d29-4ba5-a24a-cda801128bdb
dosen_source.csv:31,0698d78a-1489-4758-9774-66d9b34ae219
dosen_source.csv:31,c5ce22fe-a1b0-47ca-a550-badbf5d75595
dosen_source.csv:31,bbf744e5-d948-4be8-9646-eba4e7deb61f
dosen_source.csv:31,89747dcf-fc3c-434d-ad20-c424bac9cf57
dosen_source.csv:31,041d5688-be2f-476f-994d-9e51a5e90efc
dosen_source.csv:31,9839878c-06f4-46d1-ab54-57d505293dc0
dosen_source.csv:31,dc060ea8-84db-4a37-bbcd-b7391c60da81
dosen_source.csv:31,53067678-339c-4b04-9a82-6206682992fa
dosen_source.csv:31,b17e790a-b60e-44e8-adf1-0d7707b0538d
dosen_source.csv:31,90f4b716-87e0-4d9b-baa5-16af4a14279d
dosen_source.csv:31,35fc1f3b-1028-43d3-9c6c-ee7a61c993aa
dosen_source.csv:31,e6597182-704e-45a0-985f-cc2cc87d7d3d
dosen_source.csv:31,4adeb9cb-3dc9-443c-8497-63c0fbd2d7d0
dosen_source.csv:31,507932fd-22d4-4803-a294-ce7b1de8efd4
dosen_source.csv:31,e10a815e-a024-4a06-a4e1-df9d79969d9f
dosen_source.csv:31,0921a6ca-edbe-4ac8-9bbe-5ca6773727e4
dosen_source.csv:31,ee862fb3-8432-41af-af3c-4459eb10a366
dosen_source.csv:31,877fc33e-66bf-4f20-b2f2-b3db869c822f
dosen_source.csv:31,db7e5540-c9b5-43fb-9408-07b2a355d40d
dosen_source.csv:31,db01e64d-4dd2-4d84-8384-665ccb5e61d2
dosen_source.csv:31,04924228-69b4-4960-88e1-cad4e50d5071
dosen_source.csv:31,1741e804-c849-4bfa-a872-53e82a6f9864
dosen_source.csv:31,e7396fd0-3bd9-43d6-81e8-e65aad4a8fee
dosen_source.csv:31,faad3a8f-4609-4275-b979-434c658baac5
dosen_source.csv:31,2ad651b5-2e6e-4447-b826-f4fad4786219
dosen_source.csv:32,1b07feb2-cea3-4db7-aabd-ce56e11a58a3
dosen_source.csv:32,2d1ff54e-e72e-48d3-826a-bdced1eba3b2
dosen_source.csv:32,a5164b40-02ea-4d29-a65d-d6435d5b4b38
dosen_source.csv:32,e21be7f1-932d-45bf-a6a2-83c8a38842fc
dosen_source.csv:32,f3482be3-0a7f-40c0-8f6a-a2cc54322475
dosen_source.csv:32,da79934b-d027-4421-8dd1-d0a38174b5c5
dosen_source.csv:32,2d19047c-7ca6-4da7-bf99-c66b309ed9e7
dosen_source.csv:32,de29e6b9-18e6-4dbf-821c-3de5f02e942c
dosen_source.csv:32,7d5ad6e0-6433-4ed6-99f0-5076f49012e0
dosen_source.csv:32,3787dd28-a926-46cd-9207-66b6820fd936
dosen_source.csv:32,b7ff139c-93a5-43c5-8ff9-b2a32f55e3e6
dosen_source.csv:32,9c8b1482-d766-45a9-8671-baae5881b076
dosen_source.csv:32,7d67e7c2-401b-41db-b3de-32415a939d80
dosen_source.csv:32,afdf5382-8f26-4d4f-ac44-4ae63334c344
dosen_source.csv:32,5d4ae556-3973-4a30-ac18-7b8815a17b5d
dosen_source.csv:32,2c8ce99e-4aa9-4c33-9bcc-8c6bd854e3b4
dosen_source.csv:32,805385ba-6fa2-45ff-8c76-71cea8de3a5a
dosen_source.csv:32,54acc9b3-77db-483f-b88a-bf67d9d1a73d
dosen_source.csv:32,5590b833-d59d-443a-826d-aefafe382dbd
dosen_source.csv:32,c581dcac-b1d5-4875-afdc-074e5fee8b06
dosen_source.csv:32,4bc2c2a1-fe81-429e-9bf9-88074db223f9
dosen_source.csv:32,c2671c64-8429-4e76-945a-3b62bf1b93bd
dosen_source.csv:32,5992ba26-445e-4bf3-8319-d9b7debe300c
dosen_source.csv:32,c5657137-a007-4c3c-895b-0257e631e8f5
dosen_source.csv:32,19466a7f-4af3-4954-bf11-ff6f9d2853bc
dosen_source.csv:32,d76c3fc2-81fc-4ffb-beca-03758e7a248b
dosen_source.csv:32,13c4065e-0187-4d75-a252-85a358d9e012
dosen_source.csv:32,31830c8b-798a-4d9c-a9ac-a070a6d3e921
dosen_source.csv:32,94ef1b5c-b9c4-4da6-ab41-96bf5c999bb0
dosen_source.csv:32,09ab0231-0105-4b40-95f0-5f8a75616a89
dosen_source.csv:32,94f72404-5af9-4e8d-9ce0-111d0b7c42e0
dosen_source.csv:32,6f57aa61-5e77-45fb-90f5-7d577270b2d9
dosen_source.csv:32,7c47cdd8-8b73-4227-8604-9d581dbf6213
dosen_source.csv:32,30185cc8-dc7a-45c1-8046-a3b9a9e2f562
dosen_source.csv:32,a0f447e0-9e6a-401c-b447-e3c1d9f9d0d1
dosen_source.csv:32,cd4c6c4e-24fa-4bf2-952e-5102f9bb119f
dosen_source.csv:32,e76b5fff-52e7-4856-9036-ed54496a288e
dosen_source.csv:32,e52ad34e-9ce3-4a68-aa91-d14317e868f1
dosen_source.csv:32,a6b82c8b-4223-4e33-a456-bc5d931d41fe
dosen_source.csv:32,9d97e481-019f-4c53-96a2-931a1465185d
dosen_source.csv:32,6871e3b6-fd4b-493e-8c5c-f2aeaafeeaa2
dosen_source.csv:32,65f83d98-7c0d-4bec-a950-b71689033b6d
dosen_source.csv:32,89749f09-676c-4e6e-a79f-e6bdaee0f5e0
dosen_source.csv:32,0c91db69-24cc-49ce-a132-7823f94d89fe
dosen_source.csv:32,a7034cc1-8ba6-4939-9ca4-6d978360118a
dosen_source.csv:32,89214320-9a02-436c-8fc0-47d405837b49
dosen_source.csv:32,522f5f8b-0ad7-4448-b9b5-54b882666941
dosen_source.csv:32,5758aafd-1e5d-4efe-9eca-31d3432d480a
dosen_source.csv:32,017647c5-951c-432f-b0c2-743268ace1ca
dosen_source.csv:32,654c50be-898d-4aa6-a901-93f5125eb9ab
dosen_source.csv:32,c24d8dd0-84c3-4bc0-82c9-4160d1f88a36
dosen_source.csv:32,eea9c910-b586-4ac0-9abb-a326b2d6ae03
dosen_source.csv:32,0b36ab5b-b8a9-44a0-852d-c64bf2ae03ad
dosen_source.csv:32,554a5426-33f3-4d5f-9663-73a9bdf01d59
dosen_source.csv:32,a54ec21f-6a77-47e7-847b-6fe76037f31a
dosen_source.csv:32,b1cf97e4-727a-4803-861b-8d422e4a2180
dosen_source.csv:32,bff0b40f-11eb-4805-86cb-9668e49a5869
dosen_source.csv:32,b758221e-4470-4be3-93aa-ddd6d5e1681f
dosen_source.csv:32,7884fce3-0f5d-417a-baca-8a7269203c52
dosen_source.csv:32,78520be4-898d-4233-aeb4-e54f3fbdd729
dosen_source.csv:32,1931f2c5-4e55-484f-a8c9-09766ae5d804
dosen_source.csv:32,de170319-d30a-4318-9a94-19527a06f901
dosen_source.csv:32,76289c36-5441-4cd6-b05a-6bd9ecfe7301
dosen_source.csv:32,2ce5cbad-b09f-4cbb-b391-277d5631f990
dosen_source.csv:32,edb6d677-c23f-485b-ab61-da2bc426fd9c
dosen_source.csv:32,ad2493c5-2df7-4240-b504-156eecc88f34
dosen_source.csv:32,662665f2-5470-4bf7-b71c-e285fa009c4c
dosen_source.csv:32,b00eee2b-d293-4e0d-a7f1-2ca957b93ee6
dosen_source.csv:32,026ae90d-ba76-462c-a529-0248ed82df49
dosen_source.csv:32,783888a9-e802-482d-8ca7-76331b6e7b8e
dosen_source.csv:32,ccf2c306-3697-4e84-9a81-2aa1cb0afa87
dosen_source.csv:32,7d8d33b9-9b68-49e1-bc9f-222f53735820
dosen_source.csv:32,372557e8-9503-43c5-94d7-03d5acb9f527
dosen_source.csv:32,70be719e-6a3e-4953-88e7-1b2776bfa8b2
dosen_source.csv:32,ccba4e60-4a3f-4093-830e-86f517b01f13
dosen_source.csv:32,854f7371-b679-451a-9148-2f776ec9ea57
dosen_source.csv:32,498a8f78-4ec4-48c8-9689-3dec078327fe
dosen_source.csv:32,f90d5dc4-8623-4b2a-b3c4-222c839b7cd9
dosen_source.csv:32,387acae1-6502-49c2-b38f-8616fcd31a0c
dosen_source.csv:32,d5ee3c85-012e-4008-a282-d6940e6e8665
dosen_source.csv:32,afbbbdb8-a31b-463b-9b22-3db15f02f87a
dosen_source.csv:32,eff7a4de-8eaf-4442-ba0b-06d8f57b2f76
dosen_source.csv:32,86f626d5-c4df-49e7-888d-d51160cfb107
dosen_source.csv:32,8414e855-77bc-45b4-9687-a818440698d7
dosen_source.csv:32,71638ee9-bc74-4df7-8316-a93b6499df31
dosen_source.csv:32,f1a1212b-e5f8-4610-a595-41edf512768f
dosen_source.csv:32,b13cbce7-45d7-4109-9502-2654131e3c2a
dosen_source.csv:32,1e616477-da7e-4d65-a4a5-5d09df21c11e
dosen_source.csv:32,ff87ceb0-abc0-42d5-b4c3-e686aeba8cb7
dosen_source.csv:32,84ff1293-564f-4b95-a7db-ceab6af40b97
dosen_source.csv:32,34bfac03-cdb5-488c-b401-55dd40bf2472
dosen_source.csv:32,9279d68a-84fb-4c7a-81cd-09d06a6ece19
dosen_source.csv:32,03c4959b-9230-4389-8ee0-5fc169c40a62
dosen_source.csv:32,a22d4fb2-2c21-452b-81f8-e273cebada1a
dosen_source.csv:32,6038484d-da8c-4238-a955-ffecd8bea9f5
dosen_source.csv:32,8cd9b76a-bce7-45b4-8a34-3ff8d4b87a0a
dosen_source.csv:32,1e74d729-8de0-4034-9074-910a500a7946
dosen_source.csv:32,6438e32b-27ad-48ca-8c76-b519aa9946f6
dosen_source.csv:32,5f217fed-0f51-42fd-a481-fa1fed0ab73b
dosen_source.csv:32,34304610-c817-4289-9be2-099f4ecc0e18
dosen_source.csv:32,42136b93-686c-452b-b27c-9e478cc6f4aa
dosen_source.csv:32,74bea817-38a0-42a4-a755-ac8d16acc6a5
dosen_source.csv:32,e0fc1021-fc78-436d-9843-1139a48be10a
dosen_source.csv:32,62c06cc7-8c9d-47ef-a707-51dbe3b3d2ab
dosen_source.csv:32,a833562e-008d-4921-b45d-fd1b7f21d6a7
dosen_source.csv:32,40fc6583-f395-4259-8ef2-341604fcc614
dosen_source.csv:32,632b1820-5199-4969-9a83-a66df2afef85
dosen_source.csv:32,9fb8e03b-9367-4d3c-a98b-0b1e362d8137
dosen_source.csv:32,b68c9011-6846-44fd-a3e1-9ee4bb52f20f
dosen_source.csv:32,7f382114-6d25-4d31-9cea-a7be9851f88e
dosen_source.csv:32,8d5c6c3b-f0ae-482b-9213-4ac8ecc9fc19
dosen_source.csv:32,cd8f628c-bbdb-4eaa-a98e-85d6c6c6aafe
dosen_source.csv:32,61ad27bc-c630-4192-ada4-d9a8a51cf688
dosen_source.csv:32,67b02046-52d7-4cfe-a0cf-b7320b410bc1
dosen_source.csv:32,46d31732-d120-46cf-8042-5d7ffcdcf734
dosen_source.csv:32,e67632a3-82d8-4c66-96f2-3f9d1cc632b4
dosen_source.csv:32,5a821643-2832-4660-b12d-954c1f035491
dosen_source.csv:32,56e3ab7d-baae-49cf-99a2-30b5d3683286
dosen_source.csv:32,d327c3fd-bef6-433c-94f2-f38ef0adf421
dosen_source.csv:32,416274a0-85df-4d9b-b944-beab5680c960
dosen_source.csv:32,e9c55127-608d-435d-bd98-fcb3c96706c5
dosen_source.csv:32,c1f843fb-7334-4b9a-95b1-1766db00109e
dosen_source.csv:32,3af08dc6-f919-46a4-9937-78e077b53e09
dosen_source.csv:32,a519aac0-ceff-431e-8ab7-3200f19e0789
dosen_source.csv:32,05c72b6f-5c13-4179-bdbe-0f44cddfca66
dosen_source.csv:32,d3cd2283-82aa-45d6-8542-ae1f7d536792
dosen_source.csv:32,d82c030f-c0b1-4645-8051-1f1588fa8043
dosen_source.csv:32,8d767653-a64b-45ab-87a9-7bf65b646c0c
dosen_source.csv:32,60d9899d-0d20-42be-9223-6921b261ebaf
dosen_source.csv:32,d54df95f-0b02-4c90-a78b-21904b676f13
dosen_source.csv:32,21866cd8-d99c-41d1-a319-47f3e81ed199
dosen_source.csv:32,69250e48-6d9b-4155-b007-d1e54bf15bec
dosen_source.csv:32,4f7d5283-9757-4ac6-8cd2-c8297fc23bc7
dosen_source.csv:32,4a9b8689-ff41-4418-a254-94f501583c26
dosen_source.csv:32,93dcf970-f3b5-418b-b534-5e0133bb3383
dosen_source.csv:32,7598b504-958a-429f-9ed7-b9552e5927b7
dosen_source.csv:32,17547324-fcbb-42d1-ba06-3450ff89fc30
dosen_source.csv:32,0a3dd577-3255-4a42-b857-ca38c99e363f
dosen_source.csv:32,69e63a71-c8c4-4b5e-a5d1-90bd190d5b4d
dosen_source.csv:32,e60e3ceb-2979-4b08-b389-6afef1561465
dosen_source.csv:32,10bf7dc8-187f-4a1c-8623-9d663f703b47
dosen_source.csv:32,8184132b-5e84-462f-84b0-05932bad6378
dosen_source.csv:32,ddb73adf-5516-4cf7-8c05-4ab4e5647821
dosen_source.csv:32,cdbaa978-66ae-4f62-b392-3c05d7e236b8
dosen_source.csv:32,c403c8bf-9014-4513-adb9-0b754e17a340
dosen_source.csv:32,0e2dbb58-279e-4dbf-8df9-0e604fb250e1
dosen_source.csv:32,7b70a104-4cf5-42b2-bca4-01c653c83c4c
dosen_source.csv:32,df1fd38c-226f-4eaf-a892-3ca95e0aefc4
dosen_source.csv:32,f9fc5f7b-8bdd-446d-bca0-9e3966e88987
dosen_source.csv:32,9d364ee1-eb08-459a-a8a1-fbd2d3666250
dosen_source.csv:32,b155c7e4-ea85-46cd-bdd2-624c22634d86
dosen_source.csv:32,ee72cb9d-a0f0-413b-a17c-6b74669f4635
dosen_source.csv:32,888eaacb-30fe-4ecf-9c2f-53eb56d09c9c
dosen_source.csv:32,99e0eb90-3013-4623-9e76-9106d5f8bc97
dosen_source.csv:32,87ea690e-75ed-4360-8559-152eb84a1d05
dosen_source.csv:32,bc3ecfaa-328a-4114-99ec-e08843696cc0
dosen_source.csv:32,5e7eaae3-eb11-477f-9091-f79fa256d619
dosen_source.csv:32,b0addd93-9019-4dc6-bfeb-38914e926a5a
dosen_source.csv:32,372bca5c-9495-4d6a-9c1e-4b43911295e3
dosen_source.csv:32,ccd114d4-04d0-45ad-b7ab-c2b1bb920182
dosen_source.csv:32,73962d2c-f6e2-449e-a9b5-cd5baa91b926
dosen_source.csv:32,30121152-72a6-407e-a410-c42974b9702d
dosen_source.csv:32,729224a0-0d83-47b6-bb1d-c119b5d2bea8
dosen_source.csv:32,fbaec499-c3ad-4522-ba57-327a179716ba
dosen_source.csv:32,00d69f22-65a5-45e0-b23e-54c56c0e3e79
dosen_source.csv:32,e3f5d71b-5d23-4400-aac9-c6bdc9f0ca7f
dosen_source.csv:32,851aa713-f292-412f-8736-46e08b12742f
dosen_source.csv:32,9878ef1c-0f5a-4e6e-bda6-67cbef8c1282
dosen_source.csv:32,da8de9f8-0b35-46f1-bd13-f198b5abf15a
dosen_source.csv:32,30e2115b-8a96-408d-8fc7-a25114667e12
dosen_source.csv:32,68b46359-6c8f-4d5a-af1d-415ea4974d1f
dosen_source.csv:32,9b44be7b-6eb0-4d22-89c5-514df1328deb
dosen_source.csv:32,face2c28-b510-49af-9371-cbf817239622
dosen_source.csv:32,ea8bfed4-2048-4284-842b-d7a6b6310d78
dosen_source.csv:32,617a1bfd-7cc2-40e2-926f-ebdcfdfcb6c7
dosen_source.csv:32,adec5bf9-385b-450b-8a3b-888d506b17f4
dosen_source.csv:32,ee0edba3-8949-46da-b6ee-1a2f467fba68
dosen_source.csv:32,539b6a1b-fa95-4934-8bb7-068e6cd5490e
dosen_source.csv:32,22cb011a-f63f-45fb-974c-fdbf0be03a58
dosen_source.csv:32,f924e144-3bc5-4fe3-b85f-68d34cc2fc7f
dosen_source.csv:32,65bacb91-83ab-4743-af0d-2adc54ff6f95
dosen_source.csv:32,800bb2f7-aac7-4121-984a-aa86c05535ba
dosen_source.csv:32,da18b47d-9dac-4a5e-a057-1a79a406dfc0
dosen_source.csv:32,acb576df-bfe7-411a-a109-6abaee93c2cf
dosen_source.csv:32,79e6a85f-5b81-4046-b1ac-eaa983e5b565
dosen_source.csv:32,676f76e1-4f1e-4ec6-8012-2c8264d40bca
dosen_source.csv:32,418f0125-4634-40b6-a30a-0e68dbd8eb07
dosen_source.csv:32,2dd171ec-2580-4835-8ba5-efbc789dcc98
dosen_source.csv:32,92488ca5-ffee-48e9-9bc7-72fec3cba362
dosen_source.csv:32,626f38fe-b8cb-466e-8a82-5ef3213bac21
dosen_source.csv:32,7d993e35-e5c7-4c6a-b187-2db88c7f626c
dosen_source.csv:32,5d4e8ee5-7f81-4c6b-858b-05f09c69a8d7
dosen_source.csv:32,12c6ef15-6825-483e-8520-87538931fa4d
dosen_source.csv:32,549bf3e5-5bcf-4ff0-b092-6edfd0c0d36b
dosen_source.csv:32,b62058fe-3cf0-44a8-bd1b-1e4cc08be402
dosen_source.csv:32,eb7db63b-0683-4373-a1b7-cacd04b039ae
dosen_source.csv:32,70f66177-e1af-42d5-84f4-14625cdb2af5
dosen_source.csv:32,ee589045-3c1a-427d-bfd5-516fd1723605
dosen_source.csv:32,2224cbe0-236c-4dac-b120-ebf8c6636ab8
dosen_source.csv:32,9425de73-f417-4f62-b2d2-a4df515f6bd3
dosen_source.csv:32,32e746a5-93ac-4ea2-9457-ce8ef379f8a3
dosen_source.csv:32,af4c0a52-4004-4c91-935b-5ebd1970cf71
dosen_source.csv:32,ae82087c-a06a-4d00-9692-74f36c0bcfaf
dosen_source.csv:32,8c5b23da-eaac-4c9d-b2ad-666bd8b0d1a8
dosen_source.csv:32,0c08691f-8ea5-470a-8465-ade60e959d60
dosen_source.csv:32,18984998-74d4-4686-ac8e-a11a21ebfcd1
dosen_source.csv:32,423282d2-5f2c-4929-b734-aadbd26814ed
dosen_source.csv:32,d068c844-51ae-4cfa-a89c-876705113635
dosen_source.csv:32,9421e8d7-5989-4bfd-b3d8-79d42afb1301
dosen_source.csv:32,bfde94b2-e90b-46a5-b6e5-a5a782e4b5f5
dosen_source.csv:32,9aab60ae-0895-41cd-9598-7c9423b59612
dosen_source.csv:32,4e09976d-77cd-4a9f-8918-e3040c75b0aa
dosen_source.csv:32,278171a7-b227-43b5-bff4-c333b7af4a73
dosen_source.csv:32,e6597182-704e-45a0-985f-cc2cc87d7d3d
dosen_source.csv:32,507932fd-22d4-4803-a294-ce7b1de8efd4
dosen_source.csv:32,bf1b5965-6e00-48bd-8074-fba909488967
dosen_source.csv:32,f5cdfc4e-8eca-4cd6-9b33-e5ae3ed1f4ad
dosen_source.csv:32,4bb206fe-6d77-4748-ba0a-c5da5e5b5d77
dosen_source.csv:32,ed7d508c-95de-4bb5-ade2-5952a79f1816
dosen_source.csv:32,b377dc7d-ac42-4dec-9f6b-18b745f8d1b0
dosen_source.csv:32,17e461e0-4804-4cb1-8d45-3d42471c8977
dosen_source.csv:32,540509b8-6126-400d-a269-44678b6bfc85
dosen_source.csv:32,790f4356-9010-47d4-ab9e-597c9e0d433e
dosen_source.csv:32,5eb2f9be-5f65-4680-84b3-216cff2cdb9f
dosen_source.csv:32,4e030a4f-ad60-477a-a7f2-52763e211492
dosen_source.csv:32,e3115591-ffd6-4d91-9ed7-c03b5380369e
dosen_source.csv:32,8802286b-d4ad-4a0e-a0e3-09fae51fddd5
dosen_source.csv:32,13d0654a-f354-4ea4-b9f7-1c1c3cfa568d
dosen_source.csv:32,277fbc6c-1bbd-47db-8654-9089cb617235
dosen_source.csv:32,b4332c96-5a1e-4f5f-87be-249ed80cee98
dosen_source.csv:32,aeac775b-a429-472f-ba88-cddb4e9ba2cf
dosen_source.csv:32,fc5c37fe-3938-40c6-957e-da3472f949a1
dosen_source.csv:32,cbdbbbb7-a9a0-4ac4-a35b-fd00c093dc25
dosen_source.csv:32,0f33aaae-8c6d-4c66-af97-26230814c678
dosen_source.csv:33,2149af9a-bfd5-4464-b299-5381a5855877
dosen_source.csv:34,223fb9fa-e048-4117-8d55-c81d4427074f
dosen_source.csv:34,964de4a3-1fc7-40ab-a7a7-41ce503d8b0d
dosen_source.csv:34,5f5d0d27-4c2e-4f27-91cc-29c32209219c
dosen_source.csv:34,d472493e-c636-4650-87c7-3d478574b3f8
dosen_source.csv:34,4855a6eb-a7f4-48c3-a17f-5fe3e51946c0
dosen_source.csv:34,1324e69d-121d-4d15-9dc7-f246c670b6d5
dosen_source.csv:34,1aff4a2e-a957-4de5-9bcc-6872f1ab4c33
dosen_source.csv:34,ab4dfba8-9d1b-4d7f-9986-66f38500250e
dosen_source.csv:34,a75b608d-58e2-4b12-a72f-d846eb132059
dosen_source.csv:34,a03f3e8c-22e2-484f-a2ac-3596474d12a8
dosen_source.csv:34,1b5cadbf-34f0-4478-b17a-9aff75316ee2
dosen_source.csv:34,d3138bae-f29a-4dc8-88d7-5ce020677cfd
dosen_source.csv:34,b8a996f5-b352-4848-aefc-b146722958d4
dosen_source.csv:34,4b590f29-c7e0-4458-ac73-79ca89ab77ba
dosen_source.csv:34,4169d2f2-eafb-414f-8c68-7f5662739bbb
dosen_source.csv:34,c035b522-47ae-4e3b-9023-022ee1cac9cc
dosen_source.csv:34,aeb198ee-1adc-4db8-bd62-d5cc510d5ace
dosen_source.csv:34,4dc2f828-fc8a-4071-a4cf-476807e81fcc
dosen_source.csv:34,4e38e807-c1e9-4cea-9993-644b4f97074c
dosen_source.csv:34,d40c5626-d6ab-4316-a864-622319d2b128
dosen_source.csv:34,7b106357-67ce-4ec3-bae5-b02281e17dff
dosen_source.csv:34,35ffc6b7-94b8-47c2-88ce-724c53df7e46
dosen_source.csv:34,8fedf2bf-3b79-4a17-a144-7266f4731e52
dosen_source.csv:34,f8312254-ecc3-4647-97b9-ebb84d17da3f
dosen_source.csv:34,985d6b23-a7e4-47b5-8a46-2287ea74c2c8
dosen_source.csv:34,35bbd8cb-81cc-46d7-825e-f6e26c0f004b
dosen_source.csv:34,4fe80a78-1072-4b52-a166-ca45b824ae99
dosen_source.csv:34,08cefbcb-f355-4fc1-a32b-813eb62be45f
dosen_source.csv:34,4082914a-2970-4411-a277-2ff8312df289
dosen_source.csv:34,a3ad93a4-c059-4c7e-b883-86e7a208d640
dosen_source.csv:34,4d87c94d-2611-4320-bf17-f7a6a901e04e
dosen_source.csv:34,1929e21e-336f-41d8-ac82-d407a77485c0
dosen_source.csv:34,d4b4f16c-a4df-41ec-b6c7-2611d0956848
dosen_source.csv:34,0bc0242d-e83c-4a26-a07e-513a5b6497ac
dosen_source.csv:34,b47706e8-cab3-4300-9597-763b6450f7ab
dosen_source.csv:34,ad8c9a3f-e440-4ee8-b8ff-b039a0a7a0ed
dosen_source.csv:34,3048987d-7ba8-4c28-9fcf-30fb70242ad4
dosen_source.csv:34,babd28f3-3df7-4a5a-94bb-599d716f71f6
dosen_source.csv:34,6f76fa96-0090-4a5c-8e78-a14b63c973c9
dosen_source.csv:34,a7de5597-4c3c-4a36-aa47-54d01607859e
dosen_source.csv:34,24b356bb-bbd8-4a74-9845-fc86f0ac9e03
dosen_source.csv:34,e93fd883-b6be-43cd-99c0-f204f707bf9e
dosen_source.csv:34,ce4a9e2d-c4df-424a-b8c6-0028773b3d41
dosen_source.csv:34,291e3501-c450-4697-b779-9580b8116eb2
dosen_source.csv:34,3ccb77ee-e0e4-4dd2-9c4a-398ac48e3fa3
dosen_source.csv:34,6871e3b6-fd4b-493e-8c5c-f2aeaafeeaa2
dosen_source.csv:34,05104511-f6cc-40ff-bf51-639125cb848b
dosen_source.csv:34,53a1daeb-e36f-4d4a-a401-2d3263d5e673
dosen_source.csv:34,b535bc8c-a4c9-4ad6-bb4b-ae242d4ecb1b
dosen_source.csv:34,d10c22fb-bb68-4393-9348-1b40a7a81d23
dosen_source.csv:34,729e89ef-1d8f-4cea-a6f3-daa3e2c837bd
dosen_source.csv:34,14b1c521-52f2-4181-bb32-738c7b8bcb89
dosen_source.csv:34,66384c7a-7f0a-40af-9320-2f42040be977
dosen_source.csv:34,3c94c206-2c37-4377-b6c9-782d40c62df0
dosen_source.csv:34,3e5bb3f0-5375-42f6-b703-f03b328e9fbc
dosen_source.csv:34,4dc31647-1ae5-4f87-b1ec-673862ff4c5c
dosen_source.csv:34,b7a4dd3d-3e98-41f7-a79c-019101562f12
dosen_source.csv:34,dd1e07e9-b052-4912-a994-4aa8b8fd9e89
dosen_source.csv:34,fc339dab-e721-4e94-b9e1-37dc0804b13b
dosen_source.csv:34,9cdc24fb-48dc-4164-9494-f55ac8360daf
dosen_source.csv:34,bce401f2-94eb-4e01-abe9-e2b8e3f15a0b
dosen_source.csv:34,dc400473-60dc-4810-b834-2da3534405d2
dosen_source.csv:34,1a65f6ff-a539-48d8-afed-2be50d953fa7
dosen_source.csv:34,59bfe4aa-9fd0-4d43-9a82-cee612a32dd8
dosen_source.csv:34,db568ee5-cf25-40ee-a586-9eb86a0b0ef4
dosen_source.csv:34,3767e7fd-ce96-41a7-90ce-c93c441daf7e
dosen_source.csv:34,fa97221e-500f-48ca-9827-c157c4893f74
dosen_source.csv:34,840cdc55-5755-4b11-8fa5-68caadf02155
dosen_source.csv:34,4cc6342c-25d5-4e8c-85e2-32c72873be2b
dosen_source.csv:34,973e3ebf-ef1e-4e0e-a10d-1eac4f5bcddf
dosen_source.csv:34,0fb8e89f-cddc-43af-933d-920b8957fdcf
dosen_source.csv:34,f8c12ddb-e4e5-4e78-b32a-d0ddf40e679f
dosen_source.csv:34,c59f8fd0-9a4d-4cea-b7ac-464e3bdc681b
dosen_source.csv:34,bb782f52-f2f1-4b37-ab5a-0f074a27ae33
dosen_source.csv:34,1a95e792-5884-40e8-a298-44a82fe77b40
dosen_source.csv:34,510eaba9-70c5-440a-8537-24ecf6e2c743
dosen_source.csv:34,f9e04509-c8ed-4dc5-a639-2976286a159a
dosen_source.csv:34,10f3977f-32f0-4668-86a6-11443e286d7c
dosen_source.csv:34,55c8c569-8143-4c2c-a59f-d31ba4e8b927
dosen_source.csv:34,f90d5dc4-8623-4b2a-b3c4-222c839b7cd9
dosen_source.csv:34,387acae1-6502-49c2-b38f-8616fcd31a0c
dosen_source.csv:34,b0363af8-a1a9-4fef-9224-b60884924ecb
dosen_source.csv:34,5450f8d6-d951-449f-ac80-ff9ba5fb9656
dosen_source.csv:34,8a449d25-c7b1-4b9d-9675-6bb3bf42c535
dosen_source.csv:34,9c3886f7-33b3-4cba-8e22-fe7c383e0763
dosen_source.csv:34,a0a5d29e-4fa4-43bd-bf1d-a3e5f18ce8e4
dosen_source.csv:34,1311bc95-7872-4bed-b64b-cf7779cec55e
dosen_source.csv:34,fc82147e-1c17-47d0-92c6-56d5e08fcefe
dosen_source.csv:34,e685b257-c68c-4dac-9e3b-ce458982957f
dosen_source.csv:34,8ffb70ea-22d4-4dcc-bfc8-c783e5cf85c6
dosen_source.csv:34,cb99d8c4-d756-43f1-9dc4-ff7e04101801
dosen_source.csv:34,39bf94bf-66b5-449e-97cb-34de7919ce24
dosen_source.csv:34,584be66a-f395-4223-bf9f-b1891953c4d4
dosen_source.csv:34,25f858cf-07ce-4cb6-9fef-b200a4b5bd0b
dosen_source.csv:34,d7e7f841-e85b-4541-b3bf-841e902ea4ad
dosen_source.csv:34,68318f79-3f56-48fe-b430-1098552c9c00
dosen_source.csv:34,c9ac22f2-90fa-40b3-be24-10c6fe20f212
dosen_source.csv:34,5c5efba5-d8ae-49b7-b06d-63ad5fe7934d
dosen_source.csv:34,05d5d241-af90-41cd-8330-b4874ab2426f
dosen_source.csv:34,bd8e2a05-39e4-4e3f-8e55-3b73ca5c9877
dosen_source.csv:34,07fa28da-e789-4381-a2d5-2178b1d840d6
dosen_source.csv:34,2e891ac0-e664-4b6d-8a75-b05241cdd978
dosen_source.csv:34,cc2b6363-2a64-4dbd-9d19-d32a633d2f09
dosen_source.csv:34,e449cb3d-fb2b-4a3b-9ae6-c7934a93106e
dosen_source.csv:34,2f068f31-b0fd-4a43-8116-4b1499f843bb
dosen_source.csv:34,c31d073e-0319-4185-a742-907c78425aba
dosen_source.csv:34,53d77be9-c66e-4032-8be6-1f6128d9a8eb
dosen_source.csv:34,df5e0cee-33f8-497b-99b6-927d71efa862
dosen_source.csv:34,8bdbab14-ecc6-4dec-8e39-fd05ab08907a
dosen_source.csv:34,2fb4c900-83c3-4482-99cb-ea5342a0d6a3
dosen_source.csv:34,13a67a7a-9b66-4f51-8b24-8bc9215e745b
dosen_source.csv:34,dbcdc70c-9222-4903-96e4-cb3cfef8b755
dosen_source.csv:34,227fea1e-7b1f-4460-b8ff-f0b5c09e7de9
dosen_source.csv:34,983fc71e-9e2b-4fc9-8911-c2e488b5136c
dosen_source.csv:34,032656f6-76c2-4eb0-9dee-8fe652580f26
dosen_source.csv:34,a60fa661-0b66-4a3b-83f8-24d1b2505c6f
dosen_source.csv:34,e1f793c5-7009-4692-bf71-7d916aadca32
dosen_source.csv:34,97d28515-e136-4336-801b-861a0ae24ddb
dosen_source.csv:34,4b656e74-6760-4dc5-8799-85bb84ca1435
dosen_source.csv:34,eebc9840-635a-4f5b-ba4a-6668b417a16b
dosen_source.csv:34,13ba044c-e3b9-4c45-8e29-07a87572c8d1
dosen_source.csv:34,6f64f9d3-1efc-4fbb-82b8-da7d835506e9
dosen_source.csv:34,3af08dc6-f919-46a4-9937-78e077b53e09
dosen_source.csv:34,522cb380-6e60-4e74-88c1-d60a80637a69
dosen_source.csv:34,28e3fadb-a9ee-4fca-b25e-f814e4da3671
dosen_source.csv:34,3f1835a7-446c-48b2-a9de-3fdfaa328412
dosen_source.csv:34,be0b86ef-c004-4cf7-963a-a51bb30350d5
dosen_source.csv:34,1c532948-17b9-4667-99b0-a8cc91d2f6db
dosen_source.csv:34,ac1c3ec1-3f14-4055-97b4-11f7bdf851ff
dosen_source.csv:34,235681e9-b91d-49f5-88f2-848ce7d26d91
dosen_source.csv:34,2b4abcdf-d401-4e45-994b-8d954c7fce8e
dosen_source.csv:34,7f6f6109-0602-4b55-95af-21c5d86737e8
dosen_source.csv:34,050b0add-78b6-4352-a047-1f59f6cd3bd9
dosen_source.csv:34,ef04e352-54a6-4e27-83fd-ad4daf5ec3f5
dosen_source.csv:34,97507ff4-6cce-4ae9-93fe-98fb5ba0edbf
dosen_source.csv:34,0572b9e2-6226-4aea-970d-8ad0303bd52c
dosen_source.csv:34,6945ba5b-4e84-4c73-94f6-7f9e7b4b3b65
dosen_source.csv:34,cc7fd78e-5490-4813-902d-40867b6bc205
dosen_source.csv:34,4b060146-0319-4fcf-8a26-9166321c8060
dosen_source.csv:34,0c29de71-ee59-4591-8f69-d59051a24c11
dosen_source.csv:34,e927574d-6eab-477e-a3ef-839fc5b835ce
dosen_source.csv:34,b075cc9c-d109-489f-a211-92161f893fea
dosen_source.csv:34,65b0b728-e231-4801-95c9-0ed59cf611ae
dosen_source.csv:34,0b572ee8-dbdf-44d0-a2dc-0988fc962daa
dosen_source.csv:34,3caa166e-5459-4e5d-b649-5f6930ead8f1
dosen_source.csv:34,42918fe7-3d9e-4c9c-8acb-d0ec42601224
dosen_source.csv:34,1c0640a5-0f83-41e4-85e8-4203378820ff
dosen_source.csv:34,9ce3fd96-e7de-469f-aac0-1facda6a094c
dosen_source.csv:34,1be5eec7-02c5-43f4-8e8e-490dbe7cb474
dosen_source.csv:34,6a827fa8-4132-4249-841a-4d18b0a92842
dosen_source.csv:34,08752c0a-0eb3-4447-a583-74ded1846caa
dosen_source.csv:34,bd066c98-2c02-40bb-863c-944cf08be3c1
dosen_source.csv:34,b97ce6cd-e859-4410-a144-3658c74820e9
dosen_source.csv:34,a06baa66-93e3-4a53-ba25-a00aa876a8a7
dosen_source.csv:34,cf4025f0-c34e-478b-acc0-9f02e93eee33
dosen_source.csv:34,a06742eb-545a-486e-af4c-723ef1750f27
dosen_source.csv:34,afcd10e9-947f-4b6f-a02d-9b0ef950ad6b
dosen_source.csv:34,22f15b3b-0aea-4ca4-bea2-b7022d9483c4
dosen_source.csv:34,324bfac5-cafe-4656-9e50-6a4be8e05a23
dosen_source.csv:34,d8558300-61dd-4cae-9c9f-c122a5efdc1a
dosen_source.csv:34,e85eab41-9bb8-493e-994d-2938b842434f
dosen_source.csv:34,34af7ef5-9ce9-450d-859e-cf30f88d97cd
dosen_source.csv:34,e77ca5f9-f13c-4920-a5c8-ba034be8943b
dosen_source.csv:34,1b8dfe45-be6c-4bb9-8afb-28ebf88fbd42
dosen_source.csv:34,e43b6338-6588-41fd-8444-ae2de01c9811
dosen_source.csv:34,61373fc8-92af-4967-a37a-26da1cca07b7
dosen_source.csv:34,13d4168f-86f9-481f-a82a-9089b34ffeef
dosen_source.csv:34,f1b031be-fa50-4d42-9305-ca41509f6b5b
dosen_source.csv:34,901d1d65-fa50-4b57-b5c8-16635693d58b
dosen_source.csv:34,da475fb5-3527-4f4f-921e-ea2418401715
dosen_source.csv:34,ff0e4971-d7b4-4e4a-8150-f2020f6a05e6
dosen_source.csv:34,37d64024-5a52-4bdd-a6b3-c397a250a58b
dosen_source.csv:34,660f1fdb-ad87-4a4b-8e4e-d9cbb224874b
dosen_source.csv:34,2233c027-61f9-4eed-a38c-aee2af2a3356
dosen_source.csv:34,7f764e58-2ef7-4aef-8457-9bfef705c522
dosen_source.csv:34,22844129-5987-4052-a486-1987be198b07
dosen_source.csv:34,c03e7bed-4803-4652-bf70-b2ca44b4f125
dosen_source.csv:34,5942cc1e-cbc7-4f19-89c2-14158c8e45ad
dosen_source.csv:34,23f23025-f171-493b-84ff-e790eaa5fef6
dosen_source.csv:34,2194a4de-6744-4325-acf0-fd6554ad0f38
dosen_source.csv:34,bbb592cc-3a23-4847-8b1e-7e9923bd0a04
dosen_source.csv:34,c69d02c4-d289-452f-b91e-197993afac39
dosen_source.csv:34,364fa526-3154-4c03-89be-837ade0401a7
dosen_source.csv:34,b5046ed8-1974-4fa0-9bcf-fe1ecdc8f110
dosen_source.csv:34,1f21acae-c184-4127-97ba-61423864af68
dosen_source.csv:34,c15d2d87-81ce-4b2d-8a09-b3262dd0d201
dosen_source.csv:34,2e97e625-1be3-4c64-863b-521fea8f545c
dosen_source.csv:34,9b01fcb0-7a14-4f7e-b193-6f7e31dfa8a7
dosen_source.csv:34,b571ddd0-8669-44e5-b137-32b67a5aec08
dosen_source.csv:34,fcd5159b-a751-479f-9c13-af437c461f7c
dosen_source.csv:34,0c0f3ad2-f962-41cf-abad-4791dcfdb629
dosen_source.csv:34,5885fac1-4439-4a4f-9b71-ed070afb05ba
dosen_source.csv:34,a127a963-39df-4150-b9ea-4c20c5e67127
dosen_source.csv:34,b79d3884-44df-4f41-87db-315668ed0133
dosen_source.csv:34,6adab3f1-819e-4613-b3aa-582bad1bdae8
dosen_source.csv:34,c4e572ce-8476-410c-a913-b8e9c3cd882c
dosen_source.csv:34,c6c7846a-d7b6-4ade-b7c3-b0754efdafce
dosen_source.csv:34,c227486a-3d02-478a-adb7-7f30aa157344
dosen_source.csv:34,c4d19d98-b3c6-47d8-895a-7d70fa5285b8
dosen_source.csv:34,e11c41d6-74bc-4ba3-ab87-34e60263106a
dosen_source.csv:34,4ea9adab-f2f9-443b-8d70-10098641a890
dosen_source.csv:34,f5071cef-6aa5-4f34-a781-4aa4920ae8e5
dosen_source.csv:34,a6d76eff-e0ca-434e-a8d6-24b52e994deb
dosen_source.csv:34,55aef0f2-69df-447a-8fd7-4c5bc6d85d74
dosen_source.csv:34,b8cee2a1-f5b8-42f6-a3f0-0cdc9748d168
dosen_source.csv:34,e9a720bd-02f4-433e-9cde-104dd394e741
dosen_source.csv:34,351135a9-65b7-4852-972f-9dfce975c1dc
dosen_source.csv:34,27538022-fd21-4fa4-bdbb-f32204a75d65
dosen_source.csv:34,b0562920-cfc5-4b7f-8ea9-1f8bfd6c0983
dosen_source.csv:34,5165ef8f-d2c6-41b6-9636-bb341fbf90ea
dosen_source.csv:34,9b70040d-458b-4373-922c-3257ecc62d21
dosen_source.csv:34,7b222d00-edf3-452a-8ed4-d0758cebd88d
dosen_source.csv:34,704f23dc-ed78-4fce-9e51-9254c2f10216
dosen_source.csv:34,87a8344a-1bde-4b3f-a6e0-a6073c46eddd
dosen_source.csv:34,af20688c-39ac-44fa-86de-5868a3dd3f62
dosen_source.csv:34,5fa68cad-97fa-4797-ab46-d144c7e594da
dosen_source.csv:34,a64683e3-26fe-4067-a53f-035d697eed9a
dosen_source.csv:34,4a1c5bcf-0c65-4e54-8e8b-6c661354a322
dosen_source.csv:34,8bbe3adf-6bda-4c7d-97ae-25865a8ff182
dosen_source.csv:34,c469b1a8-0eb2-43f4-9d25-84abeb396659
dosen_source.csv:34,3f2f1d78-d38f-4af0-9ab3-99408704578e
dosen_source.csv:34,9d72d125-0f49-48f9-b9e1-f4d6307ca351
dosen_source.csv:34,0e258ab8-a162-41ef-a7c8-15559137e477
dosen_source.csv:34,22eefe9d-d0dc-4777-8810-8b9c676b4087
dosen_source.csv:34,8e247672-fb05-4df2-91c7-121584de4fd3
dosen_source.csv:34,e937f258-a326-45ec-b3d0-5b5643f1e11d
dosen_source.csv:34,d7dffeaa-03ba-4f08-a4f7-162f43ec75a3
dosen_source.csv:34,d95b332f-dfea-44a2-aef9-2c0970c1a8ae
dosen_source.csv:34,ed49123c-1f9d-46c5-82fd-fcd59152e8a9
dosen_source.csv:34,abde0d0b-fa4e-4d29-8f87-ac2b68a361ea
dosen_source.csv:34,32b3238d-cf5e-4d13-87c9-3370ab44fe11
dosen_source.csv:34,825a3d5b-7bd9-4e5d-9be3-2650bef2150e
dosen_source.csv:34,2001be46-70cd-4c08-97ea-2f1b03ae07a4
dosen_source.csv:34,e6e7fa45-1d93-45c9-a8c2-b2107e6802a2
dosen_source.csv:34,8df2964b-f0b8-4af5-abdf-c44e0f7f13bb
dosen_source.csv:34,12087570-579b-427c-a100-0b9dab18649a
dosen_source.csv:34,809204a4-e7b1-4115-b067-06c29b79326c
dosen_source.csv:34,7e30c9fb-0492-4063-a586-c5e0bb379b09
dosen_source.csv:34,790f4356-9010-47d4-ab9e-597c9e0d433e
dosen_source.csv:34,3909ad5b-b511-4231-b8f9-36d6b87bff81
dosen_source.csv:34,3d329c9e-bdb6-4c0e-a170-b2f42bce3cf4
dosen_source.csv:34,7e30966c-fdda-4ab3-84a6-fd0e7bbbba3c
dosen_source.csv:34,d89c665b-bd87-4609-bd4c-46d5f6cd9be9
dosen_source.csv:34,d910c3e4-2f3c-41ce-8a4a-4b005a7d24bd
dosen_source.csv:34,a7809935-6d93-489b-850e-9bd201a6346b
dosen_source.csv:34,45de43eb-4c3d-463d-b09c-586417563db2
dosen_source.csv:34,30fe05ca-9987-4973-90b1-8de2895640f1
dosen_source.csv:34,aeac775b-a429-472f-ba88-cddb4e9ba2cf
dosen_source.csv:34,6253808c-6fd5-4a5d-970f-c5c6cdc71fcc
dosen_source.csv:34,5857458d-b291-4d92-a322-9e6f46cbd4b5
dosen_source.csv:34,f41f646b-1425-4c1f-946b-40513639cc63
dosen_source.csv:34,5e353105-66c8-43ff-bbdc-ff5c31306f79
dosen_source.csv:34,3ca096fe-2bf6-47bb-ae77-4dc17a938f8f
dosen_source.csv:34,3480b1a3-8971-4e2b-adf4-88854298e69c
dosen_source.csv:34,5aee3111-beca-4055-9efd-377ef344cd55
dosen_source.csv:34,15e2a015-3af8-42b7-8d35-0200b3833101
dosen_source.csv:35,57358142-f963-450f-80ca-0d0d314eb976
dosen_source.csv:35,1acf7a44-1756-4cf9-b107-31a7c1dcdb6d
dosen_source.csv:35,f24d1dfb-9568-4bf1-92eb-ff502270d15a
dosen_source.csv:35,ecb786a1-e56f-4758-8272-1c0124ecaf83
dosen_source.csv:35,72ac9165-9081-4cc4-9d5c-54c8646aba0d
dosen_source.csv:35,67ac05e6-f713-4456-81f3-6bf3b6e4178c
dosen_source.csv:36,6d380fb4-9f8c-4239-85e8-ca4780c6714d
dosen_source.csv:36,c077c4b0-7f1e-4541-8988-eb0eddbead8a
dosen_source.csv:36,2469e7f1-618d-4c10-93cf-0ecff380192a
dosen_source.csv:36,e2e60ef0-168f-4dd1-a3a3-12d85f153e31
dosen_source.csv:36,e9938508-bb47-465c-b77f-0438568810bc
dosen_source.csv:36,a9693f4f-1ebb-42a6-91f8-acccce51f998
dosen_source.csv:36,501a32ee-f055-4c46-b7be-44b62958e4ca
dosen_source.csv:36,47070c79-df0c-44fa-861b-a31a08615b19
dosen_source.csv:36,398cd90a-fa1e-4cc6-95ee-62576b332261
dosen_source.csv:36,cdebf732-b221-4f80-8c0a-1827ed988e8e
dosen_source.csv:36,12a59425-8f13-4cdf-a4a3-75ae8cf3f286
dosen_source.csv:36,bee5d48e-5246-42b8-b10c-61c87e7bf299
dosen_source.csv:36,d40639a4-ca76-43e1-917b-426e7a19f741
dosen_source.csv:36,fe47de60-a47d-449f-9803-851c36e35435
dosen_source.csv:36,043d53a6-1c23-455d-864b-5a607a0d4d02
dosen_source.csv:36,637a9c2e-d871-4a9d-80f2-96235f9a2ecc
dosen_source.csv:36,3642d5fe-a83e-44b9-8284-9f197405e7dc
dosen_source.csv:36,f4621a43-9ea7-4058-8bf2-e97c5ad3fa00
dosen_source.csv:36,659d0a4e-2eef-4744-80a8-a8626c4cb8db
dosen_source.csv:36,fd04b71d-cda5-4249-9c5f-34565dea74c9
dosen_source.csv:36,ccb20466-23c7-4745-846a-7376c42578d1
dosen_source.csv:36,8743c7ea-df60-487f-aa06-202ec012c882
dosen_source.csv:36,2d873a76-d75f-40e2-9b75-d7eca996e4b3
dosen_source.csv:36,3bd5ea6a-57c9-47e5-b5c5-4dbb86303c1d
dosen_source.csv:36,f0f3228d-c85a-4ca6-b7b8-c6326fbb9c5d
dosen_source.csv:36,aea44454-1bc0-4055-bd22-330a8fbec470
dosen_source.csv:36,47dee67b-56d7-40d7-afb7-f5e57c35bf54
dosen_source.csv:36,d81e9dcb-7502-4cc2-b652-b6ae2e0ecd8f
dosen_source.csv:36,d8a57a07-f61e-4c46-8fd5-556de0b648c1
dosen_source.csv:36,61851090-6dab-4096-815b-d1c4769406f9
dosen_source.csv:36,711940e2-daec-4628-bfac-fb4dbd386a84
dosen_source.csv:36,04c34d63-f5a0-4f34-92bd-c85c9996e1af
dosen_source.csv:36,52d38266-2c42-401c-8deb-2513059d93af
dosen_source.csv:36,37c43ae8-c3eb-45da-a107-3a1b5bf35c4c
dosen_source.csv:36,4204b240-444c-4885-8a61-9494c198d769
dosen_source.csv:36,c2f1d887-6afe-46ea-a5cf-7f6133153eea
dosen_source.csv:36,626967d7-81db-4ee5-8115-cab6fb3e281a
dosen_source.csv:36,b16bb2b2-f92d-41b9-b45b-17653bfa4be8
dosen_source.csv:36,b5073675-b2d3-4f6b-ae54-e193f2a06863
dosen_source.csv:36,48225577-36d2-41a4-9e7b-ed67e1feec7c
dosen_source.csv:36,b101e117-dcf9-4342-a80c-72ed52acbee5
dosen_source.csv:36,6a942ad5-cdac-47c0-906d-f54909c1764f
dosen_source.csv:36,f8b5b9ec-e0d8-4795-9a41-08020b292b26
dosen_source.csv:36,a8b406d7-37cb-4583-819e-4d0f5fcbf872
dosen_source.csv:36,72c2fd36-30ad-4eff-b31b-9ad9b9308e72
dosen_source.csv:36,7a145ab1-6ce8-42fb-9f60-6d71fd0ddf28
dosen_source.csv:36,1ba52031-80e1-409a-84d0-b652c4956ff6
dosen_source.csv:36,f3d3ade3-dda4-4926-85cf-6fb55505d256
dosen_source.csv:36,f8528629-a562-42fa-8034-419b0ca6e2f8
dosen_source.csv:36,0f9cd010-f5ff-435a-8f93-8dbf2cb03960
dosen_source.csv:36,7759e6c5-0262-4d47-8b32-a1cc09af18b1
dosen_source.csv:36,695ca3db-dd2a-40af-afd9-f849c2526a35
dosen_source.csv:36,009cd23f-1526-45f4-a2cd-276237a22fb0
dosen_source.csv:36,d667303e-2b24-45b0-bf57-554c04cd5831
dosen_source.csv:36,d76c61b8-adfc-4b55-94da-81a320751954
dosen_source.csv:36,4a73bca3-52f1-4064-8eb6-70fabb219cc2
dosen_source.csv:37,3456f1e7-4b99-41ea-8d0b-da69d60ebf3a
dosen_source.csv:37,233a26dd-0e1f-49ea-be4d-f01438b7b648
dosen_source.csv:37,9986f8d8-822c-4300-8871-0f53f5a68c5e
dosen_source.csv:37,dd903de5-ff79-4ebe-bbd3-9ac4dc7ae21a
dosen_source.csv:37,b54deb5f-02a8-44f9-81bd-ff487c040d29
dosen_source.csv:37,9b833582-6a6b-43cc-bdcd-a3724d371908
dosen_source.csv:37,4e97e302-3358-4ffe-bea9-70b631c0a7ed
dosen_source.csv:37,df421f68-d9d7-4b06-9187-d4d22e94534e
dosen_source.csv:37,df01a6e4-ed5d-4c17-86ed-d22192348db9
dosen_source.csv:37,63478321-4856-47ca-b47c-cd9bc4cef08d
dosen_source.csv:37,595a5c56-0d21-40ae-84e3-371b81fdbdb4
dosen_source.csv:37,bc98c8f9-c03a-4151-9a63-9c1f880e8869
dosen_source.csv:37,a886592b-1dcd-42bd-a88d-bee2bd8fc52a
dosen_source.csv:37,482b101c-3e99-457d-bfc3-86f1ee550da5
dosen_source.csv:37,94578830-ad54-4106-92cb-25b930c146c5
dosen_source.csv:37,8b6ef314-c7e1-4206-8519-ab62eca7921e
dosen_source.csv:37,2c55f046-df46-4ebe-8c2b-cf7b04059652
dosen_source.csv:37,179f7bb9-5720-474a-b536-9b241930edef
dosen_source.csv:37,eb4d5203-9658-4ef1-a912-36e33bca6826
dosen_source.csv:37,d3d2e439-93d8-45b6-8867-9204a077ffc8
dosen_source.csv:37,6c8eebe8-c935-4acf-b36c-85b4f82e645f
dosen_source.csv:37,1351572c-2b22-4f94-837f-a6b6df764251
dosen_source.csv:37,54f5c872-b386-4d30-9964-1f4332391932
dosen_source.csv:37,48c08e62-9153-4f76-ad2a-1e31268d82b2
dosen_source.csv:37,20c74b65-d290-45f4-b221-0fa42a47be07
dosen_source.csv:37,64ecc60e-9b46-457f-b7b8-3a13cf6dd62e
dosen_source.csv:37,f81d3068-cdfb-4e45-a43f-64a01725a281
dosen_source.csv:37,1b72d9d4-df0d-489c-b623-10831429bc05
dosen_source.csv:37,ab2bf9b4-08fc-40c4-acf5-f86f6c7e0c48
dosen_source.csv:37,b7f4f88d-87ee-42d7-b43a-c3a79fa41a37
dosen_source.csv:37,a9d3a4a1-fdbf-4083-9825-874f28ebede3
dosen_source.csv:37,2248f19e-b547-401c-8cce-095227de1e32
dosen_source.csv:37,166491d3-07f8-417f-b2c3-cf4d38e650ae
dosen_source.csv:37,5217f607-3420-403b-bbf2-9a133f195433
dosen_source.csv:37,638717db-8f87-4a60-91a4-29eaf11acfba
dosen_source.csv:37,a4e8f69c-1086-410f-a34d-bfa384dff031
dosen_source.csv:37,5b67d929-5618-4ef5-ba9d-d489348f5aa8
dosen_source.csv:37,7ff7b188-3122-4cd2-aea8-0c7299430fec
dosen_source.csv:37,d7e6a559-d453-4aa6-9a99-87bfad9e90a0
dosen_source.csv:37,28eaec6b-1411-4d3d-85a2-315c9b2381e9
dosen_source.csv:37,ffb60acb-dfda-4811-b6c1-7ee7dfb46218
dosen_source.csv:37,71cacb53-66e3-4f8c-8ba3-eb762d02712d
dosen_source.csv:37,046cab8d-0dca-4b52-a7a5-e685e19a09c5
dosen_source.csv:37,82d64fd2-01a6-44d2-829d-febd03a8902d
dosen_source.csv:37,eaaa013d-0b8b-4219-8253-951a5afc1740
dosen_source.csv:37,c9f3c16a-4271-4016-ae94-f58be6351e69
dosen_source.csv:37,c92b8aef-e95f-4c24-afb5-bbb589de20ee
dosen_source.csv:37,de50e0a8-0bae-4d38-b458-428e72981671
dosen_source.csv:37,d9dfd164-24ea-4e35-8cda-ea72b9bb5c70
dosen_source.csv:37,23c3a328-8a2e-4d83-b8d7-c2544521bb06
dosen_source.csv:37,5f59183b-fb24-4e96-bc72-5900eb80daf2
dosen_source.csv:37,884ca4bc-b448-41bd-8c9e-9681a6bf74df
dosen_source.csv:37,45fe04e7-cb28-48b4-867a-7a6c2ff2dc98
dosen_source.csv:37,644a46a5-9ae3-436b-9f8c-c3e0a5e32c24
dosen_source.csv:37,aebaadbc-2a87-4654-b2aa-ea10daedecf0
dosen_source.csv:37,51d92c48-455d-4b0b-a848-beee1b3c8520
dosen_source.csv:37,258770d4-ea81-4703-b7eb-7e1519b26864
dosen_source.csv:37,62787fe5-7c42-464b-a9aa-cca593dd5d3b
dosen_source.csv:37,5026a480-3026-4184-ad9f-1f68fea68c92
dosen_source.csv:37,665dbcf7-1d1e-4ded-888f-bdcc09bb5ee6
dosen_source.csv:37,ae920d4c-a5a3-493e-a5f2-8cfc87641cd7
dosen_source.csv:37,63d56dab-9b4e-4c9d-9d9e-32c448cd65b1
dosen_source.csv:37,85f99118-7506-445b-9263-446eb4e8fd4b
dosen_source.csv:37,594353d5-de63-4d26-bbac-2294729014ae
dosen_source.csv:37,68575928-729f-4439-9238-1cd5d3794eed
dosen_source.csv:37,214c902f-acf0-429a-ad10-9c3ec708b65e
dosen_source.csv:37,46d9598b-ecbf-440d-9264-5d3688b5b93f
dosen_source.csv:37,2511380c-6e79-4d94-a6ee-61bacc72d432
dosen_source.csv:37,03fc4e72-e8bf-4096-a8b2-f721b4e676ca
dosen_source.csv:37,82bcd8d6-3909-4ece-9bb9-099567400c52
dosen_source.csv:37,d742035d-a3f7-4f4f-9162-a7581a0df7a2
dosen_source.csv:37,94e5889f-3b58-4448-ac5e-2eff3dfa122f
dosen_source.csv:37,b1329bbb-920c-4f40-9fb5-804c33979081
dosen_source.csv:37,462cff45-2d4b-4b0f-8103-e00837cdf8ba
dosen_source.csv:37,acaae14e-26a2-46ab-b82b-b53ba6eb9aba
dosen_source.csv:37,1707f97f-7fa2-48f6-b3b2-4b6d39478af8
dosen_source.csv:37,90890a94-9e6c-4410-a9a4-e62cf24431fe
dosen_source.csv:37,9d4bd1f3-db6d-4449-9ad6-aae9468dd5ba
dosen_source.csv:37,de071c57-1df9-4f89-a509-2e86fe70c3b3
dosen_source.csv:37,0ab43374-d8a2-47e2-a06d-3aa7e6a96aa5
dosen_source.csv:37,f998e001-4eb3-4346-87a4-063cebef4bdb
dosen_source.csv:37,f7a62126-fc8a-408e-9d0a-06c20463d29a
dosen_source.csv:37,6025f053-0b25-4263-9129-10f31bf7d96a
dosen_source.csv:37,9671269a-7c5d-454c-81a7-ae043f1e7fbb
dosen_source.csv:37,1a1fe593-5501-4a7f-aa91-ae0caf88a0db
dosen_source.csv:37,9bac6d2d-0e54-41d0-8d68-6397dc611d7d
dosen_source.csv:37,1834807c-3b38-49b3-8c0c-9f0a27ad86d0
dosen_source.csv:37,92f0aa16-d207-44aa-b5ff-fba2c6d2c7c6
dosen_source.csv:37,82f85ee2-2c99-46df-bd14-cf5aed6c43a6
dosen_source.csv:37,67a9ab88-845d-4667-9018-b3b17496c1a6
dosen_source.csv:37,37ac8211-2efa-44f6-8781-4f6be01e1717
dosen_source.csv:37,0321a0d5-f35d-46e6-b835-518bdc99f468
dosen_source.csv:37,c7a15b99-5803-4e1d-a067-add4fbb35f96
dosen_source.csv:37,6ceaa816-268b-474d-8b93-4746ff3ed9f4
dosen_source.csv:37,96c536ca-ff00-4ccd-9a0d-5d48a5b5a274
dosen_source.csv:37,5274ac8b-e21a-4cc2-9a6d-72133a404b22
dosen_source.csv:37,650ffba4-5f25-4814-bef2-cbe7e690b816
dosen_source.csv:37,1811dd64-995f-40a0-84ca-9f16a5d7b4fc
dosen_source.csv:37,fa9f0051-8e0c-42ff-a4c9-29edb1769315
dosen_source.csv:37,46d31732-d120-46cf-8042-5d7ffcdcf734
dosen_source.csv:37,d450fa44-cf80-435c-86d9-96429345b8d9
dosen_source.csv:37,ceb3dd6d-f8a6-4577-84c8-51df4622b480
dosen_source.csv:37,f9f1c436-89b8-48f8-ab04-d655fd48ceaa
dosen_source.csv:37,1e4f42b4-ea3e-45fa-ab72-ebd9b3e49239
dosen_source.csv:37,50de3547-5dd9-4122-be53-4d36fe5b5d54
dosen_source.csv:37,52c34986-8c80-4cb1-8347-d5bd37b1ea19
dosen_source.csv:37,ba29ffe5-1680-4066-b5f1-3f045856a00f
dosen_source.csv:37,872c3c09-bd4f-4659-b381-8c5ae8fede04
dosen_source.csv:37,ff918805-f83c-49ea-a971-40e6004e2a2f
dosen_source.csv:37,ffbfe6c7-7de0-44b4-9507-d05b39dd6083
dosen_source.csv:37,3733aba8-6e74-47c9-b8d7-6d1d4f7827c7
dosen_source.csv:37,ac75ad0b-2b91-40ca-9ebf-38356e29a734
dosen_source.csv:37,6473e8b4-a633-4bef-932e-79e4e3af3516
dosen_source.csv:37,bdbde0d7-bea6-482c-b969-71ac4af6414c
dosen_source.csv:37,d864a04f-5e1b-4783-ba1e-733361bf8c61
dosen_source.csv:37,87c115f9-9b40-4266-8161-05d04b4e9dcb
dosen_source.csv:37,c4dc67f1-e5a6-4573-ba3f-c63d8ad5074d
dosen_source.csv:37,1c3bcdac-d22d-43d2-a113-9d26bba5e567
dosen_source.csv:37,72a0ddd1-52dc-46a6-b9ff-84ab90899b1b
dosen_source.csv:37,fbb05322-7054-4306-a545-9a208ad87d74
dosen_source.csv:37,bd3af45c-f5c1-4c53-8110-5892dc184358
dosen_source.csv:37,e4ae4812-6a10-4378-b7c2-6415ff20b699
dosen_source.csv:37,d69b856f-c9a8-45f1-87be-139d8a633788
dosen_source.csv:37,d9802616-ec26-47bd-af2a-1cb80e261e48
dosen_source.csv:37,f2d0d3fe-dc71-487f-a810-82e5f786ac7a
dosen_source.csv:37,6d3ab4d4-af2e-4ee5-ba65-3b3da0512ec2
dosen_source.csv:37,2a972ccd-ee6b-4857-86f1-a2d4b91df1d9
dosen_source.csv:37,aabb9d6b-ed9f-4f92-947b-542563adb11a
dosen_source.csv:37,4ba050a3-2eb1-44dc-9a7e-6cc48664630d
dosen_source.csv:37,d856e7ca-98bd-41b8-89ac-30796815ac24
dosen_source.csv:37,7375248b-38bd-4bf1-95a9-4eb54b3ead84
dosen_source.csv:37,100a1e07-75d8-49ab-916a-828f12493637
dosen_source.csv:37,15fd6bcd-5864-45a5-9665-c661cb453a16
dosen_source.csv:37,30617e2b-e818-443b-b6b3-7baa5e8b09e3
dosen_source.csv:37,2b51d571-4e87-40df-8c92-68ddbcd4b3ac
dosen_source.csv:37,d23af91f-7e5f-4e1b-af1d-2d81656d93b9
dosen_source.csv:37,f923cb5f-ec0e-4309-8a7d-603841f75ed1
dosen_source.csv:37,455b3c11-80bb-40c6-b312-37797198be90
dosen_source.csv:37,c45365f0-6bf5-4e3a-8a01-84866b1d069d
dosen_source.csv:37,af632bdb-3b27-468c-a9e9-df071f278aa9
dosen_source.csv:37,fbfbb10c-8a76-4ebf-a5b0-181cd04dbaf9
dosen_source.csv:37,6f0d018d-89f4-4976-8ba0-287413c12e04
dosen_source.csv:37,65222661-05be-43f4-b2ed-586f29a2fd32
dosen_source.csv:37,0a947231-c57c-475e-92f7-0604796226be
dosen_source.csv:37,e3f5d71b-5d23-4400-aac9-c6bdc9f0ca7f
dosen_source.csv:37,9e66e239-a563-4f4e-b5ee-751ee89f702c
dosen_source.csv:37,dbeb23bf-3f4f-4ff7-8ea7-8d11b397e3d7
dosen_source.csv:37,f3dca7d4-797a-4a3b-98e8-20455b2f2f1a
dosen_source.csv:37,014aa681-d920-4ee8-a1ef-34b8d0d6391c
dosen_source.csv:37,97d9467e-83d2-4e51-a242-a846ea2cd935
dosen_source.csv:37,37259263-c90a-4eb1-8ff4-8051831d5f4d
dosen_source.csv:37,8030ce8a-320b-4f4c-926d-86e31c8b52ea
dosen_source.csv:37,bfafb19e-0896-4dea-a814-8915807b5a34
dosen_source.csv:37,29907042-2693-40f5-8200-977302205336
dosen_source.csv:37,75be5cc1-af19-4ef5-ba9f-d645deb3a6c6
dosen_source.csv:37,aa07cc0f-0b88-46fd-ab32-7c2ef4436959
dosen_source.csv:37,ac4bf76b-cc27-4ab9-86dc-981e49d1c543
dosen_source.csv:37,b520944d-7fd3-4b38-ac28-11d7e3110c7e
dosen_source.csv:37,90dbd2d0-90e7-4a1a-81a4-1eca82b9d193
dosen_source.csv:37,17315d4a-38ea-4f07-8a7f-19551b88d208
dosen_source.csv:37,a0d860ed-7304-49f0-bedb-2fe0c4f46984
dosen_source.csv:37,eedf7695-8dca-4e8c-adbd-bf9569a4cd77
dosen_source.csv:37,db1e585d-d014-4cef-b3bc-27c09aefa7ca
dosen_source.csv:37,10762b2a-7f0a-4ac2-a54f-3b4fd7417a98
dosen_source.csv:37,35109612-ef7a-4593-b4fe-cf65303da928
dosen_source.csv:37,33a68293-6d1e-4bcf-ba53-7f8152e2e79b
dosen_source.csv:37,db96df48-5f91-4f36-8cf2-e658792d260f
dosen_source.csv:37,c29eda48-818d-4a16-8600-8936f3fc3597
dosen_source.csv:37,940ed7db-673b-426b-b6bc-52010fa4f316
dosen_source.csv:37,8f560a32-69ef-442c-ab9b-d258fb2ae9fc
dosen_source.csv:37,561f919d-79f2-4534-8d47-85e7276120b3
dosen_source.csv:37,46386a9e-c234-4f0f-8bf9-1cc5d6e2400d
dosen_source.csv:37,c2d1753b-45c4-423f-b72a-54586f8d0cb3
dosen_source.csv:37,814d2acd-0689-4e33-8e08-7889c5bdfc5b
dosen_source.csv:37,f58dfb62-6b93-4d5b-bd85-5f6717ec713a
dosen_source.csv:37,3dc7e9bc-df04-49f8-81c3-961cf352c6d9
dosen_source.csv:37,00565a66-ac0d-4c01-871c-bc4011e2b13d
dosen_source.csv:37,2c21b4b7-69d0-45b9-8014-3422379033f2
dosen_source.csv:37,d90fde72-3880-4612-bb12-2eee939cabfe
dosen_source.csv:37,4e32d6e6-59d0-4d04-b5f9-9027bd984dc8
dosen_source.csv:37,279148ae-49f3-4cef-8174-a97ec7a78497
dosen_source.csv:37,5666bc77-c1cb-4b32-999d-4b5034d1fad8
dosen_source.csv:37,d3c86d72-19f6-4eac-8a9b-a046885ea326
dosen_source.csv:37,956c79df-f335-4e67-94bd-f11150b66962
dosen_source.csv:37,b55a1ad1-bf43-45f1-9e6e-eeb2d7d171da
dosen_source.csv:37,26e3a09e-ba43-46ce-a3b2-83ceb6c5e6a9
dosen_source.csv:37,7cd1e99c-f297-4b2f-bade-e9ecfad59325
dosen_source.csv:37,662c2af8-cca0-46c8-8f83-295f0b942a27
dosen_source.csv:37,9114807f-6e02-427e-95f0-53d93bb90c02
dosen_source.csv:37,3367a276-d59b-4d37-b918-983223f20f60
dosen_source.csv:37,96192d57-86f8-4639-8da9-32e2166d09a8
dosen_source.csv:37,6969cceb-aeee-45be-bb75-72ab43a05c5c
dosen_source.csv:37,804eb748-79bd-49e0-a0ed-0f9c52b85513
dosen_source.csv:37,199f7e96-5ee4-4e59-b791-6bfa22f7bf14
dosen_source.csv:37,2e21a26a-30ae-4d88-a1bd-2ddcd15c42e9
dosen_source.csv:37,c3638ada-8184-4769-9c52-ab792f19fc7a
dosen_source.csv:37,0be6fc82-27e6-4e9e-898d-217afe09b3c0
dosen_source.csv:37,18bf9635-cc6a-4f99-831a-0ccca384ea23
dosen_source.csv:37,50e9ae5d-4c14-4194-b2c4-5bae6b27606c
dosen_source.csv:37,d3f5d2f4-3756-4676-a298-b371bf50fbc9
dosen_source.csv:37,34e562db-5820-49a6-903a-241bf8c9e4f1
dosen_source.csv:37,326bf5eb-8c67-49e0-9854-a631898bcbbc
dosen_source.csv:37,b76afde7-9b13-45c6-aeab-6cde63a058ed
dosen_source.csv:37,1967baf7-789b-4872-9285-e283a6c0c13e
dosen_source.csv:37,c36578a4-1b17-4623-94b5-092a5a038a13
dosen_source.csv:37,d593f681-ffd4-4c43-947e-63ad4479d279
dosen_source.csv:37,0271a3fa-6816-48c6-8010-d5f1448dc879
dosen_source.csv:37,f18c07ad-2538-4637-a62a-deffa42748a5
dosen_source.csv:37,17600dee-0925-4748-a360-5099a4d8dfe3
dosen_source.csv:37,85d53446-68e7-486e-9a27-d6128a70bff1
dosen_source.csv:37,a8a9f4c5-6bf7-4bcf-882e-95a433312544
dosen_source.csv:37,918b24e8-15a4-4bd6-b13e-5a4ff55916ee
dosen_source.csv:37,2e1a948d-a6db-4e00-9d26-b9cbf1d3ec5b
dosen_source.csv:37,f769a5eb-8659-490f-b09c-da3d6b1fa882
dosen_source.csv:37,64bb5b16-8e68-47b9-aa82-d39d4a0dc778
dosen_source.csv:37,4bb231e7-51c4-4f11-ba1c-284e7a62a689
dosen_source.csv:37,759d4120-a326-451c-bb4a-0d28fc2e64aa
dosen_source.csv:37,2bcd18b7-ec3e-4055-aa0f-fd8998958090
dosen_source.csv:38,0c386559-68a7-4e48-a206-ad22cdceea62
dosen_source.csv:38,7a172d05-0749-432d-ac46-494835224750
dosen_source.csv:38,c636a22c-9ca5-409a-b1e2-76b27491c8a4
dosen_source.csv:38,7ff686db-49f1-4b54-b2ea-98e70edfc311
dosen_source.csv:38,bd06bfcc-8b8e-4a53-9f1d-a488bca76e94
dosen_source.csv:38,272e5a61-e5d5-4c7f-ab4a-07b0e977d3b2
dosen_source.csv:38,cdebf732-b221-4f80-8c0a-1827ed988e8e
dosen_source.csv:38,0e3b45ef-653f-462c-98ca-0262cfcbc68a
dosen_source.csv:38,14b1e6e9-c67d-491c-9b40-0a5f409d3ccf
dosen_source.csv:38,01eb7ae1-fe92-4628-b4cf-726f3c81e5f1
dosen_source.csv:38,4a66d2ed-d829-43c7-8d7c-7f52e7ef7a7e
dosen_source.csv:38,05791423-081b-49d1-b240-267c7bf6d2ee
dosen_source.csv:38,6be45ca1-1e6a-4da5-a692-446d4f9f5da0
dosen_source.csv:38,586aa63e-ac81-4c99-8415-e7dae288cda9
dosen_source.csv:38,02c1a28c-8d5c-4df5-9b76-c0b88acbe087
dosen_source.csv:38,951e2b14-2f45-4fd6-87e3-4ff1a3243e50
dosen_source.csv:38,ec87fc6d-5f81-4de1-ace8-875b79e5eb9d
dosen_source.csv:38,5f70c5f4-e9e4-47e6-8925-df36ab8089f6
dosen_source.csv:38,54f217e0-87b3-44fd-8110-5b30f6ac4e52
dosen_source.csv:38,ff79b050-a88b-464d-8e50-bf1fefc4a8a7
dosen_source.csv:38,1327f4bd-b696-4210-a42a-b0a14df03e05
dosen_source.csv:38,493be61c-ae56-4f9d-b2ca-efad4acd88f3
dosen_source.csv:38,e4844bc2-f2b9-49ae-85de-fa2d2c686fe2
dosen_source.csv:38,5f651e63-2eb7-43aa-866f-ff49dc25a79a
dosen_source.csv:38,0330c86d-2b68-4b24-8173-7d000272641f
dosen_source.csv:38,d0ac4284-f153-4d76-8444-80f21f5ca41b
dosen_source.csv:38,04c34d63-f5a0-4f34-92bd-c85c9996e1af
dosen_source.csv:38,3c9d6af2-dc48-4a62-a7d1-1d2a57e4b145
dosen_source.csv:38,2ad45f01-fb50-4698-962f-b2d7559476ab
dosen_source.csv:38,97b0e444-67bb-4d48-8ba4-46e7834dfebc
dosen_source.csv:38,f471761d-dd81-46e3-b95c-80d0a4b1f52c
dosen_source.csv:38,a3d9153c-5d4a-4219-a1f9-d92cd25e169a
dosen_source.csv:38,b5b721b5-c7bf-420e-a62d-a43a603a8e5a
dosen_source.csv:38,93579975-80be-4cdc-85b7-a0584349f777
dosen_source.csv:38,778c7edc-f8b5-4f16-a7fd-8008471884dc
dosen_source.csv:38,e7bae9e6-354b-4802-81a2-f01de6e181be
dosen_source.csv:38,7e012db6-d7f1-4992-a717-0f847957b786
dosen_source.csv:38,b3f994d7-3f93-4e73-8afa-5f1d1baabcd4
dosen_source.csv:38,8f5a737c-b132-46af-8e0d-e051facf96c5
dosen_source.csv:38,1ba52031-80e1-409a-84d0-b652c4956ff6
dosen_source.csv:38,d4ac7326-de15-486e-a2ba-d505dc323952
dosen_source.csv:38,33052c9f-0374-4ede-a294-099ea21c1a96
dosen_source.csv:38,63cc230d-095d-4ce4-8595-2436bddf4ad4
dosen_source.csv:38,eee0b105-e38b-4fcc-aa23-4a92f83e17be
dosen_source.csv:38,aa37cfac-8904-4c9e-8229-eebb9049f761
dosen_source.csv:38,b6bb6673-9e40-437e-a1fd-3a7fd54f2786
dosen_source.csv:38,3478b510-9131-450d-9a40-7688d7ff8da6
dosen_source.csv:38,07a2b57a-fd26-4f8b-aede-66eef3f2a321
dosen_source.csv:39,821d15d1-d20f-423a-9c32-967a6b6bc53d
dosen_source.csv:39,79fa301e-8116-439c-9fe6-eb965a8ece52
dosen_source.csv:39,ee1aeead-4570-4e4b-a4c7-6611656ad6c7
dosen_source.csv:39,5026a480-3026-4184-ad9f-1f68fea68c92
dosen_source.csv:39,db13c0c9-f8ee-4aef-aad1-72e7e73b66a8
dosen_source.csv:39,53ded7eb-95a3-4c7e-be1d-06aed94e80e3
dosen_source.csv:39,12795358-76d2-4841-bf45-3283dfb32c50
dosen_source.csv:39,21345b57-d372-453a-87c6-8ca4d0eec110
dosen_source.csv:39,42fab6c9-718c-4647-bece-38bf946df5a7
dosen_source.csv:39,391b0943-7f9f-4584-a70d-841fa2674d72
dosen_source.csv:39,25887921-1e05-4f67-b5a2-cc54c493b00e
dosen_source.csv:39,d811d68e-791a-40ca-91da-01a5e0cb00d4
dosen_source.csv:39,344d21e1-1316-4d82-9c5a-5e97d84353d3
dosen_source.csv:39,ee197e52-3d47-4ea2-bc5a-8306882aab9c
dosen_source.csv:39,5753a339-ddc7-4814-a660-9915c08da18d
dosen_source.csv:39,a48189d1-b720-4e95-ac99-241737243296
dosen_source.csv:39,ccb20466-23c7-4745-846a-7376c42578d1
dosen_source.csv:39,31a9b82f-d420-44cb-bfc4-604496141845
dosen_source.csv:39,2d873a76-d75f-40e2-9b75-d7eca996e4b3
dosen_source.csv:39,bcc1141f-68d8-4f27-8d96-860aefdae943
dosen_source.csv:39,9f3dc5fa-6ab0-45a0-8849-3109c7f43810
dosen_source.csv:39,ee3f6ccb-c82d-4094-8179-b3a5630a43fc
dosen_source.csv:39,63e98a0e-61bc-4d34-af9d-cb695ce1bc07
dosen_source.csv:39,eba6e54d-33b1-403f-8a8b-88f9a1ff5d45
dosen_source.csv:39,e0abea10-3cd3-41f3-9703-a49835b10311
dosen_source.csv:39,ecaf7a5d-b903-490a-a1e9-48459bb13134
dosen_source.csv:39,51183516-b642-4eea-a3f2-2539e65d8322
dosen_source.csv:39,65473fc9-6cea-4b14-b1f4-03c18bee9757
dosen_source.csv:39,4b7b9133-692e-4781-ad42-458b288a16be
dosen_source.csv:39,ca352a15-a999-4a78-a648-f2454f53b230
dosen_source.csv:39,6e227f8f-b9b3-4fa6-a179-dc0942f21f50
dosen_source.csv:39,f13a4fc4-9c6d-460c-92a1-94c3d355a3df
dosen_source.csv:39,58f37879-b244-4781-8eff-b3a0c72184e0
dosen_source.csv:39,10762b2a-7f0a-4ac2-a54f-3b4fd7417a98
dosen_source.csv:39,4d2b81e8-8cb5-441a-8c06-ccb4ed9b6473
dosen_source.csv:39,7c99ace1-0469-401e-9a17-5202219452d1
dosen_source.csv:39,542aacf6-81af-4fe8-a0df-3b82d2f70a74
dosen_source.csv:39,6a942ad5-cdac-47c0-906d-f54909c1764f
dosen_source.csv:39,83cf748e-962d-46a6-afc3-ad53d230dae4
dosen_source.csv:39,bfe0a100-8e34-4a04-8c06-923e3b60ed48
dosen_source.csv:39,2ccb8baa-404c-40fd-b2c4-135405cf127b
dosen_source.csv:39,72c2fd36-30ad-4eff-b31b-9ad9b9308e72
dosen_source.csv:39,5666bc77-c1cb-4b32-999d-4b5034d1fad8
dosen_source.csv:39,3668cd5c-50e2-49ba-bb89-6cae4028252a
dosen_source.csv:39,8f5a737c-b132-46af-8e0d-e051facf96c5
dosen_source.csv:39,e98398d0-35e8-426a-b483-268fbd274ded
dosen_source.csv:39,c101c231-a2e4-4f52-96c6-8abed01baf1b
dosen_source.csv:39,74017578-727f-48f7-b1e7-a07c73ddd3c7
dosen_source.csv:39,c16dca02-768b-4034-b40e-f34c2231def5
dosen_source.csv:39,6cea8b0a-4a83-48f8-8c70-b0858d4068a8
dosen_source.csv:39,0fa9d1a2-b071-437b-9214-0271a6780f60
dosen_source.csv:39,b76afde7-9b13-45c6-aeab-6cde63a058ed
dosen_source.csv:39,f3d3ade3-dda4-4926-85cf-6fb55505d256
dosen_source.csv:39,3b3cd8bb-9731-457c-b35c-179514d8dd5e
dosen_source.csv:39,81b12c37-707b-4488-86f3-550d55ddb7fe
dosen_source.csv:39,3fe832c0-4b34-4293-b756-7ae07bba4ca1
dosen_source.csv:39,ab62ae42-357d-4355-b8b3-4517949bd237
dosen_source.csv:39,48d651a7-8b37-4229-a1c7-4e9a7ba13b10
dosen_source.csv:39,2e1a948d-a6db-4e00-9d26-b9cbf1d3ec5b
dosen_source.csv:39,a2ce60b5-9d60-49d9-a07f-56e7120b1e75
dosen_source.csv:39,43fea593-f73d-4d59-8665-854835d3fff4
dosen_source.csv:39,6ad9690a-aa80-4c13-a113-bbf5d27e20a4
dosen_source.csv:39,785a7024-be71-4971-82c5-933a464bff82
dosen_source.csv:39,e8b87ee4-136a-4504-a4d7-6024b1b5855b
dosen_source.csv:39,daa65833-3137-49e0-a29e-42891f70be56
dosen_source.csv:39,4dba540c-d3ca-4c75-8d0e-da8cf2527e91
dosen_source.csv:39,c8c4847d-9a03-43af-aaee-5284507c287b
dosen_source.csv:39,7fa81cb4-a578-4e85-87e5-ce5111a1ae70
dosen_source.csv:39,83c3dd54-5be2-449d-b591-e96cd929a09b
dosen_source.csv:39,04feae9e-4f58-40aa-b238-c03499c978a5
dosen_source.csv:39,51ab4a48-abb0-44c4-b732-fc0080845b06
dosen_source.csv:39,2fe30135-be46-492c-98eb-57a0edc7268e
dosen_source.csv:39,86510bd7-e619-4f4c-9132-83804b3001c1
dosen_source.csv:39,79bbe670-9b9c-48d2-93fe-cbdb0ba91350
dosen_source.csv:39,5470c8bd-3e25-46a4-95c0-974a91f5db18
dosen_source.csv:39,e65ef30c-a4ff-46d1-85e7-46f48d0ad84a
dosen_source.csv:39,1df3ea88-79d8-4ca9-9d49-187aa7feca8a
dosen_source.csv:39,dba5c54c-7cf3-4209-9f43-baade5fd837d
dosen_source.csv:39,4a7c1019-2a0b-4509-83d5-8f9f73ef938b
dosen_source.csv:39,4700918b-9bc7-4fdb-ab99-1f2979b1a806
dosen_source.csv:39,a17c470a-95c2-4a1f-83a1-1a703d18d025
dosen_source.csv:39,b8e5beef-2059-43f1-a82d-b21bd357c531
dosen_source.csv:39,a955f156-bb0b-4e74-bbe3-12ce46b376b3
dosen_source.csv:39,164567e7-9ad4-4510-b993-910d7945d825
dosen_source.csv:39,33c479cf-8eb0-4d77-a12b-8590309b9c10
dosen_source.csv:40,48a85035-ae86-46e5-8e40-534386955b3a
dosen_source.csv:40,05e14cea-fa36-40f3-ae76-e3f8c9933919
dosen_source.csv:40,d7bb8d38-574c-401c-bae2-cdd353c25eba
dosen_source.csv:40,b7b905a9-cf22-47be-aabc-837a16eb3c02
dosen_source.csv:40,8d621462-b511-4a3c-b916-f1442b0d20e5
dosen_source.csv:40,5611bdd3-9899-4d5e-a642-fa165b87b0d4
dosen_source.csv:40,75e9831d-9b05-44c3-aed2-469f84a9a5d1
dosen_source.csv:40,d5ff66ff-8b8b-4e44-9f05-0a3cdcb7e1a7
dosen_source.csv:40,53c3a348-522a-4c82-b405-fc11232f4c6e
dosen_source.csv:40,674a898f-8e49-4df8-a690-c2a421014131
dosen_source.csv:40,1929e21e-336f-41d8-ac82-d407a77485c0
dosen_source.csv:40,3541a402-95e8-4134-a2f7-d93a74442e04
dosen_source.csv:40,775ddee2-b0c7-42d1-8623-8f6fa1e9aad0
dosen_source.csv:40,5bb717b3-776f-4952-b91c-e33b0250ee10
dosen_source.csv:40,5075fc83-f7aa-4b69-b92e-2f5be7d5ece4
dosen_source.csv:40,11fcda9d-3e4d-4636-b1b3-ad406ac5dad4
dosen_source.csv:40,44720cd4-c146-4892-9f7d-30e065b1eac9
dosen_source.csv:40,ae95263e-bee5-43ab-9acb-8fcea56df725
dosen_source.csv:40,df12069b-4f6f-48a4-8760-abd6cbe0a96e
dosen_source.csv:40,761afe05-f505-44bc-a0ba-236aef167ff1
dosen_source.csv:40,1ce20da9-c8cd-41e3-9b31-3f772e116cb3
dosen_source.csv:40,90dd1937-de72-42c3-8ee9-dc111059c82d
dosen_source.csv:40,a278b63f-88aa-4bdc-9eef-e9b3dc47163a
dosen_source.csv:40,7ff686db-49f1-4b54-b2ea-98e70edfc311
dosen_source.csv:40,af09d4d3-665c-40d4-b916-1dd5759bc371
dosen_source.csv:40,4f60d662-a7ed-4782-9f29-1e252fb77fb3
dosen_source.csv:40,90b21d9c-8e1e-4dd6-bcd1-a7e5a8101512
dosen_source.csv:40,984c3935-a0c8-4ef3-98c3-3e45a886f76b
dosen_source.csv:40,58f18b8e-447a-4960-b8da-c412d32df172
dosen_source.csv:40,0fe7a1b4-a55b-4918-a552-1bb1c9878f7a
dosen_source.csv:40,8eb93e27-3748-4795-bbca-1a17b4ad1945
dosen_source.csv:40,0d932ef0-56f9-4b42-ae65-b28371a106d1
dosen_source.csv:40,32ad481e-473c-41ec-983d-79d21edb3380
dosen_source.csv:40,a0575471-0191-4e2b-a152-794cab268ba9
dosen_source.csv:40,bbf22874-cf7a-46c0-aa3f-9526f74bcc1a
dosen_source.csv:40,918feeb7-e63b-4e13-93e1-73422b4282dc
dosen_source.csv:40,83a06c66-7dc6-4793-b1b9-c8b3bca759f1
dosen_source.csv:40,6b00d511-3f6c-4b18-a571-ec36de961edf
dosen_source.csv:40,8d8ef8a9-f116-4e8f-ac81-b02102bcc9e6
dosen_source.csv:40,07312872-e8b0-48f4-8f8e-915034c50abf
dosen_source.csv:40,09b00e30-79d4-4a02-9a53-5e11404785df
dosen_source.csv:40,01eb7ae1-fe92-4628-b4cf-726f3c81e5f1
dosen_source.csv:40,c9a25485-dc61-4b0c-8e47-7f08ab08248f
dosen_source.csv:40,4c71d23b-503f-484f-9a45-72928ce3b777
dosen_source.csv:40,b49f5db5-7381-4ac5-85ad-3323e3cdefbe
dosen_source.csv:40,a55069ee-1285-457a-b4ba-3e1065b6ffb4
dosen_source.csv:40,c80699d1-ee3f-4974-a62d-0bd3a96a2377
dosen_source.csv:40,a30b8c38-bc33-4cea-9610-608c4bb82244
dosen_source.csv:40,a304da38-3a93-4db6-a63d-f92074a3866f
dosen_source.csv:40,b13cbce7-45d7-4109-9502-2654131e3c2a
dosen_source.csv:40,2fd2db2c-5867-4cb0-8d43-5003d7c30b7d
dosen_source.csv:40,09c4a316-8b98-4488-8eae-64b05aa8b39a
dosen_source.csv:40,4bd30c73-c547-430e-932f-502922939bfc
dosen_source.csv:40,ae4924b5-895a-4348-b447-8a327a79e509
dosen_source.csv:40,764890e5-e0f4-4acc-82cc-02dd2cef23d9
dosen_source.csv:40,19d7751e-86e1-40f6-810c-44e2295fda93
dosen_source.csv:40,61807741-9ce7-4bf8-a9ae-081b1be51690
dosen_source.csv:40,b638afed-2406-401a-88fb-3745f26c508c
dosen_source.csv:40,e6734b7e-41b2-478c-9bc7-c5273cc48eba
dosen_source.csv:40,d3a75e7e-8b99-4a8c-a3e9-62f6823e4fa5
dosen_source.csv:40,13168e32-98b4-4299-bced-c6ef0012ae51
dosen_source.csv:40,586aa63e-ac81-4c99-8415-e7dae288cda9
dosen_source.csv:40,196c6235-3f37-4789-8b03-1f66a8f00757
dosen_source.csv:40,ec0c1982-a4e6-407b-bff9-e70ef4f53f44
dosen_source.csv:40,74bea817-38a0-42a4-a755-ac8d16acc6a5
dosen_source.csv:40,b0c17f5e-5ac2-4e01-9a64-8e7e32462e0e
dosen_source.csv:40,a033754a-72f1-4990-b47e-9d0e7a541cd7
dosen_source.csv:40,e1470c19-967f-4e34-ab4c-5582387d6313
dosen_source.csv:40,38369dcc-5ef5-414c-9316-961d38ec34fe
dosen_source.csv:40,7fc43443-4df0-4ab1-b1c2-32fdecda1f5c
dosen_source.csv:40,90ff63ca-1098-43d8-bdef-cb2582269d30
dosen_source.csv:40,3631aa39-80f6-468a-a387-42faef48fa03
dosen_source.csv:40,3c0343b2-16a9-4e73-8250-9354b11988e6
dosen_source.csv:40,557c8da7-c693-4cad-90f1-a76610345f90
dosen_source.csv:40,6ceaa816-268b-474d-8b93-4746ff3ed9f4
dosen_source.csv:40,a6a504e9-c74f-4dde-ae0a-f45f32bee37f
dosen_source.csv:40,3d81b993-ad80-4714-a22c-094c3172c118
dosen_source.csv:40,1076fac6-4887-4608-b011-83fea64cbf98
dosen_source.csv:40,a8a23220-931d-4638-9822-b065b15f6e64
dosen_source.csv:40,8d66306a-a4e7-4af4-899b-feb3b001caa1
dosen_source.csv:40,33d54661-980a-4a2c-a308-b652c6b1f39a
dosen_source.csv:40,8304f360-c489-41d6-aaea-c6e80715a5d3
dosen_source.csv:40,95d7f670-6c3b-4df6-b442-8ca8df162e82
dosen_source.csv:40,f3f3f377-6a62-4ddc-b1e0-8bad87b78e9c
dosen_source.csv:40,cc2aa890-37a4-48c7-896e-e1d4f057d53f
dosen_source.csv:40,1210eb8d-cfd1-4311-bf11-5a5ef055f2d7
dosen_source.csv:40,7a03d7ed-d438-4272-9f5a-b95460056b50
dosen_source.csv:40,08d45ed5-f8de-41c9-9c44-0bc01397467c
dosen_source.csv:40,0813a732-ab10-433d-9dd7-043b50a95dcb
dosen_source.csv:40,d6e19bd9-11da-4616-8858-d81d4e831591
dosen_source.csv:40,f1097eb8-cc6b-4707-8755-b9347e28d723
dosen_source.csv:40,59224031-75f7-455b-91db-2a970654659e
dosen_source.csv:40,999397e0-7175-4299-9978-20589ca90d8d
dosen_source.csv:40,9f3dc5fa-6ab0-45a0-8849-3109c7f43810
dosen_source.csv:40,ea88c82c-600d-4e1d-ad86-138f99f6f05c
dosen_source.csv:40,4b93808b-0108-4845-8b15-454142e7c588
dosen_source.csv:40,86d031b5-e2a7-4059-aef1-163032e52d79
dosen_source.csv:40,4960d14e-fd10-4ef2-9161-c05ee87790db
dosen_source.csv:40,a5f8ee29-cdb4-495c-ae72-7691f367c41a
dosen_source.csv:40,18c90d08-c2a3-482d-8e56-f87430da2f1c
dosen_source.csv:40,aea44454-1bc0-4055-bd22-330a8fbec470
dosen_source.csv:40,7c736613-cda2-4bb2-bcd1-5f01d75d8ba9
dosen_source.csv:40,47dee67b-56d7-40d7-afb7-f5e57c35bf54
dosen_source.csv:40,62b17f58-a5f5-47e2-bc82-11c7fb7d73e4
dosen_source.csv:40,b57e9650-0384-4d58-bafe-d9142c1befcb
dosen_source.csv:40,cb1fbff9-0194-4de3-bad9-808368ea3442
dosen_source.csv:40,8c42ad49-1a78-4c3a-9650-c1965a9393f6
dosen_source.csv:40,921260b8-bce7-454c-8321-f61ea4a858ef
dosen_source.csv:40,f7dc3468-9a7a-4326-b4ef-5666a3bcf787
dosen_source.csv:40,5f78e9e2-c615-42ad-92af-3cdba076ac5a
dosen_source.csv:40,83c39acf-6340-43e9-b2a7-5ea7d168cb0b
dosen_source.csv:40,465399f7-6ddf-4b4a-86de-491488be9441
dosen_source.csv:40,88e6d226-5480-41f4-8ecd-09d592d9bce8
dosen_source.csv:40,617149ce-9c70-4b4f-83d9-309ed575b883
dosen_source.csv:40,644c5c06-d83a-48e8-b4d9-e2a553de3131
dosen_source.csv:40,87ea453f-aff6-45ff-a3d2-2a5d872a43a2
dosen_source.csv:40,434170e4-e2a0-42cb-9fe2-ce43ffbf7a9f
dosen_source.csv:40,d4ad0a72-7a3a-47fc-8f33-5cce79632b16
dosen_source.csv:40,9d0a0ff2-133c-4582-b571-1c5972e626ee
dosen_source.csv:40,552dcffe-295c-4b92-96d4-12941fcc5973
dosen_source.csv:40,fef63bc2-5c1b-4c3e-a41f-c7e076efd2a2
dosen_source.csv:40,0a7d8d17-5155-4409-a48c-6a5167abe3e3
dosen_source.csv:40,379bf773-2989-4fda-9e56-eacc89d7b35e
dosen_source.csv:40,2ac48511-089f-4893-9f3b-f1ac33cec89c
dosen_source.csv:40,fe89fdcc-afb9-4f7f-9b73-fbefebdc14ab
dosen_source.csv:40,4b1e9189-1e44-4c01-b29d-cf97856ebbfe
dosen_source.csv:40,c20f5556-0123-4bff-b045-ee8840fad4bc
dosen_source.csv:40,1389a1e0-8bc1-41e2-acf5-8e484ec161bf
dosen_source.csv:40,cf294ec3-5450-469f-96a1-e4d785a253a1
dosen_source.csv:40,67f5b9ab-f747-4a9f-a2cd-4cce553a2e7e
dosen_source.csv:40,e5cd9bc2-5a3e-488d-ab63-0ac867529025
dosen_source.csv:40,b9565c04-a8cd-4deb-a1c6-2ed87d6fbe49
dosen_source.csv:40,f74838eb-24dd-4986-a1e9-2588bcef95f0
dosen_source.csv:40,8567336b-64e6-4282-996b-e7aaf085fa42
dosen_source.csv:40,50531593-1219-4848-841d-60ba327a387d
dosen_source.csv:40,7c651f00-efbf-4a0f-87fd-d58cbe86f1af
dosen_source.csv:40,d2ba3609-dc94-4c82-a2f2-a31b59f4c3de
dosen_source.csv:40,fafc408c-92ee-47ac-885a-a50e04a1739a
dosen_source.csv:40,5b016489-1a3c-4c2f-9692-6c0c1df4b2e9
dosen_source.csv:40,e91e6d3a-3073-45dd-8876-ae1155039794
dosen_source.csv:40,681b5dde-d544-4001-97a8-1be25c33f43f
dosen_source.csv:40,89a0ceb8-4d4e-41cc-a848-371b78ed17f5
dosen_source.csv:40,12c6ef15-6825-483e-8520-87538931fa4d
dosen_source.csv:40,ad70c3c6-27f9-41ae-b37a-a11f464e78a5
dosen_source.csv:40,facb234b-ee8a-4be2-bdd6-0cb404ff1ab5
dosen_source.csv:40,6fcf48be-c82d-4159-b053-fa577ea47c6a
dosen_source.csv:40,cd3e1e2f-f4f7-491d-8330-2d9eb8baab93
dosen_source.csv:40,202d4ab4-72d0-45e2-96ff-d3cd3f930412
dosen_source.csv:40,aad4e8f7-c24d-45c0-9dd8-c22c5cee0c9f
dosen_source.csv:40,7f40ea50-c6eb-45c4-8905-10b0cce7d1e5
dosen_source.csv:40,b0743779-bd8d-4311-ba12-b57658b18c9d
dosen_source.csv:40,3668cd5c-50e2-49ba-bb89-6cae4028252a
dosen_source.csv:40,1c3f82e4-0486-4d88-be09-2040f669b2e2
dosen_source.csv:40,1c79e457-07c0-44fd-a2d8-4fd90713110b
dosen_source.csv:40,2dadabcc-4a75-46d3-a827-ce433526698c
dosen_source.csv:40,d1fc3c94-8d80-47af-b43f-fb032d1769b2
dosen_source.csv:40,ecd18532-f133-49e5-a6f4-f8b2d2efb54f
dosen_source.csv:40,53781f6c-1cb1-4b53-b298-399923817103
dosen_source.csv:40,545d2907-edc6-4053-a8d5-4a6224adb197
dosen_source.csv:40,2224f588-28ad-4607-8dbb-6beea55f49f8
dosen_source.csv:40,6b05eb3a-f9fa-4688-ae04-9e505a3158f7
dosen_source.csv:40,3d0f94ed-30b5-48bb-8f69-1d761e02ea94
dosen_source.csv:40,e2444cc9-9120-489c-9a9e-ac0dca546b57
dosen_source.csv:40,b2d241f0-c494-42ca-8da6-d4426cbcbbf0
dosen_source.csv:40,14aa5b71-3d9e-436d-9ac5-6ba7e4cfb3c5
dosen_source.csv:41,7bea92dc-9d42-4b45-8837-285d0339c753
dosen_source.csv:41,27bc199a-6496-487b-83b0-48588bc83063
dosen_source.csv:41,abe7e3b0-50b6-4a1c-84c4-c21fa9f6eea4
dosen_source.csv:41,bb99cd14-af4f-4633-85b9-4910e0b4e351
dosen_source.csv:41,87dd001d-140f-40c4-9acc-464f2afb3279
dosen_source.csv:41,62b6b096-608e-403d-a323-99a90d90d842
dosen_source.csv:41,668f9688-44bb-4ef6-a5da-0ad3bbfa522f
dosen_source.csv:41,b1e97f80-7d73-4a69-8a72-bca8ba90bd0d
dosen_source.csv:41,6558d2da-2a48-4e36-9f96-1f349a82b338
dosen_source.csv:41,61cff8fe-3888-411c-8321-e5a13c8cf1d0
dosen_source.csv:41,c4bfba24-5568-4b60-8e40-7e457da56d29
dosen_source.csv:41,c24fa43b-61d7-433c-b811-eb65bdca9cd8
dosen_source.csv:41,80a54ff0-1cb4-45b6-a0ba-b2f521287a3b
dosen_source.csv:41,c3aee1e6-85e4-4ab1-9b28-f4f092968380
dosen_source.csv:41,7aeb4eec-7fa5-474a-88b3-38a98e8dbf2d
dosen_source.csv:41,ba3f3dce-3f32-457a-ba43-6c7c06e17627
dosen_source.csv:41,d323150a-6b38-4f4a-8783-c56861553b34
dosen_source.csv:41,22e7abc7-bdc8-4437-9620-85978b5ebea3
dosen_source.csv:41,731d3abd-f66b-4fd2-b9ae-dc76accd616b
dosen_source.csv:41,695d3154-4f28-4bbc-8c62-e07c89792e67
dosen_source.csv:41,25bc2509-9564-4d81-80b0-6a903cadf513
dosen_source.csv:41,56e9351e-41b3-442e-bb7b-5ccce45d1175
dosen_source.csv:41,4887666a-26d8-44c2-ae48-988d00a61e45
dosen_source.csv:41,2b250bf4-5e81-4b70-8a25-a666a9ed5b43
dosen_source.csv:41,e2bacd25-d4b0-4048-8c14-099b30a00fc1
dosen_source.csv:41,0e2eb8be-e11c-43d9-939c-24e744dc158f
dosen_source.csv:41,5b204074-ef62-44d3-a373-284f81311754
dosen_source.csv:41,c5028d4d-ac28-46ed-918a-92e3130d1d3b
dosen_source.csv:42,d69c592d-4666-4df7-b97b-cc4661389d77
dosen_source.csv:42,2b424d74-fd1d-46e5-82e7-84d5c1c5e6b0
dosen_source.csv:42,da79934b-d027-4421-8dd1-d0a38174b5c5
dosen_source.csv:42,2685045a-1ba2-4294-b789-0fd4a4d334ff
dosen_source.csv:42,158d2e57-158e-416d-b77f-7f6d0696bbc8
dosen_source.csv:42,35e3bfbf-7347-4239-8a58-7f7224793e16
dosen_source.csv:42,5a2a2ebf-7aa1-40c9-9827-eca6a2585656
dosen_source.csv:42,b8a996f5-b352-4848-aefc-b146722958d4
dosen_source.csv:42,bbfc6f7b-22f5-4e8d-aa04-353f28f91d16
dosen_source.csv:42,5c8a567a-4d50-4294-9f2f-c09be24d9b91
dosen_source.csv:42,ee326593-ed91-41b9-9b8f-55674df5e2bb
dosen_source.csv:42,06781f56-60af-4e6c-9758-d1815481be62
dosen_source.csv:42,ed4774a2-1830-4919-8c97-2350cccbdf0e
dosen_source.csv:42,35ffc6b7-94b8-47c2-88ce-724c53df7e46
dosen_source.csv:42,98f27ebd-e3ab-4a6a-8da2-1f2a0d77bd51
dosen_source.csv:42,7d67e7c2-401b-41db-b3de-32415a939d80
dosen_source.csv:42,3ab47ec5-35c9-4491-b0f0-359b0477a29e
dosen_source.csv:42,ceb60c0c-3956-4d00-b7e2-0cc65ab7e279
dosen_source.csv:42,5634a17f-babc-4174-88b5-bf3df9e3e813
dosen_source.csv:42,e7100b03-19c7-4466-8e32-e75e66b0d5c7
dosen_source.csv:42,33feedfc-4bea-4635-8deb-72cab54f6f21
dosen_source.csv:42,a1b34f65-cc12-46ad-b085-2c3fcae2a39b
dosen_source.csv:42,88c063f4-f05a-45c8-a9a9-02dd7529d89b
dosen_source.csv:42,f8312254-ecc3-4647-97b9-ebb84d17da3f
dosen_source.csv:42,779305ea-209c-438c-acf6-9b90185715d4
dosen_source.csv:42,805385ba-6fa2-45ff-8c76-71cea8de3a5a
dosen_source.csv:42,6b4667a0-d7ee-4410-a33d-1524c2c35680
dosen_source.csv:42,20cf3a21-69be-4ad8-bf09-b13269faa919
dosen_source.csv:42,5163545f-1e64-418a-868a-e56f64c70d84
dosen_source.csv:42,71c034f3-baa0-4913-bc4c-4eb44d204fa0
dosen_source.csv:42,c581dcac-b1d5-4875-afdc-074e5fee8b06
dosen_source.csv:42,ddd440e5-7256-43f7-9735-d94c1631dafd
dosen_source.csv:42,5992ba26-445e-4bf3-8319-d9b7debe300c
dosen_source.csv:42,7e42b6bf-00eb-46c9-aada-3e28794c4140
dosen_source.csv:42,0fe7c44d-4af1-489c-9a10-967f8e18533f
dosen_source.csv:42,88c32131-420d-4c61-8e2b-6869cafbe77f
dosen_source.csv:42,8a71250c-c37e-4e9b-a320-c553d23d7e96
dosen_source.csv:42,61e55113-5fa9-4713-958f-1bf6395ef50e
dosen_source.csv:42,a43af5bf-ddb4-47d8-87c5-991ebb98f31a
dosen_source.csv:42,c3772034-b37e-41fb-a783-7c4ed7f362c5
dosen_source.csv:42,05626c4e-7cd0-4db5-9582-d68317feb1dc
dosen_source.csv:42,2d93af65-4f78-4674-8f81-3c523481d2b9
dosen_source.csv:42,4b2ece84-42d1-4e89-b15c-ddf876806e11
dosen_source.csv:42,ae215144-c0a8-4eaa-906d-041122a3d065
dosen_source.csv:42,cae46aa6-f76b-4edc-b84c-b3c0859f1f00
dosen_source.csv:42,8de952e5-5b29-4eb8-b814-0489ae62c794
dosen_source.csv:42,2290b15f-60fc-4482-9a9b-4eedc6090a9e
dosen_source.csv:42,65f83d98-7c0d-4bec-a950-b71689033b6d
dosen_source.csv:42,522f5f8b-0ad7-4448-b9b5-54b882666941
dosen_source.csv:42,20cdea06-27b5-4723-a56f-08a8ab67e342
dosen_source.csv:42,0b36ab5b-b8a9-44a0-852d-c64bf2ae03ad
dosen_source.csv:42,ae1fe909-820e-4545-96f9-a2e1978833c4
dosen_source.csv:42,fd31dc4f-69f5-4b02-ad56-20025119e107
dosen_source.csv:42,fc339dab-e721-4e94-b9e1-37dc0804b13b
dosen_source.csv:42,8614a4f9-04fc-430c-99ab-367dff51df3e
dosen_source.csv:42,f3d5d5ef-9ee0-41e2-85fc-365dd64a3408
dosen_source.csv:42,b8ac89ba-65a9-4579-abb7-fb1923eacd4c
dosen_source.csv:42,ad2493c5-2df7-4240-b504-156eecc88f34
dosen_source.csv:42,9e0083ec-002c-4aaf-9721-d9e968619f8b
dosen_source.csv:42,0329e3dc-2142-4465-ac16-4a0d32a24e9a
dosen_source.csv:42,a643beb8-9f32-4b48-af79-0acc54a35a8a
dosen_source.csv:42,026ae90d-ba76-462c-a529-0248ed82df49
dosen_source.csv:42,db0c54af-fdb4-45b6-9fc2-bc12bdb91c74
dosen_source.csv:42,3e711a97-871a-424c-95e5-cb80b18ce553
dosen_source.csv:42,cfe28b38-9ded-4334-a7ea-780702404d39
dosen_source.csv:42,b31d251e-62a7-46b6-aeb5-c8031692a3fe
dosen_source.csv:42,da5f2dd1-5e95-41da-bd2c-09a4f7cfbb87
dosen_source.csv:42,a6e38dae-fc88-4671-bc95-eb7411989d0d
dosen_source.csv:42,4ba7be20-099d-43ef-94bd-c301002e6ebf
dosen_source.csv:42,7d073d26-4b65-4987-91dd-9ab0c1a37b04
dosen_source.csv:42,c404541e-5c92-48a2-a5ce-79f38244c6e4
dosen_source.csv:42,e237cf64-fd2d-4652-accf-61fc7c9dc22e
dosen_source.csv:42,1a840d60-6dee-48d2-a11c-771a3ccf1800
dosen_source.csv:42,846a7f29-b380-4f80-affa-1110fbf3c89b
dosen_source.csv:42,138278bd-fe40-4f3c-8bfc-22a992249eba
dosen_source.csv:42,b9fdb603-f793-4c8c-8e64-1f2e8c2fd16e
dosen_source.csv:42,cbab8f67-b057-414e-882d-bf5e1d0795d0
dosen_source.csv:42,16857370-438f-4732-8a3d-fe7a3dbbdc29
dosen_source.csv:42,30627e6a-288f-42dd-b3f9-1487f46ffa1b
dosen_source.csv:42,e0fc1021-fc78-436d-9843-1139a48be10a
dosen_source.csv:42,962b2a2e-3a7f-4df1-8ea0-63f2d3837c03
dosen_source.csv:42,407f8742-374e-400c-988a-8e2e13ea8846
dosen_source.csv:42,b55680fd-54e9-4742-bb1c-a6a7a70e4b88
dosen_source.csv:42,bba4a12f-f0c7-436d-8777-bd9412be2146
dosen_source.csv:42,cebadb18-005a-4ec2-a350-8cb0a801c492
dosen_source.csv:42,5a821643-2832-4660-b12d-954c1f035491
dosen_source.csv:42,31073ab5-3402-4d82-a4cd-af21e316897a
dosen_source.csv:42,1bd64b49-7603-4587-aa12-27bcc29c8f6e
dosen_source.csv:42,4ef47ba2-a9a4-46ed-af29-ea695a91c99b
dosen_source.csv:42,416274a0-85df-4d9b-b944-beab5680c960
dosen_source.csv:42,8b0e165d-481a-4ccd-a60d-1489a9a793ca
dosen_source.csv:42,ae258f48-ded3-4179-bf97-1231caafd896
dosen_source.csv:42,a36d6c22-4deb-406d-8548-79b7115716cd
dosen_source.csv:42,429e3c15-cbf7-4eb6-a155-900e8114e224
dosen_source.csv:42,701d780d-9007-4d8e-b064-1a9e897bde0b
dosen_source.csv:42,6b7b4c04-00b9-47bd-b666-368aa3e7fd13
dosen_source.csv:42,69250e48-6d9b-4155-b007-d1e54bf15bec
dosen_source.csv:42,86a4449b-addd-470c-8169-c900d7ab9e4d
dosen_source.csv:42,73bcfa66-6d6e-48d1-9eb4-49032ab031a4
dosen_source.csv:42,6cb6d2b1-a040-411b-830f-6391d68f989a
dosen_source.csv:42,fce51e74-d0da-4428-9c7a-edc9e9f2d5b2
dosen_source.csv:42,e51f7fc7-ced7-448e-9923-1a5d1c631a2e
dosen_source.csv:42,259f950b-4d13-4b89-b29b-91182ce3c6ca
dosen_source.csv:42,01918a96-6994-4e13-96e2-5cb6b9b2387f
dosen_source.csv:42,e4e3a603-35e1-44d4-8e02-e723e7ff04f0
dosen_source.csv:42,7dafcfca-c58d-42fb-9921-715d4f92c2a4
dosen_source.csv:42,fed27838-7904-4adb-8fef-a4c69d76ec1f
dosen_source.csv:42,947860ac-0d3e-42db-ae20-f69bf8e46190
dosen_source.csv:42,c8d79089-3bd6-40eb-a878-ee068629d208
dosen_source.csv:42,1e024d56-7213-4630-b662-50cceed9d3f2
dosen_source.csv:42,682c4c60-b501-4c28-badc-d5e2b68c8ad1
dosen_source.csv:42,d7d9141e-cb81-4961-881a-799e7cb80dd5
dosen_source.csv:42,956d645b-81e3-4d83-8d1f-58b19dfd7091
dosen_source.csv:42,ec643c30-fd58-4da5-b963-544f41cd2902
dosen_source.csv:42,03d17491-d378-4d02-8033-db47aabf0412
dosen_source.csv:42,07809c5f-7d8e-494c-bc47-7e7e24ef0d19
dosen_source.csv:42,85ea8807-2d4b-4029-b6a5-1392ec8a7443
dosen_source.csv:42,03091654-cbfb-4b34-8dc6-4b66451e04ba
dosen_source.csv:42,90dbd2d0-90e7-4a1a-81a4-1eca82b9d193
dosen_source.csv:42,90f0f6ad-31e1-4be4-9764-ad48d007d36f
dosen_source.csv:42,ceadf2ab-5934-4e65-9af8-3090ed93fb04
dosen_source.csv:42,ea5e60b7-1ef5-4125-a89a-438f00b18a97
dosen_source.csv:42,549bf3e5-5bcf-4ff0-b092-6edfd0c0d36b
dosen_source.csv:42,787d73bd-235e-468d-abf9-3040d1b6c99f
dosen_source.csv:42,83466d23-38b5-40b1-b018-e01b585344e3
dosen_source.csv:42,bbf744e5-d948-4be8-9646-eba4e7deb61f
dosen_source.csv:42,6233e2ac-37e5-4c0c-a773-95ef4cf6b7d5
dosen_source.csv:42,ad1c74e1-94d1-4d4f-b492-ce6dc6cf9abe
dosen_source.csv:42,9aab60ae-0895-41cd-9598-7c9423b59612
dosen_source.csv:42,90f4b716-87e0-4d9b-baa5-16af4a14279d
dosen_source.csv:42,278171a7-b227-43b5-bff4-c333b7af4a73
dosen_source.csv:42,e10a815e-a024-4a06-a4e1-df9d79969d9f
dosen_source.csv:42,d95b332f-dfea-44a2-aef9-2c0970c1a8ae
dosen_source.csv:42,944f02e5-d954-4c9e-8de6-fd30f5c5a4c0
dosen_source.csv:42,a5c0b428-845d-487d-8535-8047f6242ce7
dosen_source.csv:42,88f7efde-40a0-48ee-8e98-29767b2bc6e9
dosen_source.csv:42,7c80feff-2ecb-4ad0-a066-0fbc064a3b73
dosen_source.csv:42,db7e5540-c9b5-43fb-9408-07b2a355d40d
dosen_source.csv:42,4bf8f798-66b1-41b3-886f-09cb7881a80c
dosen_source.csv:42,b415a0b7-fedc-4033-8da5-098ecf02efa7
dosen_source.csv:42,deb95196-6795-4f25-bc39-b64e0c5bb7f2
dosen_source.csv:42,a23fd559-13f3-4e27-acf4-6cf22c6864bc
dosen_source.csv:42,4f0b9113-c6f8-45d2-be35-9991ca283ad3
dosen_source.csv:42,6ad0595e-6a74-414a-9dba-1499f6897cb4
dosen_source.csv:42,f61b461e-615a-4b6b-a429-e2fb25c84a90
dosen_source.csv:42,93e1eee0-c9a0-4645-8aa0-7e8e295c3940
dosen_source.csv:42,d946f1f2-0be1-4fa9-8f23-6f75a6b33eca
dosen_source.csv:42,2925898d-d546-467b-8015-b1fd88e9732e
dosen_source.csv:42,cb102866-53f1-4766-babe-aceb8e72b045
dosen_source.csv:42,9da81f46-03a5-4b3d-875d-cead26e66c34
dosen_source.csv:42,3ba28b20-bb59-4a12-82e5-64494bbed653
dosen_source.csv:42,6cf068ea-29d3-4226-80c4-27a73821935a
dosen_source.csv:42,93408b2c-6ce7-4ec0-8512-e51bfb8acc2c
dosen_source.csv:42,65b76faf-7747-44d8-b8d6-fdcf8924bcfb
dosen_source.csv:42,1104a7c8-9e85-475b-a03d-ae5b6452dec2
dosen_source.csv:42,05149983-e69d-495c-980e-53a5d38b9df3
dosen_source.csv:42,e3115591-ffd6-4d91-9ed7-c03b5380369e
dosen_source.csv:42,5f5f7aa1-f957-48ae-90bc-87d9aeb2bf29
dosen_source.csv:42,411f3008-fc31-4008-8f61-56333c85f491
dosen_source.csv:42,8600db6a-2f63-4f31-b186-51d60fe734e5
dosen_source.csv:42,0786f499-b403-4d57-9ce8-307ea15eec86
dosen_source.csv:42,8155d6e4-bcb4-410c-bf94-a7de3f11aae7
dosen_source.csv:42,41ece490-ef6e-43f8-8419-d5ac1d50c59c
dosen_source.csv:42,886f82a1-6763-4fef-a649-5031c65b640d
dosen_source.csv:42,3e630db2-ee25-4261-90d3-30e3c9191f23
dosen_source.csv:42,513078bd-584e-4c8e-9c73-d972d3bbba13
dosen_source.csv:42,db972b0c-8401-44b5-ba7e-0030082ef98c
dosen_source.csv:42,a0ee2d0c-a265-4e56-94cc-12c6830e921f
dosen_source.csv:43,4d90c180-86c6-4657-aee0-8a30ee643057
dosen_source.csv:43,5f3ce7d5-3b7f-48a1-a934-8a7e36d086ca
dosen_source.csv:43,c18f2574-7ac8-4900-8c40-7f2db76fc61f
dosen_source.csv:43,25e222a4-b433-4ccc-ba8e-47d5da9817e0
dosen_source.csv:43,502871c4-18ee-4675-89ff-09424ec5dc09
dosen_source.csv:43,034ac662-3aaf-4f5c-bad6-287cb558910e
dosen_source.csv:43,c9e254de-cc6a-4413-866f-8acb113ccf5d
dosen_source.csv:44,cf46cf16-4edd-4356-bf9b-d03b3b18a026
dosen_source.csv:44,5f887f5f-6881-4f1a-8faf-22fcf706ece5
dosen_source.csv:44,f7b56288-3137-46aa-b64b-349d7c046442
dosen_source.csv:44,f28e76f1-c3de-45bd-94db-9e780d263691
dosen_source.csv:44,cca63c91-dc5e-4c0d-8ab5-7cab70720fb5
dosen_source.csv:44,e5c5ff9a-57ec-4b5f-b454-a52b85a122c0
dosen_source.csv:44,b21dddcc-a00b-4600-91d4-ddd7429166cc
dosen_source.csv:44,295d4e03-7c41-48f4-81d5-9897243590b5
dosen_source.csv:44,fdb45b1b-330e-493e-a855-5564d4dfd89e
dosen_source.csv:44,18866d10-6ccc-4a32-a3fb-b7bad9a3e818
dosen_source.csv:44,204b883e-29bf-4ef5-950f-986ac20c0eeb
dosen_source.csv:44,be5067f2-c436-4221-9abf-690c9aa261a4
dosen_source.csv:44,238f6e6a-7cb6-4a78-b6d1-b01959b34dc1
dosen_source.csv:44,c62f64fe-07fb-481a-81a3-fb3d3b1dd970
dosen_source.csv:44,38bc8fe0-1af9-49c0-bfb5-3cb9aa18f68f
dosen_source.csv:44,2291d7e1-e64d-4a36-94f4-1de67bce8b11
dosen_source.csv:44,34db06f4-1177-4a2a-9d27-513711a181f6
dosen_source.csv:44,5af141e3-a8f8-4a94-8dc7-81fc9d0d4ced
dosen_source.csv:44,81e24e5f-0266-4dca-8700-60bc2e8b5dd1
dosen_source.csv:44,08fb6e03-345b-4cfb-b49f-fd0692ad1c12
dosen_source.csv:44,ed8be9b8-ab63-41a8-b2be-19b87ccab1d9
dosen_source.csv:44,fed9a36d-5778-42c6-904a-341783d14175
dosen_source.csv:44,c75e272f-9165-47f7-aae8-58999a0fbda6
dosen_source.csv:44,5f3ce7d5-3b7f-48a1-a934-8a7e36d086ca
dosen_source.csv:44,22c6b0e4-d419-4464-bc50-dfd857918956
dosen_source.csv:44,5e8df2ab-ac65-4dfd-a1d6-722081e3b7c3
dosen_source.csv:44,a5a7d248-409c-437e-8a41-500300ac8bf9
dosen_source.csv:44,575cb49b-6650-4996-8aad-38f68d3d2333
dosen_source.csv:44,89bd4d4d-6442-43eb-8fae-13dc1366f406
dosen_source.csv:44,0f78c0c6-83ad-4ab7-ac2a-d42fd3af413e
dosen_source.csv:44,1e32303b-7b19-4d09-99bc-e60a6387ba59
dosen_source.csv:44,9d14d6ec-3d8f-479d-ae98-2261fc663ba3
dosen_source.csv:44,ac31b080-85ac-4b95-97e0-ec9f1f69b29a
dosen_source.csv:44,30d0475f-b9a1-4fae-8e49-75add6791934
dosen_source.csv:44,897bccd4-a6e0-41cf-a99c-4e13168827b8
dosen_source.csv:44,51c110b7-09aa-472c-89af-a1707ac1bf3d
dosen_source.csv:44,8cfb6aa3-d0dc-4c61-9b9f-cfddb4c7b4b4
dosen_source.csv:44,ccc2375d-c8b4-420c-b935-2a115a39e83e
dosen_source.csv:44,4cd0803d-4eed-460b-9450-3bd12136b72c
dosen_source.csv:44,0ab2714c-617d-437f-b89f-3aebc618032d
dosen_source.csv:44,ac65f576-8059-4795-bde6-d0ea770f5a8f
dosen_source.csv:44,feeab986-f7e2-4955-8974-8a3c1375fd61
dosen_source.csv:44,5135253f-0717-43b5-89e1-33bbf9ba9185
dosen_source.csv:44,f478049a-4cb8-461e-9f9d-22c79ea11afc
dosen_source.csv:44,2333352f-a925-488d-b84b-a490d5da0a14
dosen_source.csv:44,3198a524-b129-4c6a-a27c-844c9d61faf2
dosen_source.csv:44,abe7e3b0-50b6-4a1c-84c4-c21fa9f6eea4
dosen_source.csv:44,f4b2e37d-29b7-4591-9414-9ad03f659e8a
dosen_source.csv:44,19741e5b-93fb-412a-8ce7-eb889050db29
dosen_source.csv:44,ad5ef5ce-0d8f-4295-aceb-35821ac2be1b
dosen_source.csv:44,7722fa88-3c1a-4562-a341-5d884e4ebe42
dosen_source.csv:44,b492a36e-9f16-44be-843b-131c67877e0f
dosen_source.csv:44,e2e0bc27-7f52-4638-ac68-090bc7029a08
dosen_source.csv:44,9e00714b-2244-4d49-8ea5-75916c15100c
dosen_source.csv:44,b33457d4-0066-4f67-88db-d9b57e953b1b
dosen_source.csv:44,6261c589-4c5a-4d17-ae76-4b5d6a99d261
dosen_source.csv:44,1eaacbb4-dd6c-4274-aebf-94eaea7f9335
dosen_source.csv:44,12694344-b9b1-40d2-8071-37b8764d2d5a
dosen_source.csv:44,e46e7662-d6f6-4ba3-bc35-ffb6d1131f18
dosen_source.csv:44,98d166ef-5d4c-4a01-bfdd-a3ca65231e65
dosen_source.csv:44,17f7d5f2-e247-4d56-833a-ce8298b90e05
dosen_source.csv:44,cfb8d7bf-85fa-40eb-a251-ad2f76220c91
dosen_source.csv:44,344d21e1-1316-4d82-9c5a-5e97d84353d3
dosen_source.csv:44,8aa5d3e5-5e00-4168-ba9e-fea260bc51ce
dosen_source.csv:44,bf539112-0050-49bb-a7c9-a15635cf3d34
dosen_source.csv:44,4547cd78-9672-4e3c-8a19-955c2f2c96ad
dosen_source.csv:44,d536ee67-ef58-4797-97fc-c1fe7ec1c0ed
dosen_source.csv:44,b0e92d6a-cf00-4651-8848-f5feb19c3af1
dosen_source.csv:44,c18f2574-7ac8-4900-8c40-7f2db76fc61f
dosen_source.csv:44,a05c5291-c677-4cf6-a354-3322239c1e14
dosen_source.csv:44,373ef780-1acc-4735-8d6f-33bd4ab87985
dosen_source.csv:44,83128993-f5ef-42ce-ac52-9e339c74938c
dosen_source.csv:44,c766ca33-3c36-4139-af62-0f0e78e56647
dosen_source.csv:44,4abafc64-28be-4275-be57-f636dd6efa7a
dosen_source.csv:44,f3ab4535-212a-4887-bb51-6b84a8e1c2a9
dosen_source.csv:44,1f41b79a-dbac-459a-9b17-330093e2af8d
dosen_source.csv:44,a0bc6f43-88ee-4df3-a276-8020e9fbc6ec
dosen_source.csv:44,663576c0-ab7e-41a6-be6f-1a8d666dde24
dosen_source.csv:44,badd88bb-c952-4db4-bdf7-530d9d8d5d11
dosen_source.csv:44,66a79732-cb20-461b-9cf4-80558bdccd28
dosen_source.csv:44,8d6f3247-e83a-4478-ae2f-db97b698b958
dosen_source.csv:44,4ed63be4-1d43-41cb-bc8e-23935f74ce97
dosen_source.csv:44,023ffe5f-3a3d-449f-b070-b2eb4d74e318
dosen_source.csv:44,cb9dd806-73fe-46e3-9837-dd6c7719b044
dosen_source.csv:44,e2360ea9-e9cd-4b93-b835-19e4274a73a9
dosen_source.csv:44,2ee4e35f-ba56-4893-b06f-3599365d1685
dosen_source.csv:44,512d36a7-86ee-4b59-84b9-17cd7f7ed510
dosen_source.csv:44,99d7cd2e-8486-4604-ae6d-785e7b0c3271
dosen_source.csv:44,01709360-6a6d-463c-b768-8784cf07f601
dosen_source.csv:44,b81a9d5d-4237-41a5-9622-f0dcb0c2b481
dosen_source.csv:44,15aa985e-5094-4728-b802-a867d3ab6d83
dosen_source.csv:44,7e5cd01f-4a4a-49f6-b25e-5366f3495be2
dosen_source.csv:44,8277df08-9c24-4d88-9fb0-a1aacdb6cd64
dosen_source.csv:44,aa5ce0c9-6d39-451c-868a-faff458c3f99
dosen_source.csv:44,92ea3bc0-14a1-4546-8b04-b95d7dd4999c
dosen_source.csv:44,ede28b02-8148-4c6f-bc10-a6085a5578d1
dosen_source.csv:44,0a7ea35f-bb17-4182-aa59-698ab65f3b83
dosen_source.csv:44,c136e5e0-fb44-458a-a325-a28daa40366e
dosen_source.csv:44,4e237eea-4077-45db-b57c-c8fc333d9d25
dosen_source.csv:44,986b591c-f3e2-4dd3-8a70-b5574d360af8
dosen_source.csv:44,3562712b-71ef-421f-b9a2-64b0518d956b
dosen_source.csv:44,e598af78-0120-4ec3-982b-dffbe0e64de0
dosen_source.csv:44,9bc54495-7da2-4152-8aa9-febe1b95638a
dosen_source.csv:44,32221892-2e6f-4917-a040-c5353378be44
dosen_source.csv:44,469c74e4-87ca-414e-8173-3de18716c15a
dosen_source.csv:44,22330640-7a1a-4b00-ab64-cc96e32b744a
dosen_source.csv:44,518af648-c1f4-49ee-ab97-d43b22621986
dosen_source.csv:44,d844aa09-f67f-48cb-95f3-b0bb9e187490
dosen_source.csv:44,01c5ed3c-2d07-4c51-954f-6af013ec6c33
dosen_source.csv:44,b12e7142-9ff5-4c0b-aaf2-b3b7f2b8ddc1
dosen_source.csv:44,60d26fbb-3584-41d9-a02c-efc48134cd14
dosen_source.csv:44,76bb8514-efcb-456b-9545-3fe0044c05f0
dosen_source.csv:44,54e2cda6-a8b0-40d0-979e-5e6c7004ec23
dosen_source.csv:44,2c049dae-ad5a-447c-9ed6-d16864baa2b3
dosen_source.csv:44,76375f55-71b6-4143-ba74-3ae61fa45950
dosen_source.csv:44,4e09976d-77cd-4a9f-8918-e3040c75b0aa
dosen_source.csv:44,21d4ce36-7015-458d-bb0a-d6c6ee1d3a8d
dosen_source.csv:44,b4f3bf4f-2be2-42c6-a6ae-15b0a3342a62
dosen_source.csv:44,186d6a6f-4948-4917-a767-e091d83c0dfe
dosen_source.csv:44,f437cbea-2447-47e4-93d3-e82296d3e739
dosen_source.csv:44,abb6bcb5-7f9b-4c7f-976d-fe664febf4fb
dosen_source.csv:44,d9c3a05d-9431-4a99-adbe-44a66e8d1b8e
dosen_source.csv:44,3592475b-5617-441f-8b42-0418e6903438
dosen_source.csv:44,e21eab49-e148-4c72-b5e8-99db1eca2c1c
dosen_source.csv:44,70e0ba19-c548-4fae-ac66-9d6b7d7b28d4
dosen_source.csv:44,041650ff-f0eb-408f-9946-a26796099273
dosen_source.csv:44,e68e4c9e-c86c-4d95-bdab-7e0d6973089c
dosen_source.csv:44,d7a88fbb-1700-4192-8609-03a515bcdbdd
dosen_source.csv:44,c53f9ab8-409b-45a7-8cd4-20f289d460cb
dosen_source.csv:44,12bd580e-0970-4cda-84f3-30eb0d663bc9
dosen_source.csv:44,95e52fa8-bff6-445a-9682-3887ad0f1a71
dosen_source.csv:44,a599167a-42e3-4cfe-ba8b-2157376d6b9f
dosen_source.csv:44,32126546-fcd5-4df4-889d-ddabf4c68e0d
dosen_source.csv:44,c15ce8be-c649-4ce9-b370-05fbbb806274
dosen_source.csv:44,4e98c2f9-dfd6-4883-9405-6eceeb4cd8d5
dosen_source.csv:44,adcda05c-46c0-4e8e-8a9b-74c636f4dd19
dosen_source.csv:44,67d01f2d-bfb4-4a17-a74f-2f7edc13a786
dosen_source.csv:44,e2bacd25-d4b0-4048-8c14-099b30a00fc1
dosen_source.csv:44,e4739584-85df-435c-be3b-5fa76a880be6
dosen_source.csv:44,42755b0c-13dd-458b-870f-5828b3de4cfc
dosen_source.csv:44,ab2d9c0e-f13e-4e50-83ea-ef5e363b54cc
dosen_source.csv:44,4b69c1ff-5889-455e-988a-d6931d134ded
dosen_source.csv:44,78e850c1-b3ab-4e57-a6e6-59b79bd40c6e
dosen_source.csv:44,72034436-2a92-4ec6-b5ad-337e3cc5a6f4
dosen_source.csv:44,be65b5e1-6170-4bfd-90b3-c9859f2b9e39
dosen_source.csv:44,c63e2e6b-d832-4de8-b3cb-3de81d120b43
dosen_source.csv:44,3ee8991b-3fc4-4d78-9869-58be388257ee
dosen_source.csv:44,a691edb8-b64d-4a3d-90cc-329ac8ca3b3b
dosen_source.csv:44,011d5eca-b743-4401-bf56-b9a29ed57683
dosen_source.csv:44,fdce8f34-3de2-4ab2-af15-1688ac073a83
dosen_source.csv:44,7868dd83-57bf-4bf7-b62e-a408eec969d3
dosen_source.csv:44,3f5ca671-94f7-4c88-9b1a-e01873209064
dosen_source.csv:44,12d8b454-e095-414f-ac2e-78ab81f30d44
dosen_source.csv:44,f671fbf1-feec-4d8f-bd7e-593c44a3cfd9
dosen_source.csv:44,9dd3a454-4839-4b12-b818-894b3a7c1cbb
dosen_source.csv:44,2a242974-65e2-4ec6-8ddc-a9fbcce5cdfb
dosen_source.csv:45,2b399e3d-0aa4-445b-94a1-a11f6c2f9b9a
dosen_source.csv:45,36b773b0-e31b-4732-9a15-0272d7aca7a4
dosen_source.csv:45,63f60a9f-da3e-4a3f-8470-5b863bff1e19
dosen_source.csv:45,e4fb76d2-57e5-4d6f-b1b2-c1c9e87f9205
dosen_source.csv:45,dd91ed20-a01b-4063-b388-d5517c3ff8e1
dosen_source.csv:45,a81e644a-46f3-4ba0-8c20-156002e2de84
dosen_source.csv:45,ee326593-ed91-41b9-9b8f-55674df5e2bb
dosen_source.csv:45,d596f2f9-347c-483c-a594-6fdb1157905a
dosen_source.csv:45,9e84589c-631c-4c1a-aeee-65a407d2a66e
dosen_source.csv:45,f60ea329-e40c-4a0a-8c6b-53f7134dbf96
dosen_source.csv:45,acfb330e-0719-48b9-be9f-2cf4d3733be1
dosen_source.csv:45,d4ac4537-7374-4efb-a0c9-811489594cea
dosen_source.csv:45,1a8ad180-3744-4f49-ab27-3c7a0843680d
dosen_source.csv:45,d4fada44-592f-40ab-9a8e-81518e85f4d1
dosen_source.csv:45,290758dc-7a40-45ef-a792-d11e0166acc9
dosen_source.csv:45,a6fdf44b-bd1b-429e-9873-0d147373bd82
dosen_source.csv:45,a6bc6474-263a-4bb9-a72f-1665bcecfbfe
dosen_source.csv:45,5634a17f-babc-4174-88b5-bf3df9e3e813
dosen_source.csv:45,5d4ae556-3973-4a30-ac18-7b8815a17b5d
dosen_source.csv:45,a91225be-3951-43c4-846b-eb9ae061e59d
dosen_source.csv:45,1926c090-cdc0-4985-9cf3-0bd5a7170a4b
dosen_source.csv:45,88c063f4-f05a-45c8-a9a9-02dd7529d89b
dosen_source.csv:45,fd6d308a-33c9-44a6-8246-feab0af9d4d4
dosen_source.csv:45,7fa7225e-51c1-4cf2-8f0f-9401b60ce1d1
dosen_source.csv:45,abbe998a-91b5-4137-95f3-9f9629f1e7ec
dosen_source.csv:45,55ce681b-7a6f-44dc-8140-a4986857fe19
dosen_source.csv:45,c3340844-b876-46d1-adf2-f754066468b3
dosen_source.csv:45,a9d3a4a1-fdbf-4083-9825-874f28ebede3
dosen_source.csv:45,38972eda-2636-4f80-8c92-f13e997c5e90
dosen_source.csv:45,f2c1e6e9-7182-41b3-bdfb-edca5bd3c399
dosen_source.csv:45,aa23ef1a-8cf6-40fc-a22b-b6646dead30b
dosen_source.csv:45,369b9604-0158-491e-a486-82f5969d9e94
dosen_source.csv:45,8bfb31d0-13a3-49d0-b35d-d4397d731c82
dosen_source.csv:45,0ecea755-034b-4614-9cf6-d5c9c563bead
dosen_source.csv:45,ae864947-d442-43b2-b036-4dfd48045b4f
dosen_source.csv:45,0abf6689-70f6-4387-bcdc-9795302e246c
dosen_source.csv:45,ec41ae34-3dbd-4a85-a28b-1c48f1356f7f
dosen_source.csv:45,c3e0b4a5-f00d-4cbd-8329-48a21b060f64
dosen_source.csv:45,c132364e-2638-4706-94a9-8d9350fcf645
dosen_source.csv:45,9daea3e4-d4f5-4ec8-ba3c-502a0ed3f4c7
dosen_source.csv:45,2d93af65-4f78-4674-8f81-3c523481d2b9
dosen_source.csv:45,104e1bf7-2483-4aaf-a81f-496cd6d26994
dosen_source.csv:45,6744bd01-b3c1-44fa-92c3-7bad66bd208f
dosen_source.csv:45,f28134d8-2f0b-4b69-8d05-1c1982576f9b
dosen_source.csv:45,a37ba21a-1bf4-416d-aa80-261f025b944d
dosen_source.csv:45,92bdfbf9-a931-49d4-bb31-0b81de9fff49
dosen_source.csv:45,82d64fd2-01a6-44d2-829d-febd03a8902d
dosen_source.csv:45,68c65290-962a-4b4e-bc88-fb3aff0d082f
dosen_source.csv:45,0c91db69-24cc-49ce-a132-7823f94d89fe
dosen_source.csv:45,884ca4bc-b448-41bd-8c9e-9681a6bf74df
dosen_source.csv:45,6bd720db-8f03-42af-8347-e4f6f2f165d5
dosen_source.csv:45,5c03cbe4-692d-4555-bc61-4081dff0ade7
dosen_source.csv:45,a76c2bfd-e695-4f0f-a806-d54119a67b94
dosen_source.csv:45,a9ef0fcd-c772-484e-908e-bbc1d494cb9e
dosen_source.csv:45,b4fb9895-1906-49eb-ac81-39a27ad8b769
dosen_source.csv:45,d8fe1a73-13f0-4add-94ca-87fc7ea04f28
dosen_source.csv:45,aebaadbc-2a87-4654-b2aa-ea10daedecf0
dosen_source.csv:45,a89c20db-5369-4407-a2d7-4af2192beac9
dosen_source.csv:45,bff0b40f-11eb-4805-86cb-9668e49a5869
dosen_source.csv:45,aa654bb8-5bc8-4aef-ac5a-2a77e975d7dc
dosen_source.csv:45,bda48271-3a90-4951-9643-b60efa7876a7
dosen_source.csv:45,6a1e4ce1-030a-4e9d-861f-e5472bf16317
dosen_source.csv:45,b8ac89ba-65a9-4579-abb7-fb1923eacd4c
dosen_source.csv:45,7e5f6d23-946a-426c-a8d0-5920cc806a9b
dosen_source.csv:45,e16f5458-fbd8-40b7-af6b-76e216bc9d42
dosen_source.csv:45,3d500afa-7391-4039-86e3-7005204bacb4
dosen_source.csv:45,f94a081a-a07c-4444-b3b4-10069d5aad59
dosen_source.csv:45,c83a5dc0-7652-44f2-8ad6-81f6a5ec54de
dosen_source.csv:45,4f337a1e-58ba-45b9-a7e9-a1f10f3ef934
dosen_source.csv:45,215028ff-5472-4eae-a327-41fe681d2d1c
dosen_source.csv:45,4e6985f3-7379-4993-b67a-94dd4bf3d52a
dosen_source.csv:45,c9ea791b-30b5-4c3f-9ed4-1d97b73ff849
dosen_source.csv:45,056056be-4f33-4e86-aa2e-bab224f1ec24
dosen_source.csv:45,ccba4e60-4a3f-4093-830e-86f517b01f13
dosen_source.csv:45,5b0705c2-5bdb-4855-9b3d-1a403143c739
dosen_source.csv:45,fe76ce4d-c03a-4826-8b58-db2e8bfa2b38
dosen_source.csv:45,b868cd69-0697-434f-9c46-a83becf4d559
dosen_source.csv:45,9a9f7e9e-4d97-4595-8230-a8b640322a96
dosen_source.csv:45,73883936-25ed-4f8d-a62f-11c7d7ad0dc2
dosen_source.csv:45,b9eecec1-faf3-4c5f-a246-89900d55ff0e
dosen_source.csv:45,46d8bb92-1e67-4739-b552-9639af7ccb40
dosen_source.csv:45,94e5889f-3b58-4448-ac5e-2eff3dfa122f
dosen_source.csv:45,edb1c895-facf-4370-8e1e-bdcf3d0141e2
dosen_source.csv:45,03c4959b-9230-4389-8ee0-5fc169c40a62
dosen_source.csv:45,e5aa3790-14a7-470f-babc-4aef66f00bc5
dosen_source.csv:45,94a15d28-1594-4b6b-a415-314378433134
dosen_source.csv:45,3125a47a-621b-4fd5-a61e-4246589b1ee7
dosen_source.csv:45,39bf94bf-66b5-449e-97cb-34de7919ce24
dosen_source.csv:45,e39ebca9-9608-46b7-b1f7-8464e6d42dd8
dosen_source.csv:45,fc9d95b5-1ccf-4081-8cfe-22b34e8743c9
dosen_source.csv:45,2bcaf6c1-0fd3-4d66-a0f7-3fbeab44c8b2
dosen_source.csv:45,f998e001-4eb3-4346-87a4-063cebef4bdb
dosen_source.csv:45,3f9de9d9-5c08-4ad2-9bf8-f8a335b96b35
dosen_source.csv:45,4ef5c52e-d96b-4241-be45-54e902205dbd
dosen_source.csv:45,b9fdb603-f793-4c8c-8e64-1f2e8c2fd16e
dosen_source.csv:45,242e6f21-3cc1-475c-87e2-ca08d2d0f893
dosen_source.csv:45,37ac8211-2efa-44f6-8781-4f6be01e1717
dosen_source.csv:45,2d5f14b6-1996-473f-993b-4cdba6cf3a4f
dosen_source.csv:45,794b45c3-1c95-4175-98a3-f6bb8361a553
dosen_source.csv:45,bc910ba5-bf4c-4818-b053-603a4396aca0
dosen_source.csv:45,de74964d-575e-4990-9506-8b09dc2e9d2a
dosen_source.csv:45,407f8742-374e-400c-988a-8e2e13ea8846
dosen_source.csv:45,b8917266-b83c-428a-b607-ebb9a44eda9f
dosen_source.csv:45,aef503f0-3809-4f1e-a2c2-cc471636377f
dosen_source.csv:45,f72caf14-b74a-4ccd-af23-de23fce84637
dosen_source.csv:45,94472283-9983-42db-bc93-5fa6036b7906
dosen_source.csv:45,5bb3393c-4b18-46e8-bdfe-8b3ab7b62be0
dosen_source.csv:45,d86e7584-df17-4904-9236-f1c0e8ef4ccb
dosen_source.csv:45,c5584d86-bc35-48bc-9698-30421c48350f
dosen_source.csv:45,44e8b6d6-d187-4933-929e-a74f8a4daad2
dosen_source.csv:45,0197ede7-e2a2-4091-8611-386779b1ac7a
dosen_source.csv:45,1f09c8a8-0164-41f3-ae31-259ff285f3f1
dosen_source.csv:45,a92170f7-ab24-478a-920a-29537394a41f
dosen_source.csv:45,4993a5c2-af5d-4dba-a3ef-87f082a11f7f
dosen_source.csv:45,d70fc78c-c0e9-40e9-8e2a-bb17fcbc2c78
dosen_source.csv:45,c66d8468-4709-4183-a290-8c432f21f71c
dosen_source.csv:45,1f2d589c-7938-4df9-916b-03f794bd39d6
dosen_source.csv:45,75b87477-d5be-408a-8199-d2ad66444c45
dosen_source.csv:45,52c34986-8c80-4cb1-8347-d5bd37b1ea19
dosen_source.csv:45,ebd544e1-1a3b-465b-9379-ab099727ff27
dosen_source.csv:45,dadab187-9580-4905-b132-5b60301a0b6f
dosen_source.csv:45,cdc76f89-1dba-422c-9b7b-c4620d4db458
dosen_source.csv:45,f7ed8592-56ed-420b-9598-c3df85be79d1
dosen_source.csv:45,701d780d-9007-4d8e-b064-1a9e897bde0b
dosen_source.csv:45,5352c088-06d1-44f1-a929-824475b620d0
dosen_source.csv:45,774e7afc-7942-4793-91b1-2dfb8cb52b05
dosen_source.csv:45,0c915c72-effd-4ca6-bf9b-2b80502dbaa2
dosen_source.csv:45,4d5597a6-120f-44d9-879f-b1d0a4bc2ee2
dosen_source.csv:45,3e4ef970-69e6-4836-87e8-c55d8d99423a
dosen_source.csv:45,87c115f9-9b40-4266-8161-05d04b4e9dcb
dosen_source.csv:45,9eee9036-1404-4192-9797-cf5998240ecb
dosen_source.csv:45,a1a8fca0-2614-49e7-a90b-1a6498acd691
dosen_source.csv:45,e8050f29-e1a3-4647-b5b6-03814b1430cc
dosen_source.csv:45,e4e3a603-35e1-44d4-8e02-e723e7ff04f0
dosen_source.csv:45,7dafcfca-c58d-42fb-9921-715d4f92c2a4
dosen_source.csv:45,6b304c52-6932-43c4-a685-14611d537a04
dosen_source.csv:45,d856e7ca-98bd-41b8-89ac-30796815ac24
dosen_source.csv:45,ed0fd421-8143-41f7-b8c3-8214a412ee92
dosen_source.csv:45,1e024d56-7213-4630-b662-50cceed9d3f2
dosen_source.csv:45,682c4c60-b501-4c28-badc-d5e2b68c8ad1
dosen_source.csv:45,406c303a-a13d-4f84-b62b-6aae4739d0c7
dosen_source.csv:45,b14a7928-9b7f-453c-918d-08f5edc208a5
dosen_source.csv:45,87ea690e-75ed-4360-8559-152eb84a1d05
dosen_source.csv:45,d7d9141e-cb81-4961-881a-799e7cb80dd5
dosen_source.csv:45,b0addd93-9019-4dc6-bfeb-38914e926a5a
dosen_source.csv:45,767439d2-afd4-42e2-a110-6681f088d313
dosen_source.csv:45,455b3c11-80bb-40c6-b312-37797198be90
dosen_source.csv:45,c45365f0-6bf5-4e3a-8a01-84866b1d069d
dosen_source.csv:45,ea5e48fd-9fc5-4df6-9d21-8a37387a3424
dosen_source.csv:45,14299f0f-8eef-4d9a-bbcf-9c2fb180c09f
dosen_source.csv:45,9e66e239-a563-4f4e-b5ee-751ee89f702c
dosen_source.csv:45,dbeb23bf-3f4f-4ff7-8ea7-8d11b397e3d7
dosen_source.csv:45,f3dca7d4-797a-4a3b-98e8-20455b2f2f1a
dosen_source.csv:45,014aa681-d920-4ee8-a1ef-34b8d0d6391c
dosen_source.csv:45,0a616a0b-c945-4a7b-af35-f171f7dc1a04
dosen_source.csv:45,05620966-0c08-4219-a9b9-df7edb1ddc63
dosen_source.csv:45,ed3efdf9-da20-4bc2-85c1-496d2d4358a0
dosen_source.csv:45,b093386e-2174-4cf7-aab8-03692ebe72cd
dosen_source.csv:45,18e2a109-5ff3-4e84-8462-d7cc5e6ab30c
dosen_source.csv:45,3f34c4f5-7806-4b67-8eff-b49e9bddf09c
dosen_source.csv:45,34022732-c7dc-4a98-8b0a-3c6972c5354e
dosen_source.csv:45,9c383ba2-3576-496a-a486-5ba3ece8e31e
dosen_source.csv:45,7a4278d5-d696-4a22-89fd-38db9d01caf5
dosen_source.csv:45,cf0d209a-b85a-43c7-b89e-c8f300896f5a
dosen_source.csv:45,445eed69-fe3d-4e6c-8e95-710e105f72ca
dosen_source.csv:45,37d5ce81-4e2f-4aab-a3e5-abdf2d035406
dosen_source.csv:45,323c0905-39e0-4a9d-a95e-335c18974b9c
dosen_source.csv:45,0916fca5-83c2-4b3c-877c-18ffebd3b5c6
dosen_source.csv:45,18b074da-2f8f-4b10-b159-916f13c8f2bb
dosen_source.csv:45,2c23b8e9-83c4-4fb9-b0c6-ba3faebc9c3a
dosen_source.csv:45,4b963384-9019-4fde-b5c1-938cb0864b89
dosen_source.csv:45,c29eda48-818d-4a16-8600-8936f3fc3597
dosen_source.csv:45,eda442d3-5400-448c-b617-d458cbc5c9f6
dosen_source.csv:45,5397eaf5-0a3e-4fb6-bd2c-e3731d6c07b1
dosen_source.csv:45,46386a9e-c234-4f0f-8bf9-1cc5d6e2400d
dosen_source.csv:45,0e0b7f23-5148-41f6-9ed5-9f6d1aad193e
dosen_source.csv:45,728ab9a0-9ff3-4d13-be82-cbc75e6990a1
dosen_source.csv:45,3a112682-c4c1-4a1b-98e5-36e3496c560d
dosen_source.csv:45,f58dfb62-6b93-4d5b-bd85-5f6717ec713a
dosen_source.csv:45,76eae676-5469-43f5-bd9b-e1df2a508d65
dosen_source.csv:45,787d73bd-235e-468d-abf9-3040d1b6c99f
dosen_source.csv:45,245dcd96-77a0-407c-94a7-d9225516f842
dosen_source.csv:45,279148ae-49f3-4cef-8174-a97ec7a78497
dosen_source.csv:45,b899a44b-5850-4fc3-bcdc-799d0bf1a281
dosen_source.csv:45,e05ad3ec-eeb7-4d56-bb24-854c8f882850
dosen_source.csv:45,a5e978d8-586b-4509-8a8e-40901196fb74
dosen_source.csv:45,9f78ce4a-5a7a-4ecc-9be2-4d27dd215ad1
dosen_source.csv:45,956c79df-f335-4e67-94bd-f11150b66962
dosen_source.csv:45,0aa0c73b-8919-4297-8249-1f4a3008c7e8
dosen_source.csv:45,dcc4d163-4d65-4360-ba40-1f1438bc0025
dosen_source.csv:45,b55a1ad1-bf43-45f1-9e6e-eeb2d7d171da
dosen_source.csv:45,cb133fc5-c9b1-4c57-8d45-ce0eb03bfb14
dosen_source.csv:45,07f89758-b187-4962-87c5-a32b102299cf
dosen_source.csv:45,662c2af8-cca0-46c8-8f83-295f0b942a27
dosen_source.csv:45,5020a7b5-5254-4c4d-b70d-b999c321d495
dosen_source.csv:45,f3ab1c58-511b-4771-8239-da5f5b30a5e4
dosen_source.csv:45,944f02e5-d954-4c9e-8de6-fd30f5c5a4c0
dosen_source.csv:45,a846e2a3-30ff-4588-a62a-acbae7d6aee9
dosen_source.csv:45,a5c0b428-845d-487d-8535-8047f6242ce7
dosen_source.csv:45,c6c467c1-75ea-48e4-9065-1fb75fcabdfc
dosen_source.csv:45,b76afde7-9b13-45c6-aeab-6cde63a058ed
dosen_source.csv:45,29243535-5eed-4679-ae89-0bcb305749e7
dosen_source.csv:45,81b12c37-707b-4488-86f3-550d55ddb7fe
dosen_source.csv:45,5f5f7aa1-f957-48ae-90bc-87d9aeb2bf29
dosen_source.csv:45,50e60d14-729a-419e-a534-22c0a02a5d5f
dosen_source.csv:45,743996d0-8632-422f-aaf9-3ff2d035cd71
dosen_source.csv:45,99ebfa81-1837-4c70-ac3e-ade7945c4111
dosen_source.csv:45,7940bf45-b029-42b3-aacf-7d68b257e02e
dosen_source.csv:45,2925898d-d546-467b-8015-b1fd88e9732e
dosen_source.csv:45,50dca6c4-e688-41d9-9c09-f19787b3dc51
dosen_source.csv:45,2dd5b542-1b19-435e-b345-297e611c4db8
dosen_source.csv:45,0a82f35f-0726-4d6c-9f31-eb41ddc1cf31
dosen_source.csv:45,05149983-e69d-495c-980e-53a5d38b9df3
dosen_source.csv:45,6cf068ea-29d3-4226-80c4-27a73821935a
dosen_source.csv:45,66d2c559-2587-4f48-a6d1-aeed6647bff2
dosen_source.csv:45,9322a8d7-68ec-4a01-bac1-f1969568e014
dosen_source.csv:45,d946f1f2-0be1-4fa9-8f23-6f75a6b33eca
dosen_source.csv:45,bbb9ee95-c0c3-4981-9ea1-3b3ac88a0440
dosen_source.csv:45,4e498d4a-8d41-4c6f-8684-f254b9adcf57
dosen_source.csv:45,7b6d1b4d-66cb-4bce-88f7-4f42c6333736
dosen_source.csv:45,92dede9c-4fa9-492c-8ecb-0433b8427d52
dosen_source.csv:45,65b76faf-7747-44d8-b8d6-fdcf8924bcfb
dosen_source.csv:45,f0384c18-aede-456e-89f8-f26735ffe531
dosen_source.csv:45,a561afec-fed4-4db1-b51b-bfd6a6b03c94
dosen_source.csv:45,20f9ae79-d087-4d5f-923a-c05a29108e66
dosen_source.csv:45,b2186464-d805-4736-a14c-9b4aa358adb9
dosen_source.csv:45,f586ab7a-cde2-4c50-bae2-a35fa3a4770a
dosen_source.csv:45,76d8e5cd-931a-4757-aa12-bb46e63e9baf
dosen_source.csv:45,cbeecd98-3db6-4a14-9346-d342cdf494e7
dosen_source.csv:45,b4fa4406-cfae-473d-92a6-fe51a0590e03
dosen_source.csv:45,4e15fd31-0f47-401b-a90f-363a1bd29e1d
dosen_source.csv:45,9fd7724a-bb3b-43fa-a1d1-d8e28c5d94b0
dosen_source.csv:45,5c2920ef-1742-4328-8a33-b4c113ad6c25
dosen_source.csv:45,e6c3f4ea-554f-4361-8e34-05dd5793dc06
dosen_source.csv:45,ac92838b-1ee6-4935-9cc5-a71e78ad816f
dosen_source.csv:45,41ece490-ef6e-43f8-8419-d5ac1d50c59c
dosen_source.csv:45,d1385030-3ed8-4783-8aa9-4fb589030f81
dosen_source.csv:45,a9600ff0-3f9f-4905-aaa3-fa548e219cda
dosen_source.csv:45,53ee6b5d-5478-4c6d-b94c-d805aee45bb5
dosen_source.csv:46,0c3575e3-6910-41c7-b12d-a7c51e435add
dosen_source.csv:46,9321f490-cfe3-45ec-9377-0308dd629c51
dosen_source.csv:46,b2a31906-cc35-4aab-9ab6-a1dcc28d2ef4
dosen_source.csv:46,fdd165a1-b93f-46ab-9b52-490788ba883e
dosen_source.csv:46,0dc21107-1786-4018-b3d2-6777538e98e5
dosen_source.csv:46,e5f681b0-e2b2-4ac0-93ca-830cbed9de72
dosen_source.csv:46,89bd4d4d-6442-43eb-8fae-13dc1366f406
dosen_source.csv:46,7df90cf6-7046-434d-b81b-601869823100
dosen_source.csv:46,06e76aae-f33a-4506-aa23-6589d2381ea1
dosen_source.csv:46,5364aa09-aab3-4805-bc26-95d6b81e9f54
dosen_source.csv:46,2a89c3c6-7454-4c18-9d1c-e29f468a12d1
dosen_source.csv:46,c13f34b6-df41-4739-8023-47bfecd31900
dosen_source.csv:46,8d052c2f-1d99-4a73-9c2a-beff33e7e974
dosen_source.csv:46,bfcc3673-213d-445e-87a9-cbe5ce47d9ee
dosen_source.csv:46,c5caa468-2a38-4f62-890d-2f5c635a2c2d
dosen_source.csv:46,47162344-2c98-4b88-8103-ba3d54525dec
dosen_source.csv:46,17f7d5f2-e247-4d56-833a-ce8298b90e05
dosen_source.csv:46,489c57b8-93a9-488b-aab6-ef62f12734e8
dosen_source.csv:46,8b95ee0a-e1bd-4605-8474-c07119fe331c
dosen_source.csv:46,f3ab4535-212a-4887-bb51-6b84a8e1c2a9
dosen_source.csv:46,e61ada72-cda5-453e-8eb6-1ec924bc7d0a
dosen_source.csv:46,c54a0f22-25d2-4e28-8519-07a91245ed98
dosen_source.csv:46,e146185c-04d7-4b0b-b26e-f770aa56c8a9
dosen_source.csv:46,33398160-e0b6-4fed-b409-340325173822
dosen_source.csv:46,5598080e-ee35-46af-9d39-a6ba3e660e27
dosen_source.csv:46,f4dbfacf-968e-452a-a450-30133744e7f0
dosen_source.csv:46,77ae7972-e49d-4366-b811-3cced84d41b5
dosen_source.csv:46,b4f3bf4f-2be2-42c6-a6ae-15b0a3342a62
dosen_source.csv:46,aab4ffc7-f4d8-4378-844e-a97385ca4167
dosen_source.csv:46,f437cbea-2447-47e4-93d3-e82296d3e739
dosen_source.csv:46,abb6bcb5-7f9b-4c7f-976d-fe664febf4fb
dosen_source.csv:46,a7111367-5dfc-40d4-97c2-9c11e2652d6d
dosen_source.csv:46,f519b830-cda1-4f29-a28e-9cce10b4ce84
dosen_source.csv:46,54ec4219-9809-4f73-86e5-b49bc381f647
dosen_source.csv:46,8e5ade1d-43f2-4bc4-bc22-74b43d423aaa
dosen_source.csv:46,4c5b1d7b-9dc8-48b3-843a-cb1075d4d7a7
dosen_source.csv:46,18bf9635-cc6a-4f99-831a-0ccca384ea23
dosen_source.csv:46,2457bc24-3637-465d-800a-4225de4f3548
dosen_source.csv:46,a599167a-42e3-4cfe-ba8b-2157376d6b9f
dosen_source.csv:46,a691edb8-b64d-4a3d-90cc-329ac8ca3b3b
dosen_source.csv:46,3cefeea8-4546-4b39-8177-da68e5cc967b
dosen_source.csv:46,a76c3395-f969-4076-8cf6-cfbff85b6910
dosen_source.csv:46,8aba481f-c63b-4a0b-9446-4558424c08ad
dosen_source.csv:46,fca9b14a-db58-4ac3-9117-2caae0c76bee
dosen_source.csv:46,168ae1dc-2104-45ff-bf6f-46bd3081ca3c
dosen_source.csv:46,c6bd7b1d-a9f0-4413-9283-869e94cada9e
dosen_source.csv:47,27ffe0ca-92f8-45f9-91fa-baa9bf79fe82
dosen_source.csv:47,3d79fc55-0a8b-407e-a14c-5311eb4023a9
dosen_source.csv:47,c74ac84e-d0af-4b98-ad86-155f445a6e70
dosen_source.csv:47,acfb330e-0719-48b9-be9f-2cf4d3733be1
dosen_source.csv:47,305ce3e0-80ca-4c1e-af6f-e7a862e93376
dosen_source.csv:47,d0615bd5-3568-4d5b-a2e0-fb45741d622b
dosen_source.csv:47,354e42d8-5b64-4039-953a-328ef05d1c52
dosen_source.csv:47,5d72058d-f9bc-4b74-b969-2900d0f744d4
dosen_source.csv:47,65947e03-6d3e-4700-8630-897b85db470b
dosen_source.csv:47,6a059d2d-43a1-47d3-9e37-4eae389ded27
dosen_source.csv:47,eee8c510-2cba-48cd-83f7-63bbc97a3273
dosen_source.csv:47,05626c4e-7cd0-4db5-9582-d68317feb1dc
dosen_source.csv:47,f399ab52-b984-4d57-beb4-d3c827547dba
dosen_source.csv:47,79fa301e-8116-439c-9fe6-eb965a8ece52
dosen_source.csv:47,ab90dbd5-5b92-4ca1-8801-54d25c3c1999
dosen_source.csv:47,1ce20da9-c8cd-41e3-9b31-3f772e116cb3
dosen_source.csv:47,3462fb2d-5de3-457a-ad00-bc83508b8ea7
dosen_source.csv:47,0d3249b0-b570-45a8-bc8c-a3bb7f30ba45
dosen_source.csv:47,870c2550-aca2-454b-af60-516675f12c5d
dosen_source.csv:47,9e10c8fa-0293-4d64-8e3b-883cb6b01b5e
dosen_source.csv:47,27e3f21d-5150-4f14-ba77-fa169eeb71e9
dosen_source.csv:47,4c58e2e7-f9b3-4148-b386-a30294134ee5
dosen_source.csv:47,ec0c1982-a4e6-407b-bff9-e70ef4f53f44
dosen_source.csv:47,701dbc29-b3e4-4df3-987d-1214c84e30c4
dosen_source.csv:47,1f12cb9e-edc1-4f28-8d8a-85bb54daed5f
dosen_source.csv:47,4ba2739b-ccd2-4daa-b956-8b6158c27768
dosen_source.csv:47,bba4a12f-f0c7-436d-8777-bd9412be2146
dosen_source.csv:47,867e4ed2-72b8-45b5-8353-8c24ff280059
dosen_source.csv:47,aeb02979-c258-4d82-ac64-5b34099dac63
dosen_source.csv:47,f8dddd3d-957a-424c-b100-6fbf3c69811b
dosen_source.csv:47,66a79732-cb20-461b-9cf4-80558bdccd28
dosen_source.csv:47,af122c15-5675-44da-8c73-8311507120b4
dosen_source.csv:47,311c5ffb-6fa9-4ab5-8cc0-371974be4785
dosen_source.csv:47,73faee47-adff-47b1-96e7-23bc00139cdf
dosen_source.csv:47,3830ee8e-aae0-41db-885d-9407a777b625
dosen_source.csv:47,4841c5cb-5aca-444f-9b5f-32eef8914348
dosen_source.csv:47,a1914c9e-47c0-45cf-96f7-9f087267a34d
dosen_source.csv:47,48b3b06b-9056-4cf5-a312-ebda0338625a
dosen_source.csv:47,55ad020c-cec9-4bb0-8c16-92fd5aaa07de
dosen_source.csv:47,4300237d-bfbd-4211-97a2-8b28c1432489
dosen_source.csv:47,4cbcc3e1-d94f-4fc7-8cba-1db2e0e1a4fd
dosen_source.csv:47,f7780dea-2668-4142-993f-11cfd0775186
dosen_source.csv:47,3afcc473-a8c6-48d4-aee7-cab8407f18c9
dosen_source.csv:47,931b2654-9fea-42e8-ad8f-c71fb8d432c4
dosen_source.csv:47,767439d2-afd4-42e2-a110-6681f088d313
dosen_source.csv:47,93a20bf4-d326-4f8b-bdbf-2c3e43f636e3
dosen_source.csv:47,97d7ca7a-9cda-4ca2-843e-82726f9caf8b
dosen_source.csv:47,cf294ec3-5450-469f-96a1-e4d785a253a1
dosen_source.csv:47,9cbd436c-9768-4194-adbf-6604b7b4f856
dosen_source.csv:47,928c956c-7e6e-4a76-80d2-4b770d485daf
dosen_source.csv:47,a2e3e28f-dea5-47b3-bd2a-009515baf961
dosen_source.csv:47,af631d6a-2a3f-43c0-9a8c-cd3efdaa115e
dosen_source.csv:47,90f0f6ad-31e1-4be4-9764-ad48d007d36f
dosen_source.csv:47,2d64fa48-4cdf-499e-9d8c-a7cd1b421959
dosen_source.csv:47,44345e9e-96b0-4200-8196-17ae83c70f02
dosen_source.csv:47,4fb04dc4-787d-4aa3-943c-a11d8a44919f
dosen_source.csv:47,682c647d-eceb-495b-a7e5-989b9e960901
dosen_source.csv:47,1309e9e7-b532-47bd-97ad-aaf764c10a67
dosen_source.csv:47,9f9ac5c2-a474-406b-a29f-bb7c61ef1937
dosen_source.csv:47,4309e159-0f9e-4229-b67a-0dad8a44b4ef
dosen_source.csv:47,e7ef300b-4d20-468b-8c73-9881d609c9f5
dosen_source.csv:47,a8dbc38a-4ed7-43ed-a57f-f1f7ae77c221
dosen_source.csv:47,7c59e844-58a9-42bd-a740-230b048e7997
dosen_source.csv:47,38e2866b-c26b-4e90-a11c-37c09055acd9
dosen_source.csv:47,76b9c5ff-303b-41b6-b3db-1a24cca68a10
dosen_source.csv:47,11768bff-1124-428f-b395-118fb9ef45fc
dosen_source.csv:47,7a7eb538-c3bc-4e5e-a780-8d69a2316f8d
dosen_source.csv:47,cf967dc1-72b0-4d75-a4cf-183edaa73f0b
dosen_source.csv:47,6d126a65-d12b-4b25-b231-3dbe21d13f2b
dosen_source.csv:47,48d651a7-8b37-4229-a1c7-4e9a7ba13b10
dosen_source.csv:47,71784182-fd91-4b45-a9b3-741e65549e64
dosen_source.csv:48,89fa855a-b5b8-4a3f-b1a3-7a8bac15b978
dosen_source.csv:48,d3897912-9642-4b3b-9b4b-5d7fca90015f
dosen_source.csv:48,aecec379-0a68-47a3-b627-1073144d9899
dosen_source.csv:48,44401c36-c0ad-4fef-af9c-c34cb9836632
dosen_source.csv:48,03e1584a-fdfb-4ce1-b253-1768e5a6aac4
dosen_source.csv:48,3ccb77ee-e0e4-4dd2-9c4a-398ac48e3fa3
dosen_source.csv:48,c4908553-c8d0-4817-9fa3-e9264cbbec1d
dosen_source.csv:48,7963306b-e26d-4f6b-8923-821f9f502bbf
dosen_source.csv:48,d33ab0ad-6a8d-429b-8f58-6c8135588350
dosen_source.csv:48,deb4f0b2-150f-4846-80e4-4c91c347d5a3
dosen_source.csv:48,b530cb92-552b-4e46-944e-b31692cb7565
dosen_source.csv:48,7c35f536-c23b-4f96-807a-bc78b08f9b11
dosen_source.csv:48,2fee03e3-1a9b-4a0b-b8b0-e9b210fc7b2a
dosen_source.csv:48,04ab3a7a-a917-4ee5-a164-170c9a706073
dosen_source.csv:48,cbffb9dd-9ffd-4cac-b072-d7f4ed8c868f
dosen_source.csv:48,dac1832a-2763-42bb-8a4f-e688a5e15e56
dosen_source.csv:48,f1f1b428-9df8-4db2-a4ce-a9109f74aab8
dosen_source.csv:48,a41c90fe-4c53-4f74-8b61-fc7511e69e69
dosen_source.csv:48,90ff63ca-1098-43d8-bdef-cb2582269d30
dosen_source.csv:48,2a5acf5b-94bd-41c6-8f08-21e31c1e5ccf
dosen_source.csv:48,3197d48d-55e2-4f5a-94c7-283eba5ebe5b
dosen_source.csv:48,a9d8fdaa-4caa-4428-b128-0c524f44f638
dosen_source.csv:48,4494e521-af5b-4ff0-bb87-13eeb81df7b9
dosen_source.csv:48,44f4588d-04d6-48db-9af9-74e699610411
dosen_source.csv:48,db2f6e30-a4c5-4717-b73f-c22cb9967d82
dosen_source.csv:48,1d3d363f-773f-4441-b118-360322a1d094
dosen_source.csv:48,0ba81e91-f788-4b24-b8f1-67359d84d5a5
dosen_source.csv:48,4c6ae5a5-74a7-4578-a2b9-a96014f1c43b
dosen_source.csv:48,eba12e42-66ba-4391-a079-cef2d11652e7
dosen_source.csv:48,3470ccc5-ee7b-4795-9b67-1ec7cac91344
dosen_source.csv:48,63e441d1-7ba7-4a0c-8b9d-083fa7587e29
dosen_source.csv:48,f7729b06-35f8-43c6-bfe0-88c45a58b967
dosen_source.csv:48,322b8013-910c-45a6-a5e0-dc2556b4e9a8
dosen_source.csv:48,05fdb2bf-dc1d-4fb0-83a1-b00a99881697
dosen_source.csv:48,dd5418c4-3473-4afd-a592-bb0aa3f0367f
dosen_source.csv:48,b9e107d1-21e8-402c-a877-d8c7db94ee66
dosen_source.csv:48,ccaf0e19-c063-4ce1-a181-1e25510709c4
dosen_source.csv:48,12087570-579b-427c-a100-0b9dab18649a
dosen_source.csv:48,b855a8eb-d464-4fdf-9bfd-ac43bb7f7f15
dosen_source.csv:48,a74ce1a8-6681-4243-a846-62e3d82a919b
dosen_source.csv:48,110203f5-ffd0-4228-aaaa-43083956065e
dosen_source.csv:48,a38d77e3-d676-4e45-bc78-8d889f857bd9
dosen_source.csv:48,a33b507e-1963-4673-969e-6b2af7c5a95f
dosen_source.csv:48,d18f9461-ac2f-45bf-955f-405fd15d33d5
dosen_source.csv:48,870d9211-c04f-48f0-b44f-c76d97c8bcde
dosen_source.csv:48,a97cb446-b7c6-44ac-97d3-66a6e35d61fe
dosen_source.csv:48,c8c120a4-93a6-4b59-9eef-8df58e1374b4
dosen_source.csv:48,fc4cc0a0-7325-4812-ab13-d559fa25aa3c
dosen_source.csv:48,9ed987b5-99e0-4a86-aee3-8c7e3f889549
dosen_source.csv:48,aa65c436-909e-4683-9184-170a232535c2
dosen_source.csv:48,3f1b1b63-a798-433f-82bb-d9828999df5b
dosen_source.csv:48,55e489fb-71d5-4fc0-b41b-a53131b3b966
dosen_source.csv:49,e6af2aa4-9749-4a20-bf6a-17c70081b985
dosen_source.csv:49,ff87ceb0-abc0-42d5-b4c3-e686aeba8cb7
dosen_source.csv:49,138278bd-fe40-4f3c-8bfc-22a992249eba
dosen_source.csv:49,d327c3fd-bef6-433c-94f2-f38ef0adf421
dosen_source.csv:49,6c4260ab-1131-4401-b1cc-1655a9f3a168
dosen_source.csv:49,8ea4fcbe-81b0-41bb-b5a9-78af8d5a9955
dosen_source.csv:49,af122c15-5675-44da-8c73-8311507120b4
dosen_source.csv:49,ed0fd421-8143-41f7-b8c3-8214a412ee92
dosen_source.csv:49,5c009c82-a97f-4b56-aa83-94f9ebc75499
dosen_source.csv:49,743996d0-8632-422f-aaf9-3ff2d035cd71
dosen_source.csv:49,f9bf61d1-9d06-426c-9f32-1d7e02b53298
dosen_source.csv:50,b633557e-d081-4e80-8a5a-ff85a0bb78b7
dosen_source.csv:50,e4d801f1-22bb-4df5-9cf6-e23d3ee64dc4
dosen_source.csv:50,12a4adc8-8c25-4f56-b7e5-c86d69da9982
dosen_source.csv:50,31f27980-a4d0-4642-864c-6ccf26d4c949
dosen_source.csv:50,cdeb339a-659a-44aa-a6db-af7056991bad
dosen_source.csv:50,4c637ec7-9bc6-456d-a7a7-18ec88244201
dosen_source.csv:50,9c3886f7-33b3-4cba-8e22-fe7c383e0763
dosen_source.csv:50,138278bd-fe40-4f3c-8bfc-22a992249eba
dosen_source.csv:50,cbcb285d-fe7b-4a30-a998-aa2b6f4a8a3e
dosen_source.csv:50,429e3c15-cbf7-4eb6-a155-900e8114e224
dosen_source.csv:50,ed0fd421-8143-41f7-b8c3-8214a412ee92
dosen_source.csv:50,a69ed251-ad0b-40ca-a0ee-f2a22e40ad56
dosen_source.csv:50,ed4e50ca-370f-4b8c-934e-b7ecf5c2c4f2
dosen_source.csv:50,f4d6e7d7-616c-4a20-a136-fbca50900e09
dosen_source.csv:50,38a6ced6-00fe-4b01-a314-489c7f52988d
dosen_source.csv:50,2639f9a4-f01f-4581-857a-5f0de9863649
dosen_source.csv:50,62351232-3f32-4771-8ffc-139f060bc93f
dosen_source.csv:50,7c80feff-2ecb-4ad0-a066-0fbc064a3b73
dosen_source.csv:50,f05fd410-05f0-4d4d-a8ed-b301aa21d4c9
dosen_source.csv:50,4f5942fe-a81b-47f2-8c81-2dc1005bf687
dosen_source.csv:50,aa857dd7-e352-4613-b731-cd5d73f4f115
dosen_source.csv:50,a7809935-6d93-489b-850e-9bd201a6346b
dosen_source.csv:50,705e5ed4-367c-463f-8dbf-96516bba1ab9
dosen_source.csv:50,147c0c65-cbf0-4b1b-a0db-155fe89036eb
dosen_source.csv:50,13b80d69-5f8f-4fb2-9731-04b15817943b
dosen_source.csv:50,e9037dc5-0e1d-4b94-a8ee-2fdc0de3e45a
dosen_source.csv:50,7157127e-72dc-4fa5-a736-438d0e3795a2
dosen_source.csv:51,4da2a725-0ede-425d-a9b5-49715c3c194a
dosen_source.csv:51,8d18ced5-7ed8-4e6e-ad88-ce9e840c64de
dosen_source.csv:51,05a9524c-c715-4d08-9291-88dfbc93809a
dosen_source.csv:51,2041b2fd-6214-46d7-b55a-f11a037c8a83
dosen_source.csv:51,65fa4ec5-c9c6-4636-899d-f7c77bc3fad0
dosen_source.csv:51,8e877d32-e988-4afc-8a72-d80edef05aaf
dosen_source.csv:51,f8d5152d-91e9-4f22-a51c-090da5246c8a
dosen_source.csv:51,2b2f5f39-13fa-48a7-8da8-8999d200383c
dosen_source.csv:51,817c956c-4e56-4aa4-a461-a13678a859b5
dosen_source.csv:51,926f98ec-f8d8-4a03-8e10-07e82f1189ef
dosen_source.csv:51,86ea34bc-98d3-47c0-93d8-6d560666e737
dosen_source.csv:51,3ab23512-4fa6-4e34-ab2a-762eda145532
dosen_source.csv:51,4e86fa15-d9f9-4624-aabe-647ebccbc047
dosen_source.csv:51,478aedc4-eb74-4740-a041-743d2a07b545
dosen_source.csv:51,e9938508-bb47-465c-b77f-0438568810bc
dosen_source.csv:51,199345f6-3938-4d17-bc41-0e2ae98df5f4
dosen_source.csv:51,a85fdb95-ef29-4068-82b8-49760715f4ce
dosen_source.csv:51,c952689b-c57f-4e82-ad39-174864a2aa72
dosen_source.csv:51,2f135edf-8446-48d3-ba85-99d866fb8f76
dosen_source.csv:51,bbf22874-cf7a-46c0-aa3f-9526f74bcc1a
dosen_source.csv:51,917188e6-5785-4d0b-9b7b-fecb8a022ed1
dosen_source.csv:51,bee5d48e-5246-42b8-b10c-61c87e7bf299
dosen_source.csv:51,ad5ef5ce-0d8f-4295-aceb-35821ac2be1b
dosen_source.csv:51,e2e0bc27-7f52-4638-ac68-090bc7029a08
dosen_source.csv:51,4a643652-c640-41ab-a2a1-9ddf1e058f17
dosen_source.csv:51,4c71aed8-a1c9-4e13-9e32-4930c8339b02
dosen_source.csv:51,cb28b677-9f76-4b02-8f22-145e6b43d5d5
dosen_source.csv:51,333918f9-ba03-46f1-b787-da55c5597c74
dosen_source.csv:51,9179aecb-329f-4777-ae8a-d3d555c5117a
dosen_source.csv:51,637a9c2e-d871-4a9d-80f2-96235f9a2ecc
dosen_source.csv:51,845817ba-c3a6-4f89-8de1-8fa60bd6a9e2
dosen_source.csv:51,01c2662e-9daf-4e72-9233-df11673d5c9a
dosen_source.csv:51,f4621a43-9ea7-4058-8bf2-e97c5ad3fa00
dosen_source.csv:51,951e2b14-2f45-4fd6-87e3-4ff1a3243e50
dosen_source.csv:51,8ea4fcbe-81b0-41bb-b5a9-78af8d5a9955
dosen_source.csv:51,fd04b71d-cda5-4249-9c5f-34565dea74c9
dosen_source.csv:51,588872a0-94e8-4977-be52-330b30b7693e
dosen_source.csv:51,8743c7ea-df60-487f-aa06-202ec012c882
dosen_source.csv:51,f90492b8-e7a2-4c6b-8950-d7526892ff81
dosen_source.csv:51,9b9cef26-4fdf-4cdd-a224-4e272f8fdb81
dosen_source.csv:51,435688df-7e0f-4243-808f-eadbb2cc5878
dosen_source.csv:51,15c6504e-c2ff-416f-a7bd-58d5d0639d71
dosen_source.csv:51,b1e02e9f-3810-4ec2-922e-32a84923b483
dosen_source.csv:51,9eea9cf7-1800-4aae-8b6a-608314a15c65
dosen_source.csv:51,201f95f7-4a08-43e6-ad0a-6c94aefa2fe7
dosen_source.csv:51,7231188b-1ffd-4478-a7e0-9aefe96466b4
dosen_source.csv:51,921260b8-bce7-454c-8321-f61ea4a858ef
dosen_source.csv:51,42119320-fd99-4746-a585-3221844a3ab6
dosen_source.csv:51,711940e2-daec-4628-bfac-fb4dbd386a84
dosen_source.csv:51,e9ca5881-a7d4-4318-a736-01792f7b685e
dosen_source.csv:51,900c0286-8626-492d-aea7-83ded3f5f937
dosen_source.csv:51,bf4acf8e-a3ea-4ad0-9041-617414cfa1bf
dosen_source.csv:51,236a1bec-debf-44ed-a04b-8a71fbb5eb7f
dosen_source.csv:51,77b284d3-0fe4-4cda-a708-db16e0fc57df
dosen_source.csv:51,13f144d4-9913-4f2f-a9e2-a8553013f49e
dosen_source.csv:51,70b1f7dc-b549-49a8-9fca-528a24bd8728
dosen_source.csv:51,7f353055-c9c6-4050-9087-7bfb2030dea5
dosen_source.csv:51,7a145ab1-6ce8-42fb-9f60-6d71fd0ddf28
dosen_source.csv:51,37042a63-8207-4a37-89da-8cf00e1abcd7
dosen_source.csv:51,f5e70317-c4e9-4333-9d30-94716e46be3e
dosen_source.csv:51,aa857dd7-e352-4613-b731-cd5d73f4f115
dosen_source.csv:51,b0cd8e49-2620-4115-9fd5-363495a93659
dosen_source.csv:51,6d9dca3a-dc65-4ffa-becc-544f3b760968
dosen_source.csv:51,e4739584-85df-435c-be3b-5fa76a880be6
dosen_source.csv:51,4e696112-048b-4314-831e-84d4ccd89324
dosen_source.csv:51,bdb74624-69c8-419d-963a-1ede367735ba
dosen_source.csv:51,c552fb1d-fe61-40fe-8768-824e0bb37182
dosen_source.csv:51,1f6caaf3-d1c5-42e5-a5fb-bfb2670df9ef
dosen_source.csv:51,dbff67a5-397b-4257-b2ab-8057395a20a9
dosen_source.csv:51,ae00323e-2291-46ac-a288-2b021134c147
dosen_source.csv:52,fe54e835-08ad-4a4c-8798-56b4abf92063
dosen_source.csv:52,4044645e-48de-407a-9063-5a31d84e9503
dosen_source.csv:52,d3897912-9642-4b3b-9b4b-5d7fca90015f
dosen_source.csv:52,b105f5c8-d400-45fe-bbfe-79a223f4f500
dosen_source.csv:52,d9ca9cab-5d87-42c8-a6bb-e26ffca3be80
dosen_source.csv:52,35758cb8-7005-433a-bb45-28e81d120858
dosen_source.csv:52,77d19c91-1444-4b5d-9b17-5d41a5ce6df5
dosen_source.csv:52,8608cbbf-191b-496a-abcc-df56a3713980
dosen_source.csv:52,a60d14f7-0086-467e-b9ec-f2e55e2fc6f2
dosen_source.csv:52,09bad0ea-28c6-4b42-8c1c-2616266c5740
dosen_source.csv:52,1f2cb174-d0b7-4097-84bb-8abd06dd7abc
dosen_source.csv:52,a9693f4f-1ebb-42a6-91f8-acccce51f998
dosen_source.csv:52,d4af83df-53d0-4264-bfff-c4091be5a451
dosen_source.csv:52,d33ab0ad-6a8d-429b-8f58-6c8135588350
dosen_source.csv:52,06baf5a3-b65c-4d84-ade9-d4fb9d9d9c60
dosen_source.csv:52,e005be13-f641-42f4-a517-7d07e2dbc68b
dosen_source.csv:52,2e8887df-9964-442f-9884-dbc11fa26b47
dosen_source.csv:52,22aa84d4-c44e-4563-86a1-8f8ea9c43a11
dosen_source.csv:52,bb99cd14-af4f-4633-85b9-4910e0b4e351
dosen_source.csv:52,133fd795-ab8a-4777-b91a-8a2e8b272062
dosen_source.csv:52,239d3059-de54-4bd5-a3f0-29366c1584db
dosen_source.csv:52,ebf5531c-b9ed-4614-a032-0fc9a42e1583
dosen_source.csv:52,fca8c33b-df73-4519-8417-92532417650c
dosen_source.csv:52,09087f1c-a915-45ef-8b6a-2d7f6fb17931
dosen_source.csv:52,2c054a4f-8fbe-4fa2-8392-7a49bd245844
dosen_source.csv:52,f1f1b428-9df8-4db2-a4ce-a9109f74aab8
dosen_source.csv:52,88beafe0-093b-44dc-b64e-a60b4708ace1
dosen_source.csv:52,522cb380-6e60-4e74-88c1-d60a80637a69
dosen_source.csv:52,021edfbb-6c46-4bac-bf5b-be1516967c94
dosen_source.csv:52,2dd00c4c-76e1-41ef-86e7-c3207497caf2
dosen_source.csv:52,105c1fdf-7ef4-4d93-95fd-75df79fce7d4
dosen_source.csv:52,11ecaa7b-ece3-496e-b3ef-522fffda83e7
dosen_source.csv:52,54c6e94c-92ca-4739-a747-9ba04766673e
dosen_source.csv:52,8612065a-ffaf-4926-9fa4-0a4736b661a9
dosen_source.csv:52,4cb9b683-c2fb-4820-a163-53c2ebdbdac3
dosen_source.csv:52,f54a88d8-062b-405d-bbdd-e8bf2f643b69
dosen_source.csv:52,9b9b3fd0-0a8e-4f57-a1ca-d7b9a4961e67
dosen_source.csv:52,1ce4cedb-5a1a-4f9b-b2fb-b1cc4c112499
dosen_source.csv:52,8bb408c2-406a-4976-8313-5350240701b0
dosen_source.csv:52,4dec90ad-de72-46ea-a348-5dff00d3e0cb
dosen_source.csv:52,45df2b90-1e21-48f0-92db-00af3374128a
dosen_source.csv:52,8111a5e0-aa77-4547-8691-74b8f1f7dc32
dosen_source.csv:52,b3d742da-0fd0-455d-8fe3-6ae950e8d220
dosen_source.csv:52,a659febc-a77a-46c2-aaf4-112d778cb5c1
dosen_source.csv:52,d0b5e992-2510-44d9-ad02-6e353ee30b74
dosen_source.csv:52,917dd8b2-48c5-483b-9a51-a9033e07f97a
dosen_source.csv:52,7c064d62-fd0b-4959-8ceb-0226b48df803
dosen_source.csv:52,0858fa9e-2a77-4858-b0e7-3b958826bb21
dosen_source.csv:52,107b7d95-2032-4dbf-afbe-577cbf8c662d
dosen_source.csv:52,88f7efde-40a0-48ee-8e98-29767b2bc6e9
dosen_source.csv:52,cff6d2ac-f291-49a8-afa6-3520540b7c36
dosen_source.csv:52,c5c925f8-2c74-45c3-a95e-0accaba7c5a1
dosen_source.csv:52,72be471c-72b1-41ae-b03e-908619ff63f3
dosen_source.csv:52,ccaf0e19-c063-4ce1-a181-1e25510709c4
dosen_source.csv:52,6fc6e2cc-1912-4149-88ef-26c3de3ad31b
dosen_source.csv:52,ef1a85db-1323-4611-b85e-9b8cbd9fb417
dosen_source.csv:52,a74ce1a8-6681-4243-a846-62e3d82a919b
dosen_source.csv:52,7e30966c-fdda-4ab3-84a6-fd0e7bbbba3c
dosen_source.csv:52,7b3a00e3-757b-4df0-86f1-9cb48f126f45
dosen_source.csv:52,6c94af0c-591c-4e19-98f9-3e36ec48bc63
dosen_source.csv:52,b2b6b385-619b-4ff9-b4fa-c8001abe8adf
dosen_source.csv:52,c3adbbbe-1918-4691-b7f5-c9750e35e67c
dosen_source.csv:52,393d6de5-6317-49e1-a9b8-044b26b1a299
dosen_source.csv:52,b72cb0e8-94ff-4e53-b955-047b508d8495
dosen_source.csv:52,1fa76448-a80f-4d66-b189-680b8e75dfab
dosen_source.csv:52,2fc317cd-ae0f-4c76-93d5-461958152251
dosen_source.csv:53,607523d4-4f2d-4cf1-9758-dce6e9161525
dosen_source.csv:53,4dc2f828-fc8a-4071-a4cf-476807e81fcc
dosen_source.csv:53,f6bc83af-74eb-4f42-aeb7-a77d428ce7a0
dosen_source.csv:53,f81d3068-cdfb-4e45-a43f-64a01725a281
dosen_source.csv:53,550d3893-9af3-4d34-89d4-7a2c5089b8c4
dosen_source.csv:53,dae734ff-8258-4313-a7a0-42b1078837db
dosen_source.csv:53,84aa73a4-afb7-404d-8432-bb3f6a7364dd
dosen_source.csv:53,37259263-c90a-4eb1-8ff4-8051831d5f4d
dosen_source.csv:53,a0d860ed-7304-49f0-bedb-2fe0c4f46984
dosen_source.csv:53,6a5d35c2-d2c1-4c79-aed0-85d1a377173e
dosen_source.csv:53,afedc62f-bdc8-4f27-aa01-18d4cefd2c00
dosen_source.csv:53,07ff1879-2a3f-4e80-ab92-e881fb85f53e
dosen_source.csv:53,561f919d-79f2-4534-8d47-85e7276120b3
dosen_source.csv:53,814d2acd-0689-4e33-8e08-7889c5bdfc5b
dosen_source.csv:53,8987a514-0f0f-48b3-8cc8-039b30f3d9a3
dosen_source.csv:53,33c78ad5-f42e-4b66-940f-5f0e36688bb9
dosen_source.csv:53,ff935d0a-9f5e-412f-8e8c-1359f036ff03
dosen_source.csv:53,4aca2376-ff50-466f-9c43-b75b4e897d67
dosen_source.csv:54,a6b82c8b-4223-4e33-a456-bc5d931d41fe
dosen_source.csv:54,6e76504a-2dc8-42b1-a73c-fcccd3300465
dosen_source.csv:54,5ffd0c17-57d6-43e9-b1b1-b9f990c6d4f1
dosen_source.csv:54,32c8abb1-dabc-4346-95f6-2aba3245844d
dosen_source.csv:54,cd14f7ef-1349-4618-9a5f-026ad26f3e09
dosen_source.csv:54,055402a0-70da-49d6-9eea-87448dec8934
dosen_source.csv:54,7d8d33b9-9b68-49e1-bc9f-222f53735820
dosen_source.csv:54,d5ee3c85-012e-4008-a282-d6940e6e8665
dosen_source.csv:54,afbbbdb8-a31b-463b-9b22-3db15f02f87a
dosen_source.csv:54,98f2f99d-3a67-49b0-a12b-ab55440e7e71
dosen_source.csv:54,d05e3649-4b2f-41b0-b2c9-ca69b8ac6c9c
dosen_source.csv:54,f3bac86a-b3d9-47da-80af-cad7ac4d0c20
dosen_source.csv:54,98714c31-7e59-4fe5-8a04-61b2f7536a25
dosen_source.csv:54,d14a70e1-c1c5-4758-94e1-abea00e42b3c
dosen_source.csv:54,632b1820-5199-4969-9a83-a66df2afef85
dosen_source.csv:54,b7d4fc45-1f85-4acb-ad79-7c98f9b9cc25
dosen_source.csv:54,9370dd1e-f5f1-4956-a62b-03beb1c5dcb9
dosen_source.csv:54,5d60854f-8f63-49ef-a2a0-405174159017
dosen_source.csv:54,d5c5238a-c467-48e9-b03c-bd2e785637a4
dosen_source.csv:54,5ae54dde-5cd8-4eb6-a0d7-8e83938fe5d2
dosen_source.csv:54,f8be8751-1eb2-4dd4-905b-f1f6f0d3387d
dosen_source.csv:54,0cc2ea71-8e00-4cab-87a5-1edd323c7560
dosen_source.csv:54,f4c42cc8-546a-4d51-bf4c-582f1a698c81
dosen_source.csv:54,1c09f970-5a25-4153-a85e-856a601c6acd
dosen_source.csv:54,f9bcb380-1e2d-4e46-b8cf-4d37a5dda365
dosen_source.csv:54,c27727ec-7a49-4293-81e1-3bf4cfddbcd7
dosen_source.csv:54,5e7eaae3-eb11-477f-9091-f79fa256d619
dosen_source.csv:54,d2be5f69-3724-481a-af16-4c4105225009
dosen_source.csv:54,f6786688-d088-48f0-8bee-81b5de7fe87a
dosen_source.csv:54,42bdbe21-7892-49c6-a60e-916c1d7137a2
dosen_source.csv:54,020d041e-3e95-4449-bb72-4c2a41760afb
dosen_source.csv:54,e8544f8f-47e9-458d-ad10-bf1e81e200e9
dosen_source.csv:54,58256b9d-6ef7-4c40-9007-c1a747d5622e
dosen_source.csv:54,7d993e35-e5c7-4c6a-b187-2db88c7f626c
dosen_source.csv:54,c7093777-b0fe-4d39-a16d-c2210505e7e8
dosen_source.csv:54,201cb9cd-9343-4d28-a1e3-e67b810e9789
dosen_source.csv:54,f5cdfc4e-8eca-4cd6-9b33-e5ae3ed1f4ad
dosen_source.csv:54,4887666a-26d8-44c2-ae48-988d00a61e45
dosen_source.csv:54,f94b3298-d49b-4b7b-bb3d-643df7f4e335
dosen_source.csv:54,13d0654a-f354-4ea4-b9f7-1c1c3cfa568d
dosen_source.csv:54,fc5c37fe-3938-40c6-957e-da3472f949a1
dosen_source.csv:54,f5859e93-3412-45b0-baba-f5009db2533b
dosen_source.csv:54,9b2b9b08-3e4a-4d55-b684-e90d1d4ff19a
dosen_source.csv:54,5f444e2f-ab03-447f-8768-d89ed913021a
dosen_source.csv:54,a72031c6-eb59-49da-88dc-aca77b2e0cba
dosen_source.csv:55,cc53c739-36e7-4daa-992a-71d858038976
dosen_source.csv:55,f7b56288-3137-46aa-b64b-349d7c046442
dosen_source.csv:55,c62f64fe-07fb-481a-81a3-fb3d3b1dd970
dosen_source.csv:55,fdd165a1-b93f-46ab-9b52-490788ba883e
dosen_source.csv:55,38bc8fe0-1af9-49c0-bfb5-3cb9aa18f68f
dosen_source.csv:55,5fc2ce3a-1cb9-44c6-b761-e98899e4a4ad
dosen_source.csv:55,34db06f4-1177-4a2a-9d27-513711a181f6
dosen_source.csv:55,34d7e3d2-e804-4305-a6b1-51321db82ceb
dosen_source.csv:55,81e24e5f-0266-4dca-8700-60bc2e8b5dd1
dosen_source.csv:55,778c74ae-a90a-4b5f-b537-1a9758865b5d
dosen_source.csv:55,c75e272f-9165-47f7-aae8-58999a0fbda6
dosen_source.csv:55,5f820f32-878d-4556-8192-58b7d3f9f114
dosen_source.csv:55,89bd4d4d-6442-43eb-8fae-13dc1366f406
dosen_source.csv:55,9d14d6ec-3d8f-479d-ae98-2261fc663ba3
dosen_source.csv:55,6d63e2b7-234b-4c67-863c-ff30f002e159
dosen_source.csv:55,595840ea-3ce5-4a4d-8fa6-6779e2908f27
dosen_source.csv:55,f478049a-4cb8-461e-9f9d-22c79ea11afc
dosen_source.csv:55,2333352f-a925-488d-b84b-a490d5da0a14
dosen_source.csv:55,92da2412-4cca-4f7f-848c-d13cc0cae197
dosen_source.csv:55,b511b6de-5cf5-41a2-8c39-0e85a6890077
dosen_source.csv:55,74453a0b-b04e-446e-9de7-0c6fbcf13e76
dosen_source.csv:55,7722fa88-3c1a-4562-a341-5d884e4ebe42
dosen_source.csv:55,ea4ab294-b1ce-4cc7-8200-607dfc0be7e4
dosen_source.csv:55,f3426487-d48d-4a23-92f5-084fea14e1dd
dosen_source.csv:55,d5980b01-1dc7-4f55-b9fa-fd4ea11d6201
dosen_source.csv:55,483a8e66-b053-4fc7-9729-6b4a0a442707
dosen_source.csv:55,1c47e569-116d-4268-9922-c4b37e7156dc
dosen_source.csv:55,66122eae-0d59-4cab-81bf-b0d6c34cc911
dosen_source.csv:55,4abafc64-28be-4275-be57-f636dd6efa7a
dosen_source.csv:55,3bcaaafa-e4c6-47c4-9f6b-1a70e39721d2
dosen_source.csv:55,4cb9b0c8-0433-49d4-99f7-e084b6749459
dosen_source.csv:55,069e590e-d335-45b0-a2a8-fd2c0df8d6b3
dosen_source.csv:55,23840655-8552-4fe2-8b4e-3f99262f2f11
dosen_source.csv:55,527a04de-dfd6-46f0-b6c1-da348d4157e1
dosen_source.csv:55,99d7cd2e-8486-4604-ae6d-785e7b0c3271
dosen_source.csv:55,01709360-6a6d-463c-b768-8784cf07f601
dosen_source.csv:55,8e461232-9ee7-4447-91e8-729696c20eb9
dosen_source.csv:55,fdfbbc82-933d-4b34-9121-515916b9e4e9
dosen_source.csv:55,8277df08-9c24-4d88-9fb0-a1aacdb6cd64
dosen_source.csv:55,07085ebc-2320-483c-bcfc-373dd8449ada
dosen_source.csv:55,92ea3bc0-14a1-4546-8b04-b95d7dd4999c
dosen_source.csv:55,65222661-05be-43f4-b2ed-586f29a2fd32
dosen_source.csv:55,ac22665f-968b-4d71-bd35-d8b99e021f67
dosen_source.csv:55,2cda18b3-9b38-45fd-908c-f1dcbddaa729
dosen_source.csv:55,d31fb588-b0f5-4f37-959a-0d2bd127cedc
dosen_source.csv:55,7616a4c5-dd1e-4cd0-8de9-33bf90d03ed8
dosen_source.csv:55,8692e5e7-c971-4849-a67d-7c6f5590afe4
dosen_source.csv:55,f8be2d4f-86fa-43af-a018-2c07d804f716
dosen_source.csv:55,c5bf56c5-027c-4fe3-acad-668195f2a6c0
dosen_source.csv:55,bfa1c021-90f5-4394-ac9a-942abb90e1df
dosen_source.csv:55,8e5ca0d7-2882-4531-91c3-78675f3336aa
dosen_source.csv:55,469c74e4-87ca-414e-8173-3de18716c15a
dosen_source.csv:55,c6f21233-8a28-4228-9513-a6387d8de9d2
dosen_source.csv:55,5eb85780-5973-4346-8b4a-e946c3686a5f
dosen_source.csv:55,61a8598c-87e2-4b36-b405-1d1ee4cfae86
dosen_source.csv:55,3f826590-400f-4dcc-99ed-a83fda221a67
dosen_source.csv:55,578882e4-7cc0-4b2a-bbb1-e877cc74ce56
dosen_source.csv:55,ce601c3a-8892-4e00-b2dc-8f2f4ae5f819
dosen_source.csv:55,ceb2c9b2-81ca-4c27-95f0-bff8895b21ed
dosen_source.csv:55,201f760d-6d2c-4fff-9456-1eb26fbc97f4
dosen_source.csv:55,c1f6f91d-248c-45d0-b047-5c05d238b24b
dosen_source.csv:55,ec3b1e23-d9eb-4170-94fd-6fc1103d808f
dosen_source.csv:55,7fe8c1ee-6b47-41a1-a16f-daca356abfa2
dosen_source.csv:55,3592475b-5617-441f-8b42-0418e6903438
dosen_source.csv:55,e31218be-5598-4e15-9cbf-068f84e07b43
dosen_source.csv:55,d34b248e-c12d-4770-a6ee-9bd180a085bc
dosen_source.csv:55,70e0ba19-c548-4fae-ac66-9d6b7d7b28d4
dosen_source.csv:55,d0fd4f52-5acf-4cfd-b77a-debe370c1a2a
dosen_source.csv:55,d7a88fbb-1700-4192-8609-03a515bcdbdd
dosen_source.csv:55,fc943aea-15ee-44b5-8564-72bb8d3a4d89
dosen_source.csv:55,12bd580e-0970-4cda-84f3-30eb0d663bc9
dosen_source.csv:55,b4c7e500-5670-4590-9985-0c2eb08a6e2e
dosen_source.csv:55,5c5be479-7c3e-4a2b-a461-90641ea5faa2
dosen_source.csv:55,acb2413e-e8bd-4d81-bb52-73f0112632d3
dosen_source.csv:55,011d5eca-b743-4401-bf56-b9a29ed57683
dosen_source.csv:55,4ddcd165-9e65-4bf8-a5e3-6f97a8db1d65
dosen_source.csv:55,e0d3eb84-4a14-49f9-beeb-1ba0a72dde7a
dosen_source.csv:55,0d847361-e9b6-4b77-8cb2-c31aac503d1b
dosen_source.csv:55,248cef25-09e0-4791-83e7-0e836a20cc48
dosen_source.csv:55,1c1fb378-7fef-4d57-a666-e5d8251ef109
dosen_source.csv:55,0c063415-0c83-455b-a1d8-b713efbf00f1
dosen_source.csv:55,852a5d6d-c6a2-4d9a-a377-79391b9691f4
dosen_source.csv:55,af6e6d34-3250-476f-a631-9cac165f7145
dosen_source.csv:55,b52f8ee7-130c-4eba-98c3-f3bbc92b0eb5
dosen_source.csv:55,9ecafdad-a90e-465e-b9c8-71fa2c09433a
dosen_source.csv:55,9d937541-e999-412a-b5d7-9f8c84d26ae0
dosen_source.csv:55,12ae85c3-74f9-42a3-8977-607dfa97192e
dosen_source.csv:55,1559f0db-6d06-45b6-b82d-d3f1100ea23e
dosen_source.csv:55,101b3ae2-d67c-4a37-bac9-fa097da50d46
dosen_source.csv:55,6af604c6-d7e8-4b90-834d-38edab82b91d
dosen_source.csv:55,894b8277-b557-481e-b849-577b06c1cb74
dosen_source.csv:56,57cde1dc-5928-42bf-8238-fce9d01571b0
dosen_source.csv:56,90a908cb-8ea3-4694-9561-813cec711a57
dosen_source.csv:56,1ba02872-c68c-461d-b962-298afa6394b2
dosen_source.csv:56,2aec44f2-33a5-42a8-b3ee-8d4b6cdb2e89
dosen_source.csv:56,1d9098a1-c236-4b95-8dd3-8f07b883dbc1
dosen_source.csv:56,e612d425-085f-404b-b15f-443a6326cb1e
dosen_source.csv:56,963a2396-d861-42ee-b0df-1d9fe308c491
dosen_source.csv:56,2874e60e-799a-4487-901f-026273969959
dosen_source.csv:56,78705802-3cef-4720-825b-a7398eebc39a
dosen_source.csv:56,653a1501-d46a-49f6-aacf-8273d22b9b91
dosen_source.csv:56,7cca649e-052a-4dd6-879a-d91d04e9263f
dosen_source.csv:56,c17f9549-890b-4379-a6f8-1c00649823e8
dosen_source.csv:56,c9f3c16a-4271-4016-ae94-f58be6351e69
dosen_source.csv:56,827320e9-b398-4678-84b6-8561032b3c84
dosen_source.csv:56,38045879-ac6d-4c5e-9c9c-77df13c7f8c5
dosen_source.csv:56,b105236c-cbb5-4bfe-8b6f-85f357ebc193
dosen_source.csv:56,7e15d6d2-1c39-4fff-a166-da626186cc92
dosen_source.csv:56,ee8132c9-e01e-4e5a-bb1e-e5b67733712d
dosen_source.csv:56,cd1dadb0-c63c-4672-aefd-5c4381e93019
dosen_source.csv:56,18655090-faa6-4741-b302-ab3862aeed92
dosen_source.csv:56,d9d2c589-8324-43b1-870f-73e5bede2891
dosen_source.csv:56,e885675c-007d-4f4e-af29-bf662806a81c
dosen_source.csv:56,e1125d37-c904-4665-be67-d2c6ba6a53d7
dosen_source.csv:56,baa57d4b-6cf2-43f1-9ff8-c3c04140f431
dosen_source.csv:56,f93802f7-8c62-4cd9-b9b7-0d176de13a6d
dosen_source.csv:56,3f9ff980-e587-4e94-8769-d0145445c94f
dosen_source.csv:56,638aee9a-1c7a-4ed5-a31e-e9c52aceed10
dosen_source.csv:56,cbd72791-bcf0-414f-948a-aeafdea1e657
dosen_source.csv:56,a7da09ce-2ec4-4e60-ae06-d364e4cadb76
dosen_source.csv:56,659d0a4e-2eef-4744-80a8-a8626c4cb8db
dosen_source.csv:56,31a9b82f-d420-44cb-bfc4-604496141845
dosen_source.csv:56,e3f26f2e-b244-4968-b75b-b14ee8de4ecb
dosen_source.csv:56,5fcebb06-a391-428b-a333-ca40b50d5b85
dosen_source.csv:56,c88112f9-4915-486d-8d2d-3479fa29d69a
dosen_source.csv:56,fbfbb10c-8a76-4ebf-a5b0-181cd04dbaf9
dosen_source.csv:56,d9f2f745-165f-414d-8939-135567d3347d
dosen_source.csv:56,b524b944-dc7b-4fef-919f-b5da394be003
dosen_source.csv:56,14f57ec6-b5e9-4264-a38e-c5d24463d4dd
dosen_source.csv:56,a0d805a9-33aa-4709-8423-904634f23291
dosen_source.csv:56,74017578-727f-48f7-b1e7-a07c73ddd3c7
dosen_source.csv:56,6cea8b0a-4a83-48f8-8c70-b0858d4068a8
dosen_source.csv:56,8dc3a136-fa40-44df-9780-830de4d09133
dosen_source.csv:56,5e79429c-35f8-47f8-bbf9-6a9025328fcc
dosen_source.csv:56,8aba481f-c63b-4a0b-9446-4558424c08ad
dosen_source.csv:56,cf14ff03-77c0-4f59-b19d-c4c7c74f7527
dosen_source.csv:56,9a62e812-d024-4cdd-94de-5a78f9e0eb42
dosen_source.csv:57,2de2ffbf-23b3-4ed8-b4b3-21b68498b5a6
dosen_source.csv:57,2b424d74-fd1d-46e5-82e7-84d5c1c5e6b0
dosen_source.csv:57,fbd3c827-42d9-4764-a448-08a6fdf81a67
dosen_source.csv:57,71b95afb-4fbf-4112-b1ef-8be0272bf6af
dosen_source.csv:57,ae6eba85-6358-428f-bfdb-c3f677266d88
dosen_source.csv:57,fa10fe93-7de0-4a69-9f7f-2a476a4d9722
dosen_source.csv:57,65f83d98-7c0d-4bec-a950-b71689033b6d
dosen_source.csv:57,2f41e3d8-e65d-44fe-a7e2-3953c6eb3a1d
dosen_source.csv:57,5cb37df2-a639-4b53-bf16-e90116b66450
dosen_source.csv:57,20c7498b-a66c-4f60-af50-4b5e788a5e9e
dosen_source.csv:57,66944bd8-38d4-46db-ab3b-5e2151257e04
dosen_source.csv:57,2940d1d4-a745-4d77-ae2d-83e197c155a3
dosen_source.csv:57,6038484d-da8c-4238-a955-ffecd8bea9f5
dosen_source.csv:57,dac1832a-2763-42bb-8a4f-e688a5e15e56
dosen_source.csv:57,90ff63ca-1098-43d8-bdef-cb2582269d30
dosen_source.csv:57,b55680fd-54e9-4742-bb1c-a6a7a70e4b88
dosen_source.csv:57,0e0c869f-eadc-4e89-a43a-7efe541942ab
dosen_source.csv:57,df5e0cee-33f8-497b-99b6-927d71efa862
dosen_source.csv:57,54d4ae1a-6246-4ab8-8e2d-3f611afe8175
dosen_source.csv:57,8b0e165d-481a-4ccd-a60d-1489a9a793ca
dosen_source.csv:57,a36d6c22-4deb-406d-8548-79b7115716cd
dosen_source.csv:57,540004c5-b5d6-42f2-b154-fce0a866d793
dosen_source.csv:57,ea1e394d-b133-42cd-aa98-407fc89033fe
dosen_source.csv:57,f7ed8592-56ed-420b-9598-c3df85be79d1
dosen_source.csv:57,71b07076-0100-4dcf-8d97-2a543cc14c8e
dosen_source.csv:57,c99e020c-00df-4d0d-9721-12596cc83cdd
dosen_source.csv:57,cca96965-21e4-4168-a61a-4e10b70231a6
dosen_source.csv:57,23c19862-2b21-4df3-a749-0c42f3ed6809
dosen_source.csv:57,418f0125-4634-40b6-a30a-0e68dbd8eb07
dosen_source.csv:57,87421a97-2331-428f-8eb3-0fa3efb7b88f
dosen_source.csv:57,e10a815e-a024-4a06-a4e1-df9d79969d9f
dosen_source.csv:57,88f7efde-40a0-48ee-8e98-29767b2bc6e9
dosen_source.csv:57,db7e5540-c9b5-43fb-9408-07b2a355d40d
dosen_source.csv:57,b415a0b7-fedc-4033-8da5-098ecf02efa7
dosen_source.csv:57,0974e697-a983-4436-bb5f-6801a342a3a1
dosen_source.csv:57,05fdb2bf-dc1d-4fb0-83a1-b00a99881697
dosen_source.csv:57,779d89cc-7b0a-48eb-8d34-3296bf9ae1bb
dosen_source.csv:57,dd4d086e-7a02-4de5-b8d7-db7d68622122
dosen_source.csv:57,b0678b20-0a2c-46b7-9d95-3d7a0dd7737c
dosen_source.csv:57,b855a8eb-d464-4fdf-9bfd-ac43bb7f7f15
dosen_source.csv:57,b9b874f5-0e8d-4220-ba2b-3dbd49c8c550
dosen_source.csv:57,2612a360-88b6-4bc3-9e5d-163315437398
dosen_source.csv:57,110203f5-ffd0-4228-aaaa-43083956065e
dosen_source.csv:57,93fc9e8d-2928-4e81-8013-f3dd36953239
dosen_source.csv:57,60a0aaff-0712-499f-931c-513fcd51896e
dosen_source.csv:57,f8512fd3-e0e7-4909-8061-447ad282deb7
dosen_source.csv:57,90ca10d8-0366-40bb-97a8-f8bd68c11fb0
dosen_source.csv:57,e6f97782-ed8a-4927-97d2-9f38adf25a51
dosen_source.csv:57,5e1c6c0a-a015-4853-9672-de36bfc6d128
dosen_source.csv:57,1d1c5fd7-683b-48e5-b810-394165e655ac
dosen_source.csv:57,50dca6c4-e688-41d9-9c09-f19787b3dc51
dosen_source.csv:57,870d9211-c04f-48f0-b44f-c76d97c8bcde
dosen_source.csv:57,f1025d07-459d-4af8-9e5a-90ea554abc21
dosen_source.csv:57,2777b676-bb1c-4d24-aecd-af9960db5e9b
dosen_source.csv:57,b13e2c42-8f34-486d-931c-a6938639ee08
dosen_source.csv:57,5dce5e2c-cce4-41a5-ba3e-bddb02b9ec7f
dosen_source.csv:57,520a80fd-a426-4864-afd8-e87f7c7668a9
dosen_source.csv:57,3ba28b20-bb59-4a12-82e5-64494bbed653
dosen_source.csv:58,aa87dfd7-7fc9-41e8-860e-6aa7a1ea5310
dosen_source.csv:58,1915854e-1fad-4b1b-9e99-cc9fd0a4503a
dosen_source.csv:58,d238b7f0-a672-4231-8274-2b3e7ff8a706
dosen_source.csv:58,31b83d4e-8754-4b5e-aac9-c4a4f6d5592a
dosen_source.csv:58,d7e917c8-047e-490c-a156-7f2a0e6a845a
dosen_source.csv:58,63478321-4856-47ca-b47c-cd9bc4cef08d
dosen_source.csv:58,4506ff7d-224a-4d0e-b60a-b67fa45fb9de
dosen_source.csv:58,a104e88e-8c8b-49ce-95c5-7f862811b941
dosen_source.csv:58,ceb60c0c-3956-4d00-b7e2-0cc65ab7e279
dosen_source.csv:58,8b6ef314-c7e1-4206-8519-ab62eca7921e
dosen_source.csv:58,179f7bb9-5720-474a-b536-9b241930edef
dosen_source.csv:58,74a6c49a-b379-4808-afaa-8299128da4a6
dosen_source.csv:58,7e584515-399e-4f4a-834b-2e8083979645
dosen_source.csv:58,f525228b-61f4-4f9d-9391-014e0bcf2df8
dosen_source.csv:58,9f896227-20e2-49ec-808f-da1d2ce21319
dosen_source.csv:58,9a1d808e-ae4a-4eae-b655-8627572beb54
dosen_source.csv:58,53a10c1c-9df8-4b46-9c72-1e3a35f0b6dc
dosen_source.csv:58,89bd4d4d-6442-43eb-8fae-13dc1366f406
dosen_source.csv:58,f399ab52-b984-4d57-beb4-d3c827547dba
dosen_source.csv:58,ed20ec03-e02a-4c90-a940-3e31f53bd3c1
dosen_source.csv:58,97a07d8f-b032-4f2c-a61b-8cb84a5f3da7
dosen_source.csv:58,cc64b582-ca11-484f-af87-52c807aca68d
dosen_source.csv:58,a2225f2a-8c3b-40c3-836e-4ddf99e7162a
dosen_source.csv:58,79a3ece7-3a65-4b3c-a480-4c5e1649346e
dosen_source.csv:58,32b0db17-473f-483a-a256-4bdb75746160
dosen_source.csv:58,ee8132c9-e01e-4e5a-bb1e-e5b67733712d
dosen_source.csv:58,642997a3-18cf-4c55-8eeb-0ac6ddc22940
dosen_source.csv:58,9671269a-7c5d-454c-81a7-ae043f1e7fbb
dosen_source.csv:58,eaf0b577-d485-4f87-a130-fcdddfbc26c0
dosen_source.csv:58,8a1442e7-a879-4f8f-b267-a6a83f2c5eeb
dosen_source.csv:58,90ff63ca-1098-43d8-bdef-cb2582269d30
dosen_source.csv:58,5274ac8b-e21a-4cc2-9a6d-72133a404b22
dosen_source.csv:58,650ffba4-5f25-4814-bef2-cbe7e690b816
dosen_source.csv:58,fa9f0051-8e0c-42ff-a4c9-29edb1769315
dosen_source.csv:58,feb00be4-1423-46d1-8163-039de9629934
dosen_source.csv:58,3733aba8-6e74-47c9-b8d7-6d1d4f7827c7
dosen_source.csv:58,bdbde0d7-bea6-482c-b969-71ac4af6414c
dosen_source.csv:58,ac11c5f9-3f47-4664-90de-a87d5cabefa5
dosen_source.csv:58,2501783c-baf8-4fe9-849b-cc5e0ef957c8
dosen_source.csv:58,fbfbb10c-8a76-4ebf-a5b0-181cd04dbaf9
dosen_source.csv:58,84aa73a4-afb7-404d-8432-bb3f6a7364dd
dosen_source.csv:58,d4fb0d3c-a4dd-4175-ba1f-87b77fdae80d
dosen_source.csv:58,830b6088-1cf6-4405-b0a4-2bf4788fccce
dosen_source.csv:58,4283e9b9-7914-48ed-9a65-890db51325ed
dosen_source.csv:58,dc8e2b52-f298-4b63-a9c9-0482e33a7352
dosen_source.csv:58,18589dfb-4699-4aed-914e-bdb8ce3ef140
dosen_source.csv:58,c4059bb1-d85c-45bb-8251-c8e5c27af0be
dosen_source.csv:58,26e3a09e-ba43-46ce-a3b2-83ceb6c5e6a9
dosen_source.csv:58,662c2af8-cca0-46c8-8f83-295f0b942a27
dosen_source.csv:58,a846e2a3-30ff-4588-a62a-acbae7d6aee9
dosen_source.csv:58,a7111367-5dfc-40d4-97c2-9c11e2652d6d
dosen_source.csv:58,199f7e96-5ee4-4e59-b791-6bfa22f7bf14
dosen_source.csv:58,f7729b06-35f8-43c6-bfe0-88c45a58b967
dosen_source.csv:58,29243535-5eed-4679-ae89-0bcb305749e7
dosen_source.csv:58,1967baf7-789b-4872-9285-e283a6c0c13e
dosen_source.csv:58,c36578a4-1b17-4623-94b5-092a5a038a13
dosen_source.csv:58,d593f681-ffd4-4c43-947e-63ad4479d279
dosen_source.csv:58,c564849a-800f-41d4-8ec4-579ab362d23b
dosen_source.csv:58,0271a3fa-6816-48c6-8010-d5f1448dc879
dosen_source.csv:58,6356a951-e13f-431d-93af-b44e43c0b024
dosen_source.csv:58,81b12c37-707b-4488-86f3-550d55ddb7fe
dosen_source.csv:58,85d53446-68e7-486e-9a27-d6128a70bff1
dosen_source.csv:58,a8a9f4c5-6bf7-4bcf-882e-95a433312544
dosen_source.csv:58,e3e52040-1741-431d-bfcc-7db9083e2f25
dosen_source.csv:58,ec94e156-e9cf-41f7-97c9-9230f364f429
dosen_source.csv:59,1dabc530-e0f1-44b2-8283-369670e57df8
dosen_source.csv:59,5f17a707-f908-4af2-86f6-520ddb5ad18a
dosen_source.csv:59,efda933b-c866-4cd6-86f5-85ddf6a00d89
dosen_source.csv:59,01a36f89-fc20-42ae-8141-d1e45881cd79
dosen_source.csv:59,9d4349d5-0133-441d-ad4a-80b5828693c3
dosen_source.csv:59,4282e632-269b-4ed7-83a4-b4882703b0a6
dosen_source.csv:59,8230d5c6-ca3c-46b5-9c68-f12f22576ab8
dosen_source.csv:59,71b16731-e543-4a38-8a22-bc52f0af9e66
dosen_source.csv:59,e7b99310-c699-432c-8cd2-ff256189a897
dosen_source.csv:59,c49ce0f9-6879-46ee-95e1-8522349ffe3f
dosen_source.csv:59,f5cdfc4e-8eca-4cd6-9b33-e5ae3ed1f4ad
dosen_source.csv:59,75a0c1c4-3f13-4721-888d-6ce73beab190
dosen_source.csv:59,2c25466c-833f-42c3-9630-10a1818dba3a
dosen_source.csv:60,b299bef5-d1c6-4b81-a7b4-b1fb1c69c34d
dosen_source.csv:60,ea4ab294-b1ce-4cc7-8200-607dfc0be7e4
dosen_source.csv:60,7fcc3cf5-372a-4e5b-b436-146c0ab6c7af
dosen_source.csv:60,489c57b8-93a9-488b-aab6-ef62f12734e8
dosen_source.csv:60,e9ab7083-f6e7-444b-a337-c9622a035a49
dosen_source.csv:60,fbab3441-5457-4e98-8851-4fd66730cad1
dosen_source.csv:60,101b3ae2-d67c-4a37-bac9-fa097da50d46
dosen_source.csv:60,3c60e8b7-666e-43b1-b8a6-5b05ebcc46ce
dosen_source.csv:60,c7ef7b05-540c-4647-9ad8-d554eea65d55
dosen_source.csv:60,3bcaaafa-e4c6-47c4-9f6b-1a70e39721d2
dosen_source.csv:60,807a282e-51bb-49a8-a1ca-5b5be158f307
dosen_source.csv:60,de836179-92e1-4dab-a130-e7ecc220960d
dosen_source.csv:60,6af604c6-d7e8-4b90-834d-38edab82b91d
dosen_source.csv:60,65222661-05be-43f4-b2ed-586f29a2fd32
dosen_source.csv:60,f3ec10eb-b0ba-4a2d-adb9-7e9a6d56dbae
dosen_source.csv:60,4ffb0aad-a4d7-4470-8dc5-b188377c2e8a
dosen_source.csv:60,61a8598c-87e2-4b36-b405-1d1ee4cfae86
dosen_source.csv:60,153dd214-ce7d-4541-b245-5f6fcef18b2e
dosen_source.csv:60,3124892d-f2ee-44d6-97a8-fd3d2f955022
dosen_source.csv:60,e0561d87-de0d-49ee-a0ca-420127fd02db
dosen_source.csv:60,1559f0db-6d06-45b6-b82d-d3f1100ea23e
dosen_source.csv:60,5c5be479-7c3e-4a2b-a461-90641ea5faa2
dosen_source.csv:60,36472dd8-fd8f-451a-8d62-9875813a10f0
dosen_source.csv:60,17e9efa5-9594-43df-a9dc-602e57b57536
dosen_source.csv:60,a1d8e155-ec67-4616-89a8-c8b904112633
dosen_source.csv:60,e9904fab-3056-434d-ae66-53e041557dba
dosen_source.csv:60,a76c3395-f969-4076-8cf6-cfbff85b6910
dosen_source.csv:60,52418156-7e52-4b5d-9d51-fd850e556526
dosen_source.csv:60,939cd872-2807-40df-a48a-fca3640d2a9e
dosen_source.csv:60,a554d9bf-996b-4f14-a8e5-9ee521b2b39c
dosen_source.csv:60,cca2df0d-7653-4421-966a-95c892c80cc2
dosen_source.csv:60,32e58ed2-b1d6-463d-b96b-8544fdd51573
dosen_source.csv:60,9d937541-e999-412a-b5d7-9f8c84d26ae0
dosen_source.csv:60,894b8277-b557-481e-b849-577b06c1cb74
dosen_source.csv:61,64e9d63e-130c-41a0-ad04-f5557fdfd3f7
dosen_source.csv:61,29981391-6d6c-4617-a5ad-681321c94905
dosen_source.csv:61,3c68ed56-0f51-4c33-bda4-793e1f563af8
dosen_source.csv:61,29b128ab-8e7d-4137-a2d4-e0ab2f388259
dosen_source.csv:61,14ba5370-2f02-4722-a243-1e88cd1db46c
dosen_source.csv:61,a1e113a5-5492-4eb7-82d2-d5f972d3a405
dosen_source.csv:61,568cba04-3811-4e69-ab21-609be84b78ef
dosen_source.csv:61,62552aa4-0dab-4783-b0a1-b9042843d3d5
dosen_source.csv:61,5b199e3d-be00-40e9-9334-532d6bcf3405
dosen_source.csv:61,e44e78b2-9714-4d4a-9bdb-f19d870cc548
dosen_source.csv:61,03fc4e72-e8bf-4096-a8b2-f721b4e676ca
dosen_source.csv:61,cebadb18-005a-4ec2-a350-8cb0a801c492
dosen_source.csv:61,ec06575d-225b-4ab3-895c-0fcd652828f2
dosen_source.csv:61,197b0970-05c7-4dff-b4d9-58538740bbf2
dosen_source.csv:61,57bfc819-4403-4098-b8d9-4508c14d795f
dosen_source.csv:61,83780f25-c887-4b0f-b09a-3023b24c1715
dosen_source.csv:61,21942856-a5a4-4824-bd67-9f0a13f4cabd
dosen_source.csv:61,c4d09d66-b3f0-48fb-bf4d-d5ae80e94644
dosen_source.csv:61,2cede9f8-b788-468f-ad9f-f6a405802413
dosen_source.csv:61,76470679-6836-46db-9885-b2bda2fec9c8
dosen_source.csv:62,cc53c739-36e7-4daa-992a-71d858038976
dosen_source.csv:62,87b71377-c8d8-4d2c-b933-d933eaf6a04c
dosen_source.csv:62,79a8bc8d-56bb-4b9b-88f4-056a017da21e
dosen_source.csv:62,92da2412-4cca-4f7f-848c-d13cc0cae197
dosen_source.csv:62,4439f66f-0404-4714-b454-44140e10dda0
dosen_source.csv:62,e8fd2518-8a33-4135-a02a-27197f564b59
dosen_source.csv:62,d5980b01-1dc7-4f55-b9fa-fd4ea11d6201
dosen_source.csv:62,483a8e66-b053-4fc7-9729-6b4a0a442707
dosen_source.csv:62,21666958-820b-4e95-89b6-d0e2c569f4c7
dosen_source.csv:62,23840655-8552-4fe2-8b4e-3f99262f2f11
dosen_source.csv:62,4a4f3972-0d65-4fff-9b4f-9c0dc9155001
dosen_source.csv:62,c5732ffa-28ca-4c6a-b5c7-961943b9f216
dosen_source.csv:62,72b6d390-f671-4af0-82e1-c4baa3a99f94
dosen_source.csv:62,aca260f8-40bd-46cd-98a2-67c8169cf041
dosen_source.csv:62,1ffd2628-fa0a-4ba5-a1cd-987073029e4f
dosen_source.csv:62,87e4d168-9924-4496-8d5f-89e487065e69
dosen_source.csv:62,559cf655-0832-493e-9139-a42b963ed197
dosen_source.csv:62,3f826590-400f-4dcc-99ed-a83fda221a67
dosen_source.csv:62,f437cbea-2447-47e4-93d3-e82296d3e739
dosen_source.csv:62,42bcc304-2ffe-437c-877a-85c731e6526b
dosen_source.csv:62,3592475b-5617-441f-8b42-0418e6903438
dosen_source.csv:62,fc943aea-15ee-44b5-8564-72bb8d3a4d89
dosen_source.csv:62,c53f9ab8-409b-45a7-8cd4-20f289d460cb
dosen_source.csv:62,38654b78-534e-4c34-84c8-5a4a722f69f4
dosen_source.csv:62,248cef25-09e0-4791-83e7-0e836a20cc48
dosen_source.csv:62,db6c0b65-348e-4c61-84f3-f9008c4893d0
dosen_source.csv:63,c62f64fe-07fb-481a-81a3-fb3d3b1dd970
dosen_source.csv:63,076ad51c-a155-4591-b9c2-fae9c3dcdfcb
dosen_source.csv:63,5e8df2ab-ac65-4dfd-a1d6-722081e3b7c3
dosen_source.csv:63,a5a7d248-409c-437e-8a41-500300ac8bf9
dosen_source.csv:63,4cd0803d-4eed-460b-9450-3bd12136b72c
dosen_source.csv:63,feeab986-f7e2-4955-8974-8a3c1375fd61
dosen_source.csv:63,7868dd83-57bf-4bf7-b62e-a408eec969d3
dosen_source.csv:63,a291bcd3-d206-4002-a9ff-9ba1c99443f2
dosen_source.csv:63,557e12c5-f348-479a-b21f-a44919732a8d
dosen_source.csv:63,512d36a7-86ee-4b59-84b9-17cd7f7ed510
dosen_source.csv:63,7e5cd01f-4a4a-49f6-b25e-5366f3495be2
dosen_source.csv:63,3bc36b08-0226-4b34-b3b7-51c8512e1a2f
dosen_source.csv:63,518af648-c1f4-49ee-ab97-d43b22621986
dosen_source.csv:63,186d6a6f-4948-4917-a767-e091d83c0dfe
dosen_source.csv:63,0935854d-28af-41bf-bf30-e383a3ac538c
dosen_source.csv:63,adcda05c-46c0-4e8e-8a9b-74c636f4dd19
dosen_source.csv:64,512ebc73-aa8f-4cf5-9de6-240010b223ad
dosen_source.csv:64,94da09e3-d506-48c8-9975-0d49e1a3fe84
dosen_source.csv:64,0a95a667-6313-4b9d-b9d8-c76eed5306ab
dosen_source.csv:64,85411760-d623-4b95-9195-ebc78c6578f0
dosen_source.csv:64,b3fcee84-0f8a-4a1c-9871-686ba207ce58
dosen_source.csv:64,b05293b9-52a4-45b1-8b3e-ea1c51897681
dosen_source.csv:64,2205c066-7f9e-4af4-9656-5f7caf700913
dosen_source.csv:64,0bdc5ca6-7d5a-4160-a5ba-4f55d04eb299
dosen_source.csv:64,3b319859-0b78-4713-b4ba-fcee3da0020a
dosen_source.csv:64,6e38da72-e850-4690-ac37-be416a68a00f
dosen_source.csv:64,88361918-3840-4abb-a546-fd233f2186de
dosen_source.csv:64,4190df28-54e0-434f-a470-bf4357e03a37
dosen_source.csv:64,67cff83e-ae4d-4f51-9eed-ac020c0da95f
dosen_source.csv:64,3d30a723-f5cd-4eb8-bbc3-e2d5eb11aeb5
dosen_source.csv:64,a3eae1a9-00d6-4055-a66d-3be1b0f807e1
dosen_source.csv:64,c2b685c3-ec67-444c-a39a-09c5527c80b1
dosen_source.csv:64,a7ee62de-3eb3-4032-a70f-11970f21f5a7
dosen_source.csv:64,f1c24194-fc71-47fd-8301-e21513fe9e9c
dosen_source.csv:64,41692eac-ec2c-44ff-81c3-7921d5bd31c3
dosen_source.csv:64,d4b5b3ac-5bfc-4983-91d4-afd0f4643d17
dosen_source.csv:64,1f561592-abd3-417a-9074-505369e51190
dosen_source.csv:64,cae96492-93ca-4952-9df0-9162cd7549b0
dosen_source.csv:64,1d7646a0-b629-4b16-b8bc-3922f31c4274
dosen_source.csv:64,c37ffa45-c091-4528-b2fe-18bb785cb987
dosen_source.csv:64,61821253-a2a7-46ec-8117-4e38489a150b
dosen_source.csv:64,4c86f396-3b25-4516-9dc0-f0e26b602f66
dosen_source.csv:64,1558cb8b-d414-4c98-bfd0-6bf526e761c1
dosen_source.csv:64,4dfdce2c-5546-4851-94d5-aed37828886c
dosen_source.csv:64,ef1d4bd9-44b1-4d6a-bf18-1432d9c3347d
dosen_source.csv:64,2ab55c66-a35a-45ef-8380-2272f1554ae0
dosen_source.csv:64,a438f105-c1da-4ec9-8113-2648cca79c52
dosen_source.csv:64,88b7d366-a4f1-4f1a-ac22-25bbafdb389a
dosen_source.csv:64,899c837b-a038-4fb4-975a-352c5aee5ef3
dosen_source.csv:64,13371a64-a29f-4591-b884-7ef47b741d75
dosen_source.csv:64,d955aebb-00d7-49ac-870f-7d040a0695ba
dosen_source.csv:64,3c9285f8-9983-4826-aec3-927d44f5a4ce
dosen_source.csv:64,603302e7-6859-4989-8223-0d77b9e4f575
dosen_source.csv:64,908eb6a9-28d5-4e26-88cb-9d903f26f753
dosen_source.csv:64,f3b60354-a8cb-4c4c-afc0-66659594d7cc
dosen_source.csv:64,2bbff786-4d86-4612-bf67-fc17d89e6091
dosen_source.csv:64,559fc7cc-d876-4815-9d3c-ab9166e9f897
dosen_source.csv:64,b9ac3e35-d6df-4573-91f0-442ed4aeb2ab
dosen_source.csv:64,ab3e0711-d5bd-43b9-802b-98366aec8bde
dosen_source.csv:65,ef2eb9dc-597d-4398-b910-2fac431be8ca
dosen_source.csv:65,f42fc9a0-8fb5-4ff2-9dee-74813ca96403
dosen_source.csv:65,8aad85ff-40ac-44c7-8d33-5ed988173c77
dosen_source.csv:65,a09f0f00-3bb7-45b8-89e2-ed556566b650
dosen_source.csv:65,57bd1bf6-d537-47f4-ba8a-f3ba9b19fbde
dosen_source.csv:65,37359584-c4b2-4714-8f4b-2fc27e3dbab3
dosen_source.csv:65,d7b7d4e9-89ee-4ffd-a70e-30c1e6d33953
dosen_source.csv:65,cc12fb46-4e80-4124-90fa-84db8a2566fe
dosen_source.csv:65,d80e5987-3ce2-40ab-9648-9538280bf042
dosen_source.csv:65,65b2bfa1-b51f-4418-8d45-423db609ad7d
dosen_source.csv:65,4b828021-6759-4ae1-a0f6-3438242b67f2
dosen_source.csv:65,5c43c4b2-8fbe-4c67-aa3d-9c95e0d2c853
dosen_source.csv:65,22486611-bf47-4ee8-bc66-247e0bab1fb5
dosen_source.csv:65,1c7af61b-956a-4ebf-8ed5-d65b1b6524c1
dosen_source.csv:65,b738dd11-4f1f-40d3-a980-94b1d39c0ed7
dosen_source.csv:65,0f00b061-1d40-4719-9282-387e1c12ac23
dosen_source.csv:65,a55f5b65-8575-41ef-823d-e8cc81bd50d1
dosen_source.csv:65,413be644-2bda-4792-8c55-9f9b9d8e4e83
dosen_source.csv:65,3e4e0875-07d4-48b6-bd93-b3df71205f22
dosen_source.csv:65,81c7766a-8c2f-4b51-992b-eb18df639249
